<?xml version="1.0" encoding="UTF-8"?>
<gpx xmlns="http://www.topografix.com/GPX/1/1" version="1.1" creator="Minimalist GPS Tracker">
	<trk>
		<name>Pai moto Mae rim</name>
		<trkseg>
			<trkpt lat="18.909573" lon="98.934311">
				<ele>328.941128</ele>
				<time>2018-02-12T00:19:10Z</time>
			</trkpt>
			<trkpt lat="18.909745" lon="98.934230">
				<ele>327.539028</ele>
				<time>2018-02-12T00:21:41Z</time>
			</trkpt>
			<trkpt lat="18.909867" lon="98.934411">
				<ele>327.667934</ele>
				<time>2018-02-12T00:21:58Z</time>
			</trkpt>
			<trkpt lat="18.909933" lon="98.934651">
				<ele>323.850002</ele>
				<time>2018-02-12T00:22:01Z</time>
			</trkpt>
			<trkpt lat="18.910029" lon="98.934880">
				<ele>323.518398</ele>
				<time>2018-02-12T00:22:04Z</time>
			</trkpt>
			<trkpt lat="18.910126" lon="98.935108">
				<ele>323.264614</ele>
				<time>2018-02-12T00:22:07Z</time>
			</trkpt>
			<trkpt lat="18.910218" lon="98.935324">
				<ele>323.173916</ele>
				<time>2018-02-12T00:22:10Z</time>
			</trkpt>
			<trkpt lat="18.910395" lon="98.935476">
				<ele>325.080593</ele>
				<time>2018-02-12T00:22:13Z</time>
			</trkpt>
			<trkpt lat="18.910460" lon="98.935671">
				<ele>327.038174</ele>
				<time>2018-02-12T00:22:17Z</time>
			</trkpt>
			<trkpt lat="18.910442" lon="98.935861">
				<ele>323.415615</ele>
				<time>2018-02-12T00:22:19Z</time>
			</trkpt>
			<trkpt lat="18.910424" lon="98.936062">
				<ele>323.063198</ele>
				<time>2018-02-12T00:22:22Z</time>
			</trkpt>
			<trkpt lat="18.910558" lon="98.936254">
				<ele>325.560879</ele>
				<time>2018-02-12T00:22:25Z</time>
			</trkpt>
			<trkpt lat="18.910768" lon="98.936258">
				<ele>325.689053</ele>
				<time>2018-02-12T00:22:28Z</time>
			</trkpt>
			<trkpt lat="18.910988" lon="98.936265">
				<ele>324.072231</ele>
				<time>2018-02-12T00:22:31Z</time>
			</trkpt>
			<trkpt lat="18.911187" lon="98.936280">
				<ele>323.341885</ele>
				<time>2018-02-12T00:22:34Z</time>
			</trkpt>
			<trkpt lat="18.911428" lon="98.936299">
				<ele>324.592922</ele>
				<time>2018-02-12T00:22:38Z</time>
			</trkpt>
			<trkpt lat="18.911629" lon="98.936314">
				<ele>322.311428</ele>
				<time>2018-02-12T00:22:41Z</time>
			</trkpt>
			<trkpt lat="18.911870" lon="98.936333">
				<ele>323.497707</ele>
				<time>2018-02-12T00:22:44Z</time>
			</trkpt>
			<trkpt lat="18.912106" lon="98.936324">
				<ele>330.472561</ele>
				<time>2018-02-12T00:22:47Z</time>
			</trkpt>
			<trkpt lat="18.912307" lon="98.936311">
				<ele>332.375210</ele>
				<time>2018-02-12T00:22:50Z</time>
			</trkpt>
			<trkpt lat="18.912495" lon="98.936299">
				<ele>339.729885</ele>
				<time>2018-02-12T00:23:01Z</time>
			</trkpt>
			<trkpt lat="18.912646" lon="98.936433">
				<ele>341.845181</ele>
				<time>2018-02-12T00:23:05Z</time>
			</trkpt>
			<trkpt lat="18.912716" lon="98.936614">
				<ele>344.540859</ele>
				<time>2018-02-12T00:23:08Z</time>
			</trkpt>
			<trkpt lat="18.912798" lon="98.936827">
				<ele>344.421719</ele>
				<time>2018-02-12T00:23:12Z</time>
			</trkpt>
			<trkpt lat="18.912896" lon="98.937077">
				<ele>344.357815</ele>
				<time>2018-02-12T00:23:15Z</time>
			</trkpt>
			<trkpt lat="18.912970" lon="98.937263">
				<ele>344.654018</ele>
				<time>2018-02-12T00:23:17Z</time>
			</trkpt>
			<trkpt lat="18.913063" lon="98.937494">
				<ele>344.239712</ele>
				<time>2018-02-12T00:23:20Z</time>
			</trkpt>
			<trkpt lat="18.913166" lon="98.937733">
				<ele>342.362637</ele>
				<time>2018-02-12T00:23:23Z</time>
			</trkpt>
			<trkpt lat="18.913249" lon="98.937920">
				<ele>342.627285</ele>
				<time>2018-02-12T00:23:26Z</time>
			</trkpt>
			<trkpt lat="18.913337" lon="98.938114">
				<ele>343.291958</ele>
				<time>2018-02-12T00:23:29Z</time>
			</trkpt>
			<trkpt lat="18.913432" lon="98.938328">
				<ele>342.659756</ele>
				<time>2018-02-12T00:23:32Z</time>
			</trkpt>
			<trkpt lat="18.913529" lon="98.938557">
				<ele>343.424282</ele>
				<time>2018-02-12T00:23:35Z</time>
			</trkpt>
			<trkpt lat="18.913626" lon="98.938788">
				<ele>339.706326</ele>
				<time>2018-02-12T00:23:38Z</time>
			</trkpt>
			<trkpt lat="18.913704" lon="98.938972">
				<ele>340.296780</ele>
				<time>2018-02-12T00:23:40Z</time>
			</trkpt>
			<trkpt lat="18.913779" lon="98.939147">
				<ele>339.542202</ele>
				<time>2018-02-12T00:23:42Z</time>
			</trkpt>
			<trkpt lat="18.913889" lon="98.939395">
				<ele>337.681484</ele>
				<time>2018-02-12T00:23:45Z</time>
			</trkpt>
			<trkpt lat="18.913996" lon="98.939633">
				<ele>337.473049</ele>
				<time>2018-02-12T00:23:48Z</time>
			</trkpt>
			<trkpt lat="18.914086" lon="98.939873">
				<ele>336.531826</ele>
				<time>2018-02-12T00:23:51Z</time>
			</trkpt>
			<trkpt lat="18.914149" lon="98.940075">
				<ele>335.477383</ele>
				<time>2018-02-12T00:23:54Z</time>
			</trkpt>
			<trkpt lat="18.914203" lon="98.940256">
				<ele>335.776211</ele>
				<time>2018-02-12T00:23:57Z</time>
			</trkpt>
			<trkpt lat="18.914270" lon="98.940477">
				<ele>335.377285</ele>
				<time>2018-02-12T00:24:01Z</time>
			</trkpt>
			<trkpt lat="18.914351" lon="98.940775">
				<ele>337.061123</ele>
				<time>2018-02-12T00:24:06Z</time>
			</trkpt>
			<trkpt lat="18.914402" lon="98.940973">
				<ele>334.110622</ele>
				<time>2018-02-12T00:24:09Z</time>
			</trkpt>
			<trkpt lat="18.914486" lon="98.941233">
				<ele>332.586636</ele>
				<time>2018-02-12T00:24:13Z</time>
			</trkpt>
			<trkpt lat="18.914681" lon="98.941198">
				<ele>332.018154</ele>
				<time>2018-02-12T00:24:16Z</time>
			</trkpt>
			<trkpt lat="18.914935" lon="98.941139">
				<ele>332.245449</ele>
				<time>2018-02-12T00:24:19Z</time>
			</trkpt>
			<trkpt lat="18.915121" lon="98.941087">
				<ele>331.262905</ele>
				<time>2018-02-12T00:24:21Z</time>
			</trkpt>
			<trkpt lat="18.915314" lon="98.941034">
				<ele>329.631557</ele>
				<time>2018-02-12T00:24:23Z</time>
			</trkpt>
			<trkpt lat="18.915592" lon="98.941016">
				<ele>329.778286</ele>
				<time>2018-02-12T00:24:26Z</time>
			</trkpt>
			<trkpt lat="18.915779" lon="98.941015">
				<ele>329.997890</ele>
				<time>2018-02-12T00:24:28Z</time>
			</trkpt>
			<trkpt lat="18.916062" lon="98.941019">
				<ele>330.558437</ele>
				<time>2018-02-12T00:24:31Z</time>
			</trkpt>
			<trkpt lat="18.916291" lon="98.941039">
				<ele>328.886318</ele>
				<time>2018-02-12T00:24:33Z</time>
			</trkpt>
			<trkpt lat="18.916563" lon="98.941068">
				<ele>327.424953</ele>
				<time>2018-02-12T00:24:35Z</time>
			</trkpt>
			<trkpt lat="18.916810" lon="98.941094">
				<ele>327.692593</ele>
				<time>2018-02-12T00:24:37Z</time>
			</trkpt>
			<trkpt lat="18.917056" lon="98.941120">
				<ele>328.740139</ele>
				<time>2018-02-12T00:24:39Z</time>
			</trkpt>
			<trkpt lat="18.917321" lon="98.941149">
				<ele>328.573269</ele>
				<time>2018-02-12T00:24:41Z</time>
			</trkpt>
			<trkpt lat="18.917572" lon="98.941176">
				<ele>328.946621</ele>
				<time>2018-02-12T00:24:43Z</time>
			</trkpt>
			<trkpt lat="18.917840" lon="98.941204">
				<ele>329.380703</ele>
				<time>2018-02-12T00:24:45Z</time>
			</trkpt>
			<trkpt lat="18.918112" lon="98.941233">
				<ele>330.155605</ele>
				<time>2018-02-12T00:24:47Z</time>
			</trkpt>
			<trkpt lat="18.918377" lon="98.941260">
				<ele>329.464931</ele>
				<time>2018-02-12T00:24:49Z</time>
			</trkpt>
			<trkpt lat="18.918652" lon="98.941253">
				<ele>329.240383</ele>
				<time>2018-02-12T00:24:51Z</time>
			</trkpt>
			<trkpt lat="18.918934" lon="98.941206">
				<ele>328.817816</ele>
				<time>2018-02-12T00:24:53Z</time>
			</trkpt>
			<trkpt lat="18.919112" lon="98.941168">
				<ele>328.959473</ele>
				<time>2018-02-12T00:24:54Z</time>
			</trkpt>
			<trkpt lat="18.919310" lon="98.941102">
				<ele>327.583518</ele>
				<time>2018-02-12T00:24:56Z</time>
			</trkpt>
			<trkpt lat="18.919585" lon="98.940954">
				<ele>326.973929</ele>
				<time>2018-02-12T00:24:58Z</time>
			</trkpt>
			<trkpt lat="18.919823" lon="98.940803">
				<ele>327.097318</ele>
				<time>2018-02-12T00:25:00Z</time>
			</trkpt>
			<trkpt lat="18.920047" lon="98.940622">
				<ele>326.125231</ele>
				<time>2018-02-12T00:25:02Z</time>
			</trkpt>
			<trkpt lat="18.920242" lon="98.940432">
				<ele>326.416766</ele>
				<time>2018-02-12T00:25:04Z</time>
			</trkpt>
			<trkpt lat="18.920453" lon="98.940207">
				<ele>326.444797</ele>
				<time>2018-02-12T00:25:06Z</time>
			</trkpt>
			<trkpt lat="18.920621" lon="98.939970">
				<ele>326.541034</ele>
				<time>2018-02-12T00:25:08Z</time>
			</trkpt>
			<trkpt lat="18.920770" lon="98.939726">
				<ele>326.718903</ele>
				<time>2018-02-12T00:25:10Z</time>
			</trkpt>
			<trkpt lat="18.920906" lon="98.939502">
				<ele>327.190415</ele>
				<time>2018-02-12T00:25:12Z</time>
			</trkpt>
			<trkpt lat="18.921046" lon="98.939270">
				<ele>327.526791</ele>
				<time>2018-02-12T00:25:14Z</time>
			</trkpt>
			<trkpt lat="18.921169" lon="98.939067">
				<ele>327.747216</ele>
				<time>2018-02-12T00:25:16Z</time>
			</trkpt>
			<trkpt lat="18.921283" lon="98.938878">
				<ele>328.280363</ele>
				<time>2018-02-12T00:25:18Z</time>
			</trkpt>
			<trkpt lat="18.921409" lon="98.938669">
				<ele>327.975251</ele>
				<time>2018-02-12T00:25:21Z</time>
			</trkpt>
			<trkpt lat="18.921506" lon="98.938508">
				<ele>327.379805</ele>
				<time>2018-02-12T00:25:49Z</time>
			</trkpt>
			<trkpt lat="18.921601" lon="98.938346">
				<ele>327.713704</ele>
				<time>2018-02-12T00:26:06Z</time>
			</trkpt>
			<trkpt lat="18.921692" lon="98.938181">
				<ele>327.684830</ele>
				<time>2018-02-12T00:26:09Z</time>
			</trkpt>
			<trkpt lat="18.921785" lon="98.938012">
				<ele>328.445986</ele>
				<time>2018-02-12T00:26:11Z</time>
			</trkpt>
			<trkpt lat="18.921887" lon="98.937828">
				<ele>329.011106</ele>
				<time>2018-02-12T00:26:13Z</time>
			</trkpt>
			<trkpt lat="18.921995" lon="98.937639">
				<ele>329.292238</ele>
				<time>2018-02-12T00:26:15Z</time>
			</trkpt>
			<trkpt lat="18.922131" lon="98.937424">
				<ele>329.343373</ele>
				<time>2018-02-12T00:26:17Z</time>
			</trkpt>
			<trkpt lat="18.922297" lon="98.937207">
				<ele>329.170412</ele>
				<time>2018-02-12T00:26:19Z</time>
			</trkpt>
			<trkpt lat="18.922458" lon="98.937013">
				<ele>328.963769</ele>
				<time>2018-02-12T00:26:21Z</time>
			</trkpt>
			<trkpt lat="18.922631" lon="98.936805">
				<ele>328.915325</ele>
				<time>2018-02-12T00:26:23Z</time>
			</trkpt>
			<trkpt lat="18.922785" lon="98.936616">
				<ele>328.961442</ele>
				<time>2018-02-12T00:26:25Z</time>
			</trkpt>
			<trkpt lat="18.922952" lon="98.936410">
				<ele>329.055677</ele>
				<time>2018-02-12T00:26:27Z</time>
			</trkpt>
			<trkpt lat="18.923138" lon="98.936174">
				<ele>328.690245</ele>
				<time>2018-02-12T00:26:29Z</time>
			</trkpt>
			<trkpt lat="18.923294" lon="98.935963">
				<ele>328.708721</ele>
				<time>2018-02-12T00:26:31Z</time>
			</trkpt>
			<trkpt lat="18.923468" lon="98.935700">
				<ele>328.663093</ele>
				<time>2018-02-12T00:26:33Z</time>
			</trkpt>
			<trkpt lat="18.923571" lon="98.935479">
				<ele>328.717543</ele>
				<time>2018-02-12T00:26:35Z</time>
			</trkpt>
			<trkpt lat="18.923636" lon="98.935297">
				<ele>328.277785</ele>
				<time>2018-02-12T00:26:36Z</time>
			</trkpt>
			<trkpt lat="18.923724" lon="98.935019">
				<ele>328.799010</ele>
				<time>2018-02-12T00:26:38Z</time>
			</trkpt>
			<trkpt lat="18.923810" lon="98.934726">
				<ele>328.731168</ele>
				<time>2018-02-12T00:26:40Z</time>
			</trkpt>
			<trkpt lat="18.923900" lon="98.934424">
				<ele>328.782213</ele>
				<time>2018-02-12T00:26:42Z</time>
			</trkpt>
			<trkpt lat="18.923995" lon="98.934128">
				<ele>328.623774</ele>
				<time>2018-02-12T00:26:44Z</time>
			</trkpt>
			<trkpt lat="18.924104" lon="98.933835">
				<ele>328.462613</ele>
				<time>2018-02-12T00:26:46Z</time>
			</trkpt>
			<trkpt lat="18.924261" lon="98.933627">
				<ele>328.742215</ele>
				<time>2018-02-12T00:26:48Z</time>
			</trkpt>
			<trkpt lat="18.924448" lon="98.933442">
				<ele>328.784880</ele>
				<time>2018-02-12T00:26:50Z</time>
			</trkpt>
			<trkpt lat="18.924634" lon="98.933262">
				<ele>328.773271</ele>
				<time>2018-02-12T00:26:52Z</time>
			</trkpt>
			<trkpt lat="18.924803" lon="98.933101">
				<ele>329.262507</ele>
				<time>2018-02-12T00:26:54Z</time>
			</trkpt>
			<trkpt lat="18.924968" lon="98.932944">
				<ele>328.942138</ele>
				<time>2018-02-12T00:26:56Z</time>
			</trkpt>
			<trkpt lat="18.925108" lon="98.932811">
				<ele>328.766228</ele>
				<time>2018-02-12T00:26:58Z</time>
			</trkpt>
			<trkpt lat="18.925284" lon="98.932644">
				<ele>328.846764</ele>
				<time>2018-02-12T00:27:01Z</time>
			</trkpt>
			<trkpt lat="18.925220" lon="98.932431">
				<ele>329.031617</ele>
				<time>2018-02-12T00:27:06Z</time>
			</trkpt>
			<trkpt lat="18.925288" lon="98.932219">
				<ele>329.363138</ele>
				<time>2018-02-12T00:27:15Z</time>
			</trkpt>
			<trkpt lat="18.925482" lon="98.932110">
				<ele>330.426673</ele>
				<time>2018-02-12T00:27:18Z</time>
			</trkpt>
			<trkpt lat="18.925655" lon="98.932049">
				<ele>330.238624</ele>
				<time>2018-02-12T00:27:20Z</time>
			</trkpt>
			<trkpt lat="18.925843" lon="98.931985">
				<ele>329.957796</ele>
				<time>2018-02-12T00:27:22Z</time>
			</trkpt>
			<trkpt lat="18.926035" lon="98.932000">
				<ele>330.164133</ele>
				<time>2018-02-12T00:27:24Z</time>
			</trkpt>
			<trkpt lat="18.926256" lon="98.932014">
				<ele>330.020292</ele>
				<time>2018-02-12T00:27:26Z</time>
			</trkpt>
			<trkpt lat="18.926485" lon="98.932045">
				<ele>330.356747</ele>
				<time>2018-02-12T00:27:28Z</time>
			</trkpt>
			<trkpt lat="18.926686" lon="98.932090">
				<ele>330.230454</ele>
				<time>2018-02-12T00:27:30Z</time>
			</trkpt>
			<trkpt lat="18.926891" lon="98.932076">
				<ele>328.053799</ele>
				<time>2018-02-12T00:27:32Z</time>
			</trkpt>
			<trkpt lat="18.927081" lon="98.932019">
				<ele>326.945668</ele>
				<time>2018-02-12T00:27:34Z</time>
			</trkpt>
			<trkpt lat="18.927294" lon="98.931908">
				<ele>325.639769</ele>
				<time>2018-02-12T00:27:36Z</time>
			</trkpt>
			<trkpt lat="18.927478" lon="98.931751">
				<ele>325.057680</ele>
				<time>2018-02-12T00:27:38Z</time>
			</trkpt>
			<trkpt lat="18.927630" lon="98.931579">
				<ele>325.740543</ele>
				<time>2018-02-12T00:27:40Z</time>
			</trkpt>
			<trkpt lat="18.927823" lon="98.931417">
				<ele>326.137798</ele>
				<time>2018-02-12T00:27:42Z</time>
			</trkpt>
			<trkpt lat="18.928027" lon="98.931276">
				<ele>327.026691</ele>
				<time>2018-02-12T00:27:44Z</time>
			</trkpt>
			<trkpt lat="18.928252" lon="98.931163">
				<ele>327.296947</ele>
				<time>2018-02-12T00:27:46Z</time>
			</trkpt>
			<trkpt lat="18.928483" lon="98.931047">
				<ele>327.601162</ele>
				<time>2018-02-12T00:27:48Z</time>
			</trkpt>
			<trkpt lat="18.928698" lon="98.930962">
				<ele>327.122291</ele>
				<time>2018-02-12T00:27:50Z</time>
			</trkpt>
			<trkpt lat="18.928914" lon="98.930883">
				<ele>327.739994</ele>
				<time>2018-02-12T00:27:52Z</time>
			</trkpt>
			<trkpt lat="18.929076" lon="98.930758">
				<ele>327.225336</ele>
				<time>2018-02-12T00:27:54Z</time>
			</trkpt>
			<trkpt lat="18.929262" lon="98.930592">
				<ele>326.765531</ele>
				<time>2018-02-12T00:27:56Z</time>
			</trkpt>
			<trkpt lat="18.929422" lon="98.930380">
				<ele>326.843126</ele>
				<time>2018-02-12T00:27:58Z</time>
			</trkpt>
			<trkpt lat="18.929559" lon="98.930153">
				<ele>326.822528</ele>
				<time>2018-02-12T00:28:00Z</time>
			</trkpt>
			<trkpt lat="18.929672" lon="98.929982">
				<ele>326.910407</ele>
				<time>2018-02-12T00:28:02Z</time>
			</trkpt>
			<trkpt lat="18.929778" lon="98.929827">
				<ele>326.909103</ele>
				<time>2018-02-12T00:28:04Z</time>
			</trkpt>
			<trkpt lat="18.929915" lon="98.929638">
				<ele>326.880449</ele>
				<time>2018-02-12T00:28:07Z</time>
			</trkpt>
			<trkpt lat="18.930088" lon="98.929499">
				<ele>326.611297</ele>
				<time>2018-02-12T00:28:10Z</time>
			</trkpt>
			<trkpt lat="18.930309" lon="98.929433">
				<ele>326.275503</ele>
				<time>2018-02-12T00:28:13Z</time>
			</trkpt>
			<trkpt lat="18.930453" lon="98.929308">
				<ele>325.919605</ele>
				<time>2018-02-12T00:28:15Z</time>
			</trkpt>
			<trkpt lat="18.930693" lon="98.929225">
				<ele>325.526535</ele>
				<time>2018-02-12T00:28:18Z</time>
			</trkpt>
			<trkpt lat="18.930964" lon="98.929243">
				<ele>324.906106</ele>
				<time>2018-02-12T00:28:21Z</time>
			</trkpt>
			<trkpt lat="18.931156" lon="98.929249">
				<ele>324.905580</ele>
				<time>2018-02-12T00:28:23Z</time>
			</trkpt>
			<trkpt lat="18.931381" lon="98.929257">
				<ele>325.031091</ele>
				<time>2018-02-12T00:28:25Z</time>
			</trkpt>
			<trkpt lat="18.931581" lon="98.929262">
				<ele>324.644038</ele>
				<time>2018-02-12T00:28:27Z</time>
			</trkpt>
			<trkpt lat="18.931786" lon="98.929284">
				<ele>324.845715</ele>
				<time>2018-02-12T00:28:29Z</time>
			</trkpt>
			<trkpt lat="18.931981" lon="98.929292">
				<ele>324.330979</ele>
				<time>2018-02-12T00:28:31Z</time>
			</trkpt>
			<trkpt lat="18.932174" lon="98.929301">
				<ele>324.674417</ele>
				<time>2018-02-12T00:28:33Z</time>
			</trkpt>
			<trkpt lat="18.932368" lon="98.929305">
				<ele>324.664353</ele>
				<time>2018-02-12T00:28:35Z</time>
			</trkpt>
			<trkpt lat="18.932564" lon="98.929308">
				<ele>324.256563</ele>
				<time>2018-02-12T00:28:38Z</time>
			</trkpt>
			<trkpt lat="18.932788" lon="98.929273">
				<ele>324.641337</ele>
				<time>2018-02-12T00:28:41Z</time>
			</trkpt>
			<trkpt lat="18.933042" lon="98.929210">
				<ele>324.414851</ele>
				<time>2018-02-12T00:28:44Z</time>
			</trkpt>
			<trkpt lat="18.933234" lon="98.929150">
				<ele>324.653815</ele>
				<time>2018-02-12T00:28:47Z</time>
			</trkpt>
			<trkpt lat="18.933336" lon="98.929322">
				<ele>324.577960</ele>
				<time>2018-02-12T00:28:54Z</time>
			</trkpt>
			<trkpt lat="18.933332" lon="98.929537">
				<ele>324.462527</ele>
				<time>2018-02-12T00:28:57Z</time>
			</trkpt>
			<trkpt lat="18.933404" lon="98.929752">
				<ele>324.939754</ele>
				<time>2018-02-12T00:29:00Z</time>
			</trkpt>
			<trkpt lat="18.933605" lon="98.929911">
				<ele>324.610696</ele>
				<time>2018-02-12T00:29:04Z</time>
			</trkpt>
			<trkpt lat="18.933836" lon="98.929986">
				<ele>324.469609</ele>
				<time>2018-02-12T00:29:07Z</time>
			</trkpt>
			<trkpt lat="18.934055" lon="98.930026">
				<ele>324.369266</ele>
				<time>2018-02-12T00:29:10Z</time>
			</trkpt>
			<trkpt lat="18.934140" lon="98.930275">
				<ele>324.127324</ele>
				<time>2018-02-12T00:29:13Z</time>
			</trkpt>
			<trkpt lat="18.934176" lon="98.930464">
				<ele>324.263847</ele>
				<time>2018-02-12T00:29:15Z</time>
			</trkpt>
			<trkpt lat="18.934182" lon="98.930731">
				<ele>324.119698</ele>
				<time>2018-02-12T00:29:18Z</time>
			</trkpt>
			<trkpt lat="18.934178" lon="98.930981">
				<ele>324.384512</ele>
				<time>2018-02-12T00:29:21Z</time>
			</trkpt>
			<trkpt lat="18.934139" lon="98.931213">
				<ele>324.272199</ele>
				<time>2018-02-12T00:29:25Z</time>
			</trkpt>
			<trkpt lat="18.934216" lon="98.931430">
				<ele>324.488446</ele>
				<time>2018-02-12T00:29:30Z</time>
			</trkpt>
			<trkpt lat="18.934347" lon="98.931604">
				<ele>324.316965</ele>
				<time>2018-02-12T00:29:33Z</time>
			</trkpt>
			<trkpt lat="18.934508" lon="98.931793">
				<ele>324.448371</ele>
				<time>2018-02-12T00:29:36Z</time>
			</trkpt>
			<trkpt lat="18.934688" lon="98.931860">
				<ele>324.679670</ele>
				<time>2018-02-12T00:29:38Z</time>
			</trkpt>
			<trkpt lat="18.934842" lon="98.931978">
				<ele>324.448421</ele>
				<time>2018-02-12T00:29:40Z</time>
			</trkpt>
			<trkpt lat="18.934982" lon="98.932119">
				<ele>324.401480</ele>
				<time>2018-02-12T00:29:42Z</time>
			</trkpt>
			<trkpt lat="18.935146" lon="98.932303">
				<ele>324.605000</ele>
				<time>2018-02-12T00:29:45Z</time>
			</trkpt>
			<trkpt lat="18.935189" lon="98.932549">
				<ele>324.968511</ele>
				<time>2018-02-12T00:29:49Z</time>
			</trkpt>
			<trkpt lat="18.935151" lon="98.932784">
				<ele>324.271777</ele>
				<time>2018-02-12T00:29:52Z</time>
			</trkpt>
			<trkpt lat="18.935131" lon="98.933003">
				<ele>324.325816</ele>
				<time>2018-02-12T00:29:55Z</time>
			</trkpt>
			<trkpt lat="18.935113" lon="98.933259">
				<ele>324.696402</ele>
				<time>2018-02-12T00:29:58Z</time>
			</trkpt>
			<trkpt lat="18.935216" lon="98.933450">
				<ele>324.323303</ele>
				<time>2018-02-12T00:30:01Z</time>
			</trkpt>
			<trkpt lat="18.935348" lon="98.933634">
				<ele>324.994818</ele>
				<time>2018-02-12T00:30:04Z</time>
			</trkpt>
			<trkpt lat="18.935465" lon="98.933796">
				<ele>326.073864</ele>
				<time>2018-02-12T00:30:07Z</time>
			</trkpt>
			<trkpt lat="18.935649" lon="98.933891">
				<ele>327.844837</ele>
				<time>2018-02-12T00:30:21Z</time>
			</trkpt>
			<trkpt lat="18.935779" lon="98.933719">
				<ele>327.519158</ele>
				<time>2018-02-12T00:30:24Z</time>
			</trkpt>
			<trkpt lat="18.935952" lon="98.933548">
				<ele>327.652646</ele>
				<time>2018-02-12T00:30:27Z</time>
			</trkpt>
			<trkpt lat="18.936146" lon="98.933379">
				<ele>327.770310</ele>
				<time>2018-02-12T00:30:30Z</time>
			</trkpt>
			<trkpt lat="18.936346" lon="98.933225">
				<ele>327.394856</ele>
				<time>2018-02-12T00:30:33Z</time>
			</trkpt>
			<trkpt lat="18.936537" lon="98.933100">
				<ele>327.156591</ele>
				<time>2018-02-12T00:30:36Z</time>
			</trkpt>
			<trkpt lat="18.936770" lon="98.932970">
				<ele>327.022130</ele>
				<time>2018-02-12T00:30:39Z</time>
			</trkpt>
			<trkpt lat="18.936977" lon="98.932806">
				<ele>327.184529</ele>
				<time>2018-02-12T00:30:42Z</time>
			</trkpt>
			<trkpt lat="18.937199" lon="98.932707">
				<ele>327.145019</ele>
				<time>2018-02-12T00:30:45Z</time>
			</trkpt>
			<trkpt lat="18.937403" lon="98.932606">
				<ele>326.334792</ele>
				<time>2018-02-12T00:30:48Z</time>
			</trkpt>
			<trkpt lat="18.937593" lon="98.932505">
				<ele>325.912445</ele>
				<time>2018-02-12T00:30:50Z</time>
			</trkpt>
			<trkpt lat="18.937799" lon="98.932365">
				<ele>325.569003</ele>
				<time>2018-02-12T00:30:52Z</time>
			</trkpt>
			<trkpt lat="18.938040" lon="98.932213">
				<ele>325.841964</ele>
				<time>2018-02-12T00:30:54Z</time>
			</trkpt>
			<trkpt lat="18.938243" lon="98.932060">
				<ele>325.661428</ele>
				<time>2018-02-12T00:30:56Z</time>
			</trkpt>
			<trkpt lat="18.938443" lon="98.931891">
				<ele>325.844420</ele>
				<time>2018-02-12T00:30:58Z</time>
			</trkpt>
			<trkpt lat="18.938626" lon="98.931741">
				<ele>325.967667</ele>
				<time>2018-02-12T00:31:00Z</time>
			</trkpt>
			<trkpt lat="18.938841" lon="98.931622">
				<ele>326.791861</ele>
				<time>2018-02-12T00:31:02Z</time>
			</trkpt>
			<trkpt lat="18.939060" lon="98.931497">
				<ele>326.844165</ele>
				<time>2018-02-12T00:31:04Z</time>
			</trkpt>
			<trkpt lat="18.939246" lon="98.931330">
				<ele>327.940513</ele>
				<time>2018-02-12T00:31:06Z</time>
			</trkpt>
			<trkpt lat="18.939432" lon="98.931143">
				<ele>327.278896</ele>
				<time>2018-02-12T00:31:08Z</time>
			</trkpt>
			<trkpt lat="18.939637" lon="98.930952">
				<ele>328.131144</ele>
				<time>2018-02-12T00:31:10Z</time>
			</trkpt>
			<trkpt lat="18.939829" lon="98.930767">
				<ele>327.771263</ele>
				<time>2018-02-12T00:31:12Z</time>
			</trkpt>
			<trkpt lat="18.940025" lon="98.930582">
				<ele>327.547849</ele>
				<time>2018-02-12T00:31:14Z</time>
			</trkpt>
			<trkpt lat="18.940220" lon="98.930413">
				<ele>327.548828</ele>
				<time>2018-02-12T00:31:16Z</time>
			</trkpt>
			<trkpt lat="18.940421" lon="98.930220">
				<ele>327.530214</ele>
				<time>2018-02-12T00:31:18Z</time>
			</trkpt>
			<trkpt lat="18.940609" lon="98.930044">
				<ele>327.955167</ele>
				<time>2018-02-12T00:31:20Z</time>
			</trkpt>
			<trkpt lat="18.940788" lon="98.929889">
				<ele>328.356539</ele>
				<time>2018-02-12T00:31:22Z</time>
			</trkpt>
			<trkpt lat="18.940972" lon="98.929740">
				<ele>328.532797</ele>
				<time>2018-02-12T00:31:24Z</time>
			</trkpt>
			<trkpt lat="18.941180" lon="98.929614">
				<ele>328.373294</ele>
				<time>2018-02-12T00:31:26Z</time>
			</trkpt>
			<trkpt lat="18.941408" lon="98.929517">
				<ele>327.652757</ele>
				<time>2018-02-12T00:31:28Z</time>
			</trkpt>
			<trkpt lat="18.941669" lon="98.929438">
				<ele>327.240483</ele>
				<time>2018-02-12T00:31:30Z</time>
			</trkpt>
			<trkpt lat="18.941952" lon="98.929358">
				<ele>326.930207</ele>
				<time>2018-02-12T00:31:32Z</time>
			</trkpt>
			<trkpt lat="18.942229" lon="98.929271">
				<ele>326.549566</ele>
				<time>2018-02-12T00:31:34Z</time>
			</trkpt>
			<trkpt lat="18.942496" lon="98.929182">
				<ele>326.853916</ele>
				<time>2018-02-12T00:31:36Z</time>
			</trkpt>
			<trkpt lat="18.942739" lon="98.929047">
				<ele>326.509488</ele>
				<time>2018-02-12T00:31:38Z</time>
			</trkpt>
			<trkpt lat="18.942974" lon="98.928890">
				<ele>326.696085</ele>
				<time>2018-02-12T00:31:40Z</time>
			</trkpt>
			<trkpt lat="18.943220" lon="98.928728">
				<ele>326.999902</ele>
				<time>2018-02-12T00:31:42Z</time>
			</trkpt>
			<trkpt lat="18.943461" lon="98.928574">
				<ele>327.287557</ele>
				<time>2018-02-12T00:31:44Z</time>
			</trkpt>
			<trkpt lat="18.943703" lon="98.928430">
				<ele>327.316242</ele>
				<time>2018-02-12T00:31:46Z</time>
			</trkpt>
			<trkpt lat="18.943956" lon="98.928270">
				<ele>327.581453</ele>
				<time>2018-02-12T00:31:48Z</time>
			</trkpt>
			<trkpt lat="18.944201" lon="98.928113">
				<ele>327.617050</ele>
				<time>2018-02-12T00:31:50Z</time>
			</trkpt>
			<trkpt lat="18.944443" lon="98.927952">
				<ele>327.711956</ele>
				<time>2018-02-12T00:31:52Z</time>
			</trkpt>
			<trkpt lat="18.944674" lon="98.927780">
				<ele>327.736787</ele>
				<time>2018-02-12T00:31:54Z</time>
			</trkpt>
			<trkpt lat="18.944914" lon="98.927629">
				<ele>327.657728</ele>
				<time>2018-02-12T00:31:56Z</time>
			</trkpt>
			<trkpt lat="18.945158" lon="98.927484">
				<ele>328.195828</ele>
				<time>2018-02-12T00:31:58Z</time>
			</trkpt>
			<trkpt lat="18.945429" lon="98.927336">
				<ele>328.213427</ele>
				<time>2018-02-12T00:32:00Z</time>
			</trkpt>
			<trkpt lat="18.945696" lon="98.927224">
				<ele>328.159869</ele>
				<time>2018-02-12T00:32:02Z</time>
			</trkpt>
			<trkpt lat="18.945955" lon="98.927110">
				<ele>328.153845</ele>
				<time>2018-02-12T00:32:04Z</time>
			</trkpt>
			<trkpt lat="18.946216" lon="98.926973">
				<ele>328.590044</ele>
				<time>2018-02-12T00:32:06Z</time>
			</trkpt>
			<trkpt lat="18.946456" lon="98.926836">
				<ele>328.868952</ele>
				<time>2018-02-12T00:32:08Z</time>
			</trkpt>
			<trkpt lat="18.946709" lon="98.926691">
				<ele>328.711541</ele>
				<time>2018-02-12T00:32:10Z</time>
			</trkpt>
			<trkpt lat="18.946949" lon="98.926549">
				<ele>328.990466</ele>
				<time>2018-02-12T00:32:12Z</time>
			</trkpt>
			<trkpt lat="18.947202" lon="98.926430">
				<ele>329.003823</ele>
				<time>2018-02-12T00:32:14Z</time>
			</trkpt>
			<trkpt lat="18.947469" lon="98.926301">
				<ele>328.887243</ele>
				<time>2018-02-12T00:32:16Z</time>
			</trkpt>
			<trkpt lat="18.947736" lon="98.926147">
				<ele>329.241615</ele>
				<time>2018-02-12T00:32:18Z</time>
			</trkpt>
			<trkpt lat="18.947969" lon="98.925998">
				<ele>329.200973</ele>
				<time>2018-02-12T00:32:20Z</time>
			</trkpt>
			<trkpt lat="18.948188" lon="98.925856">
				<ele>329.541329</ele>
				<time>2018-02-12T00:32:22Z</time>
			</trkpt>
			<trkpt lat="18.948448" lon="98.925730">
				<ele>329.585401</ele>
				<time>2018-02-12T00:32:24Z</time>
			</trkpt>
			<trkpt lat="18.948749" lon="98.925608">
				<ele>329.754794</ele>
				<time>2018-02-12T00:32:26Z</time>
			</trkpt>
			<trkpt lat="18.949034" lon="98.925526">
				<ele>328.802756</ele>
				<time>2018-02-12T00:32:28Z</time>
			</trkpt>
			<trkpt lat="18.949335" lon="98.925455">
				<ele>330.140843</ele>
				<time>2018-02-12T00:32:30Z</time>
			</trkpt>
			<trkpt lat="18.949604" lon="98.925355">
				<ele>330.264155</ele>
				<time>2018-02-12T00:32:32Z</time>
			</trkpt>
			<trkpt lat="18.949872" lon="98.925274">
				<ele>330.325796</ele>
				<time>2018-02-12T00:32:34Z</time>
			</trkpt>
			<trkpt lat="18.950170" lon="98.925169">
				<ele>330.549241</ele>
				<time>2018-02-12T00:32:36Z</time>
			</trkpt>
			<trkpt lat="18.950472" lon="98.925058">
				<ele>330.817631</ele>
				<time>2018-02-12T00:32:38Z</time>
			</trkpt>
			<trkpt lat="18.950800" lon="98.924968">
				<ele>330.812619</ele>
				<time>2018-02-12T00:32:40Z</time>
			</trkpt>
			<trkpt lat="18.951097" lon="98.924916">
				<ele>330.656417</ele>
				<time>2018-02-12T00:32:42Z</time>
			</trkpt>
			<trkpt lat="18.951410" lon="98.924850">
				<ele>330.478760</ele>
				<time>2018-02-12T00:32:44Z</time>
			</trkpt>
			<trkpt lat="18.951718" lon="98.924795">
				<ele>330.602125</ele>
				<time>2018-02-12T00:32:46Z</time>
			</trkpt>
			<trkpt lat="18.952011" lon="98.924776">
				<ele>331.768590</ele>
				<time>2018-02-12T00:32:48Z</time>
			</trkpt>
			<trkpt lat="18.952265" lon="98.924784">
				<ele>331.826802</ele>
				<time>2018-02-12T00:32:50Z</time>
			</trkpt>
			<trkpt lat="18.952498" lon="98.924751">
				<ele>331.449099</ele>
				<time>2018-02-12T00:32:52Z</time>
			</trkpt>
			<trkpt lat="18.952732" lon="98.924672">
				<ele>331.626289</ele>
				<time>2018-02-12T00:32:54Z</time>
			</trkpt>
			<trkpt lat="18.952967" lon="98.924573">
				<ele>331.324817</ele>
				<time>2018-02-12T00:32:56Z</time>
			</trkpt>
			<trkpt lat="18.953199" lon="98.924451">
				<ele>331.236801</ele>
				<time>2018-02-12T00:32:58Z</time>
			</trkpt>
			<trkpt lat="18.953441" lon="98.924308">
				<ele>330.845468</ele>
				<time>2018-02-12T00:33:00Z</time>
			</trkpt>
			<trkpt lat="18.953655" lon="98.924152">
				<ele>330.663876</ele>
				<time>2018-02-12T00:33:02Z</time>
			</trkpt>
			<trkpt lat="18.953835" lon="98.923998">
				<ele>330.743107</ele>
				<time>2018-02-12T00:33:04Z</time>
			</trkpt>
			<trkpt lat="18.953991" lon="98.923826">
				<ele>330.701358</ele>
				<time>2018-02-12T00:33:06Z</time>
			</trkpt>
			<trkpt lat="18.954172" lon="98.923686">
				<ele>330.327009</ele>
				<time>2018-02-12T00:33:08Z</time>
			</trkpt>
			<trkpt lat="18.954375" lon="98.923567">
				<ele>330.825521</ele>
				<time>2018-02-12T00:33:10Z</time>
			</trkpt>
			<trkpt lat="18.954589" lon="98.923449">
				<ele>330.700671</ele>
				<time>2018-02-12T00:33:12Z</time>
			</trkpt>
			<trkpt lat="18.954828" lon="98.923339">
				<ele>330.379370</ele>
				<time>2018-02-12T00:33:14Z</time>
			</trkpt>
			<trkpt lat="18.955063" lon="98.923241">
				<ele>330.487628</ele>
				<time>2018-02-12T00:33:16Z</time>
			</trkpt>
			<trkpt lat="18.955308" lon="98.923113">
				<ele>330.450347</ele>
				<time>2018-02-12T00:33:18Z</time>
			</trkpt>
			<trkpt lat="18.955551" lon="98.923000">
				<ele>330.596223</ele>
				<time>2018-02-12T00:33:20Z</time>
			</trkpt>
			<trkpt lat="18.955782" lon="98.922877">
				<ele>331.257223</ele>
				<time>2018-02-12T00:33:22Z</time>
			</trkpt>
			<trkpt lat="18.956022" lon="98.922739">
				<ele>331.939009</ele>
				<time>2018-02-12T00:33:24Z</time>
			</trkpt>
			<trkpt lat="18.956209" lon="98.922640">
				<ele>332.414799</ele>
				<time>2018-02-12T00:33:26Z</time>
			</trkpt>
			<trkpt lat="18.956441" lon="98.922490">
				<ele>332.844129</ele>
				<time>2018-02-12T00:33:29Z</time>
			</trkpt>
			<trkpt lat="18.956579" lon="98.922351">
				<ele>333.174046</ele>
				<time>2018-02-12T00:33:31Z</time>
			</trkpt>
			<trkpt lat="18.956762" lon="98.922192">
				<ele>333.056218</ele>
				<time>2018-02-12T00:33:33Z</time>
			</trkpt>
			<trkpt lat="18.956939" lon="98.922036">
				<ele>333.006266</ele>
				<time>2018-02-12T00:33:35Z</time>
			</trkpt>
			<trkpt lat="18.957151" lon="98.921854">
				<ele>333.247739</ele>
				<time>2018-02-12T00:33:37Z</time>
			</trkpt>
			<trkpt lat="18.957364" lon="98.921677">
				<ele>333.084258</ele>
				<time>2018-02-12T00:33:39Z</time>
			</trkpt>
			<trkpt lat="18.957575" lon="98.921514">
				<ele>333.686689</ele>
				<time>2018-02-12T00:33:41Z</time>
			</trkpt>
			<trkpt lat="18.957770" lon="98.921390">
				<ele>333.681861</ele>
				<time>2018-02-12T00:33:43Z</time>
			</trkpt>
			<trkpt lat="18.958030" lon="98.921273">
				<ele>334.027224</ele>
				<time>2018-02-12T00:33:46Z</time>
			</trkpt>
			<trkpt lat="18.958253" lon="98.921258">
				<ele>333.843018</ele>
				<time>2018-02-12T00:33:48Z</time>
			</trkpt>
			<trkpt lat="18.958479" lon="98.921289">
				<ele>333.550056</ele>
				<time>2018-02-12T00:33:50Z</time>
			</trkpt>
			<trkpt lat="18.958736" lon="98.921340">
				<ele>333.675363</ele>
				<time>2018-02-12T00:33:52Z</time>
			</trkpt>
			<trkpt lat="18.958997" lon="98.921424">
				<ele>333.833706</ele>
				<time>2018-02-12T00:33:54Z</time>
			</trkpt>
			<trkpt lat="18.959239" lon="98.921521">
				<ele>334.079814</ele>
				<time>2018-02-12T00:33:56Z</time>
			</trkpt>
			<trkpt lat="18.959467" lon="98.921625">
				<ele>333.907631</ele>
				<time>2018-02-12T00:33:58Z</time>
			</trkpt>
			<trkpt lat="18.959702" lon="98.921717">
				<ele>333.352928</ele>
				<time>2018-02-12T00:34:00Z</time>
			</trkpt>
			<trkpt lat="18.959950" lon="98.921762">
				<ele>333.176943</ele>
				<time>2018-02-12T00:34:02Z</time>
			</trkpt>
			<trkpt lat="18.960206" lon="98.921766">
				<ele>333.186400</ele>
				<time>2018-02-12T00:34:04Z</time>
			</trkpt>
			<trkpt lat="18.960455" lon="98.921771">
				<ele>333.475180</ele>
				<time>2018-02-12T00:34:06Z</time>
			</trkpt>
			<trkpt lat="18.960697" lon="98.921775">
				<ele>333.816530</ele>
				<time>2018-02-12T00:34:08Z</time>
			</trkpt>
			<trkpt lat="18.960924" lon="98.921772">
				<ele>333.445515</ele>
				<time>2018-02-12T00:34:10Z</time>
			</trkpt>
			<trkpt lat="18.961131" lon="98.921795">
				<ele>333.136859</ele>
				<time>2018-02-12T00:34:12Z</time>
			</trkpt>
			<trkpt lat="18.961330" lon="98.921834">
				<ele>332.716353</ele>
				<time>2018-02-12T00:34:14Z</time>
			</trkpt>
			<trkpt lat="18.961532" lon="98.921914">
				<ele>332.154257</ele>
				<time>2018-02-12T00:34:16Z</time>
			</trkpt>
			<trkpt lat="18.961739" lon="98.922014">
				<ele>332.341363</ele>
				<time>2018-02-12T00:34:18Z</time>
			</trkpt>
			<trkpt lat="18.961948" lon="98.922120">
				<ele>332.321350</ele>
				<time>2018-02-12T00:34:20Z</time>
			</trkpt>
			<trkpt lat="18.962193" lon="98.922213">
				<ele>332.430883</ele>
				<time>2018-02-12T00:34:22Z</time>
			</trkpt>
			<trkpt lat="18.962428" lon="98.922299">
				<ele>332.512263</ele>
				<time>2018-02-12T00:34:24Z</time>
			</trkpt>
			<trkpt lat="18.962657" lon="98.922373">
				<ele>332.392432</ele>
				<time>2018-02-12T00:34:26Z</time>
			</trkpt>
			<trkpt lat="18.962894" lon="98.922378">
				<ele>332.380702</ele>
				<time>2018-02-12T00:34:28Z</time>
			</trkpt>
			<trkpt lat="18.963120" lon="98.922308">
				<ele>332.966336</ele>
				<time>2018-02-12T00:34:30Z</time>
			</trkpt>
			<trkpt lat="18.963346" lon="98.922185">
				<ele>333.634433</ele>
				<time>2018-02-12T00:34:32Z</time>
			</trkpt>
			<trkpt lat="18.963533" lon="98.922049">
				<ele>334.182834</ele>
				<time>2018-02-12T00:34:34Z</time>
			</trkpt>
			<trkpt lat="18.963751" lon="98.921882">
				<ele>335.486389</ele>
				<time>2018-02-12T00:34:36Z</time>
			</trkpt>
			<trkpt lat="18.963962" lon="98.921713">
				<ele>336.595873</ele>
				<time>2018-02-12T00:34:38Z</time>
			</trkpt>
			<trkpt lat="18.964189" lon="98.921570">
				<ele>337.026328</ele>
				<time>2018-02-12T00:34:40Z</time>
			</trkpt>
			<trkpt lat="18.964430" lon="98.921452">
				<ele>338.238209</ele>
				<time>2018-02-12T00:34:42Z</time>
			</trkpt>
			<trkpt lat="18.964679" lon="98.921356">
				<ele>337.970712</ele>
				<time>2018-02-12T00:34:44Z</time>
			</trkpt>
			<trkpt lat="18.964940" lon="98.921247">
				<ele>337.326542</ele>
				<time>2018-02-12T00:34:46Z</time>
			</trkpt>
			<trkpt lat="18.965178" lon="98.921158">
				<ele>336.091809</ele>
				<time>2018-02-12T00:34:48Z</time>
			</trkpt>
			<trkpt lat="18.965437" lon="98.921054">
				<ele>335.216360</ele>
				<time>2018-02-12T00:34:50Z</time>
			</trkpt>
			<trkpt lat="18.965674" lon="98.920910">
				<ele>335.342116</ele>
				<time>2018-02-12T00:34:52Z</time>
			</trkpt>
			<trkpt lat="18.965885" lon="98.920792">
				<ele>335.389929</ele>
				<time>2018-02-12T00:34:54Z</time>
			</trkpt>
			<trkpt lat="18.966093" lon="98.920645">
				<ele>335.877532</ele>
				<time>2018-02-12T00:34:56Z</time>
			</trkpt>
			<trkpt lat="18.966304" lon="98.920531">
				<ele>336.096492</ele>
				<time>2018-02-12T00:34:58Z</time>
			</trkpt>
			<trkpt lat="18.966580" lon="98.920424">
				<ele>335.491435</ele>
				<time>2018-02-12T00:35:00Z</time>
			</trkpt>
			<trkpt lat="18.966850" lon="98.920352">
				<ele>335.106656</ele>
				<time>2018-02-12T00:35:02Z</time>
			</trkpt>
			<trkpt lat="18.967079" lon="98.920303">
				<ele>335.069782</ele>
				<time>2018-02-12T00:35:04Z</time>
			</trkpt>
			<trkpt lat="18.967332" lon="98.920254">
				<ele>335.725637</ele>
				<time>2018-02-12T00:35:06Z</time>
			</trkpt>
			<trkpt lat="18.967569" lon="98.920289">
				<ele>336.462766</ele>
				<time>2018-02-12T00:35:08Z</time>
			</trkpt>
			<trkpt lat="18.967798" lon="98.920355">
				<ele>336.853072</ele>
				<time>2018-02-12T00:35:10Z</time>
			</trkpt>
			<trkpt lat="18.968025" lon="98.920512">
				<ele>337.259785</ele>
				<time>2018-02-12T00:35:12Z</time>
			</trkpt>
			<trkpt lat="18.968236" lon="98.920672">
				<ele>336.829402</ele>
				<time>2018-02-12T00:35:14Z</time>
			</trkpt>
			<trkpt lat="18.968452" lon="98.920841">
				<ele>336.867900</ele>
				<time>2018-02-12T00:35:16Z</time>
			</trkpt>
			<trkpt lat="18.968669" lon="98.920976">
				<ele>336.888636</ele>
				<time>2018-02-12T00:35:18Z</time>
			</trkpt>
			<trkpt lat="18.968894" lon="98.921091">
				<ele>336.449243</ele>
				<time>2018-02-12T00:35:20Z</time>
			</trkpt>
			<trkpt lat="18.969144" lon="98.921200">
				<ele>336.937143</ele>
				<time>2018-02-12T00:35:22Z</time>
			</trkpt>
			<trkpt lat="18.969381" lon="98.921279">
				<ele>337.054814</ele>
				<time>2018-02-12T00:35:24Z</time>
			</trkpt>
			<trkpt lat="18.969614" lon="98.921347">
				<ele>337.833371</ele>
				<time>2018-02-12T00:35:26Z</time>
			</trkpt>
			<trkpt lat="18.969817" lon="98.921267">
				<ele>338.796798</ele>
				<time>2018-02-12T00:35:28Z</time>
			</trkpt>
			<trkpt lat="18.969991" lon="98.921184">
				<ele>340.644974</ele>
				<time>2018-02-12T00:35:30Z</time>
			</trkpt>
			<trkpt lat="18.970190" lon="98.920953">
				<ele>340.296971</ele>
				<time>2018-02-12T00:35:33Z</time>
			</trkpt>
			<trkpt lat="18.970320" lon="98.920788">
				<ele>338.699879</ele>
				<time>2018-02-12T00:35:35Z</time>
			</trkpt>
			<trkpt lat="18.970511" lon="98.920593">
				<ele>337.718342</ele>
				<time>2018-02-12T00:35:37Z</time>
			</trkpt>
			<trkpt lat="18.970732" lon="98.920402">
				<ele>336.828059</ele>
				<time>2018-02-12T00:35:39Z</time>
			</trkpt>
			<trkpt lat="18.970969" lon="98.920226">
				<ele>336.960671</ele>
				<time>2018-02-12T00:35:41Z</time>
			</trkpt>
			<trkpt lat="18.971214" lon="98.920104">
				<ele>336.550208</ele>
				<time>2018-02-12T00:35:43Z</time>
			</trkpt>
			<trkpt lat="18.971472" lon="98.920026">
				<ele>335.600550</ele>
				<time>2018-02-12T00:35:45Z</time>
			</trkpt>
			<trkpt lat="18.971723" lon="98.919984">
				<ele>335.596908</ele>
				<time>2018-02-12T00:35:47Z</time>
			</trkpt>
			<trkpt lat="18.971979" lon="98.920012">
				<ele>336.145179</ele>
				<time>2018-02-12T00:35:49Z</time>
			</trkpt>
			<trkpt lat="18.972219" lon="98.920048">
				<ele>336.469220</ele>
				<time>2018-02-12T00:35:51Z</time>
			</trkpt>
			<trkpt lat="18.972462" lon="98.920074">
				<ele>336.499022</ele>
				<time>2018-02-12T00:35:53Z</time>
			</trkpt>
			<trkpt lat="18.972719" lon="98.920055">
				<ele>337.138039</ele>
				<time>2018-02-12T00:35:55Z</time>
			</trkpt>
			<trkpt lat="18.972951" lon="98.920023">
				<ele>336.666864</ele>
				<time>2018-02-12T00:35:57Z</time>
			</trkpt>
			<trkpt lat="18.973225" lon="98.919920">
				<ele>337.182952</ele>
				<time>2018-02-12T00:35:59Z</time>
			</trkpt>
			<trkpt lat="18.973475" lon="98.919811">
				<ele>337.140623</ele>
				<time>2018-02-12T00:36:01Z</time>
			</trkpt>
			<trkpt lat="18.973732" lon="98.919709">
				<ele>337.304664</ele>
				<time>2018-02-12T00:36:03Z</time>
			</trkpt>
			<trkpt lat="18.973982" lon="98.919597">
				<ele>338.310522</ele>
				<time>2018-02-12T00:36:05Z</time>
			</trkpt>
			<trkpt lat="18.974209" lon="98.919491">
				<ele>337.925429</ele>
				<time>2018-02-12T00:36:07Z</time>
			</trkpt>
			<trkpt lat="18.974450" lon="98.919340">
				<ele>338.405491</ele>
				<time>2018-02-12T00:36:09Z</time>
			</trkpt>
			<trkpt lat="18.974671" lon="98.919186">
				<ele>338.564025</ele>
				<time>2018-02-12T00:36:11Z</time>
			</trkpt>
			<trkpt lat="18.974861" lon="98.919028">
				<ele>339.181456</ele>
				<time>2018-02-12T00:36:13Z</time>
			</trkpt>
			<trkpt lat="18.975074" lon="98.918884">
				<ele>339.573127</ele>
				<time>2018-02-12T00:36:15Z</time>
			</trkpt>
			<trkpt lat="18.975319" lon="98.918766">
				<ele>338.686313</ele>
				<time>2018-02-12T00:36:17Z</time>
			</trkpt>
			<trkpt lat="18.975596" lon="98.918674">
				<ele>337.683572</ele>
				<time>2018-02-12T00:36:19Z</time>
			</trkpt>
			<trkpt lat="18.975860" lon="98.918563">
				<ele>336.927475</ele>
				<time>2018-02-12T00:36:21Z</time>
			</trkpt>
			<trkpt lat="18.976117" lon="98.918417">
				<ele>336.374282</ele>
				<time>2018-02-12T00:36:23Z</time>
			</trkpt>
			<trkpt lat="18.976369" lon="98.918249">
				<ele>336.890316</ele>
				<time>2018-02-12T00:36:25Z</time>
			</trkpt>
			<trkpt lat="18.976597" lon="98.918110">
				<ele>337.299879</ele>
				<time>2018-02-12T00:36:27Z</time>
			</trkpt>
			<trkpt lat="18.976853" lon="98.918017">
				<ele>337.367505</ele>
				<time>2018-02-12T00:36:29Z</time>
			</trkpt>
			<trkpt lat="18.977154" lon="98.917963">
				<ele>336.454875</ele>
				<time>2018-02-12T00:36:31Z</time>
			</trkpt>
			<trkpt lat="18.977430" lon="98.917926">
				<ele>336.540307</ele>
				<time>2018-02-12T00:36:33Z</time>
			</trkpt>
			<trkpt lat="18.977707" lon="98.917847">
				<ele>336.458863</ele>
				<time>2018-02-12T00:36:35Z</time>
			</trkpt>
			<trkpt lat="18.977973" lon="98.917739">
				<ele>336.418207</ele>
				<time>2018-02-12T00:36:37Z</time>
			</trkpt>
			<trkpt lat="18.978229" lon="98.917618">
				<ele>336.534070</ele>
				<time>2018-02-12T00:36:39Z</time>
			</trkpt>
			<trkpt lat="18.978506" lon="98.917540">
				<ele>336.769683</ele>
				<time>2018-02-12T00:36:41Z</time>
			</trkpt>
			<trkpt lat="18.978770" lon="98.917504">
				<ele>336.550895</ele>
				<time>2018-02-12T00:36:43Z</time>
			</trkpt>
			<trkpt lat="18.979033" lon="98.917496">
				<ele>336.853435</ele>
				<time>2018-02-12T00:36:45Z</time>
			</trkpt>
			<trkpt lat="18.979265" lon="98.917538">
				<ele>336.982820</ele>
				<time>2018-02-12T00:36:47Z</time>
			</trkpt>
			<trkpt lat="18.979467" lon="98.917650">
				<ele>337.081185</ele>
				<time>2018-02-12T00:36:49Z</time>
			</trkpt>
			<trkpt lat="18.979611" lon="98.917854">
				<ele>337.127298</ele>
				<time>2018-02-12T00:36:51Z</time>
			</trkpt>
			<trkpt lat="18.979778" lon="98.918071">
				<ele>337.205854</ele>
				<time>2018-02-12T00:36:53Z</time>
			</trkpt>
			<trkpt lat="18.979980" lon="98.918261">
				<ele>337.396228</ele>
				<time>2018-02-12T00:36:55Z</time>
			</trkpt>
			<trkpt lat="18.980208" lon="98.918405">
				<ele>337.314962</ele>
				<time>2018-02-12T00:36:57Z</time>
			</trkpt>
			<trkpt lat="18.980443" lon="98.918483">
				<ele>337.154772</ele>
				<time>2018-02-12T00:36:59Z</time>
			</trkpt>
			<trkpt lat="18.980637" lon="98.918493">
				<ele>337.144294</ele>
				<time>2018-02-12T00:37:01Z</time>
			</trkpt>
			<trkpt lat="18.980834" lon="98.918417">
				<ele>336.751277</ele>
				<time>2018-02-12T00:37:03Z</time>
			</trkpt>
			<trkpt lat="18.980980" lon="98.918271">
				<ele>336.435339</ele>
				<time>2018-02-12T00:37:05Z</time>
			</trkpt>
			<trkpt lat="18.981018" lon="98.918063">
				<ele>335.792188</ele>
				<time>2018-02-12T00:37:07Z</time>
			</trkpt>
			<trkpt lat="18.981163" lon="98.917884">
				<ele>334.785854</ele>
				<time>2018-02-12T00:37:09Z</time>
			</trkpt>
			<trkpt lat="18.981384" lon="98.917753">
				<ele>334.813889</ele>
				<time>2018-02-12T00:37:11Z</time>
			</trkpt>
			<trkpt lat="18.981626" lon="98.917616">
				<ele>335.043735</ele>
				<time>2018-02-12T00:37:13Z</time>
			</trkpt>
			<trkpt lat="18.981857" lon="98.917438">
				<ele>335.550591</ele>
				<time>2018-02-12T00:37:15Z</time>
			</trkpt>
			<trkpt lat="18.982068" lon="98.917214">
				<ele>336.694166</ele>
				<time>2018-02-12T00:37:17Z</time>
			</trkpt>
			<trkpt lat="18.982315" lon="98.916985">
				<ele>337.955112</ele>
				<time>2018-02-12T00:37:19Z</time>
			</trkpt>
			<trkpt lat="18.982568" lon="98.916804">
				<ele>338.226965</ele>
				<time>2018-02-12T00:37:21Z</time>
			</trkpt>
			<trkpt lat="18.982752" lon="98.916623">
				<ele>338.369027</ele>
				<time>2018-02-12T00:37:23Z</time>
			</trkpt>
			<trkpt lat="18.982896" lon="98.916421">
				<ele>338.083878</ele>
				<time>2018-02-12T00:37:25Z</time>
			</trkpt>
			<trkpt lat="18.983022" lon="98.916196">
				<ele>337.552366</ele>
				<time>2018-02-12T00:37:27Z</time>
			</trkpt>
			<trkpt lat="18.982996" lon="98.915873">
				<ele>337.536189</ele>
				<time>2018-02-12T00:37:29Z</time>
			</trkpt>
			<trkpt lat="18.982999" lon="98.915576">
				<ele>336.368201</ele>
				<time>2018-02-12T00:37:31Z</time>
			</trkpt>
			<trkpt lat="18.983027" lon="98.915260">
				<ele>335.846717</ele>
				<time>2018-02-12T00:37:33Z</time>
			</trkpt>
			<trkpt lat="18.983059" lon="98.914954">
				<ele>335.997984</ele>
				<time>2018-02-12T00:37:35Z</time>
			</trkpt>
			<trkpt lat="18.983083" lon="98.914678">
				<ele>336.327158</ele>
				<time>2018-02-12T00:37:37Z</time>
			</trkpt>
			<trkpt lat="18.983095" lon="98.914452">
				<ele>335.967373</ele>
				<time>2018-02-12T00:37:39Z</time>
			</trkpt>
			<trkpt lat="18.983098" lon="98.914232">
				<ele>336.627902</ele>
				<time>2018-02-12T00:37:41Z</time>
			</trkpt>
			<trkpt lat="18.982957" lon="98.914005">
				<ele>337.161383</ele>
				<time>2018-02-12T00:37:44Z</time>
			</trkpt>
			<trkpt lat="18.982804" lon="98.913903">
				<ele>338.041713</ele>
				<time>2018-02-12T00:37:46Z</time>
			</trkpt>
			<trkpt lat="18.982576" lon="98.913846">
				<ele>338.125399</ele>
				<time>2018-02-12T00:37:48Z</time>
			</trkpt>
			<trkpt lat="18.982362" lon="98.913814">
				<ele>337.591067</ele>
				<time>2018-02-12T00:37:50Z</time>
			</trkpt>
			<trkpt lat="18.982157" lon="98.913757">
				<ele>338.755214</ele>
				<time>2018-02-12T00:37:52Z</time>
			</trkpt>
			<trkpt lat="18.982013" lon="98.913621">
				<ele>339.055362</ele>
				<time>2018-02-12T00:37:54Z</time>
			</trkpt>
			<trkpt lat="18.981940" lon="98.913375">
				<ele>339.820064</ele>
				<time>2018-02-12T00:37:56Z</time>
			</trkpt>
			<trkpt lat="18.981890" lon="98.913144">
				<ele>339.876965</ele>
				<time>2018-02-12T00:37:58Z</time>
			</trkpt>
			<trkpt lat="18.981862" lon="98.912894">
				<ele>339.552906</ele>
				<time>2018-02-12T00:38:00Z</time>
			</trkpt>
			<trkpt lat="18.981895" lon="98.912629">
				<ele>339.450895</ele>
				<time>2018-02-12T00:38:02Z</time>
			</trkpt>
			<trkpt lat="18.981955" lon="98.912384">
				<ele>339.395757</ele>
				<time>2018-02-12T00:38:04Z</time>
			</trkpt>
			<trkpt lat="18.982037" lon="98.912165">
				<ele>339.266337</ele>
				<time>2018-02-12T00:38:06Z</time>
			</trkpt>
			<trkpt lat="18.982091" lon="98.911968">
				<ele>338.287386</ele>
				<time>2018-02-12T00:38:08Z</time>
			</trkpt>
			<trkpt lat="18.982056" lon="98.911747">
				<ele>337.862915</ele>
				<time>2018-02-12T00:38:10Z</time>
			</trkpt>
			<trkpt lat="18.981965" lon="98.911535">
				<ele>338.307250</ele>
				<time>2018-02-12T00:38:12Z</time>
			</trkpt>
			<trkpt lat="18.981921" lon="98.911272">
				<ele>338.043023</ele>
				<time>2018-02-12T00:38:14Z</time>
			</trkpt>
			<trkpt lat="18.981945" lon="98.910991">
				<ele>337.393587</ele>
				<time>2018-02-12T00:38:16Z</time>
			</trkpt>
			<trkpt lat="18.982054" lon="98.910735">
				<ele>337.531393</ele>
				<time>2018-02-12T00:38:18Z</time>
			</trkpt>
			<trkpt lat="18.982152" lon="98.910462">
				<ele>336.815102</ele>
				<time>2018-02-12T00:38:20Z</time>
			</trkpt>
			<trkpt lat="18.982257" lon="98.910163">
				<ele>337.333655</ele>
				<time>2018-02-12T00:38:22Z</time>
			</trkpt>
			<trkpt lat="18.982373" lon="98.909888">
				<ele>338.071427</ele>
				<time>2018-02-12T00:38:24Z</time>
			</trkpt>
			<trkpt lat="18.982484" lon="98.909640">
				<ele>338.113362</ele>
				<time>2018-02-12T00:38:26Z</time>
			</trkpt>
			<trkpt lat="18.982622" lon="98.909336">
				<ele>338.755585</ele>
				<time>2018-02-12T00:38:28Z</time>
			</trkpt>
			<trkpt lat="18.982790" lon="98.909070">
				<ele>339.342469</ele>
				<time>2018-02-12T00:38:30Z</time>
			</trkpt>
			<trkpt lat="18.982947" lon="98.908832">
				<ele>339.249656</ele>
				<time>2018-02-12T00:38:32Z</time>
			</trkpt>
			<trkpt lat="18.983096" lon="98.908558">
				<ele>339.095567</ele>
				<time>2018-02-12T00:38:34Z</time>
			</trkpt>
			<trkpt lat="18.983242" lon="98.908296">
				<ele>340.223572</ele>
				<time>2018-02-12T00:38:36Z</time>
			</trkpt>
			<trkpt lat="18.983453" lon="98.908090">
				<ele>341.199795</ele>
				<time>2018-02-12T00:38:38Z</time>
			</trkpt>
			<trkpt lat="18.983709" lon="98.907918">
				<ele>341.838228</ele>
				<time>2018-02-12T00:38:40Z</time>
			</trkpt>
			<trkpt lat="18.983981" lon="98.907813">
				<ele>343.305441</ele>
				<time>2018-02-12T00:38:42Z</time>
			</trkpt>
			<trkpt lat="18.984261" lon="98.907752">
				<ele>344.160064</ele>
				<time>2018-02-12T00:38:44Z</time>
			</trkpt>
			<trkpt lat="18.984544" lon="98.907709">
				<ele>345.067466</ele>
				<time>2018-02-12T00:38:46Z</time>
			</trkpt>
			<trkpt lat="18.984837" lon="98.907637">
				<ele>345.512286</ele>
				<time>2018-02-12T00:38:48Z</time>
			</trkpt>
			<trkpt lat="18.985163" lon="98.907562">
				<ele>344.620305</ele>
				<time>2018-02-12T00:38:50Z</time>
			</trkpt>
			<trkpt lat="18.985497" lon="98.907433">
				<ele>343.258234</ele>
				<time>2018-02-12T00:38:52Z</time>
			</trkpt>
			<trkpt lat="18.985746" lon="98.907308">
				<ele>342.350470</ele>
				<time>2018-02-12T00:38:54Z</time>
			</trkpt>
			<trkpt lat="18.986001" lon="98.907161">
				<ele>340.856542</ele>
				<time>2018-02-12T00:38:56Z</time>
			</trkpt>
			<trkpt lat="18.986168" lon="98.907032">
				<ele>339.724615</ele>
				<time>2018-02-12T00:38:58Z</time>
			</trkpt>
			<trkpt lat="18.986374" lon="98.906815">
				<ele>339.541179</ele>
				<time>2018-02-12T00:39:00Z</time>
			</trkpt>
			<trkpt lat="18.986507" lon="98.906551">
				<ele>339.463567</ele>
				<time>2018-02-12T00:39:02Z</time>
			</trkpt>
			<trkpt lat="18.986608" lon="98.906288">
				<ele>340.535893</ele>
				<time>2018-02-12T00:39:04Z</time>
			</trkpt>
			<trkpt lat="18.986701" lon="98.906012">
				<ele>341.506777</ele>
				<time>2018-02-12T00:39:06Z</time>
			</trkpt>
			<trkpt lat="18.986787" lon="98.905718">
				<ele>340.855782</ele>
				<time>2018-02-12T00:39:08Z</time>
			</trkpt>
			<trkpt lat="18.986931" lon="98.905445">
				<ele>338.912260</ele>
				<time>2018-02-12T00:39:10Z</time>
			</trkpt>
			<trkpt lat="18.987099" lon="98.905192">
				<ele>337.790560</ele>
				<time>2018-02-12T00:39:12Z</time>
			</trkpt>
			<trkpt lat="18.987247" lon="98.904931">
				<ele>337.576153</ele>
				<time>2018-02-12T00:39:14Z</time>
			</trkpt>
			<trkpt lat="18.987307" lon="98.904665">
				<ele>337.788773</ele>
				<time>2018-02-12T00:39:16Z</time>
			</trkpt>
			<trkpt lat="18.987359" lon="98.904345">
				<ele>338.118161</ele>
				<time>2018-02-12T00:39:18Z</time>
			</trkpt>
			<trkpt lat="18.987412" lon="98.904072">
				<ele>338.073735</ele>
				<time>2018-02-12T00:39:20Z</time>
			</trkpt>
			<trkpt lat="18.987474" lon="98.903768">
				<ele>338.021878</ele>
				<time>2018-02-12T00:39:22Z</time>
			</trkpt>
			<trkpt lat="18.987556" lon="98.903463">
				<ele>338.318866</ele>
				<time>2018-02-12T00:39:24Z</time>
			</trkpt>
			<trkpt lat="18.987699" lon="98.903189">
				<ele>338.544236</ele>
				<time>2018-02-12T00:39:26Z</time>
			</trkpt>
			<trkpt lat="18.987890" lon="98.902947">
				<ele>338.483323</ele>
				<time>2018-02-12T00:39:28Z</time>
			</trkpt>
			<trkpt lat="18.988063" lon="98.902746">
				<ele>338.993029</ele>
				<time>2018-02-12T00:39:30Z</time>
			</trkpt>
			<trkpt lat="18.988273" lon="98.902575">
				<ele>339.734776</ele>
				<time>2018-02-12T00:39:32Z</time>
			</trkpt>
			<trkpt lat="18.988499" lon="98.902393">
				<ele>339.991573</ele>
				<time>2018-02-12T00:39:35Z</time>
			</trkpt>
			<trkpt lat="18.988684" lon="98.902259">
				<ele>340.309125</ele>
				<time>2018-02-12T00:39:37Z</time>
			</trkpt>
			<trkpt lat="18.988896" lon="98.902125">
				<ele>340.635438</ele>
				<time>2018-02-12T00:39:39Z</time>
			</trkpt>
			<trkpt lat="18.989059" lon="98.901992">
				<ele>341.110662</ele>
				<time>2018-02-12T00:39:41Z</time>
			</trkpt>
			<trkpt lat="18.989204" lon="98.901816">
				<ele>341.863794</ele>
				<time>2018-02-12T00:39:43Z</time>
			</trkpt>
			<trkpt lat="18.989289" lon="98.901598">
				<ele>342.966200</ele>
				<time>2018-02-12T00:39:45Z</time>
			</trkpt>
			<trkpt lat="18.989359" lon="98.901332">
				<ele>343.849350</ele>
				<time>2018-02-12T00:39:47Z</time>
			</trkpt>
			<trkpt lat="18.989425" lon="98.901030">
				<ele>345.437800</ele>
				<time>2018-02-12T00:39:49Z</time>
			</trkpt>
			<trkpt lat="18.989481" lon="98.900734">
				<ele>347.119811</ele>
				<time>2018-02-12T00:39:51Z</time>
			</trkpt>
			<trkpt lat="18.989528" lon="98.900435">
				<ele>347.201485</ele>
				<time>2018-02-12T00:39:53Z</time>
			</trkpt>
			<trkpt lat="18.989614" lon="98.900141">
				<ele>345.797443</ele>
				<time>2018-02-12T00:39:55Z</time>
			</trkpt>
			<trkpt lat="18.989709" lon="98.899849">
				<ele>344.983044</ele>
				<time>2018-02-12T00:39:57Z</time>
			</trkpt>
			<trkpt lat="18.989780" lon="98.899545">
				<ele>344.751976</ele>
				<time>2018-02-12T00:39:59Z</time>
			</trkpt>
			<trkpt lat="18.989799" lon="98.899250">
				<ele>344.785486</ele>
				<time>2018-02-12T00:40:01Z</time>
			</trkpt>
			<trkpt lat="18.989783" lon="98.899020">
				<ele>345.233782</ele>
				<time>2018-02-12T00:40:03Z</time>
			</trkpt>
			<trkpt lat="18.989735" lon="98.898826">
				<ele>346.501842</ele>
				<time>2018-02-12T00:40:05Z</time>
			</trkpt>
			<trkpt lat="18.989649" lon="98.898628">
				<ele>345.738002</ele>
				<time>2018-02-12T00:40:07Z</time>
			</trkpt>
			<trkpt lat="18.989550" lon="98.898412">
				<ele>344.462507</ele>
				<time>2018-02-12T00:40:09Z</time>
			</trkpt>
			<trkpt lat="18.989471" lon="98.898164">
				<ele>344.194676</ele>
				<time>2018-02-12T00:40:11Z</time>
			</trkpt>
			<trkpt lat="18.989414" lon="98.897909">
				<ele>343.683724</ele>
				<time>2018-02-12T00:40:13Z</time>
			</trkpt>
			<trkpt lat="18.989391" lon="98.897652">
				<ele>344.266095</ele>
				<time>2018-02-12T00:40:15Z</time>
			</trkpt>
			<trkpt lat="18.989454" lon="98.897394">
				<ele>344.373371</ele>
				<time>2018-02-12T00:40:17Z</time>
			</trkpt>
			<trkpt lat="18.989549" lon="98.897155">
				<ele>344.283324</ele>
				<time>2018-02-12T00:40:19Z</time>
			</trkpt>
			<trkpt lat="18.989723" lon="98.896940">
				<ele>343.377888</ele>
				<time>2018-02-12T00:40:21Z</time>
			</trkpt>
			<trkpt lat="18.989881" lon="98.896730">
				<ele>342.935425</ele>
				<time>2018-02-12T00:40:23Z</time>
			</trkpt>
			<trkpt lat="18.990065" lon="98.896493">
				<ele>342.813248</ele>
				<time>2018-02-12T00:40:25Z</time>
			</trkpt>
			<trkpt lat="18.990248" lon="98.896288">
				<ele>342.758876</ele>
				<time>2018-02-12T00:40:27Z</time>
			</trkpt>
			<trkpt lat="18.990446" lon="98.896059">
				<ele>342.477508</ele>
				<time>2018-02-12T00:40:29Z</time>
			</trkpt>
			<trkpt lat="18.990620" lon="98.895855">
				<ele>342.604967</ele>
				<time>2018-02-12T00:40:31Z</time>
			</trkpt>
			<trkpt lat="18.990790" lon="98.895641">
				<ele>342.377012</ele>
				<time>2018-02-12T00:40:33Z</time>
			</trkpt>
			<trkpt lat="18.990935" lon="98.895426">
				<ele>342.786760</ele>
				<time>2018-02-12T00:40:35Z</time>
			</trkpt>
			<trkpt lat="18.991088" lon="98.895277">
				<ele>342.978639</ele>
				<time>2018-02-12T00:40:37Z</time>
			</trkpt>
			<trkpt lat="18.991257" lon="98.895199">
				<ele>343.301305</ele>
				<time>2018-02-12T00:40:39Z</time>
			</trkpt>
			<trkpt lat="18.991474" lon="98.895144">
				<ele>343.037106</ele>
				<time>2018-02-12T00:40:41Z</time>
			</trkpt>
			<trkpt lat="18.991692" lon="98.895095">
				<ele>342.345912</ele>
				<time>2018-02-12T00:40:43Z</time>
			</trkpt>
			<trkpt lat="18.991899" lon="98.894957">
				<ele>341.019768</ele>
				<time>2018-02-12T00:40:45Z</time>
			</trkpt>
			<trkpt lat="18.992088" lon="98.894791">
				<ele>339.865058</ele>
				<time>2018-02-12T00:40:47Z</time>
			</trkpt>
			<trkpt lat="18.992238" lon="98.894612">
				<ele>339.634025</ele>
				<time>2018-02-12T00:40:49Z</time>
			</trkpt>
			<trkpt lat="18.992336" lon="98.894421">
				<ele>339.450169</ele>
				<time>2018-02-12T00:40:51Z</time>
			</trkpt>
			<trkpt lat="18.992351" lon="98.894220">
				<ele>339.176291</ele>
				<time>2018-02-12T00:40:53Z</time>
			</trkpt>
			<trkpt lat="18.992328" lon="98.893985">
				<ele>339.007199</ele>
				<time>2018-02-12T00:40:55Z</time>
			</trkpt>
			<trkpt lat="18.992283" lon="98.893735">
				<ele>339.505096</ele>
				<time>2018-02-12T00:40:57Z</time>
			</trkpt>
			<trkpt lat="18.992264" lon="98.893475">
				<ele>339.481004</ele>
				<time>2018-02-12T00:40:59Z</time>
			</trkpt>
			<trkpt lat="18.992301" lon="98.893230">
				<ele>339.485807</ele>
				<time>2018-02-12T00:41:01Z</time>
			</trkpt>
			<trkpt lat="18.992413" lon="98.892973">
				<ele>339.594450</ele>
				<time>2018-02-12T00:41:03Z</time>
			</trkpt>
			<trkpt lat="18.992553" lon="98.892744">
				<ele>339.440454</ele>
				<time>2018-02-12T00:41:05Z</time>
			</trkpt>
			<trkpt lat="18.992721" lon="98.892541">
				<ele>339.844873</ele>
				<time>2018-02-12T00:41:07Z</time>
			</trkpt>
			<trkpt lat="18.992942" lon="98.892389">
				<ele>339.429536</ele>
				<time>2018-02-12T00:41:09Z</time>
			</trkpt>
			<trkpt lat="18.993181" lon="98.892250">
				<ele>339.837569</ele>
				<time>2018-02-12T00:41:11Z</time>
			</trkpt>
			<trkpt lat="18.993428" lon="98.892162">
				<ele>339.818558</ele>
				<time>2018-02-12T00:41:13Z</time>
			</trkpt>
			<trkpt lat="18.993690" lon="98.892165">
				<ele>340.366566</ele>
				<time>2018-02-12T00:41:15Z</time>
			</trkpt>
			<trkpt lat="18.993921" lon="98.892145">
				<ele>340.184956</ele>
				<time>2018-02-12T00:41:16Z</time>
			</trkpt>
			<trkpt lat="18.994150" lon="98.892088">
				<ele>340.502324</ele>
				<time>2018-02-12T00:41:18Z</time>
			</trkpt>
			<trkpt lat="18.994315" lon="98.892004">
				<ele>340.303797</ele>
				<time>2018-02-12T00:41:21Z</time>
			</trkpt>
			<trkpt lat="18.994481" lon="98.891848">
				<ele>341.091877</ele>
				<time>2018-02-12T00:41:23Z</time>
			</trkpt>
			<trkpt lat="18.994676" lon="98.891662">
				<ele>341.012706</ele>
				<time>2018-02-12T00:41:25Z</time>
			</trkpt>
			<trkpt lat="18.994863" lon="98.891469">
				<ele>340.950597</ele>
				<time>2018-02-12T00:41:27Z</time>
			</trkpt>
			<trkpt lat="18.995052" lon="98.891265">
				<ele>341.093796</ele>
				<time>2018-02-12T00:41:29Z</time>
			</trkpt>
			<trkpt lat="18.995241" lon="98.891049">
				<ele>340.839676</ele>
				<time>2018-02-12T00:41:31Z</time>
			</trkpt>
			<trkpt lat="18.995462" lon="98.890856">
				<ele>340.652241</ele>
				<time>2018-02-12T00:41:33Z</time>
			</trkpt>
			<trkpt lat="18.995673" lon="98.890687">
				<ele>340.618850</ele>
				<time>2018-02-12T00:41:35Z</time>
			</trkpt>
			<trkpt lat="18.995910" lon="98.890517">
				<ele>340.031798</ele>
				<time>2018-02-12T00:41:37Z</time>
			</trkpt>
			<trkpt lat="18.996136" lon="98.890345">
				<ele>340.709902</ele>
				<time>2018-02-12T00:41:39Z</time>
			</trkpt>
			<trkpt lat="18.996376" lon="98.890175">
				<ele>340.700964</ele>
				<time>2018-02-12T00:41:41Z</time>
			</trkpt>
			<trkpt lat="18.996623" lon="98.889975">
				<ele>340.972812</ele>
				<time>2018-02-12T00:41:43Z</time>
			</trkpt>
			<trkpt lat="18.996855" lon="98.889767">
				<ele>340.987463</ele>
				<time>2018-02-12T00:41:45Z</time>
			</trkpt>
			<trkpt lat="18.997091" lon="98.889577">
				<ele>341.516515</ele>
				<time>2018-02-12T00:41:47Z</time>
			</trkpt>
			<trkpt lat="18.997307" lon="98.889389">
				<ele>341.934421</ele>
				<time>2018-02-12T00:41:49Z</time>
			</trkpt>
			<trkpt lat="18.997562" lon="98.889222">
				<ele>343.012219</ele>
				<time>2018-02-12T00:41:51Z</time>
			</trkpt>
			<trkpt lat="18.997826" lon="98.889101">
				<ele>343.563354</ele>
				<time>2018-02-12T00:41:53Z</time>
			</trkpt>
			<trkpt lat="18.998132" lon="98.889010">
				<ele>344.429529</ele>
				<time>2018-02-12T00:41:55Z</time>
			</trkpt>
			<trkpt lat="18.998433" lon="98.888964">
				<ele>345.325302</ele>
				<time>2018-02-12T00:41:57Z</time>
			</trkpt>
			<trkpt lat="18.998714" lon="98.888920">
				<ele>345.201354</ele>
				<time>2018-02-12T00:41:59Z</time>
			</trkpt>
			<trkpt lat="18.998965" lon="98.888813">
				<ele>344.930249</ele>
				<time>2018-02-12T00:42:01Z</time>
			</trkpt>
			<trkpt lat="18.999186" lon="98.888664">
				<ele>344.841841</ele>
				<time>2018-02-12T00:42:03Z</time>
			</trkpt>
			<trkpt lat="18.999432" lon="98.888542">
				<ele>345.157632</ele>
				<time>2018-02-12T00:42:05Z</time>
			</trkpt>
			<trkpt lat="18.999666" lon="98.888426">
				<ele>345.582517</ele>
				<time>2018-02-12T00:42:07Z</time>
			</trkpt>
			<trkpt lat="18.999892" lon="98.888306">
				<ele>345.594273</ele>
				<time>2018-02-12T00:42:09Z</time>
			</trkpt>
			<trkpt lat="19.000140" lon="98.888250">
				<ele>345.225696</ele>
				<time>2018-02-12T00:42:11Z</time>
			</trkpt>
			<trkpt lat="19.000374" lon="98.888238">
				<ele>345.345968</ele>
				<time>2018-02-12T00:42:13Z</time>
			</trkpt>
			<trkpt lat="19.000606" lon="98.888332">
				<ele>344.861776</ele>
				<time>2018-02-12T00:42:15Z</time>
			</trkpt>
			<trkpt lat="19.000817" lon="98.888384">
				<ele>344.843956</ele>
				<time>2018-02-12T00:42:17Z</time>
			</trkpt>
			<trkpt lat="19.001054" lon="98.888416">
				<ele>344.539961</ele>
				<time>2018-02-12T00:42:19Z</time>
			</trkpt>
			<trkpt lat="19.001296" lon="98.888395">
				<ele>343.881041</ele>
				<time>2018-02-12T00:42:21Z</time>
			</trkpt>
			<trkpt lat="19.001559" lon="98.888369">
				<ele>342.642665</ele>
				<time>2018-02-12T00:42:23Z</time>
			</trkpt>
			<trkpt lat="19.001816" lon="98.888282">
				<ele>342.018234</ele>
				<time>2018-02-12T00:42:25Z</time>
			</trkpt>
			<trkpt lat="19.002032" lon="98.888157">
				<ele>341.504850</ele>
				<time>2018-02-12T00:42:27Z</time>
			</trkpt>
			<trkpt lat="19.002251" lon="98.887962">
				<ele>340.959179</ele>
				<time>2018-02-12T00:42:29Z</time>
			</trkpt>
			<trkpt lat="19.002467" lon="98.887765">
				<ele>340.832737</ele>
				<time>2018-02-12T00:42:31Z</time>
			</trkpt>
			<trkpt lat="19.002610" lon="98.887602">
				<ele>340.919205</ele>
				<time>2018-02-12T00:42:32Z</time>
			</trkpt>
			<trkpt lat="19.002847" lon="98.887402">
				<ele>340.897542</ele>
				<time>2018-02-12T00:42:34Z</time>
			</trkpt>
			<trkpt lat="19.003072" lon="98.887196">
				<ele>341.392685</ele>
				<time>2018-02-12T00:42:36Z</time>
			</trkpt>
			<trkpt lat="19.003286" lon="98.887025">
				<ele>341.783669</ele>
				<time>2018-02-12T00:42:38Z</time>
			</trkpt>
			<trkpt lat="19.003480" lon="98.886908">
				<ele>342.334005</ele>
				<time>2018-02-12T00:42:40Z</time>
			</trkpt>
			<trkpt lat="19.003750" lon="98.886734">
				<ele>342.546046</ele>
				<time>2018-02-12T00:42:42Z</time>
			</trkpt>
			<trkpt lat="19.004041" lon="98.886589">
				<ele>343.057265</ele>
				<time>2018-02-12T00:42:44Z</time>
			</trkpt>
			<trkpt lat="19.004341" lon="98.886453">
				<ele>342.811388</ele>
				<time>2018-02-12T00:42:46Z</time>
			</trkpt>
			<trkpt lat="19.004654" lon="98.886316">
				<ele>343.118931</ele>
				<time>2018-02-12T00:42:48Z</time>
			</trkpt>
			<trkpt lat="19.004959" lon="98.886182">
				<ele>342.465307</ele>
				<time>2018-02-12T00:42:50Z</time>
			</trkpt>
			<trkpt lat="19.005282" lon="98.886037">
				<ele>343.342848</ele>
				<time>2018-02-12T00:42:52Z</time>
			</trkpt>
			<trkpt lat="19.005576" lon="98.885918">
				<ele>342.916427</ele>
				<time>2018-02-12T00:42:54Z</time>
			</trkpt>
			<trkpt lat="19.005869" lon="98.885844">
				<ele>343.138565</ele>
				<time>2018-02-12T00:42:56Z</time>
			</trkpt>
			<trkpt lat="19.006147" lon="98.885782">
				<ele>343.373573</ele>
				<time>2018-02-12T00:42:58Z</time>
			</trkpt>
			<trkpt lat="19.006417" lon="98.885705">
				<ele>343.131514</ele>
				<time>2018-02-12T00:43:00Z</time>
			</trkpt>
			<trkpt lat="19.006612" lon="98.885615">
				<ele>342.161691</ele>
				<time>2018-02-12T00:43:02Z</time>
			</trkpt>
			<trkpt lat="19.006834" lon="98.885492">
				<ele>341.864685</ele>
				<time>2018-02-12T00:43:04Z</time>
			</trkpt>
			<trkpt lat="19.007106" lon="98.885457">
				<ele>341.591627</ele>
				<time>2018-02-12T00:43:06Z</time>
			</trkpt>
			<trkpt lat="19.007389" lon="98.885432">
				<ele>341.733898</ele>
				<time>2018-02-12T00:43:08Z</time>
			</trkpt>
			<trkpt lat="19.007681" lon="98.885427">
				<ele>342.008893</ele>
				<time>2018-02-12T00:43:10Z</time>
			</trkpt>
			<trkpt lat="19.007994" lon="98.885431">
				<ele>342.904982</ele>
				<time>2018-02-12T00:43:12Z</time>
			</trkpt>
			<trkpt lat="19.008290" lon="98.885424">
				<ele>342.665237</ele>
				<time>2018-02-12T00:43:14Z</time>
			</trkpt>
			<trkpt lat="19.008599" lon="98.885426">
				<ele>343.344262</ele>
				<time>2018-02-12T00:43:16Z</time>
			</trkpt>
			<trkpt lat="19.008910" lon="98.885443">
				<ele>343.985209</ele>
				<time>2018-02-12T00:43:18Z</time>
			</trkpt>
			<trkpt lat="19.009240" lon="98.885440">
				<ele>343.521747</ele>
				<time>2018-02-12T00:43:20Z</time>
			</trkpt>
			<trkpt lat="19.009550" lon="98.885449">
				<ele>343.713510</ele>
				<time>2018-02-12T00:43:22Z</time>
			</trkpt>
			<trkpt lat="19.009829" lon="98.885437">
				<ele>343.928266</ele>
				<time>2018-02-12T00:43:24Z</time>
			</trkpt>
			<trkpt lat="19.010120" lon="98.885419">
				<ele>344.228632</ele>
				<time>2018-02-12T00:43:26Z</time>
			</trkpt>
			<trkpt lat="19.010429" lon="98.885385">
				<ele>344.334975</ele>
				<time>2018-02-12T00:43:28Z</time>
			</trkpt>
			<trkpt lat="19.010729" lon="98.885338">
				<ele>345.565386</ele>
				<time>2018-02-12T00:43:30Z</time>
			</trkpt>
			<trkpt lat="19.011013" lon="98.885285">
				<ele>346.742637</ele>
				<time>2018-02-12T00:43:32Z</time>
			</trkpt>
			<trkpt lat="19.011315" lon="98.885205">
				<ele>347.737755</ele>
				<time>2018-02-12T00:43:34Z</time>
			</trkpt>
			<trkpt lat="19.011620" lon="98.885112">
				<ele>347.345265</ele>
				<time>2018-02-12T00:43:36Z</time>
			</trkpt>
			<trkpt lat="19.011930" lon="98.885032">
				<ele>347.325859</ele>
				<time>2018-02-12T00:43:38Z</time>
			</trkpt>
			<trkpt lat="19.012236" lon="98.884924">
				<ele>347.112412</ele>
				<time>2018-02-12T00:43:40Z</time>
			</trkpt>
			<trkpt lat="19.012526" lon="98.884802">
				<ele>347.055497</ele>
				<time>2018-02-12T00:43:42Z</time>
			</trkpt>
			<trkpt lat="19.012811" lon="98.884657">
				<ele>347.120737</ele>
				<time>2018-02-12T00:43:44Z</time>
			</trkpt>
			<trkpt lat="19.013092" lon="98.884503">
				<ele>347.156627</ele>
				<time>2018-02-12T00:43:46Z</time>
			</trkpt>
			<trkpt lat="19.013336" lon="98.884326">
				<ele>347.474366</ele>
				<time>2018-02-12T00:43:48Z</time>
			</trkpt>
			<trkpt lat="19.013561" lon="98.884180">
				<ele>347.740963</ele>
				<time>2018-02-12T00:43:50Z</time>
			</trkpt>
			<trkpt lat="19.013769" lon="98.884076">
				<ele>347.738142</ele>
				<time>2018-02-12T00:43:52Z</time>
			</trkpt>
			<trkpt lat="19.014005" lon="98.883922">
				<ele>348.173176</ele>
				<time>2018-02-12T00:43:54Z</time>
			</trkpt>
			<trkpt lat="19.014230" lon="98.883756">
				<ele>348.246268</ele>
				<time>2018-02-12T00:43:56Z</time>
			</trkpt>
			<trkpt lat="19.014480" lon="98.883588">
				<ele>348.848144</ele>
				<time>2018-02-12T00:43:58Z</time>
			</trkpt>
			<trkpt lat="19.014731" lon="98.883429">
				<ele>349.444336</ele>
				<time>2018-02-12T00:44:00Z</time>
			</trkpt>
			<trkpt lat="19.015001" lon="98.883296">
				<ele>349.421572</ele>
				<time>2018-02-12T00:44:02Z</time>
			</trkpt>
			<trkpt lat="19.015231" lon="98.883195">
				<ele>349.791419</ele>
				<time>2018-02-12T00:44:04Z</time>
			</trkpt>
			<trkpt lat="19.015458" lon="98.883114">
				<ele>350.070041</ele>
				<time>2018-02-12T00:44:06Z</time>
			</trkpt>
			<trkpt lat="19.015693" lon="98.883080">
				<ele>349.960629</ele>
				<time>2018-02-12T00:44:08Z</time>
			</trkpt>
			<trkpt lat="19.015931" lon="98.883077">
				<ele>349.895997</ele>
				<time>2018-02-12T00:44:10Z</time>
			</trkpt>
			<trkpt lat="19.016116" lon="98.883091">
				<ele>348.926864</ele>
				<time>2018-02-12T00:44:12Z</time>
			</trkpt>
			<trkpt lat="19.016285" lon="98.882942">
				<ele>347.979230</ele>
				<time>2018-02-12T00:44:17Z</time>
			</trkpt>
			<trkpt lat="19.016241" lon="98.882713">
				<ele>347.356258</ele>
				<time>2018-02-12T00:44:20Z</time>
			</trkpt>
			<trkpt lat="19.016189" lon="98.882501">
				<ele>346.905120</ele>
				<time>2018-02-12T00:44:22Z</time>
			</trkpt>
			<trkpt lat="19.016138" lon="98.882304">
				<ele>346.131894</ele>
				<time>2018-02-12T00:44:24Z</time>
			</trkpt>
			<trkpt lat="19.016110" lon="98.882069">
				<ele>346.375374</ele>
				<time>2018-02-12T00:44:26Z</time>
			</trkpt>
			<trkpt lat="19.016095" lon="98.881857">
				<ele>346.123361</ele>
				<time>2018-02-12T00:44:28Z</time>
			</trkpt>
			<trkpt lat="19.016078" lon="98.881658">
				<ele>346.568738</ele>
				<time>2018-02-12T00:44:30Z</time>
			</trkpt>
			<trkpt lat="19.016092" lon="98.881453">
				<ele>346.234130</ele>
				<time>2018-02-12T00:44:32Z</time>
			</trkpt>
			<trkpt lat="19.016098" lon="98.881241">
				<ele>346.083551</ele>
				<time>2018-02-12T00:44:34Z</time>
			</trkpt>
			<trkpt lat="19.016110" lon="98.881042">
				<ele>345.812697</ele>
				<time>2018-02-12T00:44:36Z</time>
			</trkpt>
			<trkpt lat="19.016152" lon="98.880847">
				<ele>345.701064</ele>
				<time>2018-02-12T00:44:38Z</time>
			</trkpt>
			<trkpt lat="19.016228" lon="98.880657">
				<ele>346.063425</ele>
				<time>2018-02-12T00:44:40Z</time>
			</trkpt>
			<trkpt lat="19.016293" lon="98.880474">
				<ele>346.264925</ele>
				<time>2018-02-12T00:44:42Z</time>
			</trkpt>
			<trkpt lat="19.016386" lon="98.880263">
				<ele>346.043278</ele>
				<time>2018-02-12T00:44:44Z</time>
			</trkpt>
			<trkpt lat="19.016477" lon="98.880048">
				<ele>346.312072</ele>
				<time>2018-02-12T00:44:46Z</time>
			</trkpt>
			<trkpt lat="19.016577" lon="98.879808">
				<ele>346.352396</ele>
				<time>2018-02-12T00:44:48Z</time>
			</trkpt>
			<trkpt lat="19.016653" lon="98.879603">
				<ele>346.738244</ele>
				<time>2018-02-12T00:44:50Z</time>
			</trkpt>
			<trkpt lat="19.016717" lon="98.879386">
				<ele>347.135291</ele>
				<time>2018-02-12T00:44:52Z</time>
			</trkpt>
			<trkpt lat="19.016794" lon="98.879108">
				<ele>347.514166</ele>
				<time>2018-02-12T00:44:54Z</time>
			</trkpt>
			<trkpt lat="19.016910" lon="98.878864">
				<ele>347.490648</ele>
				<time>2018-02-12T00:44:56Z</time>
			</trkpt>
			<trkpt lat="19.017026" lon="98.878623">
				<ele>347.327120</ele>
				<time>2018-02-12T00:44:58Z</time>
			</trkpt>
			<trkpt lat="19.017158" lon="98.878392">
				<ele>347.694767</ele>
				<time>2018-02-12T00:45:00Z</time>
			</trkpt>
			<trkpt lat="19.017287" lon="98.878170">
				<ele>347.668888</ele>
				<time>2018-02-12T00:45:02Z</time>
			</trkpt>
			<trkpt lat="19.017400" lon="98.877980">
				<ele>348.108730</ele>
				<time>2018-02-12T00:45:04Z</time>
			</trkpt>
			<trkpt lat="19.017531" lon="98.877780">
				<ele>347.884280</ele>
				<time>2018-02-12T00:45:06Z</time>
			</trkpt>
			<trkpt lat="19.017680" lon="98.877650">
				<ele>348.170891</ele>
				<time>2018-02-12T00:45:08Z</time>
			</trkpt>
			<trkpt lat="19.017869" lon="98.877621">
				<ele>348.217975</ele>
				<time>2018-02-12T00:45:10Z</time>
			</trkpt>
			<trkpt lat="19.018056" lon="98.877623">
				<ele>348.434182</ele>
				<time>2018-02-12T00:45:12Z</time>
			</trkpt>
			<trkpt lat="19.018263" lon="98.877575">
				<ele>348.229029</ele>
				<time>2018-02-12T00:45:14Z</time>
			</trkpt>
			<trkpt lat="19.018459" lon="98.877477">
				<ele>348.568303</ele>
				<time>2018-02-12T00:45:16Z</time>
			</trkpt>
			<trkpt lat="19.018636" lon="98.877323">
				<ele>348.673431</ele>
				<time>2018-02-12T00:45:18Z</time>
			</trkpt>
			<trkpt lat="19.018831" lon="98.877122">
				<ele>349.013708</ele>
				<time>2018-02-12T00:45:20Z</time>
			</trkpt>
			<trkpt lat="19.019022" lon="98.876934">
				<ele>349.490720</ele>
				<time>2018-02-12T00:45:22Z</time>
			</trkpt>
			<trkpt lat="19.019211" lon="98.876753">
				<ele>349.578264</ele>
				<time>2018-02-12T00:45:24Z</time>
			</trkpt>
			<trkpt lat="19.019398" lon="98.876567">
				<ele>349.845672</ele>
				<time>2018-02-12T00:45:26Z</time>
			</trkpt>
			<trkpt lat="19.019581" lon="98.876416">
				<ele>350.110660</ele>
				<time>2018-02-12T00:45:28Z</time>
			</trkpt>
			<trkpt lat="19.019796" lon="98.876332">
				<ele>351.065265</ele>
				<time>2018-02-12T00:45:30Z</time>
			</trkpt>
			<trkpt lat="19.020022" lon="98.876233">
				<ele>351.142924</ele>
				<time>2018-02-12T00:45:32Z</time>
			</trkpt>
			<trkpt lat="19.020235" lon="98.876114">
				<ele>352.674232</ele>
				<time>2018-02-12T00:45:34Z</time>
			</trkpt>
			<trkpt lat="19.020433" lon="98.876043">
				<ele>353.310541</ele>
				<time>2018-02-12T00:45:36Z</time>
			</trkpt>
			<trkpt lat="19.020652" lon="98.876030">
				<ele>353.458306</ele>
				<time>2018-02-12T00:45:38Z</time>
			</trkpt>
			<trkpt lat="19.020888" lon="98.876012">
				<ele>354.780152</ele>
				<time>2018-02-12T00:45:40Z</time>
			</trkpt>
			<trkpt lat="19.021114" lon="98.875973">
				<ele>354.847494</ele>
				<time>2018-02-12T00:45:42Z</time>
			</trkpt>
			<trkpt lat="19.021316" lon="98.875911">
				<ele>355.731895</ele>
				<time>2018-02-12T00:45:44Z</time>
			</trkpt>
			<trkpt lat="19.021541" lon="98.875827">
				<ele>355.771284</ele>
				<time>2018-02-12T00:45:46Z</time>
			</trkpt>
			<trkpt lat="19.021748" lon="98.875715">
				<ele>356.452795</ele>
				<time>2018-02-12T00:45:48Z</time>
			</trkpt>
			<trkpt lat="19.021939" lon="98.875540">
				<ele>357.065248</ele>
				<time>2018-02-12T00:45:50Z</time>
			</trkpt>
			<trkpt lat="19.022101" lon="98.875346">
				<ele>357.880763</ele>
				<time>2018-02-12T00:45:52Z</time>
			</trkpt>
			<trkpt lat="19.022247" lon="98.875130">
				<ele>358.238072</ele>
				<time>2018-02-12T00:45:54Z</time>
			</trkpt>
			<trkpt lat="19.022360" lon="98.874927">
				<ele>358.714373</ele>
				<time>2018-02-12T00:45:56Z</time>
			</trkpt>
			<trkpt lat="19.022461" lon="98.874736">
				<ele>358.662831</ele>
				<time>2018-02-12T00:45:58Z</time>
			</trkpt>
			<trkpt lat="19.022597" lon="98.874571">
				<ele>358.279913</ele>
				<time>2018-02-12T00:46:00Z</time>
			</trkpt>
			<trkpt lat="19.022790" lon="98.874485">
				<ele>357.648527</ele>
				<time>2018-02-12T00:46:02Z</time>
			</trkpt>
			<trkpt lat="19.023013" lon="98.874442">
				<ele>356.879980</ele>
				<time>2018-02-12T00:46:04Z</time>
			</trkpt>
			<trkpt lat="19.023249" lon="98.874400">
				<ele>356.736936</ele>
				<time>2018-02-12T00:46:06Z</time>
			</trkpt>
			<trkpt lat="19.023482" lon="98.874370">
				<ele>356.744500</ele>
				<time>2018-02-12T00:46:08Z</time>
			</trkpt>
			<trkpt lat="19.023728" lon="98.874331">
				<ele>357.179275</ele>
				<time>2018-02-12T00:46:10Z</time>
			</trkpt>
			<trkpt lat="19.023955" lon="98.874305">
				<ele>357.056198</ele>
				<time>2018-02-12T00:46:12Z</time>
			</trkpt>
			<trkpt lat="19.024166" lon="98.874281">
				<ele>355.615326</ele>
				<time>2018-02-12T00:46:14Z</time>
			</trkpt>
			<trkpt lat="19.024354" lon="98.874265">
				<ele>354.574248</ele>
				<time>2018-02-12T00:46:16Z</time>
			</trkpt>
			<trkpt lat="19.024537" lon="98.874331">
				<ele>354.171182</ele>
				<time>2018-02-12T00:46:18Z</time>
			</trkpt>
			<trkpt lat="19.024679" lon="98.874478">
				<ele>353.420456</ele>
				<time>2018-02-12T00:46:20Z</time>
			</trkpt>
			<trkpt lat="19.024819" lon="98.874677">
				<ele>352.590997</ele>
				<time>2018-02-12T00:46:22Z</time>
			</trkpt>
			<trkpt lat="19.024992" lon="98.874888">
				<ele>352.435909</ele>
				<time>2018-02-12T00:46:24Z</time>
			</trkpt>
			<trkpt lat="19.025175" lon="98.875089">
				<ele>352.140004</ele>
				<time>2018-02-12T00:46:26Z</time>
			</trkpt>
			<trkpt lat="19.025377" lon="98.875268">
				<ele>352.344122</ele>
				<time>2018-02-12T00:46:28Z</time>
			</trkpt>
			<trkpt lat="19.025534" lon="98.875428">
				<ele>352.210410</ele>
				<time>2018-02-12T00:46:30Z</time>
			</trkpt>
			<trkpt lat="19.025718" lon="98.875544">
				<ele>351.682898</ele>
				<time>2018-02-12T00:46:32Z</time>
			</trkpt>
			<trkpt lat="19.025934" lon="98.875597">
				<ele>352.305788</ele>
				<time>2018-02-12T00:46:34Z</time>
			</trkpt>
			<trkpt lat="19.026168" lon="98.875624">
				<ele>352.935213</ele>
				<time>2018-02-12T00:46:36Z</time>
			</trkpt>
			<trkpt lat="19.026396" lon="98.875664">
				<ele>353.135809</ele>
				<time>2018-02-12T00:46:38Z</time>
			</trkpt>
			<trkpt lat="19.026645" lon="98.875698">
				<ele>352.728694</ele>
				<time>2018-02-12T00:46:40Z</time>
			</trkpt>
			<trkpt lat="19.026893" lon="98.875728">
				<ele>352.772731</ele>
				<time>2018-02-12T00:46:42Z</time>
			</trkpt>
			<trkpt lat="19.027122" lon="98.875746">
				<ele>352.568372</ele>
				<time>2018-02-12T00:46:44Z</time>
			</trkpt>
			<trkpt lat="19.027331" lon="98.875668">
				<ele>353.504268</ele>
				<time>2018-02-12T00:46:46Z</time>
			</trkpt>
			<trkpt lat="19.027533" lon="98.875556">
				<ele>354.000076</ele>
				<time>2018-02-12T00:46:48Z</time>
			</trkpt>
			<trkpt lat="19.027720" lon="98.875414">
				<ele>354.563761</ele>
				<time>2018-02-12T00:46:50Z</time>
			</trkpt>
			<trkpt lat="19.027870" lon="98.875275">
				<ele>354.796193</ele>
				<time>2018-02-12T00:46:52Z</time>
			</trkpt>
			<trkpt lat="19.028037" lon="98.875045">
				<ele>355.456143</ele>
				<time>2018-02-12T00:46:55Z</time>
			</trkpt>
			<trkpt lat="19.028164" lon="98.874847">
				<ele>355.959888</ele>
				<time>2018-02-12T00:46:57Z</time>
			</trkpt>
			<trkpt lat="19.028285" lon="98.874634">
				<ele>356.440511</ele>
				<time>2018-02-12T00:46:59Z</time>
			</trkpt>
			<trkpt lat="19.028412" lon="98.874436">
				<ele>356.915036</ele>
				<time>2018-02-12T00:47:01Z</time>
			</trkpt>
			<trkpt lat="19.028527" lon="98.874242">
				<ele>356.864272</ele>
				<time>2018-02-12T00:47:03Z</time>
			</trkpt>
			<trkpt lat="19.028658" lon="98.874077">
				<ele>356.556955</ele>
				<time>2018-02-12T00:47:05Z</time>
			</trkpt>
			<trkpt lat="19.028858" lon="98.873877">
				<ele>355.712416</ele>
				<time>2018-02-12T00:47:08Z</time>
			</trkpt>
			<trkpt lat="19.029028" lon="98.873778">
				<ele>355.568935</ele>
				<time>2018-02-12T00:47:10Z</time>
			</trkpt>
			<trkpt lat="19.029238" lon="98.873722">
				<ele>355.416014</ele>
				<time>2018-02-12T00:47:12Z</time>
			</trkpt>
			<trkpt lat="19.029451" lon="98.873663">
				<ele>355.168321</ele>
				<time>2018-02-12T00:47:14Z</time>
			</trkpt>
			<trkpt lat="19.029661" lon="98.873616">
				<ele>354.322509</ele>
				<time>2018-02-12T00:47:16Z</time>
			</trkpt>
			<trkpt lat="19.029866" lon="98.873570">
				<ele>353.819469</ele>
				<time>2018-02-12T00:47:18Z</time>
			</trkpt>
			<trkpt lat="19.030061" lon="98.873570">
				<ele>353.002669</ele>
				<time>2018-02-12T00:47:20Z</time>
			</trkpt>
			<trkpt lat="19.030216" lon="98.873671">
				<ele>353.011161</ele>
				<time>2018-02-12T00:47:22Z</time>
			</trkpt>
			<trkpt lat="19.030462" lon="98.873793">
				<ele>352.172160</ele>
				<time>2018-02-12T00:47:25Z</time>
			</trkpt>
			<trkpt lat="19.030692" lon="98.873783">
				<ele>352.478101</ele>
				<time>2018-02-12T00:47:27Z</time>
			</trkpt>
			<trkpt lat="19.030907" lon="98.873762">
				<ele>352.705231</ele>
				<time>2018-02-12T00:47:29Z</time>
			</trkpt>
			<trkpt lat="19.031107" lon="98.873687">
				<ele>352.873556</ele>
				<time>2018-02-12T00:47:31Z</time>
			</trkpt>
			<trkpt lat="19.031291" lon="98.873510">
				<ele>353.930637</ele>
				<time>2018-02-12T00:47:34Z</time>
			</trkpt>
			<trkpt lat="19.031413" lon="98.873332">
				<ele>354.063894</ele>
				<time>2018-02-12T00:47:36Z</time>
			</trkpt>
			<trkpt lat="19.031570" lon="98.873157">
				<ele>354.658206</ele>
				<time>2018-02-12T00:47:38Z</time>
			</trkpt>
			<trkpt lat="19.031776" lon="98.873043">
				<ele>354.313442</ele>
				<time>2018-02-12T00:47:40Z</time>
			</trkpt>
			<trkpt lat="19.031998" lon="98.872945">
				<ele>353.996929</ele>
				<time>2018-02-12T00:47:42Z</time>
			</trkpt>
			<trkpt lat="19.032234" lon="98.872845">
				<ele>353.511479</ele>
				<time>2018-02-12T00:47:44Z</time>
			</trkpt>
			<trkpt lat="19.032452" lon="98.872721">
				<ele>353.628481</ele>
				<time>2018-02-12T00:47:46Z</time>
			</trkpt>
			<trkpt lat="19.032660" lon="98.872553">
				<ele>354.028472</ele>
				<time>2018-02-12T00:47:48Z</time>
			</trkpt>
			<trkpt lat="19.032867" lon="98.872383">
				<ele>354.741510</ele>
				<time>2018-02-12T00:47:50Z</time>
			</trkpt>
			<trkpt lat="19.033064" lon="98.872234">
				<ele>354.616368</ele>
				<time>2018-02-12T00:47:52Z</time>
			</trkpt>
			<trkpt lat="19.033239" lon="98.872071">
				<ele>354.900269</ele>
				<time>2018-02-12T00:47:54Z</time>
			</trkpt>
			<trkpt lat="19.033407" lon="98.871893">
				<ele>355.264071</ele>
				<time>2018-02-12T00:47:56Z</time>
			</trkpt>
			<trkpt lat="19.033570" lon="98.871715">
				<ele>355.146201</ele>
				<time>2018-02-12T00:47:58Z</time>
			</trkpt>
			<trkpt lat="19.033743" lon="98.871571">
				<ele>356.452245</ele>
				<time>2018-02-12T00:48:00Z</time>
			</trkpt>
			<trkpt lat="19.033913" lon="98.871462">
				<ele>357.310888</ele>
				<time>2018-02-12T00:48:02Z</time>
			</trkpt>
			<trkpt lat="19.034159" lon="98.871418">
				<ele>357.972632</ele>
				<time>2018-02-12T00:48:05Z</time>
			</trkpt>
			<trkpt lat="19.034351" lon="98.871418">
				<ele>357.775177</ele>
				<time>2018-02-12T00:48:07Z</time>
			</trkpt>
			<trkpt lat="19.034562" lon="98.871424">
				<ele>357.535285</ele>
				<time>2018-02-12T00:48:09Z</time>
			</trkpt>
			<trkpt lat="19.034775" lon="98.871439">
				<ele>356.477106</ele>
				<time>2018-02-12T00:48:11Z</time>
			</trkpt>
			<trkpt lat="19.034997" lon="98.871501">
				<ele>356.165157</ele>
				<time>2018-02-12T00:48:13Z</time>
			</trkpt>
			<trkpt lat="19.035200" lon="98.871591">
				<ele>356.042492</ele>
				<time>2018-02-12T00:48:15Z</time>
			</trkpt>
			<trkpt lat="19.035381" lon="98.871684">
				<ele>355.597997</ele>
				<time>2018-02-12T00:48:17Z</time>
			</trkpt>
			<trkpt lat="19.035564" lon="98.871777">
				<ele>355.938818</ele>
				<time>2018-02-12T00:48:19Z</time>
			</trkpt>
			<trkpt lat="19.035732" lon="98.871862">
				<ele>355.784234</ele>
				<time>2018-02-12T00:48:21Z</time>
			</trkpt>
			<trkpt lat="19.035924" lon="98.871931">
				<ele>356.160327</ele>
				<time>2018-02-12T00:48:23Z</time>
			</trkpt>
			<trkpt lat="19.036155" lon="98.871997">
				<ele>356.738949</ele>
				<time>2018-02-12T00:48:25Z</time>
			</trkpt>
			<trkpt lat="19.036374" lon="98.872053">
				<ele>357.070767</ele>
				<time>2018-02-12T00:48:27Z</time>
			</trkpt>
			<trkpt lat="19.036575" lon="98.872030">
				<ele>357.866681</ele>
				<time>2018-02-12T00:48:29Z</time>
			</trkpt>
			<trkpt lat="19.036759" lon="98.871957">
				<ele>358.014013</ele>
				<time>2018-02-12T00:48:31Z</time>
			</trkpt>
			<trkpt lat="19.036962" lon="98.871863">
				<ele>357.821795</ele>
				<time>2018-02-12T00:48:33Z</time>
			</trkpt>
			<trkpt lat="19.037187" lon="98.871734">
				<ele>357.208529</ele>
				<time>2018-02-12T00:48:35Z</time>
			</trkpt>
			<trkpt lat="19.037417" lon="98.871634">
				<ele>356.995625</ele>
				<time>2018-02-12T00:48:37Z</time>
			</trkpt>
			<trkpt lat="19.037668" lon="98.871559">
				<ele>357.061621</ele>
				<time>2018-02-12T00:48:39Z</time>
			</trkpt>
			<trkpt lat="19.037903" lon="98.871527">
				<ele>357.822125</ele>
				<time>2018-02-12T00:48:41Z</time>
			</trkpt>
			<trkpt lat="19.038093" lon="98.871441">
				<ele>359.269367</ele>
				<time>2018-02-12T00:48:43Z</time>
			</trkpt>
			<trkpt lat="19.038288" lon="98.871305">
				<ele>359.482073</ele>
				<time>2018-02-12T00:48:45Z</time>
			</trkpt>
			<trkpt lat="19.038505" lon="98.871164">
				<ele>360.243012</ele>
				<time>2018-02-12T00:48:47Z</time>
			</trkpt>
			<trkpt lat="19.038729" lon="98.871028">
				<ele>359.167704</ele>
				<time>2018-02-12T00:48:49Z</time>
			</trkpt>
			<trkpt lat="19.038908" lon="98.870928">
				<ele>358.597995</ele>
				<time>2018-02-12T00:48:51Z</time>
			</trkpt>
			<trkpt lat="19.039105" lon="98.870833">
				<ele>358.098362</ele>
				<time>2018-02-12T00:48:53Z</time>
			</trkpt>
			<trkpt lat="19.039263" lon="98.870732">
				<ele>356.971578</ele>
				<time>2018-02-12T00:48:55Z</time>
			</trkpt>
			<trkpt lat="19.039403" lon="98.870532">
				<ele>356.374727</ele>
				<time>2018-02-12T00:48:57Z</time>
			</trkpt>
			<trkpt lat="19.039447" lon="98.870269">
				<ele>355.776125</ele>
				<time>2018-02-12T00:49:00Z</time>
			</trkpt>
			<trkpt lat="19.039594" lon="98.870078">
				<ele>355.577325</ele>
				<time>2018-02-12T00:49:03Z</time>
			</trkpt>
			<trkpt lat="19.039768" lon="98.870011">
				<ele>355.577023</ele>
				<time>2018-02-12T00:49:05Z</time>
			</trkpt>
			<trkpt lat="19.039960" lon="98.869967">
				<ele>355.564630</ele>
				<time>2018-02-12T00:49:07Z</time>
			</trkpt>
			<trkpt lat="19.040169" lon="98.869928">
				<ele>355.779424</ele>
				<time>2018-02-12T00:49:09Z</time>
			</trkpt>
			<trkpt lat="19.040355" lon="98.869882">
				<ele>355.793208</ele>
				<time>2018-02-12T00:49:11Z</time>
			</trkpt>
			<trkpt lat="19.040537" lon="98.869817">
				<ele>355.669930</ele>
				<time>2018-02-12T00:49:13Z</time>
			</trkpt>
			<trkpt lat="19.040716" lon="98.869749">
				<ele>355.643519</ele>
				<time>2018-02-12T00:49:15Z</time>
			</trkpt>
			<trkpt lat="19.040919" lon="98.869666">
				<ele>355.962575</ele>
				<time>2018-02-12T00:49:17Z</time>
			</trkpt>
			<trkpt lat="19.041137" lon="98.869557">
				<ele>355.528219</ele>
				<time>2018-02-12T00:49:19Z</time>
			</trkpt>
			<trkpt lat="19.041347" lon="98.869433">
				<ele>355.844580</ele>
				<time>2018-02-12T00:49:21Z</time>
			</trkpt>
			<trkpt lat="19.041532" lon="98.869407">
				<ele>355.974046</ele>
				<time>2018-02-12T00:49:23Z</time>
			</trkpt>
			<trkpt lat="19.041729" lon="98.869424">
				<ele>356.289112</ele>
				<time>2018-02-12T00:49:25Z</time>
			</trkpt>
			<trkpt lat="19.041932" lon="98.869431">
				<ele>355.960676</ele>
				<time>2018-02-12T00:49:27Z</time>
			</trkpt>
			<trkpt lat="19.042130" lon="98.869403">
				<ele>355.944187</ele>
				<time>2018-02-12T00:49:29Z</time>
			</trkpt>
			<trkpt lat="19.042327" lon="98.869317">
				<ele>355.901934</ele>
				<time>2018-02-12T00:49:31Z</time>
			</trkpt>
			<trkpt lat="19.042503" lon="98.869200">
				<ele>356.188925</ele>
				<time>2018-02-12T00:49:33Z</time>
			</trkpt>
			<trkpt lat="19.042665" lon="98.869041">
				<ele>357.635109</ele>
				<time>2018-02-12T00:49:35Z</time>
			</trkpt>
			<trkpt lat="19.042855" lon="98.868846">
				<ele>357.625716</ele>
				<time>2018-02-12T00:49:37Z</time>
			</trkpt>
			<trkpt lat="19.043027" lon="98.868665">
				<ele>357.625883</ele>
				<time>2018-02-12T00:49:39Z</time>
			</trkpt>
			<trkpt lat="19.043237" lon="98.868465">
				<ele>357.855300</ele>
				<time>2018-02-12T00:49:41Z</time>
			</trkpt>
			<trkpt lat="19.043472" lon="98.868298">
				<ele>358.198171</ele>
				<time>2018-02-12T00:49:43Z</time>
			</trkpt>
			<trkpt lat="19.043704" lon="98.868145">
				<ele>358.405774</ele>
				<time>2018-02-12T00:49:45Z</time>
			</trkpt>
			<trkpt lat="19.043936" lon="98.867997">
				<ele>358.685328</ele>
				<time>2018-02-12T00:49:47Z</time>
			</trkpt>
			<trkpt lat="19.044176" lon="98.867892">
				<ele>358.422494</ele>
				<time>2018-02-12T00:49:49Z</time>
			</trkpt>
			<trkpt lat="19.044410" lon="98.867797">
				<ele>358.457486</ele>
				<time>2018-02-12T00:49:51Z</time>
			</trkpt>
			<trkpt lat="19.044596" lon="98.867689">
				<ele>358.524011</ele>
				<time>2018-02-12T00:49:53Z</time>
			</trkpt>
			<trkpt lat="19.044755" lon="98.867539">
				<ele>356.285411</ele>
				<time>2018-02-12T00:49:55Z</time>
			</trkpt>
			<trkpt lat="19.044913" lon="98.867388">
				<ele>358.749851</ele>
				<time>2018-02-12T00:49:57Z</time>
			</trkpt>
			<trkpt lat="19.045085" lon="98.867251">
				<ele>359.644452</ele>
				<time>2018-02-12T00:49:59Z</time>
			</trkpt>
			<trkpt lat="19.045265" lon="98.867168">
				<ele>359.231106</ele>
				<time>2018-02-12T00:50:01Z</time>
			</trkpt>
			<trkpt lat="19.045467" lon="98.867083">
				<ele>359.860927</ele>
				<time>2018-02-12T00:50:03Z</time>
			</trkpt>
			<trkpt lat="19.045677" lon="98.867014">
				<ele>360.339083</ele>
				<time>2018-02-12T00:50:05Z</time>
			</trkpt>
			<trkpt lat="19.045878" lon="98.866975">
				<ele>359.925071</ele>
				<time>2018-02-12T00:50:07Z</time>
			</trkpt>
			<trkpt lat="19.046087" lon="98.866938">
				<ele>360.121069</ele>
				<time>2018-02-12T00:50:09Z</time>
			</trkpt>
			<trkpt lat="19.046311" lon="98.866909">
				<ele>359.893263</ele>
				<time>2018-02-12T00:50:11Z</time>
			</trkpt>
			<trkpt lat="19.046530" lon="98.866887">
				<ele>359.665051</ele>
				<time>2018-02-12T00:50:13Z</time>
			</trkpt>
			<trkpt lat="19.046770" lon="98.866842">
				<ele>359.838482</ele>
				<time>2018-02-12T00:50:15Z</time>
			</trkpt>
			<trkpt lat="19.046997" lon="98.866791">
				<ele>359.906375</ele>
				<time>2018-02-12T00:50:17Z</time>
			</trkpt>
			<trkpt lat="19.047235" lon="98.866712">
				<ele>359.853514</ele>
				<time>2018-02-12T00:50:19Z</time>
			</trkpt>
			<trkpt lat="19.047452" lon="98.866621">
				<ele>359.914960</ele>
				<time>2018-02-12T00:50:21Z</time>
			</trkpt>
			<trkpt lat="19.047689" lon="98.866527">
				<ele>359.597762</ele>
				<time>2018-02-12T00:50:23Z</time>
			</trkpt>
			<trkpt lat="19.047918" lon="98.866425">
				<ele>360.026405</ele>
				<time>2018-02-12T00:50:25Z</time>
			</trkpt>
			<trkpt lat="19.048158" lon="98.866344">
				<ele>360.358581</ele>
				<time>2018-02-12T00:50:27Z</time>
			</trkpt>
			<trkpt lat="19.048393" lon="98.866271">
				<ele>360.567164</ele>
				<time>2018-02-12T00:50:29Z</time>
			</trkpt>
			<trkpt lat="19.048632" lon="98.866214">
				<ele>359.984984</ele>
				<time>2018-02-12T00:50:31Z</time>
			</trkpt>
			<trkpt lat="19.048864" lon="98.866155">
				<ele>360.437776</ele>
				<time>2018-02-12T00:50:33Z</time>
			</trkpt>
			<trkpt lat="19.049084" lon="98.866095">
				<ele>360.539928</ele>
				<time>2018-02-12T00:50:35Z</time>
			</trkpt>
			<trkpt lat="19.049307" lon="98.866034">
				<ele>360.691243</ele>
				<time>2018-02-12T00:50:37Z</time>
			</trkpt>
			<trkpt lat="19.049525" lon="98.865980">
				<ele>360.801714</ele>
				<time>2018-02-12T00:50:39Z</time>
			</trkpt>
			<trkpt lat="19.049751" lon="98.865934">
				<ele>360.247888</ele>
				<time>2018-02-12T00:50:41Z</time>
			</trkpt>
			<trkpt lat="19.049970" lon="98.865891">
				<ele>360.874987</ele>
				<time>2018-02-12T00:50:43Z</time>
			</trkpt>
			<trkpt lat="19.050202" lon="98.865821">
				<ele>360.542351</ele>
				<time>2018-02-12T00:50:45Z</time>
			</trkpt>
			<trkpt lat="19.050417" lon="98.865760">
				<ele>360.670116</ele>
				<time>2018-02-12T00:50:47Z</time>
			</trkpt>
			<trkpt lat="19.050630" lon="98.865694">
				<ele>360.443866</ele>
				<time>2018-02-12T00:50:49Z</time>
			</trkpt>
			<trkpt lat="19.050857" lon="98.865619">
				<ele>360.560942</ele>
				<time>2018-02-12T00:50:51Z</time>
			</trkpt>
			<trkpt lat="19.051074" lon="98.865534">
				<ele>360.552710</ele>
				<time>2018-02-12T00:50:53Z</time>
			</trkpt>
			<trkpt lat="19.051283" lon="98.865446">
				<ele>360.623257</ele>
				<time>2018-02-12T00:50:55Z</time>
			</trkpt>
			<trkpt lat="19.051480" lon="98.865363">
				<ele>360.227519</ele>
				<time>2018-02-12T00:50:57Z</time>
			</trkpt>
			<trkpt lat="19.051668" lon="98.865250">
				<ele>359.945020</ele>
				<time>2018-02-12T00:50:59Z</time>
			</trkpt>
			<trkpt lat="19.051884" lon="98.865102">
				<ele>359.754099</ele>
				<time>2018-02-12T00:51:01Z</time>
			</trkpt>
			<trkpt lat="19.052069" lon="98.864961">
				<ele>359.910697</ele>
				<time>2018-02-12T00:51:03Z</time>
			</trkpt>
			<trkpt lat="19.052296" lon="98.864810">
				<ele>360.234885</ele>
				<time>2018-02-12T00:51:05Z</time>
			</trkpt>
			<trkpt lat="19.052502" lon="98.864660">
				<ele>360.639220</ele>
				<time>2018-02-12T00:51:07Z</time>
			</trkpt>
			<trkpt lat="19.052726" lon="98.864502">
				<ele>360.649606</ele>
				<time>2018-02-12T00:51:09Z</time>
			</trkpt>
			<trkpt lat="19.052939" lon="98.864345">
				<ele>360.635874</ele>
				<time>2018-02-12T00:51:11Z</time>
			</trkpt>
			<trkpt lat="19.053126" lon="98.864194">
				<ele>360.781028</ele>
				<time>2018-02-12T00:51:13Z</time>
			</trkpt>
			<trkpt lat="19.053288" lon="98.864020">
				<ele>360.313713</ele>
				<time>2018-02-12T00:51:15Z</time>
			</trkpt>
			<trkpt lat="19.053469" lon="98.863840">
				<ele>360.129574</ele>
				<time>2018-02-12T00:51:17Z</time>
			</trkpt>
			<trkpt lat="19.053618" lon="98.863676">
				<ele>360.557631</ele>
				<time>2018-02-12T00:51:19Z</time>
			</trkpt>
			<trkpt lat="19.053795" lon="98.863490">
				<ele>360.413609</ele>
				<time>2018-02-12T00:51:21Z</time>
			</trkpt>
			<trkpt lat="19.053994" lon="98.863312">
				<ele>360.747941</ele>
				<time>2018-02-12T00:51:23Z</time>
			</trkpt>
			<trkpt lat="19.054212" lon="98.863166">
				<ele>360.810714</ele>
				<time>2018-02-12T00:51:25Z</time>
			</trkpt>
			<trkpt lat="19.054458" lon="98.863032">
				<ele>361.638077</ele>
				<time>2018-02-12T00:51:27Z</time>
			</trkpt>
			<trkpt lat="19.054671" lon="98.862893">
				<ele>362.195635</ele>
				<time>2018-02-12T00:51:29Z</time>
			</trkpt>
			<trkpt lat="19.054883" lon="98.862757">
				<ele>362.525176</ele>
				<time>2018-02-12T00:51:31Z</time>
			</trkpt>
			<trkpt lat="19.055091" lon="98.862605">
				<ele>362.820643</ele>
				<time>2018-02-12T00:51:33Z</time>
			</trkpt>
			<trkpt lat="19.055251" lon="98.862450">
				<ele>363.698691</ele>
				<time>2018-02-12T00:51:35Z</time>
			</trkpt>
			<trkpt lat="19.055399" lon="98.862279">
				<ele>364.408732</ele>
				<time>2018-02-12T00:51:37Z</time>
			</trkpt>
			<trkpt lat="19.055545" lon="98.862104">
				<ele>365.073109</ele>
				<time>2018-02-12T00:51:39Z</time>
			</trkpt>
			<trkpt lat="19.055727" lon="98.861926">
				<ele>366.752678</ele>
				<time>2018-02-12T00:51:41Z</time>
			</trkpt>
			<trkpt lat="19.055961" lon="98.861765">
				<ele>368.289957</ele>
				<time>2018-02-12T00:51:43Z</time>
			</trkpt>
			<trkpt lat="19.056180" lon="98.861596">
				<ele>367.359664</ele>
				<time>2018-02-12T00:51:45Z</time>
			</trkpt>
			<trkpt lat="19.056427" lon="98.861465">
				<ele>370.360645</ele>
				<time>2018-02-12T00:51:47Z</time>
			</trkpt>
			<trkpt lat="19.056681" lon="98.861337">
				<ele>371.698965</ele>
				<time>2018-02-12T00:51:49Z</time>
			</trkpt>
			<trkpt lat="19.056909" lon="98.861222">
				<ele>373.068932</ele>
				<time>2018-02-12T00:51:51Z</time>
			</trkpt>
			<trkpt lat="19.057144" lon="98.861128">
				<ele>374.865929</ele>
				<time>2018-02-12T00:51:53Z</time>
			</trkpt>
			<trkpt lat="19.057388" lon="98.861084">
				<ele>375.563103</ele>
				<time>2018-02-12T00:51:55Z</time>
			</trkpt>
			<trkpt lat="19.057638" lon="98.861012">
				<ele>376.268356</ele>
				<time>2018-02-12T00:51:57Z</time>
			</trkpt>
			<trkpt lat="19.057887" lon="98.860944">
				<ele>375.697456</ele>
				<time>2018-02-12T00:51:59Z</time>
			</trkpt>
			<trkpt lat="19.058125" lon="98.860866">
				<ele>374.183335</ele>
				<time>2018-02-12T00:52:01Z</time>
			</trkpt>
			<trkpt lat="19.058335" lon="98.860803">
				<ele>373.957080</ele>
				<time>2018-02-12T00:52:03Z</time>
			</trkpt>
			<trkpt lat="19.058518" lon="98.860755">
				<ele>373.126098</ele>
				<time>2018-02-12T00:52:05Z</time>
			</trkpt>
			<trkpt lat="19.058748" lon="98.860716">
				<ele>372.992373</ele>
				<time>2018-02-12T00:52:07Z</time>
			</trkpt>
			<trkpt lat="19.058986" lon="98.860734">
				<ele>372.326803</ele>
				<time>2018-02-12T00:52:09Z</time>
			</trkpt>
			<trkpt lat="19.059234" lon="98.860761">
				<ele>371.742649</ele>
				<time>2018-02-12T00:52:11Z</time>
			</trkpt>
			<trkpt lat="19.059483" lon="98.860798">
				<ele>371.791038</ele>
				<time>2018-02-12T00:52:13Z</time>
			</trkpt>
			<trkpt lat="19.059717" lon="98.860889">
				<ele>371.802698</ele>
				<time>2018-02-12T00:52:15Z</time>
			</trkpt>
			<trkpt lat="19.059960" lon="98.860987">
				<ele>371.615408</ele>
				<time>2018-02-12T00:52:17Z</time>
			</trkpt>
			<trkpt lat="19.060202" lon="98.861086">
				<ele>372.007660</ele>
				<time>2018-02-12T00:52:19Z</time>
			</trkpt>
			<trkpt lat="19.060462" lon="98.861163">
				<ele>372.027702</ele>
				<time>2018-02-12T00:52:21Z</time>
			</trkpt>
			<trkpt lat="19.060710" lon="98.861222">
				<ele>372.609026</ele>
				<time>2018-02-12T00:52:23Z</time>
			</trkpt>
			<trkpt lat="19.060982" lon="98.861291">
				<ele>372.747227</ele>
				<time>2018-02-12T00:52:25Z</time>
			</trkpt>
			<trkpt lat="19.061251" lon="98.861357">
				<ele>371.635746</ele>
				<time>2018-02-12T00:52:27Z</time>
			</trkpt>
			<trkpt lat="19.061525" lon="98.861459">
				<ele>371.467373</ele>
				<time>2018-02-12T00:52:29Z</time>
			</trkpt>
			<trkpt lat="19.061776" lon="98.861563">
				<ele>370.996003</ele>
				<time>2018-02-12T00:52:31Z</time>
			</trkpt>
			<trkpt lat="19.062022" lon="98.861669">
				<ele>370.428303</ele>
				<time>2018-02-12T00:52:33Z</time>
			</trkpt>
			<trkpt lat="19.062266" lon="98.861782">
				<ele>370.197536</ele>
				<time>2018-02-12T00:52:35Z</time>
			</trkpt>
			<trkpt lat="19.062528" lon="98.861868">
				<ele>369.764785</ele>
				<time>2018-02-12T00:52:37Z</time>
			</trkpt>
			<trkpt lat="19.062760" lon="98.861964">
				<ele>369.430859</ele>
				<time>2018-02-12T00:52:39Z</time>
			</trkpt>
			<trkpt lat="19.063020" lon="98.862031">
				<ele>368.971908</ele>
				<time>2018-02-12T00:52:41Z</time>
			</trkpt>
			<trkpt lat="19.063297" lon="98.862093">
				<ele>367.945902</ele>
				<time>2018-02-12T00:52:43Z</time>
			</trkpt>
			<trkpt lat="19.063580" lon="98.862151">
				<ele>367.148813</ele>
				<time>2018-02-12T00:52:45Z</time>
			</trkpt>
			<trkpt lat="19.063874" lon="98.862210">
				<ele>366.854738</ele>
				<time>2018-02-12T00:52:47Z</time>
			</trkpt>
			<trkpt lat="19.064145" lon="98.862269">
				<ele>365.853535</ele>
				<time>2018-02-12T00:52:49Z</time>
			</trkpt>
			<trkpt lat="19.064398" lon="98.862324">
				<ele>365.431594</ele>
				<time>2018-02-12T00:52:51Z</time>
			</trkpt>
			<trkpt lat="19.064655" lon="98.862348">
				<ele>365.161462</ele>
				<time>2018-02-12T00:52:53Z</time>
			</trkpt>
			<trkpt lat="19.064905" lon="98.862379">
				<ele>365.085755</ele>
				<time>2018-02-12T00:52:55Z</time>
			</trkpt>
			<trkpt lat="19.065129" lon="98.862362">
				<ele>364.860383</ele>
				<time>2018-02-12T00:52:57Z</time>
			</trkpt>
			<trkpt lat="19.065357" lon="98.862267">
				<ele>364.740590</ele>
				<time>2018-02-12T00:52:59Z</time>
			</trkpt>
			<trkpt lat="19.065591" lon="98.862120">
				<ele>364.799316</ele>
				<time>2018-02-12T00:53:01Z</time>
			</trkpt>
			<trkpt lat="19.065825" lon="98.861980">
				<ele>364.755007</ele>
				<time>2018-02-12T00:53:03Z</time>
			</trkpt>
			<trkpt lat="19.066034" lon="98.861839">
				<ele>364.661158</ele>
				<time>2018-02-12T00:53:05Z</time>
			</trkpt>
			<trkpt lat="19.066278" lon="98.861699">
				<ele>364.593862</ele>
				<time>2018-02-12T00:53:07Z</time>
			</trkpt>
			<trkpt lat="19.066512" lon="98.861572">
				<ele>364.668574</ele>
				<time>2018-02-12T00:53:09Z</time>
			</trkpt>
			<trkpt lat="19.066762" lon="98.861441">
				<ele>364.837233</ele>
				<time>2018-02-12T00:53:11Z</time>
			</trkpt>
			<trkpt lat="19.067025" lon="98.861316">
				<ele>364.748615</ele>
				<time>2018-02-12T00:53:13Z</time>
			</trkpt>
			<trkpt lat="19.067273" lon="98.861216">
				<ele>365.047786</ele>
				<time>2018-02-12T00:53:15Z</time>
			</trkpt>
			<trkpt lat="19.067519" lon="98.861144">
				<ele>365.083910</ele>
				<time>2018-02-12T00:53:17Z</time>
			</trkpt>
			<trkpt lat="19.067728" lon="98.861063">
				<ele>365.421543</ele>
				<time>2018-02-12T00:53:19Z</time>
			</trkpt>
			<trkpt lat="19.067968" lon="98.860956">
				<ele>365.322677</ele>
				<time>2018-02-12T00:53:21Z</time>
			</trkpt>
			<trkpt lat="19.068176" lon="98.860861">
				<ele>365.785367</ele>
				<time>2018-02-12T00:53:23Z</time>
			</trkpt>
			<trkpt lat="19.068354" lon="98.860759">
				<ele>365.927000</ele>
				<time>2018-02-12T00:53:25Z</time>
			</trkpt>
			<trkpt lat="19.068533" lon="98.860661">
				<ele>365.994433</ele>
				<time>2018-02-12T00:53:27Z</time>
			</trkpt>
			<trkpt lat="19.068771" lon="98.860545">
				<ele>365.964616</ele>
				<time>2018-02-12T00:53:30Z</time>
			</trkpt>
			<trkpt lat="19.069025" lon="98.860434">
				<ele>367.309390</ele>
				<time>2018-02-12T00:53:33Z</time>
			</trkpt>
			<trkpt lat="19.069190" lon="98.860349">
				<ele>367.168941</ele>
				<time>2018-02-12T00:53:35Z</time>
			</trkpt>
			<trkpt lat="19.069353" lon="98.860251">
				<ele>367.044298</ele>
				<time>2018-02-12T00:53:37Z</time>
			</trkpt>
			<trkpt lat="19.069538" lon="98.860114">
				<ele>366.455533</ele>
				<time>2018-02-12T00:53:39Z</time>
			</trkpt>
			<trkpt lat="19.069716" lon="98.859978">
				<ele>366.000234</ele>
				<time>2018-02-12T00:53:41Z</time>
			</trkpt>
			<trkpt lat="19.069902" lon="98.859805">
				<ele>365.719537</ele>
				<time>2018-02-12T00:53:43Z</time>
			</trkpt>
			<trkpt lat="19.070068" lon="98.859629">
				<ele>365.806528</ele>
				<time>2018-02-12T00:53:45Z</time>
			</trkpt>
			<trkpt lat="19.070254" lon="98.859465">
				<ele>366.363583</ele>
				<time>2018-02-12T00:53:47Z</time>
			</trkpt>
			<trkpt lat="19.070451" lon="98.859330">
				<ele>366.355342</ele>
				<time>2018-02-12T00:53:49Z</time>
			</trkpt>
			<trkpt lat="19.070683" lon="98.859228">
				<ele>366.348910</ele>
				<time>2018-02-12T00:53:51Z</time>
			</trkpt>
			<trkpt lat="19.070912" lon="98.859133">
				<ele>367.180851</ele>
				<time>2018-02-12T00:53:53Z</time>
			</trkpt>
			<trkpt lat="19.071148" lon="98.859025">
				<ele>368.407602</ele>
				<time>2018-02-12T00:53:55Z</time>
			</trkpt>
			<trkpt lat="19.071358" lon="98.858880">
				<ele>370.291978</ele>
				<time>2018-02-12T00:53:57Z</time>
			</trkpt>
			<trkpt lat="19.071553" lon="98.858695">
				<ele>369.953383</ele>
				<time>2018-02-12T00:53:59Z</time>
			</trkpt>
			<trkpt lat="19.071767" lon="98.858505">
				<ele>369.241816</ele>
				<time>2018-02-12T00:54:01Z</time>
			</trkpt>
			<trkpt lat="19.071996" lon="98.858345">
				<ele>368.271445</ele>
				<time>2018-02-12T00:54:03Z</time>
			</trkpt>
			<trkpt lat="19.072234" lon="98.858197">
				<ele>367.596310</ele>
				<time>2018-02-12T00:54:05Z</time>
			</trkpt>
			<trkpt lat="19.072486" lon="98.858060">
				<ele>367.780934</ele>
				<time>2018-02-12T00:54:07Z</time>
			</trkpt>
			<trkpt lat="19.072736" lon="98.857917">
				<ele>367.694550</ele>
				<time>2018-02-12T00:54:09Z</time>
			</trkpt>
			<trkpt lat="19.073022" lon="98.857760">
				<ele>367.961168</ele>
				<time>2018-02-12T00:54:11Z</time>
			</trkpt>
			<trkpt lat="19.073278" lon="98.857633">
				<ele>367.572571</ele>
				<time>2018-02-12T00:54:13Z</time>
			</trkpt>
			<trkpt lat="19.073528" lon="98.857542">
				<ele>367.494112</ele>
				<time>2018-02-12T00:54:15Z</time>
			</trkpt>
			<trkpt lat="19.073793" lon="98.857458">
				<ele>368.034616</ele>
				<time>2018-02-12T00:54:17Z</time>
			</trkpt>
			<trkpt lat="19.074065" lon="98.857350">
				<ele>367.046867</ele>
				<time>2018-02-12T00:54:19Z</time>
			</trkpt>
			<trkpt lat="19.074342" lon="98.857245">
				<ele>366.611377</ele>
				<time>2018-02-12T00:54:21Z</time>
			</trkpt>
			<trkpt lat="19.074610" lon="98.857143">
				<ele>366.546008</ele>
				<time>2018-02-12T00:54:23Z</time>
			</trkpt>
			<trkpt lat="19.074884" lon="98.857050">
				<ele>366.881930</ele>
				<time>2018-02-12T00:54:25Z</time>
			</trkpt>
			<trkpt lat="19.075174" lon="98.856931">
				<ele>367.077205</ele>
				<time>2018-02-12T00:54:27Z</time>
			</trkpt>
			<trkpt lat="19.075443" lon="98.856831">
				<ele>367.573135</ele>
				<time>2018-02-12T00:54:29Z</time>
			</trkpt>
			<trkpt lat="19.075724" lon="98.856705">
				<ele>367.884882</ele>
				<time>2018-02-12T00:54:31Z</time>
			</trkpt>
			<trkpt lat="19.075982" lon="98.856595">
				<ele>368.747104</ele>
				<time>2018-02-12T00:54:33Z</time>
			</trkpt>
			<trkpt lat="19.076244" lon="98.856466">
				<ele>369.966861</ele>
				<time>2018-02-12T00:54:35Z</time>
			</trkpt>
			<trkpt lat="19.076492" lon="98.856320">
				<ele>371.022735</ele>
				<time>2018-02-12T00:54:37Z</time>
			</trkpt>
			<trkpt lat="19.076730" lon="98.856157">
				<ele>370.736910</ele>
				<time>2018-02-12T00:54:39Z</time>
			</trkpt>
			<trkpt lat="19.076959" lon="98.855985">
				<ele>370.245503</ele>
				<time>2018-02-12T00:54:41Z</time>
			</trkpt>
			<trkpt lat="19.077197" lon="98.855820">
				<ele>371.661796</ele>
				<time>2018-02-12T00:54:43Z</time>
			</trkpt>
			<trkpt lat="19.077398" lon="98.855684">
				<ele>372.546716</ele>
				<time>2018-02-12T00:54:45Z</time>
			</trkpt>
			<trkpt lat="19.077598" lon="98.855577">
				<ele>373.995838</ele>
				<time>2018-02-12T00:54:47Z</time>
			</trkpt>
			<trkpt lat="19.077801" lon="98.855479">
				<ele>375.457115</ele>
				<time>2018-02-12T00:54:49Z</time>
			</trkpt>
			<trkpt lat="19.078007" lon="98.855380">
				<ele>376.285375</ele>
				<time>2018-02-12T00:54:51Z</time>
			</trkpt>
			<trkpt lat="19.078225" lon="98.855289">
				<ele>376.051582</ele>
				<time>2018-02-12T00:54:53Z</time>
			</trkpt>
			<trkpt lat="19.078459" lon="98.855152">
				<ele>375.229198</ele>
				<time>2018-02-12T00:54:55Z</time>
			</trkpt>
			<trkpt lat="19.078698" lon="98.855047">
				<ele>375.076532</ele>
				<time>2018-02-12T00:54:57Z</time>
			</trkpt>
			<trkpt lat="19.078956" lon="98.854976">
				<ele>374.973280</ele>
				<time>2018-02-12T00:54:59Z</time>
			</trkpt>
			<trkpt lat="19.079217" lon="98.854899">
				<ele>374.809016</ele>
				<time>2018-02-12T00:55:01Z</time>
			</trkpt>
			<trkpt lat="19.079476" lon="98.854825">
				<ele>375.077332</ele>
				<time>2018-02-12T00:55:03Z</time>
			</trkpt>
			<trkpt lat="19.079707" lon="98.854789">
				<ele>375.226339</ele>
				<time>2018-02-12T00:55:05Z</time>
			</trkpt>
			<trkpt lat="19.079930" lon="98.854786">
				<ele>375.575114</ele>
				<time>2018-02-12T00:55:07Z</time>
			</trkpt>
			<trkpt lat="19.080159" lon="98.854803">
				<ele>374.479019</ele>
				<time>2018-02-12T00:55:09Z</time>
			</trkpt>
			<trkpt lat="19.080408" lon="98.854811">
				<ele>373.437171</ele>
				<time>2018-02-12T00:55:11Z</time>
			</trkpt>
			<trkpt lat="19.080676" lon="98.854794">
				<ele>371.779434</ele>
				<time>2018-02-12T00:55:13Z</time>
			</trkpt>
			<trkpt lat="19.080941" lon="98.854733">
				<ele>370.915099</ele>
				<time>2018-02-12T00:55:15Z</time>
			</trkpt>
			<trkpt lat="19.081212" lon="98.854670">
				<ele>371.655501</ele>
				<time>2018-02-12T00:55:17Z</time>
			</trkpt>
			<trkpt lat="19.081478" lon="98.854606">
				<ele>371.082537</ele>
				<time>2018-02-12T00:55:19Z</time>
			</trkpt>
			<trkpt lat="19.081736" lon="98.854558">
				<ele>370.950526</ele>
				<time>2018-02-12T00:55:21Z</time>
			</trkpt>
			<trkpt lat="19.081942" lon="98.854520">
				<ele>371.128557</ele>
				<time>2018-02-12T00:55:23Z</time>
			</trkpt>
			<trkpt lat="19.082140" lon="98.854464">
				<ele>371.548153</ele>
				<time>2018-02-12T00:55:25Z</time>
			</trkpt>
			<trkpt lat="19.082282" lon="98.854296">
				<ele>371.959718</ele>
				<time>2018-02-12T00:55:27Z</time>
			</trkpt>
			<trkpt lat="19.082352" lon="98.854101">
				<ele>371.942567</ele>
				<time>2018-02-12T00:55:29Z</time>
			</trkpt>
			<trkpt lat="19.082399" lon="98.853828">
				<ele>372.637979</ele>
				<time>2018-02-12T00:55:32Z</time>
			</trkpt>
			<trkpt lat="19.082526" lon="98.853610">
				<ele>372.439786</ele>
				<time>2018-02-12T00:55:35Z</time>
			</trkpt>
			<trkpt lat="19.082756" lon="98.853515">
				<ele>372.616289</ele>
				<time>2018-02-12T00:55:38Z</time>
			</trkpt>
			<trkpt lat="19.083028" lon="98.853483">
				<ele>372.589542</ele>
				<time>2018-02-12T00:55:41Z</time>
			</trkpt>
			<trkpt lat="19.083229" lon="98.853453">
				<ele>372.852866</ele>
				<time>2018-02-12T00:55:43Z</time>
			</trkpt>
			<trkpt lat="19.083447" lon="98.853382">
				<ele>372.683357</ele>
				<time>2018-02-12T00:55:45Z</time>
			</trkpt>
			<trkpt lat="19.083673" lon="98.853321">
				<ele>373.045295</ele>
				<time>2018-02-12T00:55:47Z</time>
			</trkpt>
			<trkpt lat="19.083929" lon="98.853229">
				<ele>372.920908</ele>
				<time>2018-02-12T00:55:49Z</time>
			</trkpt>
			<trkpt lat="19.084180" lon="98.853136">
				<ele>373.770756</ele>
				<time>2018-02-12T00:55:51Z</time>
			</trkpt>
			<trkpt lat="19.084387" lon="98.853026">
				<ele>373.496849</ele>
				<time>2018-02-12T00:55:53Z</time>
			</trkpt>
			<trkpt lat="19.084604" lon="98.852924">
				<ele>373.763756</ele>
				<time>2018-02-12T00:55:55Z</time>
			</trkpt>
			<trkpt lat="19.084793" lon="98.852800">
				<ele>373.908791</ele>
				<time>2018-02-12T00:55:57Z</time>
			</trkpt>
			<trkpt lat="19.084975" lon="98.852701">
				<ele>374.260129</ele>
				<time>2018-02-12T00:55:59Z</time>
			</trkpt>
			<trkpt lat="19.085206" lon="98.852562">
				<ele>374.431856</ele>
				<time>2018-02-12T00:56:02Z</time>
			</trkpt>
			<trkpt lat="19.085382" lon="98.852483">
				<ele>374.425782</ele>
				<time>2018-02-12T00:56:04Z</time>
			</trkpt>
			<trkpt lat="19.085605" lon="98.852393">
				<ele>375.057383</ele>
				<time>2018-02-12T00:56:07Z</time>
			</trkpt>
			<trkpt lat="19.085746" lon="98.852249">
				<ele>375.552545</ele>
				<time>2018-02-12T00:56:10Z</time>
			</trkpt>
			<trkpt lat="19.085851" lon="98.852089">
				<ele>375.885075</ele>
				<time>2018-02-12T00:56:12Z</time>
			</trkpt>
			<trkpt lat="19.085993" lon="98.851891">
				<ele>375.633699</ele>
				<time>2018-02-12T00:56:15Z</time>
			</trkpt>
			<trkpt lat="19.086194" lon="98.851727">
				<ele>375.778279</ele>
				<time>2018-02-12T00:56:19Z</time>
			</trkpt>
			<trkpt lat="19.086353" lon="98.851600">
				<ele>375.459164</ele>
				<time>2018-02-12T00:56:21Z</time>
			</trkpt>
			<trkpt lat="19.086519" lon="98.851486">
				<ele>375.733535</ele>
				<time>2018-02-12T00:56:23Z</time>
			</trkpt>
			<trkpt lat="19.086682" lon="98.851361">
				<ele>375.917840</ele>
				<time>2018-02-12T00:56:25Z</time>
			</trkpt>
			<trkpt lat="19.086838" lon="98.851240">
				<ele>376.066204</ele>
				<time>2018-02-12T00:56:27Z</time>
			</trkpt>
			<trkpt lat="19.087002" lon="98.851120">
				<ele>376.398884</ele>
				<time>2018-02-12T00:56:29Z</time>
			</trkpt>
			<trkpt lat="19.087121" lon="98.850956">
				<ele>376.987131</ele>
				<time>2018-02-12T00:56:31Z</time>
			</trkpt>
			<trkpt lat="19.087248" lon="98.850771">
				<ele>377.713845</ele>
				<time>2018-02-12T00:56:33Z</time>
			</trkpt>
			<trkpt lat="19.087392" lon="98.850612">
				<ele>378.987262</ele>
				<time>2018-02-12T00:56:35Z</time>
			</trkpt>
			<trkpt lat="19.087547" lon="98.850473">
				<ele>379.758707</ele>
				<time>2018-02-12T00:56:37Z</time>
			</trkpt>
			<trkpt lat="19.087742" lon="98.850370">
				<ele>380.317793</ele>
				<time>2018-02-12T00:56:39Z</time>
			</trkpt>
			<trkpt lat="19.087955" lon="98.850279">
				<ele>381.333911</ele>
				<time>2018-02-12T00:56:41Z</time>
			</trkpt>
			<trkpt lat="19.088171" lon="98.850186">
				<ele>382.046732</ele>
				<time>2018-02-12T00:56:43Z</time>
			</trkpt>
			<trkpt lat="19.088367" lon="98.850066">
				<ele>382.126874</ele>
				<time>2018-02-12T00:56:45Z</time>
			</trkpt>
			<trkpt lat="19.088577" lon="98.849920">
				<ele>381.118745</ele>
				<time>2018-02-12T00:56:47Z</time>
			</trkpt>
			<trkpt lat="19.088776" lon="98.849754">
				<ele>379.228721</ele>
				<time>2018-02-12T00:56:49Z</time>
			</trkpt>
			<trkpt lat="19.088950" lon="98.849595">
				<ele>378.233276</ele>
				<time>2018-02-12T00:56:51Z</time>
			</trkpt>
			<trkpt lat="19.089118" lon="98.849405">
				<ele>377.274445</ele>
				<time>2018-02-12T00:56:53Z</time>
			</trkpt>
			<trkpt lat="19.089290" lon="98.849243">
				<ele>377.112814</ele>
				<time>2018-02-12T00:56:55Z</time>
			</trkpt>
			<trkpt lat="19.089470" lon="98.849119">
				<ele>376.664779</ele>
				<time>2018-02-12T00:56:57Z</time>
			</trkpt>
			<trkpt lat="19.089666" lon="98.849013">
				<ele>376.901801</ele>
				<time>2018-02-12T00:56:59Z</time>
			</trkpt>
			<trkpt lat="19.089868" lon="98.848930">
				<ele>376.679244</ele>
				<time>2018-02-12T00:57:01Z</time>
			</trkpt>
			<trkpt lat="19.090078" lon="98.848861">
				<ele>376.819735</ele>
				<time>2018-02-12T00:57:03Z</time>
			</trkpt>
			<trkpt lat="19.090298" lon="98.848794">
				<ele>377.279023</ele>
				<time>2018-02-12T00:57:05Z</time>
			</trkpt>
			<trkpt lat="19.090510" lon="98.848692">
				<ele>377.290328</ele>
				<time>2018-02-12T00:57:07Z</time>
			</trkpt>
			<trkpt lat="19.090721" lon="98.848543">
				<ele>377.284317</ele>
				<time>2018-02-12T00:57:09Z</time>
			</trkpt>
			<trkpt lat="19.090918" lon="98.848341">
				<ele>377.459493</ele>
				<time>2018-02-12T00:57:11Z</time>
			</trkpt>
			<trkpt lat="19.091108" lon="98.848156">
				<ele>377.165492</ele>
				<time>2018-02-12T00:57:13Z</time>
			</trkpt>
			<trkpt lat="19.091288" lon="98.847946">
				<ele>376.491628</ele>
				<time>2018-02-12T00:57:15Z</time>
			</trkpt>
			<trkpt lat="19.091463" lon="98.847782">
				<ele>376.814440</ele>
				<time>2018-02-12T00:57:17Z</time>
			</trkpt>
			<trkpt lat="19.091651" lon="98.847639">
				<ele>376.707714</ele>
				<time>2018-02-12T00:57:19Z</time>
			</trkpt>
			<trkpt lat="19.091801" lon="98.847461">
				<ele>376.355252</ele>
				<time>2018-02-12T00:57:21Z</time>
			</trkpt>
			<trkpt lat="19.091971" lon="98.847285">
				<ele>377.083980</ele>
				<time>2018-02-12T00:57:24Z</time>
			</trkpt>
			<trkpt lat="19.092244" lon="98.847230">
				<ele>377.260953</ele>
				<time>2018-02-12T00:57:27Z</time>
			</trkpt>
			<trkpt lat="19.092433" lon="98.847214">
				<ele>377.523651</ele>
				<time>2018-02-12T00:57:29Z</time>
			</trkpt>
			<trkpt lat="19.092638" lon="98.847198">
				<ele>376.998712</ele>
				<time>2018-02-12T00:57:31Z</time>
			</trkpt>
			<trkpt lat="19.092809" lon="98.847289">
				<ele>377.289301</ele>
				<time>2018-02-12T00:57:34Z</time>
			</trkpt>
			<trkpt lat="19.092933" lon="98.847475">
				<ele>377.113442</ele>
				<time>2018-02-12T00:57:37Z</time>
			</trkpt>
			<trkpt lat="19.093054" lon="98.847712">
				<ele>376.978771</ele>
				<time>2018-02-12T00:57:40Z</time>
			</trkpt>
			<trkpt lat="19.093223" lon="98.847819">
				<ele>376.619574</ele>
				<time>2018-02-12T00:57:43Z</time>
			</trkpt>
			<trkpt lat="19.093455" lon="98.847843">
				<ele>376.646807</ele>
				<time>2018-02-12T00:57:46Z</time>
			</trkpt>
			<trkpt lat="19.093681" lon="98.847836">
				<ele>376.449371</ele>
				<time>2018-02-12T00:57:49Z</time>
			</trkpt>
			<trkpt lat="19.093862" lon="98.847828">
				<ele>375.948655</ele>
				<time>2018-02-12T00:57:54Z</time>
			</trkpt>
			<trkpt lat="19.093648" lon="98.847862">
				<ele>373.316708</ele>
				<time>2018-02-12T00:58:38Z</time>
			</trkpt>
			<trkpt lat="19.093392" lon="98.847848">
				<ele>373.124658</ele>
				<time>2018-02-12T00:58:41Z</time>
			</trkpt>
			<trkpt lat="19.093205" lon="98.847848">
				<ele>372.874481</ele>
				<time>2018-02-12T00:58:43Z</time>
			</trkpt>
			<trkpt lat="19.093029" lon="98.847765">
				<ele>372.845479</ele>
				<time>2018-02-12T00:58:46Z</time>
			</trkpt>
			<trkpt lat="19.092920" lon="98.847603">
				<ele>373.366060</ele>
				<time>2018-02-12T00:58:48Z</time>
			</trkpt>
			<trkpt lat="19.092842" lon="98.847371">
				<ele>373.377930</ele>
				<time>2018-02-12T00:58:51Z</time>
			</trkpt>
			<trkpt lat="19.092932" lon="98.847188">
				<ele>374.103776</ele>
				<time>2018-02-12T00:58:58Z</time>
			</trkpt>
			<trkpt lat="19.093112" lon="98.847144">
				<ele>374.518684</ele>
				<time>2018-02-12T00:59:00Z</time>
			</trkpt>
			<trkpt lat="19.093304" lon="98.847101">
				<ele>374.744180</ele>
				<time>2018-02-12T00:59:03Z</time>
			</trkpt>
			<trkpt lat="19.093474" lon="98.846961">
				<ele>376.599861</ele>
				<time>2018-02-12T00:59:06Z</time>
			</trkpt>
			<trkpt lat="19.093625" lon="98.846773">
				<ele>375.057867</ele>
				<time>2018-02-12T00:59:09Z</time>
			</trkpt>
			<trkpt lat="19.093745" lon="98.846546">
				<ele>374.129327</ele>
				<time>2018-02-12T00:59:12Z</time>
			</trkpt>
			<trkpt lat="19.093767" lon="98.846269">
				<ele>373.570170</ele>
				<time>2018-02-12T00:59:14Z</time>
			</trkpt>
			<trkpt lat="19.093790" lon="98.846059">
				<ele>374.317923</ele>
				<time>2018-02-12T00:59:16Z</time>
			</trkpt>
			<trkpt lat="19.093828" lon="98.845847">
				<ele>374.320160</ele>
				<time>2018-02-12T00:59:18Z</time>
			</trkpt>
			<trkpt lat="19.093917" lon="98.845624">
				<ele>374.579818</ele>
				<time>2018-02-12T00:59:20Z</time>
			</trkpt>
			<trkpt lat="19.094060" lon="98.845404">
				<ele>374.760803</ele>
				<time>2018-02-12T00:59:22Z</time>
			</trkpt>
			<trkpt lat="19.094152" lon="98.845217">
				<ele>375.375942</ele>
				<time>2018-02-12T00:59:24Z</time>
			</trkpt>
			<trkpt lat="19.094231" lon="98.845020">
				<ele>376.096629</ele>
				<time>2018-02-12T00:59:26Z</time>
			</trkpt>
			<trkpt lat="19.094311" lon="98.844757">
				<ele>375.675386</ele>
				<time>2018-02-12T00:59:28Z</time>
			</trkpt>
			<trkpt lat="19.094356" lon="98.844499">
				<ele>375.603414</ele>
				<time>2018-02-12T00:59:30Z</time>
			</trkpt>
			<trkpt lat="19.094406" lon="98.844228">
				<ele>375.145513</ele>
				<time>2018-02-12T00:59:32Z</time>
			</trkpt>
			<trkpt lat="19.094456" lon="98.843961">
				<ele>375.039187</ele>
				<time>2018-02-12T00:59:34Z</time>
			</trkpt>
			<trkpt lat="19.094509" lon="98.843676">
				<ele>374.955473</ele>
				<time>2018-02-12T00:59:36Z</time>
			</trkpt>
			<trkpt lat="19.094547" lon="98.843427">
				<ele>375.651047</ele>
				<time>2018-02-12T00:59:38Z</time>
			</trkpt>
			<trkpt lat="19.094574" lon="98.843197">
				<ele>375.307678</ele>
				<time>2018-02-12T00:59:40Z</time>
			</trkpt>
			<trkpt lat="19.094630" lon="98.842908">
				<ele>375.400785</ele>
				<time>2018-02-12T00:59:42Z</time>
			</trkpt>
			<trkpt lat="19.094705" lon="98.842664">
				<ele>374.986812</ele>
				<time>2018-02-12T00:59:44Z</time>
			</trkpt>
			<trkpt lat="19.094803" lon="98.842406">
				<ele>374.527884</ele>
				<time>2018-02-12T00:59:46Z</time>
			</trkpt>
			<trkpt lat="19.094898" lon="98.842176">
				<ele>374.944396</ele>
				<time>2018-02-12T00:59:48Z</time>
			</trkpt>
			<trkpt lat="19.095016" lon="98.841945">
				<ele>375.046271</ele>
				<time>2018-02-12T00:59:50Z</time>
			</trkpt>
			<trkpt lat="19.095153" lon="98.841721">
				<ele>375.014207</ele>
				<time>2018-02-12T00:59:52Z</time>
			</trkpt>
			<trkpt lat="19.095297" lon="98.841498">
				<ele>376.173956</ele>
				<time>2018-02-12T00:59:55Z</time>
			</trkpt>
			<trkpt lat="19.095448" lon="98.841325">
				<ele>377.485124</ele>
				<time>2018-02-12T00:59:59Z</time>
			</trkpt>
			<trkpt lat="19.095598" lon="98.841146">
				<ele>379.557587</ele>
				<time>2018-02-12T01:00:08Z</time>
			</trkpt>
			<trkpt lat="19.095728" lon="98.840994">
				<ele>379.262640</ele>
				<time>2018-02-12T01:00:11Z</time>
			</trkpt>
			<trkpt lat="19.095891" lon="98.840846">
				<ele>380.091340</ele>
				<time>2018-02-12T01:00:14Z</time>
			</trkpt>
			<trkpt lat="19.096040" lon="98.840700">
				<ele>381.238050</ele>
				<time>2018-02-12T01:00:18Z</time>
			</trkpt>
			<trkpt lat="19.096178" lon="98.840502">
				<ele>380.266834</ele>
				<time>2018-02-12T01:00:22Z</time>
			</trkpt>
			<trkpt lat="19.096251" lon="98.840232">
				<ele>379.975296</ele>
				<time>2018-02-12T01:00:25Z</time>
			</trkpt>
			<trkpt lat="19.096289" lon="98.840031">
				<ele>379.300658</ele>
				<time>2018-02-12T01:00:27Z</time>
			</trkpt>
			<trkpt lat="19.096327" lon="98.839840">
				<ele>379.367515</ele>
				<time>2018-02-12T01:00:29Z</time>
			</trkpt>
			<trkpt lat="19.096369" lon="98.839566">
				<ele>380.074252</ele>
				<time>2018-02-12T01:00:32Z</time>
			</trkpt>
			<trkpt lat="19.096406" lon="98.839273">
				<ele>379.711095</ele>
				<time>2018-02-12T01:00:35Z</time>
			</trkpt>
			<trkpt lat="19.096489" lon="98.839020">
				<ele>380.429243</ele>
				<time>2018-02-12T01:00:38Z</time>
			</trkpt>
			<trkpt lat="19.096560" lon="98.838837">
				<ele>380.664849</ele>
				<time>2018-02-12T01:00:40Z</time>
			</trkpt>
			<trkpt lat="19.096629" lon="98.838661">
				<ele>380.800789</ele>
				<time>2018-02-12T01:00:42Z</time>
			</trkpt>
			<trkpt lat="19.096701" lon="98.838487">
				<ele>381.914782</ele>
				<time>2018-02-12T01:00:44Z</time>
			</trkpt>
			<trkpt lat="19.096795" lon="98.838258">
				<ele>383.182215</ele>
				<time>2018-02-12T01:00:47Z</time>
			</trkpt>
			<trkpt lat="19.096892" lon="98.838024">
				<ele>382.309079</ele>
				<time>2018-02-12T01:00:50Z</time>
			</trkpt>
			<trkpt lat="19.096975" lon="98.837820">
				<ele>381.216736</ele>
				<time>2018-02-12T01:00:53Z</time>
			</trkpt>
			<trkpt lat="19.097101" lon="98.837634">
				<ele>380.871799</ele>
				<time>2018-02-12T01:00:56Z</time>
			</trkpt>
			<trkpt lat="19.097274" lon="98.837509">
				<ele>380.867425</ele>
				<time>2018-02-12T01:00:59Z</time>
			</trkpt>
			<trkpt lat="19.097497" lon="98.837423">
				<ele>380.601353</ele>
				<time>2018-02-12T01:01:02Z</time>
			</trkpt>
			<trkpt lat="19.097714" lon="98.837304">
				<ele>379.853847</ele>
				<time>2018-02-12T01:01:05Z</time>
			</trkpt>
			<trkpt lat="19.097928" lon="98.837223">
				<ele>379.163681</ele>
				<time>2018-02-12T01:01:09Z</time>
			</trkpt>
			<trkpt lat="19.098114" lon="98.837163">
				<ele>378.482546</ele>
				<time>2018-02-12T01:01:22Z</time>
			</trkpt>
			<trkpt lat="19.098343" lon="98.837161">
				<ele>378.691433</ele>
				<time>2018-02-12T01:01:28Z</time>
			</trkpt>
			<trkpt lat="19.098512" lon="98.837057">
				<ele>378.474036</ele>
				<time>2018-02-12T01:01:32Z</time>
			</trkpt>
			<trkpt lat="19.098752" lon="98.836985">
				<ele>378.678434</ele>
				<time>2018-02-12T01:01:36Z</time>
			</trkpt>
			<trkpt lat="19.098938" lon="98.836962">
				<ele>378.197273</ele>
				<time>2018-02-12T01:01:39Z</time>
			</trkpt>
			<trkpt lat="19.099128" lon="98.836868">
				<ele>378.019664</ele>
				<time>2018-02-12T01:01:42Z</time>
			</trkpt>
			<trkpt lat="19.099349" lon="98.836816">
				<ele>377.799017</ele>
				<time>2018-02-12T01:01:45Z</time>
			</trkpt>
			<trkpt lat="19.099559" lon="98.836711">
				<ele>378.280899</ele>
				<time>2018-02-12T01:01:49Z</time>
			</trkpt>
			<trkpt lat="19.099785" lon="98.836709">
				<ele>378.169033</ele>
				<time>2018-02-12T01:01:53Z</time>
			</trkpt>
			<trkpt lat="19.099977" lon="98.836644">
				<ele>378.060996</ele>
				<time>2018-02-12T01:01:56Z</time>
			</trkpt>
			<trkpt lat="19.100138" lon="98.836502">
				<ele>378.435688</ele>
				<time>2018-02-12T01:02:00Z</time>
			</trkpt>
			<trkpt lat="19.100275" lon="98.836305">
				<ele>378.559454</ele>
				<time>2018-02-12T01:02:04Z</time>
			</trkpt>
			<trkpt lat="19.100452" lon="98.836169">
				<ele>379.486689</ele>
				<time>2018-02-12T01:02:07Z</time>
			</trkpt>
			<trkpt lat="19.100639" lon="98.836072">
				<ele>378.764604</ele>
				<time>2018-02-12T01:02:10Z</time>
			</trkpt>
			<trkpt lat="19.100821" lon="98.836009">
				<ele>378.409264</ele>
				<time>2018-02-12T01:02:13Z</time>
			</trkpt>
			<trkpt lat="19.101008" lon="98.835903">
				<ele>379.767771</ele>
				<time>2018-02-12T01:02:17Z</time>
			</trkpt>
			<trkpt lat="19.101186" lon="98.835830">
				<ele>380.762154</ele>
				<time>2018-02-12T01:02:21Z</time>
			</trkpt>
			<trkpt lat="19.101383" lon="98.835762">
				<ele>380.201182</ele>
				<time>2018-02-12T01:02:26Z</time>
			</trkpt>
			<trkpt lat="19.101562" lon="98.835730">
				<ele>378.011949</ele>
				<time>2018-02-12T01:02:45Z</time>
			</trkpt>
			<trkpt lat="19.101330" lon="98.835792">
				<ele>381.061148</ele>
				<time>2018-02-12T01:08:39Z</time>
			</trkpt>
			<trkpt lat="19.101146" lon="98.835857">
				<ele>380.947441</ele>
				<time>2018-02-12T01:08:45Z</time>
			</trkpt>
			<trkpt lat="19.100971" lon="98.835927">
				<ele>379.813356</ele>
				<time>2018-02-12T01:08:51Z</time>
			</trkpt>
			<trkpt lat="19.100789" lon="98.836011">
				<ele>379.335535</ele>
				<time>2018-02-12T01:08:55Z</time>
			</trkpt>
			<trkpt lat="19.100621" lon="98.836087">
				<ele>378.878000</ele>
				<time>2018-02-12T01:08:59Z</time>
			</trkpt>
			<trkpt lat="19.100427" lon="98.836212">
				<ele>379.640981</ele>
				<time>2018-02-12T01:09:04Z</time>
			</trkpt>
			<trkpt lat="19.100248" lon="98.836347">
				<ele>378.970466</ele>
				<time>2018-02-12T01:09:09Z</time>
			</trkpt>
			<trkpt lat="19.100085" lon="98.836535">
				<ele>378.168366</ele>
				<time>2018-02-12T01:09:13Z</time>
			</trkpt>
			<trkpt lat="19.099904" lon="98.836662">
				<ele>378.488199</ele>
				<time>2018-02-12T01:09:17Z</time>
			</trkpt>
			<trkpt lat="19.099684" lon="98.836736">
				<ele>378.671163</ele>
				<time>2018-02-12T01:09:21Z</time>
			</trkpt>
			<trkpt lat="19.099486" lon="98.836736">
				<ele>378.639495</ele>
				<time>2018-02-12T01:09:25Z</time>
			</trkpt>
			<trkpt lat="19.099264" lon="98.836825">
				<ele>378.267190</ele>
				<time>2018-02-12T01:09:29Z</time>
			</trkpt>
			<trkpt lat="19.099059" lon="98.836907">
				<ele>378.285356</ele>
				<time>2018-02-12T01:09:32Z</time>
			</trkpt>
			<trkpt lat="19.098871" lon="98.836971">
				<ele>378.474261</ele>
				<time>2018-02-12T01:09:35Z</time>
			</trkpt>
			<trkpt lat="19.098644" lon="98.837006">
				<ele>379.063833</ele>
				<time>2018-02-12T01:09:39Z</time>
			</trkpt>
			<trkpt lat="19.098457" lon="98.837098">
				<ele>378.705643</ele>
				<time>2018-02-12T01:09:43Z</time>
			</trkpt>
			<trkpt lat="19.098267" lon="98.837175">
				<ele>378.656146</ele>
				<time>2018-02-12T01:09:47Z</time>
			</trkpt>
			<trkpt lat="19.098044" lon="98.837210">
				<ele>378.704540</ele>
				<time>2018-02-12T01:09:51Z</time>
			</trkpt>
			<trkpt lat="19.097837" lon="98.837269">
				<ele>379.398705</ele>
				<time>2018-02-12T01:09:55Z</time>
			</trkpt>
			<trkpt lat="19.097646" lon="98.837352">
				<ele>379.796862</ele>
				<time>2018-02-12T01:09:58Z</time>
			</trkpt>
			<trkpt lat="19.097402" lon="98.837458">
				<ele>380.915452</ele>
				<time>2018-02-12T01:10:01Z</time>
			</trkpt>
			<trkpt lat="19.097210" lon="98.837575">
				<ele>380.914806</ele>
				<time>2018-02-12T01:10:04Z</time>
			</trkpt>
			<trkpt lat="19.097058" lon="98.837741">
				<ele>380.759676</ele>
				<time>2018-02-12T01:10:07Z</time>
			</trkpt>
			<trkpt lat="19.096909" lon="98.837948">
				<ele>381.115735</ele>
				<time>2018-02-12T01:10:10Z</time>
			</trkpt>
			<trkpt lat="19.096806" lon="98.838166">
				<ele>382.452564</ele>
				<time>2018-02-12T01:10:13Z</time>
			</trkpt>
			<trkpt lat="19.096700" lon="98.838372">
				<ele>383.236089</ele>
				<time>2018-02-12T01:10:16Z</time>
			</trkpt>
			<trkpt lat="19.096610" lon="98.838547">
				<ele>382.756354</ele>
				<time>2018-02-12T01:10:18Z</time>
			</trkpt>
			<trkpt lat="19.096547" lon="98.838728">
				<ele>381.055337</ele>
				<time>2018-02-12T01:10:20Z</time>
			</trkpt>
			<trkpt lat="19.096474" lon="98.838920">
				<ele>380.502328</ele>
				<time>2018-02-12T01:10:22Z</time>
			</trkpt>
			<trkpt lat="19.096412" lon="98.839123">
				<ele>379.880995</ele>
				<time>2018-02-12T01:10:24Z</time>
			</trkpt>
			<trkpt lat="19.096355" lon="98.839308">
				<ele>380.140775</ele>
				<time>2018-02-12T01:10:26Z</time>
			</trkpt>
			<trkpt lat="19.096318" lon="98.839583">
				<ele>380.219524</ele>
				<time>2018-02-12T01:10:29Z</time>
			</trkpt>
			<trkpt lat="19.096297" lon="98.839779">
				<ele>379.505158</ele>
				<time>2018-02-12T01:10:31Z</time>
			</trkpt>
			<trkpt lat="19.096284" lon="98.839970">
				<ele>379.137910</ele>
				<time>2018-02-12T01:10:33Z</time>
			</trkpt>
			<trkpt lat="19.096260" lon="98.840205">
				<ele>379.663736</ele>
				<time>2018-02-12T01:10:35Z</time>
			</trkpt>
			<trkpt lat="19.096178" lon="98.840466">
				<ele>379.674609</ele>
				<time>2018-02-12T01:10:38Z</time>
			</trkpt>
			<trkpt lat="19.096199" lon="98.840679">
				<ele>380.653951</ele>
				<time>2018-02-12T01:10:42Z</time>
			</trkpt>
			<trkpt lat="19.096433" lon="98.840695">
				<ele>381.845349</ele>
				<time>2018-02-12T01:10:46Z</time>
			</trkpt>
			<trkpt lat="19.096629" lon="98.840688">
				<ele>382.121565</ele>
				<time>2018-02-12T01:10:48Z</time>
			</trkpt>
			<trkpt lat="19.096852" lon="98.840734">
				<ele>383.602012</ele>
				<time>2018-02-12T01:10:51Z</time>
			</trkpt>
			<trkpt lat="19.097067" lon="98.840827">
				<ele>385.395414</ele>
				<time>2018-02-12T01:10:54Z</time>
			</trkpt>
			<trkpt lat="19.097242" lon="98.840877">
				<ele>385.443574</ele>
				<time>2018-02-12T01:10:56Z</time>
			</trkpt>
			<trkpt lat="19.097457" lon="98.840928">
				<ele>385.409345</ele>
				<time>2018-02-12T01:10:58Z</time>
			</trkpt>
			<trkpt lat="19.097659" lon="98.840954">
				<ele>384.449318</ele>
				<time>2018-02-12T01:11:00Z</time>
			</trkpt>
			<trkpt lat="19.097844" lon="98.840971">
				<ele>383.884261</ele>
				<time>2018-02-12T01:11:02Z</time>
			</trkpt>
			<trkpt lat="19.098063" lon="98.840998">
				<ele>383.808995</ele>
				<time>2018-02-12T01:11:05Z</time>
			</trkpt>
			<trkpt lat="19.098266" lon="98.841077">
				<ele>381.853171</ele>
				<time>2018-02-12T01:11:08Z</time>
			</trkpt>
			<trkpt lat="19.098490" lon="98.841128">
				<ele>378.857904</ele>
				<time>2018-02-12T01:11:11Z</time>
			</trkpt>
			<trkpt lat="19.098683" lon="98.841160">
				<ele>376.512992</ele>
				<time>2018-02-12T01:11:14Z</time>
			</trkpt>
			<trkpt lat="19.098858" lon="98.841278">
				<ele>374.930880</ele>
				<time>2018-02-12T01:11:18Z</time>
			</trkpt>
			<trkpt lat="19.098982" lon="98.841444">
				<ele>374.367011</ele>
				<time>2018-02-12T01:11:22Z</time>
			</trkpt>
			<trkpt lat="19.099097" lon="98.841626">
				<ele>374.191412</ele>
				<time>2018-02-12T01:11:27Z</time>
			</trkpt>
			<trkpt lat="19.099289" lon="98.841752">
				<ele>374.401021</ele>
				<time>2018-02-12T01:11:30Z</time>
			</trkpt>
			<trkpt lat="19.099512" lon="98.841880">
				<ele>374.065435</ele>
				<time>2018-02-12T01:11:33Z</time>
			</trkpt>
			<trkpt lat="19.099737" lon="98.841946">
				<ele>374.059669</ele>
				<time>2018-02-12T01:11:36Z</time>
			</trkpt>
			<trkpt lat="19.099960" lon="98.842030">
				<ele>374.721685</ele>
				<time>2018-02-12T01:11:39Z</time>
			</trkpt>
			<trkpt lat="19.100121" lon="98.842148">
				<ele>375.744197</ele>
				<time>2018-02-12T01:11:42Z</time>
			</trkpt>
			<trkpt lat="19.100319" lon="98.842161">
				<ele>377.881818</ele>
				<time>2018-02-12T01:11:48Z</time>
			</trkpt>
			<trkpt lat="19.100466" lon="98.841967">
				<ele>377.911057</ele>
				<time>2018-02-12T01:11:51Z</time>
			</trkpt>
			<trkpt lat="19.100614" lon="98.841795">
				<ele>377.843537</ele>
				<time>2018-02-12T01:11:53Z</time>
			</trkpt>
			<trkpt lat="19.100790" lon="98.841602">
				<ele>378.230182</ele>
				<time>2018-02-12T01:11:55Z</time>
			</trkpt>
			<trkpt lat="19.100982" lon="98.841408">
				<ele>378.398983</ele>
				<time>2018-02-12T01:11:57Z</time>
			</trkpt>
			<trkpt lat="19.101174" lon="98.841176">
				<ele>378.033840</ele>
				<time>2018-02-12T01:11:59Z</time>
			</trkpt>
			<trkpt lat="19.101404" lon="98.840948">
				<ele>379.012445</ele>
				<time>2018-02-12T01:12:01Z</time>
			</trkpt>
			<trkpt lat="19.101608" lon="98.840724">
				<ele>377.890822</ele>
				<time>2018-02-12T01:12:03Z</time>
			</trkpt>
			<trkpt lat="19.101817" lon="98.840503">
				<ele>377.887861</ele>
				<time>2018-02-12T01:12:05Z</time>
			</trkpt>
			<trkpt lat="19.102007" lon="98.840301">
				<ele>378.599406</ele>
				<time>2018-02-12T01:12:07Z</time>
			</trkpt>
			<trkpt lat="19.102209" lon="98.840096">
				<ele>378.438843</ele>
				<time>2018-02-12T01:12:09Z</time>
			</trkpt>
			<trkpt lat="19.102408" lon="98.839883">
				<ele>379.253127</ele>
				<time>2018-02-12T01:12:11Z</time>
			</trkpt>
			<trkpt lat="19.102603" lon="98.839681">
				<ele>379.214167</ele>
				<time>2018-02-12T01:12:13Z</time>
			</trkpt>
			<trkpt lat="19.102834" lon="98.839470">
				<ele>379.602642</ele>
				<time>2018-02-12T01:12:15Z</time>
			</trkpt>
			<trkpt lat="19.103025" lon="98.839246">
				<ele>379.462920</ele>
				<time>2018-02-12T01:12:17Z</time>
			</trkpt>
			<trkpt lat="19.103207" lon="98.839002">
				<ele>380.156304</ele>
				<time>2018-02-12T01:12:19Z</time>
			</trkpt>
			<trkpt lat="19.103385" lon="98.838728">
				<ele>380.386835</ele>
				<time>2018-02-12T01:12:21Z</time>
			</trkpt>
			<trkpt lat="19.103540" lon="98.838431">
				<ele>378.880321</ele>
				<time>2018-02-12T01:12:23Z</time>
			</trkpt>
			<trkpt lat="19.103676" lon="98.838167">
				<ele>380.566031</ele>
				<time>2018-02-12T01:12:25Z</time>
			</trkpt>
			<trkpt lat="19.103812" lon="98.837920">
				<ele>381.007610</ele>
				<time>2018-02-12T01:12:27Z</time>
			</trkpt>
			<trkpt lat="19.103949" lon="98.837697">
				<ele>381.787394</ele>
				<time>2018-02-12T01:12:29Z</time>
			</trkpt>
			<trkpt lat="19.104115" lon="98.837503">
				<ele>382.245815</ele>
				<time>2018-02-12T01:12:31Z</time>
			</trkpt>
			<trkpt lat="19.104311" lon="98.837357">
				<ele>382.053359</ele>
				<time>2018-02-12T01:12:33Z</time>
			</trkpt>
			<trkpt lat="19.104494" lon="98.837290">
				<ele>381.446250</ele>
				<time>2018-02-12T01:12:35Z</time>
			</trkpt>
			<trkpt lat="19.104777" lon="98.837279">
				<ele>381.113236</ele>
				<time>2018-02-12T01:12:37Z</time>
			</trkpt>
			<trkpt lat="19.105052" lon="98.837309">
				<ele>379.929814</ele>
				<time>2018-02-12T01:12:39Z</time>
			</trkpt>
			<trkpt lat="19.105282" lon="98.837301">
				<ele>378.770712</ele>
				<time>2018-02-12T01:12:41Z</time>
			</trkpt>
			<trkpt lat="19.105512" lon="98.837270">
				<ele>378.821061</ele>
				<time>2018-02-12T01:12:43Z</time>
			</trkpt>
			<trkpt lat="19.105698" lon="98.837166">
				<ele>378.165563</ele>
				<time>2018-02-12T01:12:45Z</time>
			</trkpt>
			<trkpt lat="19.105795" lon="98.836980">
				<ele>378.654236</ele>
				<time>2018-02-12T01:12:47Z</time>
			</trkpt>
			<trkpt lat="19.105822" lon="98.836735">
				<ele>379.375203</ele>
				<time>2018-02-12T01:12:49Z</time>
			</trkpt>
			<trkpt lat="19.105831" lon="98.836476">
				<ele>380.297751</ele>
				<time>2018-02-12T01:12:51Z</time>
			</trkpt>
			<trkpt lat="19.105779" lon="98.836255">
				<ele>381.797025</ele>
				<time>2018-02-12T01:12:53Z</time>
			</trkpt>
			<trkpt lat="19.105670" lon="98.836060">
				<ele>383.041489</ele>
				<time>2018-02-12T01:12:55Z</time>
			</trkpt>
			<trkpt lat="19.105519" lon="98.835879">
				<ele>383.639769</ele>
				<time>2018-02-12T01:12:57Z</time>
			</trkpt>
			<trkpt lat="19.105412" lon="98.835676">
				<ele>383.906719</ele>
				<time>2018-02-12T01:12:59Z</time>
			</trkpt>
			<trkpt lat="19.105313" lon="98.835411">
				<ele>383.647333</ele>
				<time>2018-02-12T01:13:01Z</time>
			</trkpt>
			<trkpt lat="19.105269" lon="98.835075">
				<ele>383.755129</ele>
				<time>2018-02-12T01:13:03Z</time>
			</trkpt>
			<trkpt lat="19.105215" lon="98.834727">
				<ele>382.545378</ele>
				<time>2018-02-12T01:13:05Z</time>
			</trkpt>
			<trkpt lat="19.105162" lon="98.834398">
				<ele>383.293616</ele>
				<time>2018-02-12T01:13:07Z</time>
			</trkpt>
			<trkpt lat="19.105131" lon="98.834068">
				<ele>382.902164</ele>
				<time>2018-02-12T01:13:09Z</time>
			</trkpt>
			<trkpt lat="19.105125" lon="98.833754">
				<ele>383.204845</ele>
				<time>2018-02-12T01:13:11Z</time>
			</trkpt>
			<trkpt lat="19.105168" lon="98.833440">
				<ele>383.350311</ele>
				<time>2018-02-12T01:13:13Z</time>
			</trkpt>
			<trkpt lat="19.105256" lon="98.833139">
				<ele>383.288045</ele>
				<time>2018-02-12T01:13:15Z</time>
			</trkpt>
			<trkpt lat="19.105378" lon="98.832838">
				<ele>382.814198</ele>
				<time>2018-02-12T01:13:17Z</time>
			</trkpt>
			<trkpt lat="19.105513" lon="98.832563">
				<ele>383.555601</ele>
				<time>2018-02-12T01:13:19Z</time>
			</trkpt>
			<trkpt lat="19.105689" lon="98.832298">
				<ele>383.933977</ele>
				<time>2018-02-12T01:13:21Z</time>
			</trkpt>
			<trkpt lat="19.105934" lon="98.832071">
				<ele>383.274324</ele>
				<time>2018-02-12T01:13:23Z</time>
			</trkpt>
			<trkpt lat="19.106167" lon="98.831868">
				<ele>383.459660</ele>
				<time>2018-02-12T01:13:25Z</time>
			</trkpt>
			<trkpt lat="19.106448" lon="98.831642">
				<ele>383.066670</ele>
				<time>2018-02-12T01:13:27Z</time>
			</trkpt>
			<trkpt lat="19.106689" lon="98.831444">
				<ele>383.906486</ele>
				<time>2018-02-12T01:13:29Z</time>
			</trkpt>
			<trkpt lat="19.106923" lon="98.831257">
				<ele>383.152354</ele>
				<time>2018-02-12T01:13:31Z</time>
			</trkpt>
			<trkpt lat="19.107101" lon="98.831061">
				<ele>382.759852</ele>
				<time>2018-02-12T01:13:33Z</time>
			</trkpt>
			<trkpt lat="19.107283" lon="98.830827">
				<ele>384.731355</ele>
				<time>2018-02-12T01:13:35Z</time>
			</trkpt>
			<trkpt lat="19.107426" lon="98.830563">
				<ele>385.240153</ele>
				<time>2018-02-12T01:13:37Z</time>
			</trkpt>
			<trkpt lat="19.107516" lon="98.830283">
				<ele>384.997985</ele>
				<time>2018-02-12T01:13:39Z</time>
			</trkpt>
			<trkpt lat="19.107538" lon="98.830001">
				<ele>384.852183</ele>
				<time>2018-02-12T01:13:41Z</time>
			</trkpt>
			<trkpt lat="19.107594" lon="98.829687">
				<ele>384.389222</ele>
				<time>2018-02-12T01:13:43Z</time>
			</trkpt>
			<trkpt lat="19.107626" lon="98.829367">
				<ele>384.305532</ele>
				<time>2018-02-12T01:13:45Z</time>
			</trkpt>
			<trkpt lat="19.107645" lon="98.829034">
				<ele>381.007600</ele>
				<time>2018-02-12T01:13:47Z</time>
			</trkpt>
			<trkpt lat="19.107668" lon="98.828707">
				<ele>380.345163</ele>
				<time>2018-02-12T01:13:49Z</time>
			</trkpt>
			<trkpt lat="19.107638" lon="98.828358">
				<ele>379.683367</ele>
				<time>2018-02-12T01:13:51Z</time>
			</trkpt>
			<trkpt lat="19.107591" lon="98.828005">
				<ele>379.417050</ele>
				<time>2018-02-12T01:13:53Z</time>
			</trkpt>
			<trkpt lat="19.107505" lon="98.827653">
				<ele>379.535161</ele>
				<time>2018-02-12T01:13:55Z</time>
			</trkpt>
			<trkpt lat="19.107453" lon="98.827470">
				<ele>380.953050</ele>
				<time>2018-02-12T01:13:56Z</time>
			</trkpt>
			<trkpt lat="19.107384" lon="98.827289">
				<ele>381.924479</ele>
				<time>2018-02-12T01:13:57Z</time>
			</trkpt>
			<trkpt lat="19.107310" lon="98.827115">
				<ele>382.401576</ele>
				<time>2018-02-12T01:13:58Z</time>
			</trkpt>
			<trkpt lat="19.107240" lon="98.826938">
				<ele>383.758073</ele>
				<time>2018-02-12T01:13:59Z</time>
			</trkpt>
			<trkpt lat="19.107172" lon="98.826760">
				<ele>385.456306</ele>
				<time>2018-02-12T01:14:00Z</time>
			</trkpt>
			<trkpt lat="19.107036" lon="98.826447">
				<ele>388.080645</ele>
				<time>2018-02-12T01:14:02Z</time>
			</trkpt>
			<trkpt lat="19.106883" lon="98.826178">
				<ele>390.261828</ele>
				<time>2018-02-12T01:14:04Z</time>
			</trkpt>
			<trkpt lat="19.106723" lon="98.825876">
				<ele>392.445884</ele>
				<time>2018-02-12T01:14:06Z</time>
			</trkpt>
			<trkpt lat="19.106552" lon="98.825576">
				<ele>395.633708</ele>
				<time>2018-02-12T01:14:08Z</time>
			</trkpt>
			<trkpt lat="19.106382" lon="98.825290">
				<ele>397.983595</ele>
				<time>2018-02-12T01:14:10Z</time>
			</trkpt>
			<trkpt lat="19.106194" lon="98.824990">
				<ele>401.104372</ele>
				<time>2018-02-12T01:14:12Z</time>
			</trkpt>
			<trkpt lat="19.105987" lon="98.824699">
				<ele>404.103653</ele>
				<time>2018-02-12T01:14:14Z</time>
			</trkpt>
			<trkpt lat="19.105794" lon="98.824415">
				<ele>404.937783</ele>
				<time>2018-02-12T01:14:16Z</time>
			</trkpt>
			<trkpt lat="19.105595" lon="98.824090">
				<ele>405.190303</ele>
				<time>2018-02-12T01:14:18Z</time>
			</trkpt>
			<trkpt lat="19.105500" lon="98.823925">
				<ele>404.259091</ele>
				<time>2018-02-12T01:14:19Z</time>
			</trkpt>
			<trkpt lat="19.105366" lon="98.823576">
				<ele>406.585183</ele>
				<time>2018-02-12T01:14:21Z</time>
			</trkpt>
			<trkpt lat="19.105301" lon="98.823384">
				<ele>405.739362</ele>
				<time>2018-02-12T01:14:22Z</time>
			</trkpt>
			<trkpt lat="19.105246" lon="98.823201">
				<ele>406.971652</ele>
				<time>2018-02-12T01:14:23Z</time>
			</trkpt>
			<trkpt lat="19.105218" lon="98.822995">
				<ele>408.492509</ele>
				<time>2018-02-12T01:14:24Z</time>
			</trkpt>
			<trkpt lat="19.105181" lon="98.822631">
				<ele>409.169292</ele>
				<time>2018-02-12T01:14:26Z</time>
			</trkpt>
			<trkpt lat="19.105156" lon="98.822291">
				<ele>410.237282</ele>
				<time>2018-02-12T01:14:28Z</time>
			</trkpt>
			<trkpt lat="19.105128" lon="98.821975">
				<ele>411.338137</ele>
				<time>2018-02-12T01:14:30Z</time>
			</trkpt>
			<trkpt lat="19.105067" lon="98.821690">
				<ele>411.596796</ele>
				<time>2018-02-12T01:14:32Z</time>
			</trkpt>
			<trkpt lat="19.104943" lon="98.821433">
				<ele>411.908678</ele>
				<time>2018-02-12T01:14:34Z</time>
			</trkpt>
			<trkpt lat="19.104757" lon="98.821220">
				<ele>411.870321</ele>
				<time>2018-02-12T01:14:36Z</time>
			</trkpt>
			<trkpt lat="19.104492" lon="98.821076">
				<ele>411.881122</ele>
				<time>2018-02-12T01:14:38Z</time>
			</trkpt>
			<trkpt lat="19.104230" lon="98.820919">
				<ele>412.169860</ele>
				<time>2018-02-12T01:14:40Z</time>
			</trkpt>
			<trkpt lat="19.103960" lon="98.820774">
				<ele>414.347707</ele>
				<time>2018-02-12T01:14:42Z</time>
			</trkpt>
			<trkpt lat="19.103689" lon="98.820634">
				<ele>414.055155</ele>
				<time>2018-02-12T01:14:44Z</time>
			</trkpt>
			<trkpt lat="19.103418" lon="98.820467">
				<ele>414.355661</ele>
				<time>2018-02-12T01:14:46Z</time>
			</trkpt>
			<trkpt lat="19.103201" lon="98.820293">
				<ele>413.175109</ele>
				<time>2018-02-12T01:14:48Z</time>
			</trkpt>
			<trkpt lat="19.103002" lon="98.820057">
				<ele>410.792766</ele>
				<time>2018-02-12T01:14:50Z</time>
			</trkpt>
			<trkpt lat="19.102817" lon="98.819780">
				<ele>408.543156</ele>
				<time>2018-02-12T01:14:52Z</time>
			</trkpt>
			<trkpt lat="19.102641" lon="98.819486">
				<ele>407.312327</ele>
				<time>2018-02-12T01:14:54Z</time>
			</trkpt>
			<trkpt lat="19.102507" lon="98.819193">
				<ele>405.187180</ele>
				<time>2018-02-12T01:14:56Z</time>
			</trkpt>
			<trkpt lat="19.102342" lon="98.818896">
				<ele>403.266876</ele>
				<time>2018-02-12T01:14:58Z</time>
			</trkpt>
			<trkpt lat="19.102164" lon="98.818577">
				<ele>403.222898</ele>
				<time>2018-02-12T01:15:00Z</time>
			</trkpt>
			<trkpt lat="19.101996" lon="98.818241">
				<ele>399.724924</ele>
				<time>2018-02-12T01:15:02Z</time>
			</trkpt>
			<trkpt lat="19.101901" lon="98.818076">
				<ele>400.514478</ele>
				<time>2018-02-12T01:15:03Z</time>
			</trkpt>
			<trkpt lat="19.101729" lon="98.817757">
				<ele>399.564214</ele>
				<time>2018-02-12T01:15:05Z</time>
			</trkpt>
			<trkpt lat="19.101563" lon="98.817452">
				<ele>400.565572</ele>
				<time>2018-02-12T01:15:07Z</time>
			</trkpt>
			<trkpt lat="19.101426" lon="98.817185">
				<ele>402.022259</ele>
				<time>2018-02-12T01:15:09Z</time>
			</trkpt>
			<trkpt lat="19.101334" lon="98.816945">
				<ele>405.396025</ele>
				<time>2018-02-12T01:15:11Z</time>
			</trkpt>
			<trkpt lat="19.101316" lon="98.816730">
				<ele>407.961926</ele>
				<time>2018-02-12T01:15:13Z</time>
			</trkpt>
			<trkpt lat="19.101382" lon="98.816514">
				<ele>410.933483</ele>
				<time>2018-02-12T01:15:15Z</time>
			</trkpt>
			<trkpt lat="19.101483" lon="98.816333">
				<ele>413.253954</ele>
				<time>2018-02-12T01:15:17Z</time>
			</trkpt>
			<trkpt lat="19.101734" lon="98.816273">
				<ele>415.385049</ele>
				<time>2018-02-12T01:15:19Z</time>
			</trkpt>
			<trkpt lat="19.101972" lon="98.816234">
				<ele>417.976767</ele>
				<time>2018-02-12T01:15:21Z</time>
			</trkpt>
			<trkpt lat="19.102195" lon="98.816180">
				<ele>420.810632</ele>
				<time>2018-02-12T01:15:23Z</time>
			</trkpt>
			<trkpt lat="19.102453" lon="98.816110">
				<ele>424.564597</ele>
				<time>2018-02-12T01:15:25Z</time>
			</trkpt>
			<trkpt lat="19.102701" lon="98.816029">
				<ele>426.599977</ele>
				<time>2018-02-12T01:15:27Z</time>
			</trkpt>
			<trkpt lat="19.102940" lon="98.815929">
				<ele>430.608281</ele>
				<time>2018-02-12T01:15:29Z</time>
			</trkpt>
			<trkpt lat="19.103181" lon="98.815819">
				<ele>434.167621</ele>
				<time>2018-02-12T01:15:31Z</time>
			</trkpt>
			<trkpt lat="19.103427" lon="98.815667">
				<ele>437.073632</ele>
				<time>2018-02-12T01:15:33Z</time>
			</trkpt>
			<trkpt lat="19.103644" lon="98.815528">
				<ele>439.481035</ele>
				<time>2018-02-12T01:15:35Z</time>
			</trkpt>
			<trkpt lat="19.103866" lon="98.815363">
				<ele>442.950955</ele>
				<time>2018-02-12T01:15:37Z</time>
			</trkpt>
			<trkpt lat="19.104100" lon="98.815177">
				<ele>444.084603</ele>
				<time>2018-02-12T01:15:39Z</time>
			</trkpt>
			<trkpt lat="19.104311" lon="98.814978">
				<ele>445.804873</ele>
				<time>2018-02-12T01:15:41Z</time>
			</trkpt>
			<trkpt lat="19.104535" lon="98.814766">
				<ele>447.466377</ele>
				<time>2018-02-12T01:15:43Z</time>
			</trkpt>
			<trkpt lat="19.104755" lon="98.814540">
				<ele>447.016936</ele>
				<time>2018-02-12T01:15:45Z</time>
			</trkpt>
			<trkpt lat="19.104962" lon="98.814300">
				<ele>444.999717</ele>
				<time>2018-02-12T01:15:47Z</time>
			</trkpt>
			<trkpt lat="19.105162" lon="98.814038">
				<ele>443.051388</ele>
				<time>2018-02-12T01:15:49Z</time>
			</trkpt>
			<trkpt lat="19.105363" lon="98.813720">
				<ele>440.169147</ele>
				<time>2018-02-12T01:15:51Z</time>
			</trkpt>
			<trkpt lat="19.105558" lon="98.813399">
				<ele>438.653748</ele>
				<time>2018-02-12T01:15:53Z</time>
			</trkpt>
			<trkpt lat="19.105743" lon="98.813057">
				<ele>432.360373</ele>
				<time>2018-02-12T01:15:55Z</time>
			</trkpt>
			<trkpt lat="19.105840" lon="98.812872">
				<ele>430.561359</ele>
				<time>2018-02-12T01:15:56Z</time>
			</trkpt>
			<trkpt lat="19.105941" lon="98.812682">
				<ele>430.256544</ele>
				<time>2018-02-12T01:15:57Z</time>
			</trkpt>
			<trkpt lat="19.106040" lon="98.812490">
				<ele>428.294449</ele>
				<time>2018-02-12T01:15:58Z</time>
			</trkpt>
			<trkpt lat="19.106140" lon="98.812299">
				<ele>427.967133</ele>
				<time>2018-02-12T01:15:59Z</time>
			</trkpt>
			<trkpt lat="19.106244" lon="98.812102">
				<ele>427.268638</ele>
				<time>2018-02-12T01:16:00Z</time>
			</trkpt>
			<trkpt lat="19.106348" lon="98.811905">
				<ele>427.322616</ele>
				<time>2018-02-12T01:16:01Z</time>
			</trkpt>
			<trkpt lat="19.106449" lon="98.811712">
				<ele>427.526984</ele>
				<time>2018-02-12T01:16:02Z</time>
			</trkpt>
			<trkpt lat="19.106548" lon="98.811529">
				<ele>426.799146</ele>
				<time>2018-02-12T01:16:03Z</time>
			</trkpt>
			<trkpt lat="19.106641" lon="98.811355">
				<ele>426.744576</ele>
				<time>2018-02-12T01:16:04Z</time>
			</trkpt>
			<trkpt lat="19.106727" lon="98.811184">
				<ele>425.933987</ele>
				<time>2018-02-12T01:16:05Z</time>
			</trkpt>
			<trkpt lat="19.106890" lon="98.810853">
				<ele>424.978202</ele>
				<time>2018-02-12T01:16:07Z</time>
			</trkpt>
			<trkpt lat="19.107045" lon="98.810516">
				<ele>424.146303</ele>
				<time>2018-02-12T01:16:09Z</time>
			</trkpt>
			<trkpt lat="19.107123" lon="98.810157">
				<ele>423.874451</ele>
				<time>2018-02-12T01:16:11Z</time>
			</trkpt>
			<trkpt lat="19.107172" lon="98.809969">
				<ele>422.314309</ele>
				<time>2018-02-12T01:16:12Z</time>
			</trkpt>
			<trkpt lat="19.107209" lon="98.809776">
				<ele>423.226935</ele>
				<time>2018-02-12T01:16:13Z</time>
			</trkpt>
			<trkpt lat="19.107247" lon="98.809584">
				<ele>422.658532</ele>
				<time>2018-02-12T01:16:14Z</time>
			</trkpt>
			<trkpt lat="19.107296" lon="98.809388">
				<ele>422.438980</ele>
				<time>2018-02-12T01:16:15Z</time>
			</trkpt>
			<trkpt lat="19.107314" lon="98.809040">
				<ele>424.391905</ele>
				<time>2018-02-12T01:16:17Z</time>
			</trkpt>
			<trkpt lat="19.107292" lon="98.808659">
				<ele>426.937956</ele>
				<time>2018-02-12T01:16:19Z</time>
			</trkpt>
			<trkpt lat="19.107276" lon="98.808293">
				<ele>428.589489</ele>
				<time>2018-02-12T01:16:21Z</time>
			</trkpt>
			<trkpt lat="19.107264" lon="98.808102">
				<ele>430.013913</ele>
				<time>2018-02-12T01:16:22Z</time>
			</trkpt>
			<trkpt lat="19.107225" lon="98.807742">
				<ele>431.606306</ele>
				<time>2018-02-12T01:16:24Z</time>
			</trkpt>
			<trkpt lat="19.107231" lon="98.807432">
				<ele>434.474540</ele>
				<time>2018-02-12T01:16:26Z</time>
			</trkpt>
			<trkpt lat="19.107330" lon="98.807101">
				<ele>436.447748</ele>
				<time>2018-02-12T01:16:28Z</time>
			</trkpt>
			<trkpt lat="19.107441" lon="98.806795">
				<ele>439.024439</ele>
				<time>2018-02-12T01:16:30Z</time>
			</trkpt>
			<trkpt lat="19.107537" lon="98.806434">
				<ele>439.753801</ele>
				<time>2018-02-12T01:16:32Z</time>
			</trkpt>
			<trkpt lat="19.107590" lon="98.806072">
				<ele>440.858120</ele>
				<time>2018-02-12T01:16:34Z</time>
			</trkpt>
			<trkpt lat="19.107589" lon="98.805715">
				<ele>441.027231</ele>
				<time>2018-02-12T01:16:36Z</time>
			</trkpt>
			<trkpt lat="19.107554" lon="98.805347">
				<ele>440.429678</ele>
				<time>2018-02-12T01:16:38Z</time>
			</trkpt>
			<trkpt lat="19.107531" lon="98.804967">
				<ele>438.842945</ele>
				<time>2018-02-12T01:16:40Z</time>
			</trkpt>
			<trkpt lat="19.107499" lon="98.804776">
				<ele>439.074726</ele>
				<time>2018-02-12T01:16:41Z</time>
			</trkpt>
			<trkpt lat="19.107483" lon="98.804584">
				<ele>437.497692</ele>
				<time>2018-02-12T01:16:42Z</time>
			</trkpt>
			<trkpt lat="19.107441" lon="98.804219">
				<ele>436.109624</ele>
				<time>2018-02-12T01:16:44Z</time>
			</trkpt>
			<trkpt lat="19.107417" lon="98.803860">
				<ele>433.764034</ele>
				<time>2018-02-12T01:16:46Z</time>
			</trkpt>
			<trkpt lat="19.107375" lon="98.803518">
				<ele>434.200401</ele>
				<time>2018-02-12T01:16:48Z</time>
			</trkpt>
			<trkpt lat="19.107373" lon="98.803159">
				<ele>433.301099</ele>
				<time>2018-02-12T01:16:50Z</time>
			</trkpt>
			<trkpt lat="19.107402" lon="98.802804">
				<ele>431.663640</ele>
				<time>2018-02-12T01:16:52Z</time>
			</trkpt>
			<trkpt lat="19.107448" lon="98.802605">
				<ele>431.371364</ele>
				<time>2018-02-12T01:16:53Z</time>
			</trkpt>
			<trkpt lat="19.107499" lon="98.802420">
				<ele>430.684345</ele>
				<time>2018-02-12T01:16:54Z</time>
			</trkpt>
			<trkpt lat="19.107565" lon="98.802234">
				<ele>429.809403</ele>
				<time>2018-02-12T01:16:55Z</time>
			</trkpt>
			<trkpt lat="19.107704" lon="98.801888">
				<ele>430.503918</ele>
				<time>2018-02-12T01:16:57Z</time>
			</trkpt>
			<trkpt lat="19.107845" lon="98.801569">
				<ele>429.951365</ele>
				<time>2018-02-12T01:16:59Z</time>
			</trkpt>
			<trkpt lat="19.107926" lon="98.801398">
				<ele>429.645242</ele>
				<time>2018-02-12T01:17:00Z</time>
			</trkpt>
			<trkpt lat="19.108016" lon="98.801218">
				<ele>431.377789</ele>
				<time>2018-02-12T01:17:01Z</time>
			</trkpt>
			<trkpt lat="19.108104" lon="98.801044">
				<ele>431.136421</ele>
				<time>2018-02-12T01:17:02Z</time>
			</trkpt>
			<trkpt lat="19.108220" lon="98.800887">
				<ele>431.823790</ele>
				<time>2018-02-12T01:17:03Z</time>
			</trkpt>
			<trkpt lat="19.108425" lon="98.800637">
				<ele>432.257968</ele>
				<time>2018-02-12T01:17:05Z</time>
			</trkpt>
			<trkpt lat="19.108621" lon="98.800405">
				<ele>432.391908</ele>
				<time>2018-02-12T01:17:07Z</time>
			</trkpt>
			<trkpt lat="19.108789" lon="98.800195">
				<ele>432.242179</ele>
				<time>2018-02-12T01:17:09Z</time>
			</trkpt>
			<trkpt lat="19.108902" lon="98.799954">
				<ele>431.808684</ele>
				<time>2018-02-12T01:17:11Z</time>
			</trkpt>
			<trkpt lat="19.109017" lon="98.799661">
				<ele>431.546019</ele>
				<time>2018-02-12T01:17:13Z</time>
			</trkpt>
			<trkpt lat="19.109156" lon="98.799345">
				<ele>431.617169</ele>
				<time>2018-02-12T01:17:15Z</time>
			</trkpt>
			<trkpt lat="19.109257" lon="98.799039">
				<ele>431.387234</ele>
				<time>2018-02-12T01:17:17Z</time>
			</trkpt>
			<trkpt lat="19.109390" lon="98.798720">
				<ele>431.326927</ele>
				<time>2018-02-12T01:17:19Z</time>
			</trkpt>
			<trkpt lat="19.109548" lon="98.798418">
				<ele>431.783729</ele>
				<time>2018-02-12T01:17:21Z</time>
			</trkpt>
			<trkpt lat="19.109730" lon="98.798104">
				<ele>431.263017</ele>
				<time>2018-02-12T01:17:23Z</time>
			</trkpt>
			<trkpt lat="19.109870" lon="98.797790">
				<ele>431.535850</ele>
				<time>2018-02-12T01:17:25Z</time>
			</trkpt>
			<trkpt lat="19.109947" lon="98.797447">
				<ele>431.596393</ele>
				<time>2018-02-12T01:17:27Z</time>
			</trkpt>
			<trkpt lat="19.109964" lon="98.797113">
				<ele>431.573580</ele>
				<time>2018-02-12T01:17:29Z</time>
			</trkpt>
			<trkpt lat="19.109930" lon="98.796823">
				<ele>431.650053</ele>
				<time>2018-02-12T01:17:31Z</time>
			</trkpt>
			<trkpt lat="19.109856" lon="98.796512">
				<ele>432.384578</ele>
				<time>2018-02-12T01:17:33Z</time>
			</trkpt>
			<trkpt lat="19.109799" lon="98.796230">
				<ele>432.485431</ele>
				<time>2018-02-12T01:17:35Z</time>
			</trkpt>
			<trkpt lat="19.109844" lon="98.795960">
				<ele>433.111428</ele>
				<time>2018-02-12T01:17:37Z</time>
			</trkpt>
			<trkpt lat="19.109962" lon="98.795695">
				<ele>435.028125</ele>
				<time>2018-02-12T01:17:39Z</time>
			</trkpt>
			<trkpt lat="19.110104" lon="98.795446">
				<ele>436.255156</ele>
				<time>2018-02-12T01:17:41Z</time>
			</trkpt>
			<trkpt lat="19.110236" lon="98.795225">
				<ele>436.560192</ele>
				<time>2018-02-12T01:17:43Z</time>
			</trkpt>
			<trkpt lat="19.110348" lon="98.795021">
				<ele>437.041776</ele>
				<time>2018-02-12T01:17:45Z</time>
			</trkpt>
			<trkpt lat="19.110463" lon="98.794804">
				<ele>436.985206</ele>
				<time>2018-02-12T01:17:47Z</time>
			</trkpt>
			<trkpt lat="19.110596" lon="98.794593">
				<ele>436.701434</ele>
				<time>2018-02-12T01:17:49Z</time>
			</trkpt>
			<trkpt lat="19.110773" lon="98.794369">
				<ele>436.347330</ele>
				<time>2018-02-12T01:17:51Z</time>
			</trkpt>
			<trkpt lat="19.110995" lon="98.794148">
				<ele>436.313950</ele>
				<time>2018-02-12T01:17:53Z</time>
			</trkpt>
			<trkpt lat="19.111228" lon="98.793965">
				<ele>435.164732</ele>
				<time>2018-02-12T01:17:55Z</time>
			</trkpt>
			<trkpt lat="19.111458" lon="98.793782">
				<ele>435.011569</ele>
				<time>2018-02-12T01:17:57Z</time>
			</trkpt>
			<trkpt lat="19.111687" lon="98.793567">
				<ele>434.259881</ele>
				<time>2018-02-12T01:17:59Z</time>
			</trkpt>
			<trkpt lat="19.111882" lon="98.793296">
				<ele>434.578401</ele>
				<time>2018-02-12T01:18:01Z</time>
			</trkpt>
			<trkpt lat="19.112041" lon="98.793016">
				<ele>434.286345</ele>
				<time>2018-02-12T01:18:03Z</time>
			</trkpt>
			<trkpt lat="19.112171" lon="98.792717">
				<ele>434.298594</ele>
				<time>2018-02-12T01:18:05Z</time>
			</trkpt>
			<trkpt lat="19.112276" lon="98.792402">
				<ele>434.882819</ele>
				<time>2018-02-12T01:18:07Z</time>
			</trkpt>
			<trkpt lat="19.112374" lon="98.792084">
				<ele>436.314804</ele>
				<time>2018-02-12T01:18:09Z</time>
			</trkpt>
			<trkpt lat="19.112458" lon="98.791914">
				<ele>436.997987</ele>
				<time>2018-02-12T01:18:10Z</time>
			</trkpt>
			<trkpt lat="19.112661" lon="98.791599">
				<ele>438.108254</ele>
				<time>2018-02-12T01:18:12Z</time>
			</trkpt>
			<trkpt lat="19.112763" lon="98.791442">
				<ele>437.844424</ele>
				<time>2018-02-12T01:18:13Z</time>
			</trkpt>
			<trkpt lat="19.112866" lon="98.791281">
				<ele>437.855158</ele>
				<time>2018-02-12T01:18:14Z</time>
			</trkpt>
			<trkpt lat="19.113062" lon="98.790957">
				<ele>439.112711</ele>
				<time>2018-02-12T01:18:16Z</time>
			</trkpt>
			<trkpt lat="19.113151" lon="98.790789">
				<ele>440.527657</ele>
				<time>2018-02-12T01:18:17Z</time>
			</trkpt>
			<trkpt lat="19.113255" lon="98.790619">
				<ele>441.433660</ele>
				<time>2018-02-12T01:18:18Z</time>
			</trkpt>
			<trkpt lat="19.113351" lon="98.790449">
				<ele>441.332575</ele>
				<time>2018-02-12T01:18:19Z</time>
			</trkpt>
			<trkpt lat="19.113461" lon="98.790280">
				<ele>443.530537</ele>
				<time>2018-02-12T01:18:20Z</time>
			</trkpt>
			<trkpt lat="19.113561" lon="98.790099">
				<ele>444.064618</ele>
				<time>2018-02-12T01:18:21Z</time>
			</trkpt>
			<trkpt lat="19.113651" lon="98.789931">
				<ele>445.332468</ele>
				<time>2018-02-12T01:18:22Z</time>
			</trkpt>
			<trkpt lat="19.113737" lon="98.789764">
				<ele>446.924114</ele>
				<time>2018-02-12T01:18:23Z</time>
			</trkpt>
			<trkpt lat="19.113859" lon="98.789437">
				<ele>447.170929</ele>
				<time>2018-02-12T01:18:25Z</time>
			</trkpt>
			<trkpt lat="19.113973" lon="98.789112">
				<ele>448.336956</ele>
				<time>2018-02-12T01:18:27Z</time>
			</trkpt>
			<trkpt lat="19.114068" lon="98.788757">
				<ele>449.197582</ele>
				<time>2018-02-12T01:18:29Z</time>
			</trkpt>
			<trkpt lat="19.114116" lon="98.788573">
				<ele>449.122604</ele>
				<time>2018-02-12T01:18:30Z</time>
			</trkpt>
			<trkpt lat="19.114160" lon="98.788381">
				<ele>449.489039</ele>
				<time>2018-02-12T01:18:31Z</time>
			</trkpt>
			<trkpt lat="19.114205" lon="98.788196">
				<ele>450.060816</ele>
				<time>2018-02-12T01:18:32Z</time>
			</trkpt>
			<trkpt lat="19.114283" lon="98.788002">
				<ele>450.708231</ele>
				<time>2018-02-12T01:18:33Z</time>
			</trkpt>
			<trkpt lat="19.114352" lon="98.787821">
				<ele>450.687095</ele>
				<time>2018-02-12T01:18:34Z</time>
			</trkpt>
			<trkpt lat="19.114428" lon="98.787639">
				<ele>451.671116</ele>
				<time>2018-02-12T01:18:35Z</time>
			</trkpt>
			<trkpt lat="19.114558" lon="98.787482">
				<ele>451.495803</ele>
				<time>2018-02-12T01:18:36Z</time>
			</trkpt>
			<trkpt lat="19.114764" lon="98.787174">
				<ele>451.555162</ele>
				<time>2018-02-12T01:18:38Z</time>
			</trkpt>
			<trkpt lat="19.114873" lon="98.787011">
				<ele>451.202952</ele>
				<time>2018-02-12T01:18:39Z</time>
			</trkpt>
			<trkpt lat="19.115045" lon="98.786700">
				<ele>451.868076</ele>
				<time>2018-02-12T01:18:41Z</time>
			</trkpt>
			<trkpt lat="19.115148" lon="98.786387">
				<ele>451.145514</ele>
				<time>2018-02-12T01:18:43Z</time>
			</trkpt>
			<trkpt lat="19.115253" lon="98.786084">
				<ele>451.933564</ele>
				<time>2018-02-12T01:18:45Z</time>
			</trkpt>
			<trkpt lat="19.115333" lon="98.785847">
				<ele>452.496588</ele>
				<time>2018-02-12T01:18:47Z</time>
			</trkpt>
			<trkpt lat="19.115425" lon="98.785617">
				<ele>452.733534</ele>
				<time>2018-02-12T01:18:49Z</time>
			</trkpt>
			<trkpt lat="19.115496" lon="98.785407">
				<ele>453.353498</ele>
				<time>2018-02-12T01:18:51Z</time>
			</trkpt>
			<trkpt lat="19.115577" lon="98.785177">
				<ele>453.416377</ele>
				<time>2018-02-12T01:18:53Z</time>
			</trkpt>
			<trkpt lat="19.115652" lon="98.784934">
				<ele>454.421946</ele>
				<time>2018-02-12T01:18:55Z</time>
			</trkpt>
			<trkpt lat="19.115746" lon="98.784676">
				<ele>455.563745</ele>
				<time>2018-02-12T01:18:57Z</time>
			</trkpt>
			<trkpt lat="19.115853" lon="98.784399">
				<ele>457.491219</ele>
				<time>2018-02-12T01:18:59Z</time>
			</trkpt>
			<trkpt lat="19.116028" lon="98.784119">
				<ele>457.754186</ele>
				<time>2018-02-12T01:19:01Z</time>
			</trkpt>
			<trkpt lat="19.116222" lon="98.783854">
				<ele>459.383388</ele>
				<time>2018-02-12T01:19:03Z</time>
			</trkpt>
			<trkpt lat="19.116457" lon="98.783596">
				<ele>460.859739</ele>
				<time>2018-02-12T01:19:05Z</time>
			</trkpt>
			<trkpt lat="19.116699" lon="98.783336">
				<ele>462.011974</ele>
				<time>2018-02-12T01:19:07Z</time>
			</trkpt>
			<trkpt lat="19.116953" lon="98.783050">
				<ele>463.019097</ele>
				<time>2018-02-12T01:19:09Z</time>
			</trkpt>
			<trkpt lat="19.117207" lon="98.782778">
				<ele>464.970746</ele>
				<time>2018-02-12T01:19:11Z</time>
			</trkpt>
			<trkpt lat="19.117343" lon="98.782646">
				<ele>464.998764</ele>
				<time>2018-02-12T01:19:12Z</time>
			</trkpt>
			<trkpt lat="19.117485" lon="98.782519">
				<ele>465.434754</ele>
				<time>2018-02-12T01:19:13Z</time>
			</trkpt>
			<trkpt lat="19.117779" lon="98.782287">
				<ele>467.982155</ele>
				<time>2018-02-12T01:19:15Z</time>
			</trkpt>
			<trkpt lat="19.117940" lon="98.782165">
				<ele>467.425305</ele>
				<time>2018-02-12T01:19:16Z</time>
			</trkpt>
			<trkpt lat="19.118122" lon="98.782046">
				<ele>469.476287</ele>
				<time>2018-02-12T01:19:17Z</time>
			</trkpt>
			<trkpt lat="19.118282" lon="98.781926">
				<ele>470.448988</ele>
				<time>2018-02-12T01:19:18Z</time>
			</trkpt>
			<trkpt lat="19.118453" lon="98.781793">
				<ele>470.756474</ele>
				<time>2018-02-12T01:19:19Z</time>
			</trkpt>
			<trkpt lat="19.118616" lon="98.781679">
				<ele>472.198816</ele>
				<time>2018-02-12T01:19:20Z</time>
			</trkpt>
			<trkpt lat="19.118786" lon="98.781557">
				<ele>472.894320</ele>
				<time>2018-02-12T01:19:21Z</time>
			</trkpt>
			<trkpt lat="19.118954" lon="98.781437">
				<ele>474.037965</ele>
				<time>2018-02-12T01:19:22Z</time>
			</trkpt>
			<trkpt lat="19.119116" lon="98.781317">
				<ele>474.374908</ele>
				<time>2018-02-12T01:19:23Z</time>
			</trkpt>
			<trkpt lat="19.119286" lon="98.781205">
				<ele>474.834499</ele>
				<time>2018-02-12T01:19:24Z</time>
			</trkpt>
			<trkpt lat="19.119451" lon="98.781098">
				<ele>474.718787</ele>
				<time>2018-02-12T01:19:25Z</time>
			</trkpt>
			<trkpt lat="19.119634" lon="98.780991">
				<ele>476.048679</ele>
				<time>2018-02-12T01:19:26Z</time>
			</trkpt>
			<trkpt lat="19.119804" lon="98.780888">
				<ele>474.931971</ele>
				<time>2018-02-12T01:19:27Z</time>
			</trkpt>
			<trkpt lat="19.119978" lon="98.780781">
				<ele>476.450974</ele>
				<time>2018-02-12T01:19:28Z</time>
			</trkpt>
			<trkpt lat="19.120149" lon="98.780676">
				<ele>476.460642</ele>
				<time>2018-02-12T01:19:29Z</time>
			</trkpt>
			<trkpt lat="19.120318" lon="98.780571">
				<ele>477.575879</ele>
				<time>2018-02-12T01:19:30Z</time>
			</trkpt>
			<trkpt lat="19.120483" lon="98.780469">
				<ele>476.754093</ele>
				<time>2018-02-12T01:19:31Z</time>
			</trkpt>
			<trkpt lat="19.120658" lon="98.780362">
				<ele>477.312396</ele>
				<time>2018-02-12T01:19:32Z</time>
			</trkpt>
			<trkpt lat="19.120826" lon="98.780251">
				<ele>477.657007</ele>
				<time>2018-02-12T01:19:33Z</time>
			</trkpt>
			<trkpt lat="19.121000" lon="98.780147">
				<ele>478.007208</ele>
				<time>2018-02-12T01:19:34Z</time>
			</trkpt>
			<trkpt lat="19.121172" lon="98.780034">
				<ele>479.052102</ele>
				<time>2018-02-12T01:19:35Z</time>
			</trkpt>
			<trkpt lat="19.121334" lon="98.779931">
				<ele>480.010302</ele>
				<time>2018-02-12T01:19:36Z</time>
			</trkpt>
			<trkpt lat="19.121625" lon="98.779747">
				<ele>481.988999</ele>
				<time>2018-02-12T01:19:38Z</time>
			</trkpt>
			<trkpt lat="19.121890" lon="98.779561">
				<ele>485.955462</ele>
				<time>2018-02-12T01:19:40Z</time>
			</trkpt>
			<trkpt lat="19.122136" lon="98.779370">
				<ele>486.878421</ele>
				<time>2018-02-12T01:19:42Z</time>
			</trkpt>
			<trkpt lat="19.122397" lon="98.779151">
				<ele>489.879047</ele>
				<time>2018-02-12T01:19:44Z</time>
			</trkpt>
			<trkpt lat="19.122613" lon="98.778942">
				<ele>491.893293</ele>
				<time>2018-02-12T01:19:46Z</time>
			</trkpt>
			<trkpt lat="19.122820" lon="98.778716">
				<ele>493.774408</ele>
				<time>2018-02-12T01:19:48Z</time>
			</trkpt>
			<trkpt lat="19.123048" lon="98.778494">
				<ele>497.359482</ele>
				<time>2018-02-12T01:19:50Z</time>
			</trkpt>
			<trkpt lat="19.123169" lon="98.778231">
				<ele>500.668125</ele>
				<time>2018-02-12T01:19:52Z</time>
			</trkpt>
			<trkpt lat="19.123247" lon="98.777973">
				<ele>502.717806</ele>
				<time>2018-02-12T01:19:54Z</time>
			</trkpt>
			<trkpt lat="19.123290" lon="98.777717">
				<ele>507.203573</ele>
				<time>2018-02-12T01:19:56Z</time>
			</trkpt>
			<trkpt lat="19.123324" lon="98.777420">
				<ele>511.560837</ele>
				<time>2018-02-12T01:19:58Z</time>
			</trkpt>
			<trkpt lat="19.123357" lon="98.777095">
				<ele>514.741682</ele>
				<time>2018-02-12T01:20:00Z</time>
			</trkpt>
			<trkpt lat="19.123424" lon="98.776772">
				<ele>519.072378</ele>
				<time>2018-02-12T01:20:02Z</time>
			</trkpt>
			<trkpt lat="19.123470" lon="98.776415">
				<ele>524.797533</ele>
				<time>2018-02-12T01:20:04Z</time>
			</trkpt>
			<trkpt lat="19.123554" lon="98.776225">
				<ele>526.302735</ele>
				<time>2018-02-12T01:20:05Z</time>
			</trkpt>
			<trkpt lat="19.123605" lon="98.776039">
				<ele>528.722468</ele>
				<time>2018-02-12T01:20:06Z</time>
			</trkpt>
			<trkpt lat="19.123662" lon="98.775841">
				<ele>532.002314</ele>
				<time>2018-02-12T01:20:07Z</time>
			</trkpt>
			<trkpt lat="19.123714" lon="98.775647">
				<ele>533.550408</ele>
				<time>2018-02-12T01:20:08Z</time>
			</trkpt>
			<trkpt lat="19.123821" lon="98.775419">
				<ele>533.382573</ele>
				<time>2018-02-12T01:20:09Z</time>
			</trkpt>
			<trkpt lat="19.123883" lon="98.775213">
				<ele>536.030731</ele>
				<time>2018-02-12T01:20:10Z</time>
			</trkpt>
			<trkpt lat="19.123960" lon="98.774988">
				<ele>536.949335</ele>
				<time>2018-02-12T01:20:11Z</time>
			</trkpt>
			<trkpt lat="19.124021" lon="98.774769">
				<ele>538.803956</ele>
				<time>2018-02-12T01:20:12Z</time>
			</trkpt>
			<trkpt lat="19.124097" lon="98.774528">
				<ele>540.673024</ele>
				<time>2018-02-12T01:20:13Z</time>
			</trkpt>
			<trkpt lat="19.124162" lon="98.774319">
				<ele>542.674811</ele>
				<time>2018-02-12T01:20:14Z</time>
			</trkpt>
			<trkpt lat="19.124218" lon="98.774117">
				<ele>543.205177</ele>
				<time>2018-02-12T01:20:15Z</time>
			</trkpt>
			<trkpt lat="19.124273" lon="98.773918">
				<ele>546.447208</ele>
				<time>2018-02-12T01:20:16Z</time>
			</trkpt>
			<trkpt lat="19.124386" lon="98.773549">
				<ele>549.881260</ele>
				<time>2018-02-12T01:20:18Z</time>
			</trkpt>
			<trkpt lat="19.124481" lon="98.773189">
				<ele>555.137425</ele>
				<time>2018-02-12T01:20:20Z</time>
			</trkpt>
			<trkpt lat="19.124547" lon="98.772871">
				<ele>559.004265</ele>
				<time>2018-02-12T01:20:22Z</time>
			</trkpt>
			<trkpt lat="19.124597" lon="98.772598">
				<ele>560.707052</ele>
				<time>2018-02-12T01:20:24Z</time>
			</trkpt>
			<trkpt lat="19.124606" lon="98.772325">
				<ele>564.317190</ele>
				<time>2018-02-12T01:20:26Z</time>
			</trkpt>
			<trkpt lat="19.124564" lon="98.772066">
				<ele>568.020524</ele>
				<time>2018-02-12T01:20:28Z</time>
			</trkpt>
			<trkpt lat="19.124473" lon="98.771800">
				<ele>569.766311</ele>
				<time>2018-02-12T01:20:30Z</time>
			</trkpt>
			<trkpt lat="19.124297" lon="98.771602">
				<ele>571.936463</ele>
				<time>2018-02-12T01:20:32Z</time>
			</trkpt>
			<trkpt lat="19.124094" lon="98.771530">
				<ele>576.814206</ele>
				<time>2018-02-12T01:20:34Z</time>
			</trkpt>
			<trkpt lat="19.123895" lon="98.771518">
				<ele>577.632925</ele>
				<time>2018-02-12T01:20:36Z</time>
			</trkpt>
			<trkpt lat="19.123703" lon="98.771480">
				<ele>582.023582</ele>
				<time>2018-02-12T01:20:38Z</time>
			</trkpt>
			<trkpt lat="19.123500" lon="98.771353">
				<ele>583.200358</ele>
				<time>2018-02-12T01:20:40Z</time>
			</trkpt>
			<trkpt lat="19.123495" lon="98.771106">
				<ele>586.277768</ele>
				<time>2018-02-12T01:20:42Z</time>
			</trkpt>
			<trkpt lat="19.123496" lon="98.770849">
				<ele>590.425627</ele>
				<time>2018-02-12T01:20:44Z</time>
			</trkpt>
			<trkpt lat="19.123450" lon="98.770596">
				<ele>592.966953</ele>
				<time>2018-02-12T01:20:46Z</time>
			</trkpt>
			<trkpt lat="19.123375" lon="98.770328">
				<ele>596.020006</ele>
				<time>2018-02-12T01:20:48Z</time>
			</trkpt>
			<trkpt lat="19.123294" lon="98.770077">
				<ele>599.604170</ele>
				<time>2018-02-12T01:20:50Z</time>
			</trkpt>
			<trkpt lat="19.123247" lon="98.769860">
				<ele>601.150726</ele>
				<time>2018-02-12T01:20:52Z</time>
			</trkpt>
			<trkpt lat="19.123296" lon="98.769659">
				<ele>601.068879</ele>
				<time>2018-02-12T01:20:54Z</time>
			</trkpt>
			<trkpt lat="19.123473" lon="98.769512">
				<ele>601.882130</ele>
				<time>2018-02-12T01:20:56Z</time>
			</trkpt>
			<trkpt lat="19.123776" lon="98.769488">
				<ele>605.017813</ele>
				<time>2018-02-12T01:20:59Z</time>
			</trkpt>
			<trkpt lat="19.124007" lon="98.769521">
				<ele>606.065155</ele>
				<time>2018-02-12T01:21:01Z</time>
			</trkpt>
			<trkpt lat="19.124318" lon="98.769504">
				<ele>607.918507</ele>
				<time>2018-02-12T01:21:03Z</time>
			</trkpt>
			<trkpt lat="19.124501" lon="98.769454">
				<ele>610.319142</ele>
				<time>2018-02-12T01:21:05Z</time>
			</trkpt>
			<trkpt lat="19.124644" lon="98.769328">
				<ele>612.116086</ele>
				<time>2018-02-12T01:21:07Z</time>
			</trkpt>
			<trkpt lat="19.124713" lon="98.769108">
				<ele>615.332325</ele>
				<time>2018-02-12T01:21:09Z</time>
			</trkpt>
			<trkpt lat="19.124758" lon="98.768831">
				<ele>618.125751</ele>
				<time>2018-02-12T01:21:11Z</time>
			</trkpt>
			<trkpt lat="19.124817" lon="98.768482">
				<ele>621.867281</ele>
				<time>2018-02-12T01:21:13Z</time>
			</trkpt>
			<trkpt lat="19.124969" lon="98.768164">
				<ele>624.116681</ele>
				<time>2018-02-12T01:21:15Z</time>
			</trkpt>
			<trkpt lat="19.124986" lon="98.767901">
				<ele>625.254419</ele>
				<time>2018-02-12T01:21:17Z</time>
			</trkpt>
			<trkpt lat="19.124828" lon="98.767612">
				<ele>629.466479</ele>
				<time>2018-02-12T01:21:19Z</time>
			</trkpt>
			<trkpt lat="19.124689" lon="98.767307">
				<ele>633.574543</ele>
				<time>2018-02-12T01:21:21Z</time>
			</trkpt>
			<trkpt lat="19.124602" lon="98.766983">
				<ele>633.836508</ele>
				<time>2018-02-12T01:21:23Z</time>
			</trkpt>
			<trkpt lat="19.124577" lon="98.766652">
				<ele>637.410580</ele>
				<time>2018-02-12T01:21:25Z</time>
			</trkpt>
			<trkpt lat="19.124634" lon="98.766303">
				<ele>639.110559</ele>
				<time>2018-02-12T01:21:27Z</time>
			</trkpt>
			<trkpt lat="19.124665" lon="98.765984">
				<ele>640.642830</ele>
				<time>2018-02-12T01:21:29Z</time>
			</trkpt>
			<trkpt lat="19.124784" lon="98.765663">
				<ele>643.899794</ele>
				<time>2018-02-12T01:21:31Z</time>
			</trkpt>
			<trkpt lat="19.124900" lon="98.765423">
				<ele>647.738968</ele>
				<time>2018-02-12T01:21:33Z</time>
			</trkpt>
			<trkpt lat="19.125042" lon="98.765270">
				<ele>650.411264</ele>
				<time>2018-02-12T01:21:35Z</time>
			</trkpt>
			<trkpt lat="19.125240" lon="98.765189">
				<ele>652.427046</ele>
				<time>2018-02-12T01:21:37Z</time>
			</trkpt>
			<trkpt lat="19.125473" lon="98.765187">
				<ele>655.652090</ele>
				<time>2018-02-12T01:21:39Z</time>
			</trkpt>
			<trkpt lat="19.125738" lon="98.765177">
				<ele>658.255531</ele>
				<time>2018-02-12T01:21:42Z</time>
			</trkpt>
			<trkpt lat="19.125766" lon="98.764961">
				<ele>663.144891</ele>
				<time>2018-02-12T01:21:46Z</time>
			</trkpt>
			<trkpt lat="19.125592" lon="98.764833">
				<ele>666.572316</ele>
				<time>2018-02-12T01:21:49Z</time>
			</trkpt>
			<trkpt lat="19.125428" lon="98.764730">
				<ele>669.270519</ele>
				<time>2018-02-12T01:21:51Z</time>
			</trkpt>
			<trkpt lat="19.125259" lon="98.764590">
				<ele>671.176146</ele>
				<time>2018-02-12T01:21:53Z</time>
			</trkpt>
			<trkpt lat="19.125091" lon="98.764397">
				<ele>675.242932</ele>
				<time>2018-02-12T01:21:55Z</time>
			</trkpt>
			<trkpt lat="19.124954" lon="98.764161">
				<ele>678.502861</ele>
				<time>2018-02-12T01:21:57Z</time>
			</trkpt>
			<trkpt lat="19.124928" lon="98.763815">
				<ele>682.205549</ele>
				<time>2018-02-12T01:21:59Z</time>
			</trkpt>
			<trkpt lat="19.124895" lon="98.763477">
				<ele>685.454560</ele>
				<time>2018-02-12T01:22:01Z</time>
			</trkpt>
			<trkpt lat="19.124898" lon="98.763150">
				<ele>688.556309</ele>
				<time>2018-02-12T01:22:03Z</time>
			</trkpt>
			<trkpt lat="19.124891" lon="98.762840">
				<ele>689.867188</ele>
				<time>2018-02-12T01:22:05Z</time>
			</trkpt>
			<trkpt lat="19.124863" lon="98.762584">
				<ele>691.065818</ele>
				<time>2018-02-12T01:22:07Z</time>
			</trkpt>
			<trkpt lat="19.124825" lon="98.762338">
				<ele>691.796214</ele>
				<time>2018-02-12T01:22:09Z</time>
			</trkpt>
			<trkpt lat="19.124785" lon="98.762067">
				<ele>691.991724</ele>
				<time>2018-02-12T01:22:11Z</time>
			</trkpt>
			<trkpt lat="19.124722" lon="98.761822">
				<ele>690.902225</ele>
				<time>2018-02-12T01:22:13Z</time>
			</trkpt>
			<trkpt lat="19.124588" lon="98.761651">
				<ele>689.752266</ele>
				<time>2018-02-12T01:22:15Z</time>
			</trkpt>
			<trkpt lat="19.124421" lon="98.761539">
				<ele>688.497634</ele>
				<time>2018-02-12T01:22:17Z</time>
			</trkpt>
			<trkpt lat="19.124243" lon="98.761459">
				<ele>687.017069</ele>
				<time>2018-02-12T01:22:19Z</time>
			</trkpt>
			<trkpt lat="19.124077" lon="98.761379">
				<ele>684.111724</ele>
				<time>2018-02-12T01:22:21Z</time>
			</trkpt>
			<trkpt lat="19.123943" lon="98.761204">
				<ele>680.928452</ele>
				<time>2018-02-12T01:22:24Z</time>
			</trkpt>
			<trkpt lat="19.124024" lon="98.760941">
				<ele>677.211347</ele>
				<time>2018-02-12T01:22:27Z</time>
			</trkpt>
			<trkpt lat="19.124233" lon="98.760818">
				<ele>673.502284</ele>
				<time>2018-02-12T01:22:30Z</time>
			</trkpt>
			<trkpt lat="19.124447" lon="98.760841">
				<ele>671.447510</ele>
				<time>2018-02-12T01:22:32Z</time>
			</trkpt>
			<trkpt lat="19.124631" lon="98.760851">
				<ele>669.040657</ele>
				<time>2018-02-12T01:22:34Z</time>
			</trkpt>
			<trkpt lat="19.124818" lon="98.760784">
				<ele>666.583502</ele>
				<time>2018-02-12T01:22:36Z</time>
			</trkpt>
			<trkpt lat="19.125005" lon="98.760676">
				<ele>665.278810</ele>
				<time>2018-02-12T01:22:38Z</time>
			</trkpt>
			<trkpt lat="19.125099" lon="98.760432">
				<ele>663.931704</ele>
				<time>2018-02-12T01:22:40Z</time>
			</trkpt>
			<trkpt lat="19.125228" lon="98.760164">
				<ele>663.473300</ele>
				<time>2018-02-12T01:22:42Z</time>
			</trkpt>
			<trkpt lat="19.125406" lon="98.759938">
				<ele>664.299103</ele>
				<time>2018-02-12T01:22:44Z</time>
			</trkpt>
			<trkpt lat="19.125637" lon="98.759755">
				<ele>665.615685</ele>
				<time>2018-02-12T01:22:46Z</time>
			</trkpt>
			<trkpt lat="19.125857" lon="98.759617">
				<ele>666.233591</ele>
				<time>2018-02-12T01:22:48Z</time>
			</trkpt>
			<trkpt lat="19.126029" lon="98.759406">
				<ele>667.729245</ele>
				<time>2018-02-12T01:22:50Z</time>
			</trkpt>
			<trkpt lat="19.126151" lon="98.759160">
				<ele>668.882118</ele>
				<time>2018-02-12T01:22:52Z</time>
			</trkpt>
			<trkpt lat="19.126255" lon="98.758845">
				<ele>669.463411</ele>
				<time>2018-02-12T01:22:54Z</time>
			</trkpt>
			<trkpt lat="19.126305" lon="98.758656">
				<ele>668.525807</ele>
				<time>2018-02-12T01:22:55Z</time>
			</trkpt>
			<trkpt lat="19.126351" lon="98.758452">
				<ele>668.945920</ele>
				<time>2018-02-12T01:22:56Z</time>
			</trkpt>
			<trkpt lat="19.126394" lon="98.758243">
				<ele>669.466905</ele>
				<time>2018-02-12T01:22:57Z</time>
			</trkpt>
			<trkpt lat="19.126427" lon="98.758034">
				<ele>669.637516</ele>
				<time>2018-02-12T01:22:58Z</time>
			</trkpt>
			<trkpt lat="19.126449" lon="98.757816">
				<ele>669.743553</ele>
				<time>2018-02-12T01:22:59Z</time>
			</trkpt>
			<trkpt lat="19.126495" lon="98.757597">
				<ele>670.294776</ele>
				<time>2018-02-12T01:23:00Z</time>
			</trkpt>
			<trkpt lat="19.126521" lon="98.757371">
				<ele>671.406035</ele>
				<time>2018-02-12T01:23:01Z</time>
			</trkpt>
			<trkpt lat="19.126548" lon="98.757151">
				<ele>671.632771</ele>
				<time>2018-02-12T01:23:02Z</time>
			</trkpt>
			<trkpt lat="19.126587" lon="98.756953">
				<ele>670.773328</ele>
				<time>2018-02-12T01:23:03Z</time>
			</trkpt>
			<trkpt lat="19.126603" lon="98.756741">
				<ele>671.204587</ele>
				<time>2018-02-12T01:23:04Z</time>
			</trkpt>
			<trkpt lat="19.126622" lon="98.756526">
				<ele>669.549908</ele>
				<time>2018-02-12T01:23:05Z</time>
			</trkpt>
			<trkpt lat="19.126645" lon="98.756314">
				<ele>669.789421</ele>
				<time>2018-02-12T01:23:06Z</time>
			</trkpt>
			<trkpt lat="19.126663" lon="98.756110">
				<ele>668.963485</ele>
				<time>2018-02-12T01:23:07Z</time>
			</trkpt>
			<trkpt lat="19.126726" lon="98.755782">
				<ele>669.979177</ele>
				<time>2018-02-12T01:23:09Z</time>
			</trkpt>
			<trkpt lat="19.126723" lon="98.755488">
				<ele>669.717645</ele>
				<time>2018-02-12T01:23:11Z</time>
			</trkpt>
			<trkpt lat="19.126643" lon="98.755131">
				<ele>669.593938</ele>
				<time>2018-02-12T01:23:13Z</time>
			</trkpt>
			<trkpt lat="19.126548" lon="98.754958">
				<ele>669.576231</ele>
				<time>2018-02-12T01:23:14Z</time>
			</trkpt>
			<trkpt lat="19.126377" lon="98.754631">
				<ele>670.252872</ele>
				<time>2018-02-12T01:23:16Z</time>
			</trkpt>
			<trkpt lat="19.126226" lon="98.754369">
				<ele>671.564163</ele>
				<time>2018-02-12T01:23:18Z</time>
			</trkpt>
			<trkpt lat="19.126125" lon="98.754083">
				<ele>672.803551</ele>
				<time>2018-02-12T01:23:20Z</time>
			</trkpt>
			<trkpt lat="19.126157" lon="98.753739">
				<ele>673.638201</ele>
				<time>2018-02-12T01:23:22Z</time>
			</trkpt>
			<trkpt lat="19.126209" lon="98.753350">
				<ele>675.366251</ele>
				<time>2018-02-12T01:23:24Z</time>
			</trkpt>
			<trkpt lat="19.126241" lon="98.753130">
				<ele>675.553377</ele>
				<time>2018-02-12T01:23:25Z</time>
			</trkpt>
			<trkpt lat="19.126285" lon="98.752904">
				<ele>674.675114</ele>
				<time>2018-02-12T01:23:26Z</time>
			</trkpt>
			<trkpt lat="19.126321" lon="98.752669">
				<ele>675.828680</ele>
				<time>2018-02-12T01:23:27Z</time>
			</trkpt>
			<trkpt lat="19.126344" lon="98.752425">
				<ele>677.758447</ele>
				<time>2018-02-12T01:23:28Z</time>
			</trkpt>
			<trkpt lat="19.126372" lon="98.752183">
				<ele>676.513075</ele>
				<time>2018-02-12T01:23:29Z</time>
			</trkpt>
			<trkpt lat="19.126423" lon="98.751941">
				<ele>676.289904</ele>
				<time>2018-02-12T01:23:30Z</time>
			</trkpt>
			<trkpt lat="19.126432" lon="98.751741">
				<ele>675.927563</ele>
				<time>2018-02-12T01:23:31Z</time>
			</trkpt>
			<trkpt lat="19.126441" lon="98.751392">
				<ele>676.477819</ele>
				<time>2018-02-12T01:23:33Z</time>
			</trkpt>
			<trkpt lat="19.126455" lon="98.751166">
				<ele>676.963002</ele>
				<time>2018-02-12T01:23:34Z</time>
			</trkpt>
			<trkpt lat="19.126475" lon="98.750960">
				<ele>676.721497</ele>
				<time>2018-02-12T01:23:35Z</time>
			</trkpt>
			<trkpt lat="19.126457" lon="98.750748">
				<ele>676.684552</ele>
				<time>2018-02-12T01:23:36Z</time>
			</trkpt>
			<trkpt lat="19.126426" lon="98.750549">
				<ele>676.766713</ele>
				<time>2018-02-12T01:23:37Z</time>
			</trkpt>
			<trkpt lat="19.126403" lon="98.750337">
				<ele>677.979391</ele>
				<time>2018-02-12T01:23:38Z</time>
			</trkpt>
			<trkpt lat="19.126368" lon="98.750124">
				<ele>678.891080</ele>
				<time>2018-02-12T01:23:39Z</time>
			</trkpt>
			<trkpt lat="19.126340" lon="98.749913">
				<ele>678.330785</ele>
				<time>2018-02-12T01:23:40Z</time>
			</trkpt>
			<trkpt lat="19.126327" lon="98.749716">
				<ele>678.934451</ele>
				<time>2018-02-12T01:23:41Z</time>
			</trkpt>
			<trkpt lat="19.126292" lon="98.749399">
				<ele>679.527290</ele>
				<time>2018-02-12T01:23:43Z</time>
			</trkpt>
			<trkpt lat="19.126242" lon="98.749102">
				<ele>679.045049</ele>
				<time>2018-02-12T01:23:45Z</time>
			</trkpt>
			<trkpt lat="19.126144" lon="98.748838">
				<ele>682.359138</ele>
				<time>2018-02-12T01:23:47Z</time>
			</trkpt>
			<trkpt lat="19.125923" lon="98.748633">
				<ele>683.154431</ele>
				<time>2018-02-12T01:23:49Z</time>
			</trkpt>
			<trkpt lat="19.125671" lon="98.748437">
				<ele>686.613899</ele>
				<time>2018-02-12T01:23:51Z</time>
			</trkpt>
			<trkpt lat="19.125374" lon="98.748289">
				<ele>690.029689</ele>
				<time>2018-02-12T01:23:53Z</time>
			</trkpt>
			<trkpt lat="19.125032" lon="98.748222">
				<ele>692.452732</ele>
				<time>2018-02-12T01:23:55Z</time>
			</trkpt>
			<trkpt lat="19.124692" lon="98.748152">
				<ele>697.615695</ele>
				<time>2018-02-12T01:23:57Z</time>
			</trkpt>
			<trkpt lat="19.124389" lon="98.748106">
				<ele>700.948593</ele>
				<time>2018-02-12T01:23:59Z</time>
			</trkpt>
			<trkpt lat="19.124148" lon="98.747992">
				<ele>701.914034</ele>
				<time>2018-02-12T01:24:01Z</time>
			</trkpt>
			<trkpt lat="19.123927" lon="98.747782">
				<ele>703.489322</ele>
				<time>2018-02-12T01:24:03Z</time>
			</trkpt>
			<trkpt lat="19.123796" lon="98.747535">
				<ele>704.272682</ele>
				<time>2018-02-12T01:24:05Z</time>
			</trkpt>
			<trkpt lat="19.123689" lon="98.747308">
				<ele>704.551521</ele>
				<time>2018-02-12T01:24:07Z</time>
			</trkpt>
			<trkpt lat="19.123729" lon="98.747071">
				<ele>706.736471</ele>
				<time>2018-02-12T01:24:09Z</time>
			</trkpt>
			<trkpt lat="19.123709" lon="98.746818">
				<ele>707.131934</ele>
				<time>2018-02-12T01:24:11Z</time>
			</trkpt>
			<trkpt lat="19.123641" lon="98.746612">
				<ele>709.258178</ele>
				<time>2018-02-12T01:24:13Z</time>
			</trkpt>
			<trkpt lat="19.123519" lon="98.746439">
				<ele>711.823525</ele>
				<time>2018-02-12T01:24:15Z</time>
			</trkpt>
			<trkpt lat="19.123425" lon="98.746261">
				<ele>712.390955</ele>
				<time>2018-02-12T01:24:17Z</time>
			</trkpt>
			<trkpt lat="19.123472" lon="98.746010">
				<ele>713.785477</ele>
				<time>2018-02-12T01:24:19Z</time>
			</trkpt>
			<trkpt lat="19.123621" lon="98.745890">
				<ele>714.100028</ele>
				<time>2018-02-12T01:24:20Z</time>
			</trkpt>
			<trkpt lat="19.123841" lon="98.745696">
				<ele>714.331399</ele>
				<time>2018-02-12T01:24:22Z</time>
			</trkpt>
			<trkpt lat="19.124140" lon="98.745601">
				<ele>715.743150</ele>
				<time>2018-02-12T01:24:24Z</time>
			</trkpt>
			<trkpt lat="19.124442" lon="98.745514">
				<ele>715.744001</ele>
				<time>2018-02-12T01:24:26Z</time>
			</trkpt>
			<trkpt lat="19.124646" lon="98.745476">
				<ele>715.367413</ele>
				<time>2018-02-12T01:24:28Z</time>
			</trkpt>
			<trkpt lat="19.124833" lon="98.745518">
				<ele>716.105001</ele>
				<time>2018-02-12T01:24:30Z</time>
			</trkpt>
			<trkpt lat="19.125009" lon="98.745639">
				<ele>717.447147</ele>
				<time>2018-02-12T01:24:32Z</time>
			</trkpt>
			<trkpt lat="19.124916" lon="98.745913">
				<ele>718.657168</ele>
				<time>2018-02-12T01:24:34Z</time>
			</trkpt>
			<trkpt lat="19.124757" lon="98.746202">
				<ele>721.377668</ele>
				<time>2018-02-12T01:24:36Z</time>
			</trkpt>
			<trkpt lat="19.124779" lon="98.746417">
				<ele>723.129232</ele>
				<time>2018-02-12T01:24:38Z</time>
			</trkpt>
			<trkpt lat="19.124893" lon="98.746616">
				<ele>725.838361</ele>
				<time>2018-02-12T01:24:41Z</time>
			</trkpt>
			<trkpt lat="19.125116" lon="98.746581">
				<ele>728.343011</ele>
				<time>2018-02-12T01:24:44Z</time>
			</trkpt>
			<trkpt lat="19.125125" lon="98.746329">
				<ele>730.669972</ele>
				<time>2018-02-12T01:24:47Z</time>
			</trkpt>
			<trkpt lat="19.125161" lon="98.746111">
				<ele>730.697948</ele>
				<time>2018-02-12T01:24:49Z</time>
			</trkpt>
			<trkpt lat="19.125198" lon="98.745864">
				<ele>731.451325</ele>
				<time>2018-02-12T01:24:51Z</time>
			</trkpt>
			<trkpt lat="19.125204" lon="98.745586">
				<ele>734.221787</ele>
				<time>2018-02-12T01:24:53Z</time>
			</trkpt>
			<trkpt lat="19.125185" lon="98.745262">
				<ele>736.175633</ele>
				<time>2018-02-12T01:24:55Z</time>
			</trkpt>
			<trkpt lat="19.125130" lon="98.744970">
				<ele>739.760801</ele>
				<time>2018-02-12T01:24:57Z</time>
			</trkpt>
			<trkpt lat="19.125109" lon="98.744700">
				<ele>742.293342</ele>
				<time>2018-02-12T01:24:59Z</time>
			</trkpt>
			<trkpt lat="19.125117" lon="98.744457">
				<ele>746.318085</ele>
				<time>2018-02-12T01:25:01Z</time>
			</trkpt>
			<trkpt lat="19.125241" lon="98.744268">
				<ele>748.210288</ele>
				<time>2018-02-12T01:25:03Z</time>
			</trkpt>
			<trkpt lat="19.125407" lon="98.744103">
				<ele>750.621563</ele>
				<time>2018-02-12T01:25:05Z</time>
			</trkpt>
			<trkpt lat="19.125583" lon="98.744030">
				<ele>752.101732</ele>
				<time>2018-02-12T01:25:07Z</time>
			</trkpt>
			<trkpt lat="19.125754" lon="98.743878">
				<ele>752.233035</ele>
				<time>2018-02-12T01:25:09Z</time>
			</trkpt>
			<trkpt lat="19.125646" lon="98.743688">
				<ele>755.269580</ele>
				<time>2018-02-12T01:25:13Z</time>
			</trkpt>
			<trkpt lat="19.125367" lon="98.743604">
				<ele>757.941811</ele>
				<time>2018-02-12T01:25:16Z</time>
			</trkpt>
			<trkpt lat="19.125111" lon="98.743496">
				<ele>760.524529</ele>
				<time>2018-02-12T01:25:19Z</time>
			</trkpt>
			<trkpt lat="19.124939" lon="98.743341">
				<ele>762.849526</ele>
				<time>2018-02-12T01:25:21Z</time>
			</trkpt>
			<trkpt lat="19.124828" lon="98.743167">
				<ele>765.610154</ele>
				<time>2018-02-12T01:25:23Z</time>
			</trkpt>
			<trkpt lat="19.124955" lon="98.742919">
				<ele>769.345315</ele>
				<time>2018-02-12T01:25:25Z</time>
			</trkpt>
			<trkpt lat="19.125018" lon="98.742664">
				<ele>771.200763</ele>
				<time>2018-02-12T01:25:27Z</time>
			</trkpt>
			<trkpt lat="19.125043" lon="98.742372">
				<ele>774.689360</ele>
				<time>2018-02-12T01:25:30Z</time>
			</trkpt>
			<trkpt lat="19.125187" lon="98.742227">
				<ele>776.637393</ele>
				<time>2018-02-12T01:25:32Z</time>
			</trkpt>
			<trkpt lat="19.125205" lon="98.742036">
				<ele>780.602107</ele>
				<time>2018-02-12T01:25:36Z</time>
			</trkpt>
			<trkpt lat="19.124975" lon="98.742054">
				<ele>783.630204</ele>
				<time>2018-02-12T01:25:39Z</time>
			</trkpt>
			<trkpt lat="19.124778" lon="98.742105">
				<ele>785.856699</ele>
				<time>2018-02-12T01:25:41Z</time>
			</trkpt>
			<trkpt lat="19.124525" lon="98.742155">
				<ele>788.564774</ele>
				<time>2018-02-12T01:25:43Z</time>
			</trkpt>
			<trkpt lat="19.124249" lon="98.742114">
				<ele>790.966510</ele>
				<time>2018-02-12T01:25:45Z</time>
			</trkpt>
			<trkpt lat="19.124021" lon="98.742034">
				<ele>793.783795</ele>
				<time>2018-02-12T01:25:47Z</time>
			</trkpt>
			<trkpt lat="19.123808" lon="98.741842">
				<ele>796.224597</ele>
				<time>2018-02-12T01:25:49Z</time>
			</trkpt>
			<trkpt lat="19.123598" lon="98.741600">
				<ele>798.358295</ele>
				<time>2018-02-12T01:25:51Z</time>
			</trkpt>
			<trkpt lat="19.123475" lon="98.741283">
				<ele>801.362858</ele>
				<time>2018-02-12T01:25:53Z</time>
			</trkpt>
			<trkpt lat="19.123361" lon="98.741012">
				<ele>803.671138</ele>
				<time>2018-02-12T01:25:55Z</time>
			</trkpt>
			<trkpt lat="19.123331" lon="98.740748">
				<ele>804.265548</ele>
				<time>2018-02-12T01:25:57Z</time>
			</trkpt>
			<trkpt lat="19.123427" lon="98.740496">
				<ele>809.384711</ele>
				<time>2018-02-12T01:25:59Z</time>
			</trkpt>
			<trkpt lat="19.123553" lon="98.740318">
				<ele>810.780855</ele>
				<time>2018-02-12T01:26:01Z</time>
			</trkpt>
			<trkpt lat="19.123576" lon="98.740103">
				<ele>813.398771</ele>
				<time>2018-02-12T01:26:03Z</time>
			</trkpt>
			<trkpt lat="19.123582" lon="98.739839">
				<ele>816.997195</ele>
				<time>2018-02-12T01:26:05Z</time>
			</trkpt>
			<trkpt lat="19.123533" lon="98.739570">
				<ele>819.346296</ele>
				<time>2018-02-12T01:26:07Z</time>
			</trkpt>
			<trkpt lat="19.123477" lon="98.739207">
				<ele>820.742277</ele>
				<time>2018-02-12T01:26:09Z</time>
			</trkpt>
			<trkpt lat="19.123379" lon="98.738879">
				<ele>823.159071</ele>
				<time>2018-02-12T01:26:11Z</time>
			</trkpt>
			<trkpt lat="19.123364" lon="98.738595">
				<ele>825.849449</ele>
				<time>2018-02-12T01:26:13Z</time>
			</trkpt>
			<trkpt lat="19.123364" lon="98.738312">
				<ele>828.100686</ele>
				<time>2018-02-12T01:26:15Z</time>
			</trkpt>
			<trkpt lat="19.123317" lon="98.738045">
				<ele>828.178893</ele>
				<time>2018-02-12T01:26:17Z</time>
			</trkpt>
			<trkpt lat="19.123302" lon="98.737802">
				<ele>830.915213</ele>
				<time>2018-02-12T01:26:19Z</time>
			</trkpt>
			<trkpt lat="19.123425" lon="98.737639">
				<ele>833.980820</ele>
				<time>2018-02-12T01:26:21Z</time>
			</trkpt>
			<trkpt lat="19.123614" lon="98.737591">
				<ele>835.065688</ele>
				<time>2018-02-12T01:26:22Z</time>
			</trkpt>
			<trkpt lat="19.123872" lon="98.737479">
				<ele>835.546416</ele>
				<time>2018-02-12T01:26:24Z</time>
			</trkpt>
			<trkpt lat="19.124086" lon="98.737275">
				<ele>837.119004</ele>
				<time>2018-02-12T01:26:26Z</time>
			</trkpt>
			<trkpt lat="19.124262" lon="98.737062">
				<ele>840.499394</ele>
				<time>2018-02-12T01:26:28Z</time>
			</trkpt>
			<trkpt lat="19.124254" lon="98.736781">
				<ele>842.624323</ele>
				<time>2018-02-12T01:26:30Z</time>
			</trkpt>
			<trkpt lat="19.124240" lon="98.736495">
				<ele>846.097166</ele>
				<time>2018-02-12T01:26:32Z</time>
			</trkpt>
			<trkpt lat="19.124229" lon="98.736202">
				<ele>849.264605</ele>
				<time>2018-02-12T01:26:34Z</time>
			</trkpt>
			<trkpt lat="19.124275" lon="98.735920">
				<ele>851.791422</ele>
				<time>2018-02-12T01:26:36Z</time>
			</trkpt>
			<trkpt lat="19.124372" lon="98.735664">
				<ele>855.089118</ele>
				<time>2018-02-12T01:26:38Z</time>
			</trkpt>
			<trkpt lat="19.124439" lon="98.735396">
				<ele>857.863263</ele>
				<time>2018-02-12T01:26:41Z</time>
			</trkpt>
			<trkpt lat="19.124457" lon="98.735161">
				<ele>861.170215</ele>
				<time>2018-02-12T01:26:43Z</time>
			</trkpt>
			<trkpt lat="19.124401" lon="98.734953">
				<ele>863.830725</ele>
				<time>2018-02-12T01:26:46Z</time>
			</trkpt>
			<trkpt lat="19.124219" lon="98.734969">
				<ele>864.557437</ele>
				<time>2018-02-12T01:26:48Z</time>
			</trkpt>
			<trkpt lat="19.124046" lon="98.735236">
				<ele>868.322622</ele>
				<time>2018-02-12T01:26:51Z</time>
			</trkpt>
			<trkpt lat="19.123876" lon="98.735460">
				<ele>868.590028</ele>
				<time>2018-02-12T01:26:53Z</time>
			</trkpt>
			<trkpt lat="19.123669" lon="98.735578">
				<ele>871.416521</ele>
				<time>2018-02-12T01:26:55Z</time>
			</trkpt>
			<trkpt lat="19.123474" lon="98.735553">
				<ele>871.367023</ele>
				<time>2018-02-12T01:26:57Z</time>
			</trkpt>
			<trkpt lat="19.123202" lon="98.735585">
				<ele>871.795606</ele>
				<time>2018-02-12T01:26:59Z</time>
			</trkpt>
			<trkpt lat="19.123012" lon="98.735734">
				<ele>874.263839</ele>
				<time>2018-02-12T01:27:01Z</time>
			</trkpt>
			<trkpt lat="19.122962" lon="98.736004">
				<ele>876.098661</ele>
				<time>2018-02-12T01:27:03Z</time>
			</trkpt>
			<trkpt lat="19.122789" lon="98.736236">
				<ele>878.661133</ele>
				<time>2018-02-12T01:27:05Z</time>
			</trkpt>
			<trkpt lat="19.122604" lon="98.736462">
				<ele>880.611579</ele>
				<time>2018-02-12T01:27:07Z</time>
			</trkpt>
			<trkpt lat="19.122478" lon="98.736679">
				<ele>882.939635</ele>
				<time>2018-02-12T01:27:09Z</time>
			</trkpt>
			<trkpt lat="19.122383" lon="98.736930">
				<ele>885.056178</ele>
				<time>2018-02-12T01:27:11Z</time>
			</trkpt>
			<trkpt lat="19.122297" lon="98.737166">
				<ele>885.861417</ele>
				<time>2018-02-12T01:27:13Z</time>
			</trkpt>
			<trkpt lat="19.122176" lon="98.737341">
				<ele>886.277809</ele>
				<time>2018-02-12T01:27:15Z</time>
			</trkpt>
			<trkpt lat="19.121935" lon="98.737404">
				<ele>886.234049</ele>
				<time>2018-02-12T01:27:17Z</time>
			</trkpt>
			<trkpt lat="19.121518" lon="98.737449">
				<ele>885.382714</ele>
				<time>2018-02-12T01:27:19Z</time>
			</trkpt>
			<trkpt lat="19.121187" lon="98.737482">
				<ele>882.591643</ele>
				<time>2018-02-12T01:27:21Z</time>
			</trkpt>
			<trkpt lat="19.120858" lon="98.737481">
				<ele>880.403576</ele>
				<time>2018-02-12T01:27:23Z</time>
			</trkpt>
			<trkpt lat="19.120533" lon="98.737461">
				<ele>878.117357</ele>
				<time>2018-02-12T01:27:25Z</time>
			</trkpt>
			<trkpt lat="19.120348" lon="98.737440">
				<ele>876.572027</ele>
				<time>2018-02-12T01:27:26Z</time>
			</trkpt>
			<trkpt lat="19.120162" lon="98.737383">
				<ele>874.038954</ele>
				<time>2018-02-12T01:27:27Z</time>
			</trkpt>
			<trkpt lat="19.119974" lon="98.737332">
				<ele>872.869665</ele>
				<time>2018-02-12T01:27:28Z</time>
			</trkpt>
			<trkpt lat="19.119792" lon="98.737281">
				<ele>870.797442</ele>
				<time>2018-02-12T01:27:29Z</time>
			</trkpt>
			<trkpt lat="19.119466" lon="98.737148">
				<ele>867.133389</ele>
				<time>2018-02-12T01:27:31Z</time>
			</trkpt>
			<trkpt lat="19.119172" lon="98.737010">
				<ele>865.211168</ele>
				<time>2018-02-12T01:27:33Z</time>
			</trkpt>
			<trkpt lat="19.118889" lon="98.736855">
				<ele>864.340104</ele>
				<time>2018-02-12T01:27:35Z</time>
			</trkpt>
			<trkpt lat="19.118629" lon="98.736597">
				<ele>863.008589</ele>
				<time>2018-02-12T01:27:37Z</time>
			</trkpt>
			<trkpt lat="19.118490" lon="98.736458">
				<ele>862.449318</ele>
				<time>2018-02-12T01:27:38Z</time>
			</trkpt>
			<trkpt lat="19.118354" lon="98.736312">
				<ele>861.938582</ele>
				<time>2018-02-12T01:27:39Z</time>
			</trkpt>
			<trkpt lat="19.118227" lon="98.736157">
				<ele>862.293175</ele>
				<time>2018-02-12T01:27:40Z</time>
			</trkpt>
			<trkpt lat="19.118114" lon="98.735958">
				<ele>862.301216</ele>
				<time>2018-02-12T01:27:41Z</time>
			</trkpt>
			<trkpt lat="19.118022" lon="98.735771">
				<ele>862.700918</ele>
				<time>2018-02-12T01:27:42Z</time>
			</trkpt>
			<trkpt lat="19.117895" lon="98.735604">
				<ele>862.290489</ele>
				<time>2018-02-12T01:27:43Z</time>
			</trkpt>
			<trkpt lat="19.117826" lon="98.735393">
				<ele>862.268409</ele>
				<time>2018-02-12T01:27:44Z</time>
			</trkpt>
			<trkpt lat="19.117831" lon="98.735185">
				<ele>862.996561</ele>
				<time>2018-02-12T01:27:45Z</time>
			</trkpt>
			<trkpt lat="19.117758" lon="98.735003">
				<ele>861.818095</ele>
				<time>2018-02-12T01:27:46Z</time>
			</trkpt>
			<trkpt lat="19.117716" lon="98.734809">
				<ele>861.458282</ele>
				<time>2018-02-12T01:27:47Z</time>
			</trkpt>
			<trkpt lat="19.117655" lon="98.734620">
				<ele>861.514160</ele>
				<time>2018-02-12T01:27:48Z</time>
			</trkpt>
			<trkpt lat="19.117552" lon="98.734256">
				<ele>861.127739</ele>
				<time>2018-02-12T01:27:50Z</time>
			</trkpt>
			<trkpt lat="19.117446" lon="98.733917">
				<ele>861.640511</ele>
				<time>2018-02-12T01:27:52Z</time>
			</trkpt>
			<trkpt lat="19.117300" lon="98.733613">
				<ele>862.199970</ele>
				<time>2018-02-12T01:27:54Z</time>
			</trkpt>
			<trkpt lat="19.117161" lon="98.733319">
				<ele>861.547848</ele>
				<time>2018-02-12T01:27:56Z</time>
			</trkpt>
			<trkpt lat="19.116979" lon="98.733066">
				<ele>861.030487</ele>
				<time>2018-02-12T01:27:58Z</time>
			</trkpt>
			<trkpt lat="19.116763" lon="98.732856">
				<ele>860.218679</ele>
				<time>2018-02-12T01:28:00Z</time>
			</trkpt>
			<trkpt lat="19.116605" lon="98.732598">
				<ele>859.193989</ele>
				<time>2018-02-12T01:28:02Z</time>
			</trkpt>
			<trkpt lat="19.116405" lon="98.732380">
				<ele>855.838662</ele>
				<time>2018-02-12T01:28:04Z</time>
			</trkpt>
			<trkpt lat="19.116217" lon="98.732197">
				<ele>854.692785</ele>
				<time>2018-02-12T01:28:06Z</time>
			</trkpt>
			<trkpt lat="19.116080" lon="98.732008">
				<ele>854.542772</ele>
				<time>2018-02-12T01:28:08Z</time>
			</trkpt>
			<trkpt lat="19.115968" lon="98.731784">
				<ele>853.389098</ele>
				<time>2018-02-12T01:28:10Z</time>
			</trkpt>
			<trkpt lat="19.116071" lon="98.731511">
				<ele>855.038943</ele>
				<time>2018-02-12T01:28:12Z</time>
			</trkpt>
			<trkpt lat="19.116142" lon="98.731215">
				<ele>854.976656</ele>
				<time>2018-02-12T01:28:14Z</time>
			</trkpt>
			<trkpt lat="19.116194" lon="98.730890">
				<ele>855.556128</ele>
				<time>2018-02-12T01:28:16Z</time>
			</trkpt>
			<trkpt lat="19.116294" lon="98.730602">
				<ele>855.697571</ele>
				<time>2018-02-12T01:28:18Z</time>
			</trkpt>
			<trkpt lat="19.116426" lon="98.730320">
				<ele>855.185684</ele>
				<time>2018-02-12T01:28:20Z</time>
			</trkpt>
			<trkpt lat="19.116554" lon="98.730078">
				<ele>854.237404</ele>
				<time>2018-02-12T01:28:22Z</time>
			</trkpt>
			<trkpt lat="19.116615" lon="98.729795">
				<ele>853.759038</ele>
				<time>2018-02-12T01:28:24Z</time>
			</trkpt>
			<trkpt lat="19.116618" lon="98.729484">
				<ele>852.774670</ele>
				<time>2018-02-12T01:28:26Z</time>
			</trkpt>
			<trkpt lat="19.116652" lon="98.729173">
				<ele>851.994928</ele>
				<time>2018-02-12T01:28:28Z</time>
			</trkpt>
			<trkpt lat="19.116731" lon="98.728872">
				<ele>850.464464</ele>
				<time>2018-02-12T01:28:30Z</time>
			</trkpt>
			<trkpt lat="19.116932" lon="98.728620">
				<ele>849.913822</ele>
				<time>2018-02-12T01:28:32Z</time>
			</trkpt>
			<trkpt lat="19.117120" lon="98.728450">
				<ele>848.144779</ele>
				<time>2018-02-12T01:28:34Z</time>
			</trkpt>
			<trkpt lat="19.117252" lon="98.728220">
				<ele>847.409274</ele>
				<time>2018-02-12T01:28:36Z</time>
			</trkpt>
			<trkpt lat="19.117268" lon="98.727914">
				<ele>846.345010</ele>
				<time>2018-02-12T01:28:38Z</time>
			</trkpt>
			<trkpt lat="19.117219" lon="98.727632">
				<ele>846.351325</ele>
				<time>2018-02-12T01:28:40Z</time>
			</trkpt>
			<trkpt lat="19.117200" lon="98.727384">
				<ele>846.114275</ele>
				<time>2018-02-12T01:28:42Z</time>
			</trkpt>
			<trkpt lat="19.117249" lon="98.727147">
				<ele>846.548974</ele>
				<time>2018-02-12T01:28:44Z</time>
			</trkpt>
			<trkpt lat="19.117373" lon="98.726951">
				<ele>846.537229</ele>
				<time>2018-02-12T01:28:46Z</time>
			</trkpt>
			<trkpt lat="19.117572" lon="98.726879">
				<ele>844.977903</ele>
				<time>2018-02-12T01:28:48Z</time>
			</trkpt>
			<trkpt lat="19.117780" lon="98.726781">
				<ele>844.395637</ele>
				<time>2018-02-12T01:28:50Z</time>
			</trkpt>
			<trkpt lat="19.118022" lon="98.726628">
				<ele>843.183027</ele>
				<time>2018-02-12T01:28:52Z</time>
			</trkpt>
			<trkpt lat="19.118191" lon="98.726425">
				<ele>842.187454</ele>
				<time>2018-02-12T01:28:54Z</time>
			</trkpt>
			<trkpt lat="19.118238" lon="98.726181">
				<ele>842.302772</ele>
				<time>2018-02-12T01:28:56Z</time>
			</trkpt>
			<trkpt lat="19.118164" lon="98.725950">
				<ele>842.313833</ele>
				<time>2018-02-12T01:28:58Z</time>
			</trkpt>
			<trkpt lat="19.118065" lon="98.725687">
				<ele>842.649290</ele>
				<time>2018-02-12T01:29:00Z</time>
			</trkpt>
			<trkpt lat="19.118031" lon="98.725412">
				<ele>841.032374</ele>
				<time>2018-02-12T01:29:02Z</time>
			</trkpt>
			<trkpt lat="19.118057" lon="98.725119">
				<ele>840.148304</ele>
				<time>2018-02-12T01:29:04Z</time>
			</trkpt>
			<trkpt lat="19.118155" lon="98.724810">
				<ele>839.997948</ele>
				<time>2018-02-12T01:29:06Z</time>
			</trkpt>
			<trkpt lat="19.118265" lon="98.724568">
				<ele>837.575806</ele>
				<time>2018-02-12T01:29:08Z</time>
			</trkpt>
			<trkpt lat="19.118365" lon="98.724309">
				<ele>835.875606</ele>
				<time>2018-02-12T01:29:10Z</time>
			</trkpt>
			<trkpt lat="19.118356" lon="98.724039">
				<ele>834.322872</ele>
				<time>2018-02-12T01:29:12Z</time>
			</trkpt>
			<trkpt lat="19.118170" lon="98.723780">
				<ele>832.897155</ele>
				<time>2018-02-12T01:29:14Z</time>
			</trkpt>
			<trkpt lat="19.118065" lon="98.723500">
				<ele>831.481354</ele>
				<time>2018-02-12T01:29:16Z</time>
			</trkpt>
			<trkpt lat="19.118057" lon="98.723221">
				<ele>830.856221</ele>
				<time>2018-02-12T01:29:18Z</time>
			</trkpt>
			<trkpt lat="19.118126" lon="98.722944">
				<ele>830.848965</ele>
				<time>2018-02-12T01:29:20Z</time>
			</trkpt>
			<trkpt lat="19.118114" lon="98.722646">
				<ele>831.126056</ele>
				<time>2018-02-12T01:29:22Z</time>
			</trkpt>
			<trkpt lat="19.118024" lon="98.722324">
				<ele>830.298380</ele>
				<time>2018-02-12T01:29:24Z</time>
			</trkpt>
			<trkpt lat="19.117953" lon="98.721961">
				<ele>830.041418</ele>
				<time>2018-02-12T01:29:26Z</time>
			</trkpt>
			<trkpt lat="19.117966" lon="98.721766">
				<ele>829.489199</ele>
				<time>2018-02-12T01:29:27Z</time>
			</trkpt>
			<trkpt lat="19.117971" lon="98.721567">
				<ele>829.541692</ele>
				<time>2018-02-12T01:29:28Z</time>
			</trkpt>
			<trkpt lat="19.117965" lon="98.721376">
				<ele>828.832664</ele>
				<time>2018-02-12T01:29:29Z</time>
			</trkpt>
			<trkpt lat="19.117968" lon="98.721175">
				<ele>828.839588</ele>
				<time>2018-02-12T01:29:30Z</time>
			</trkpt>
			<trkpt lat="19.117934" lon="98.720833">
				<ele>826.979442</ele>
				<time>2018-02-12T01:29:32Z</time>
			</trkpt>
			<trkpt lat="19.117897" lon="98.720515">
				<ele>826.513051</ele>
				<time>2018-02-12T01:29:34Z</time>
			</trkpt>
			<trkpt lat="19.117930" lon="98.720223">
				<ele>825.392737</ele>
				<time>2018-02-12T01:29:36Z</time>
			</trkpt>
			<trkpt lat="19.117994" lon="98.719971">
				<ele>825.920492</ele>
				<time>2018-02-12T01:29:38Z</time>
			</trkpt>
			<trkpt lat="19.118116" lon="98.719760">
				<ele>826.121939</ele>
				<time>2018-02-12T01:29:40Z</time>
			</trkpt>
			<trkpt lat="19.118354" lon="98.719540">
				<ele>826.468268</ele>
				<time>2018-02-12T01:29:42Z</time>
			</trkpt>
			<trkpt lat="19.118631" lon="98.719399">
				<ele>827.935602</ele>
				<time>2018-02-12T01:29:44Z</time>
			</trkpt>
			<trkpt lat="19.118911" lon="98.719286">
				<ele>828.636715</ele>
				<time>2018-02-12T01:29:46Z</time>
			</trkpt>
			<trkpt lat="19.119140" lon="98.719149">
				<ele>830.395413</ele>
				<time>2018-02-12T01:29:48Z</time>
			</trkpt>
			<trkpt lat="19.119262" lon="98.718932">
				<ele>832.801062</ele>
				<time>2018-02-12T01:29:50Z</time>
			</trkpt>
			<trkpt lat="19.119324" lon="98.718689">
				<ele>834.658617</ele>
				<time>2018-02-12T01:29:52Z</time>
			</trkpt>
			<trkpt lat="19.119285" lon="98.718408">
				<ele>837.952722</ele>
				<time>2018-02-12T01:29:54Z</time>
			</trkpt>
			<trkpt lat="19.119201" lon="98.718121">
				<ele>840.760840</ele>
				<time>2018-02-12T01:29:56Z</time>
			</trkpt>
			<trkpt lat="19.119144" lon="98.717869">
				<ele>842.653840</ele>
				<time>2018-02-12T01:29:58Z</time>
			</trkpt>
			<trkpt lat="19.119206" lon="98.717635">
				<ele>845.298763</ele>
				<time>2018-02-12T01:30:00Z</time>
			</trkpt>
			<trkpt lat="19.119365" lon="98.717436">
				<ele>847.950356</ele>
				<time>2018-02-12T01:30:02Z</time>
			</trkpt>
			<trkpt lat="19.119513" lon="98.717228">
				<ele>847.359397</ele>
				<time>2018-02-12T01:30:04Z</time>
			</trkpt>
			<trkpt lat="19.119599" lon="98.716986">
				<ele>850.305854</ele>
				<time>2018-02-12T01:30:06Z</time>
			</trkpt>
			<trkpt lat="19.119694" lon="98.716696">
				<ele>851.938432</ele>
				<time>2018-02-12T01:30:08Z</time>
			</trkpt>
			<trkpt lat="19.119788" lon="98.716372">
				<ele>854.041865</ele>
				<time>2018-02-12T01:30:10Z</time>
			</trkpt>
			<trkpt lat="19.119876" lon="98.716026">
				<ele>856.035465</ele>
				<time>2018-02-12T01:30:12Z</time>
			</trkpt>
			<trkpt lat="19.119884" lon="98.715680">
				<ele>858.521272</ele>
				<time>2018-02-12T01:30:14Z</time>
			</trkpt>
			<trkpt lat="19.119930" lon="98.715405">
				<ele>858.764940</ele>
				<time>2018-02-12T01:30:16Z</time>
			</trkpt>
			<trkpt lat="19.119857" lon="98.715167">
				<ele>860.273777</ele>
				<time>2018-02-12T01:30:18Z</time>
			</trkpt>
			<trkpt lat="19.119785" lon="98.714952">
				<ele>860.265094</ele>
				<time>2018-02-12T01:30:20Z</time>
			</trkpt>
			<trkpt lat="19.119800" lon="98.714741">
				<ele>861.363524</ele>
				<time>2018-02-12T01:30:22Z</time>
			</trkpt>
			<trkpt lat="19.119944" lon="98.714603">
				<ele>861.697949</ele>
				<time>2018-02-12T01:30:24Z</time>
			</trkpt>
			<trkpt lat="19.120147" lon="98.714534">
				<ele>860.966731</ele>
				<time>2018-02-12T01:30:26Z</time>
			</trkpt>
			<trkpt lat="19.120402" lon="98.714545">
				<ele>860.818238</ele>
				<time>2018-02-12T01:30:28Z</time>
			</trkpt>
			<trkpt lat="19.120663" lon="98.714555">
				<ele>858.282578</ele>
				<time>2018-02-12T01:30:30Z</time>
			</trkpt>
			<trkpt lat="19.120991" lon="98.714515">
				<ele>856.225572</ele>
				<time>2018-02-12T01:30:32Z</time>
			</trkpt>
			<trkpt lat="19.121233" lon="98.714447">
				<ele>854.113867</ele>
				<time>2018-02-12T01:30:34Z</time>
			</trkpt>
			<trkpt lat="19.121434" lon="98.714352">
				<ele>852.709281</ele>
				<time>2018-02-12T01:30:36Z</time>
			</trkpt>
			<trkpt lat="19.121671" lon="98.714200">
				<ele>851.094743</ele>
				<time>2018-02-12T01:30:39Z</time>
			</trkpt>
			<trkpt lat="19.121804" lon="98.714039">
				<ele>848.949216</ele>
				<time>2018-02-12T01:30:41Z</time>
			</trkpt>
			<trkpt lat="19.121823" lon="98.713789">
				<ele>847.271796</ele>
				<time>2018-02-12T01:30:43Z</time>
			</trkpt>
			<trkpt lat="19.121793" lon="98.713501">
				<ele>845.654156</ele>
				<time>2018-02-12T01:30:45Z</time>
			</trkpt>
			<trkpt lat="19.121517" lon="98.713322">
				<ele>843.106399</ele>
				<time>2018-02-12T01:30:47Z</time>
			</trkpt>
			<trkpt lat="19.121294" lon="98.713102">
				<ele>841.773258</ele>
				<time>2018-02-12T01:30:49Z</time>
			</trkpt>
			<trkpt lat="19.121035" lon="98.712868">
				<ele>839.862477</ele>
				<time>2018-02-12T01:30:51Z</time>
			</trkpt>
			<trkpt lat="19.120798" lon="98.712657">
				<ele>837.752251</ele>
				<time>2018-02-12T01:30:53Z</time>
			</trkpt>
			<trkpt lat="19.120591" lon="98.712500">
				<ele>835.828226</ele>
				<time>2018-02-12T01:30:55Z</time>
			</trkpt>
			<trkpt lat="19.120428" lon="98.712324">
				<ele>835.609113</ele>
				<time>2018-02-12T01:30:57Z</time>
			</trkpt>
			<trkpt lat="19.120331" lon="98.712128">
				<ele>834.518886</ele>
				<time>2018-02-12T01:30:59Z</time>
			</trkpt>
			<trkpt lat="19.120301" lon="98.711911">
				<ele>832.960322</ele>
				<time>2018-02-12T01:31:01Z</time>
			</trkpt>
			<trkpt lat="19.120414" lon="98.711648">
				<ele>832.358306</ele>
				<time>2018-02-12T01:31:03Z</time>
			</trkpt>
			<trkpt lat="19.120570" lon="98.711395">
				<ele>829.224617</ele>
				<time>2018-02-12T01:31:05Z</time>
			</trkpt>
			<trkpt lat="19.120800" lon="98.711248">
				<ele>826.716939</ele>
				<time>2018-02-12T01:31:07Z</time>
			</trkpt>
			<trkpt lat="19.121009" lon="98.711213">
				<ele>825.663166</ele>
				<time>2018-02-12T01:31:09Z</time>
			</trkpt>
			<trkpt lat="19.121216" lon="98.711172">
				<ele>823.933984</ele>
				<time>2018-02-12T01:31:11Z</time>
			</trkpt>
			<trkpt lat="19.121445" lon="98.711039">
				<ele>820.777167</ele>
				<time>2018-02-12T01:31:14Z</time>
			</trkpt>
			<trkpt lat="19.121499" lon="98.710796">
				<ele>818.955538</ele>
				<time>2018-02-12T01:31:16Z</time>
			</trkpt>
			<trkpt lat="19.121455" lon="98.710543">
				<ele>817.953090</ele>
				<time>2018-02-12T01:31:18Z</time>
			</trkpt>
			<trkpt lat="19.121250" lon="98.710327">
				<ele>816.745781</ele>
				<time>2018-02-12T01:31:20Z</time>
			</trkpt>
			<trkpt lat="19.121219" lon="98.710082">
				<ele>814.781669</ele>
				<time>2018-02-12T01:31:22Z</time>
			</trkpt>
			<trkpt lat="19.121354" lon="98.709877">
				<ele>813.487855</ele>
				<time>2018-02-12T01:31:24Z</time>
			</trkpt>
			<trkpt lat="19.121575" lon="98.709722">
				<ele>811.471201</ele>
				<time>2018-02-12T01:31:26Z</time>
			</trkpt>
			<trkpt lat="19.121835" lon="98.709562">
				<ele>811.442564</ele>
				<time>2018-02-12T01:31:28Z</time>
			</trkpt>
			<trkpt lat="19.122064" lon="98.709406">
				<ele>811.399728</ele>
				<time>2018-02-12T01:31:30Z</time>
			</trkpt>
			<trkpt lat="19.122317" lon="98.709238">
				<ele>812.464239</ele>
				<time>2018-02-12T01:31:32Z</time>
			</trkpt>
			<trkpt lat="19.122625" lon="98.709125">
				<ele>814.684173</ele>
				<time>2018-02-12T01:31:34Z</time>
			</trkpt>
			<trkpt lat="19.122806" lon="98.709090">
				<ele>815.059775</ele>
				<time>2018-02-12T01:31:35Z</time>
			</trkpt>
			<trkpt lat="19.123112" lon="98.709074">
				<ele>817.812505</ele>
				<time>2018-02-12T01:31:37Z</time>
			</trkpt>
			<trkpt lat="19.123431" lon="98.709036">
				<ele>819.415789</ele>
				<time>2018-02-12T01:31:39Z</time>
			</trkpt>
			<trkpt lat="19.123738" lon="98.708949">
				<ele>823.225754</ele>
				<time>2018-02-12T01:31:41Z</time>
			</trkpt>
			<trkpt lat="19.124066" lon="98.708808">
				<ele>829.604226</ele>
				<time>2018-02-12T01:31:43Z</time>
			</trkpt>
			<trkpt lat="19.124245" lon="98.708737">
				<ele>831.195933</ele>
				<time>2018-02-12T01:31:44Z</time>
			</trkpt>
			<trkpt lat="19.124426" lon="98.708635">
				<ele>833.384593</ele>
				<time>2018-02-12T01:31:45Z</time>
			</trkpt>
			<trkpt lat="19.124587" lon="98.708539">
				<ele>834.703927</ele>
				<time>2018-02-12T01:31:46Z</time>
			</trkpt>
			<trkpt lat="19.124892" lon="98.708372">
				<ele>839.020376</ele>
				<time>2018-02-12T01:31:48Z</time>
			</trkpt>
			<trkpt lat="19.125170" lon="98.708182">
				<ele>838.855368</ele>
				<time>2018-02-12T01:31:50Z</time>
			</trkpt>
			<trkpt lat="19.125365" lon="98.707944">
				<ele>841.743191</ele>
				<time>2018-02-12T01:31:52Z</time>
			</trkpt>
			<trkpt lat="19.125460" lon="98.707630">
				<ele>842.671979</ele>
				<time>2018-02-12T01:31:54Z</time>
			</trkpt>
			<trkpt lat="19.125352" lon="98.707386">
				<ele>842.569621</ele>
				<time>2018-02-12T01:31:56Z</time>
			</trkpt>
			<trkpt lat="19.125463" lon="98.707166">
				<ele>842.793175</ele>
				<time>2018-02-12T01:31:58Z</time>
			</trkpt>
			<trkpt lat="19.125681" lon="98.707007">
				<ele>843.831286</ele>
				<time>2018-02-12T01:32:00Z</time>
			</trkpt>
			<trkpt lat="19.125912" lon="98.706955">
				<ele>844.318253</ele>
				<time>2018-02-12T01:32:02Z</time>
			</trkpt>
			<trkpt lat="19.126157" lon="98.707001">
				<ele>844.008874</ele>
				<time>2018-02-12T01:32:04Z</time>
			</trkpt>
			<trkpt lat="19.126408" lon="98.706930">
				<ele>841.891517</ele>
				<time>2018-02-12T01:32:06Z</time>
			</trkpt>
			<trkpt lat="19.126573" lon="98.706743">
				<ele>843.035215</ele>
				<time>2018-02-12T01:32:08Z</time>
			</trkpt>
			<trkpt lat="19.126757" lon="98.706532">
				<ele>842.382426</ele>
				<time>2018-02-12T01:32:10Z</time>
			</trkpt>
			<trkpt lat="19.126954" lon="98.706342">
				<ele>841.404662</ele>
				<time>2018-02-12T01:32:12Z</time>
			</trkpt>
			<trkpt lat="19.127262" lon="98.706193">
				<ele>840.922986</ele>
				<time>2018-02-12T01:32:14Z</time>
			</trkpt>
			<trkpt lat="19.127497" lon="98.706091">
				<ele>838.766785</ele>
				<time>2018-02-12T01:32:16Z</time>
			</trkpt>
			<trkpt lat="19.127732" lon="98.706043">
				<ele>837.392314</ele>
				<time>2018-02-12T01:32:18Z</time>
			</trkpt>
			<trkpt lat="19.127953" lon="98.706154">
				<ele>836.211493</ele>
				<time>2018-02-12T01:32:20Z</time>
			</trkpt>
			<trkpt lat="19.128074" lon="98.706375">
				<ele>834.338793</ele>
				<time>2018-02-12T01:32:22Z</time>
			</trkpt>
			<trkpt lat="19.127961" lon="98.706536">
				<ele>834.693474</ele>
				<time>2018-02-12T01:32:23Z</time>
			</trkpt>
			<trkpt lat="19.127914" lon="98.706822">
				<ele>834.719053</ele>
				<time>2018-02-12T01:32:25Z</time>
			</trkpt>
			<trkpt lat="19.127828" lon="98.706995">
				<ele>834.179165</ele>
				<time>2018-02-12T01:32:26Z</time>
			</trkpt>
			<trkpt lat="19.127695" lon="98.707200">
				<ele>832.187040</ele>
				<time>2018-02-12T01:32:27Z</time>
			</trkpt>
			<trkpt lat="19.127616" lon="98.707378">
				<ele>832.186388</ele>
				<time>2018-02-12T01:32:28Z</time>
			</trkpt>
			<trkpt lat="19.127513" lon="98.707701">
				<ele>831.285993</ele>
				<time>2018-02-12T01:32:30Z</time>
			</trkpt>
			<trkpt lat="19.127442" lon="98.708002">
				<ele>830.865458</ele>
				<time>2018-02-12T01:32:32Z</time>
			</trkpt>
			<trkpt lat="19.127449" lon="98.708235">
				<ele>831.008700</ele>
				<time>2018-02-12T01:32:34Z</time>
			</trkpt>
			<trkpt lat="19.127495" lon="98.708447">
				<ele>833.457362</ele>
				<time>2018-02-12T01:32:36Z</time>
			</trkpt>
			<trkpt lat="19.127684" lon="98.708602">
				<ele>835.525272</ele>
				<time>2018-02-12T01:32:38Z</time>
			</trkpt>
			<trkpt lat="19.127897" lon="98.708752">
				<ele>838.113311</ele>
				<time>2018-02-12T01:32:40Z</time>
			</trkpt>
			<trkpt lat="19.128228" lon="98.708794">
				<ele>839.090506</ele>
				<time>2018-02-12T01:32:42Z</time>
			</trkpt>
			<trkpt lat="19.128508" lon="98.708744">
				<ele>840.187736</ele>
				<time>2018-02-12T01:32:44Z</time>
			</trkpt>
			<trkpt lat="19.128780" lon="98.708601">
				<ele>839.753141</ele>
				<time>2018-02-12T01:32:46Z</time>
			</trkpt>
			<trkpt lat="19.128923" lon="98.708474">
				<ele>840.066846</ele>
				<time>2018-02-12T01:32:47Z</time>
			</trkpt>
			<trkpt lat="19.129095" lon="98.708365">
				<ele>840.770767</ele>
				<time>2018-02-12T01:32:48Z</time>
			</trkpt>
			<trkpt lat="19.129341" lon="98.708227">
				<ele>837.236943</ele>
				<time>2018-02-12T01:32:49Z</time>
			</trkpt>
			<trkpt lat="19.129538" lon="98.708111">
				<ele>836.286867</ele>
				<time>2018-02-12T01:32:50Z</time>
			</trkpt>
			<trkpt lat="19.129756" lon="98.708012">
				<ele>834.187893</ele>
				<time>2018-02-12T01:32:51Z</time>
			</trkpt>
			<trkpt lat="19.129979" lon="98.707948">
				<ele>835.423253</ele>
				<time>2018-02-12T01:32:52Z</time>
			</trkpt>
			<trkpt lat="19.130188" lon="98.707910">
				<ele>835.474096</ele>
				<time>2018-02-12T01:32:53Z</time>
			</trkpt>
			<trkpt lat="19.130410" lon="98.707874">
				<ele>832.161136</ele>
				<time>2018-02-12T01:32:54Z</time>
			</trkpt>
			<trkpt lat="19.130619" lon="98.707848">
				<ele>830.175124</ele>
				<time>2018-02-12T01:32:55Z</time>
			</trkpt>
			<trkpt lat="19.130980" lon="98.707812">
				<ele>828.646958</ele>
				<time>2018-02-12T01:32:57Z</time>
			</trkpt>
			<trkpt lat="19.131310" lon="98.707756">
				<ele>828.077766</ele>
				<time>2018-02-12T01:32:59Z</time>
			</trkpt>
			<trkpt lat="19.131557" lon="98.707630">
				<ele>827.260474</ele>
				<time>2018-02-12T01:33:01Z</time>
			</trkpt>
			<trkpt lat="19.131757" lon="98.707478">
				<ele>827.703439</ele>
				<time>2018-02-12T01:33:03Z</time>
			</trkpt>
			<trkpt lat="19.131818" lon="98.707233">
				<ele>827.708456</ele>
				<time>2018-02-12T01:33:05Z</time>
			</trkpt>
			<trkpt lat="19.131853" lon="98.706974">
				<ele>830.895013</ele>
				<time>2018-02-12T01:33:07Z</time>
			</trkpt>
			<trkpt lat="19.131656" lon="98.706748">
				<ele>833.408715</ele>
				<time>2018-02-12T01:33:09Z</time>
			</trkpt>
			<trkpt lat="19.131490" lon="98.706504">
				<ele>835.956925</ele>
				<time>2018-02-12T01:33:11Z</time>
			</trkpt>
			<trkpt lat="19.131361" lon="98.706242">
				<ele>838.577582</ele>
				<time>2018-02-12T01:33:13Z</time>
			</trkpt>
			<trkpt lat="19.131284" lon="98.705962">
				<ele>840.002002</ele>
				<time>2018-02-12T01:33:15Z</time>
			</trkpt>
			<trkpt lat="19.131306" lon="98.705705">
				<ele>842.906526</ele>
				<time>2018-02-12T01:33:17Z</time>
			</trkpt>
			<trkpt lat="19.131404" lon="98.705432">
				<ele>845.185465</ele>
				<time>2018-02-12T01:33:19Z</time>
			</trkpt>
			<trkpt lat="19.131591" lon="98.705304">
				<ele>844.410651</ele>
				<time>2018-02-12T01:33:21Z</time>
			</trkpt>
			<trkpt lat="19.131723" lon="98.705102">
				<ele>845.681689</ele>
				<time>2018-02-12T01:33:23Z</time>
			</trkpt>
			<trkpt lat="19.131592" lon="98.704943">
				<ele>848.035020</ele>
				<time>2018-02-12T01:33:25Z</time>
			</trkpt>
			<trkpt lat="19.131417" lon="98.704784">
				<ele>850.889707</ele>
				<time>2018-02-12T01:33:27Z</time>
			</trkpt>
			<trkpt lat="19.131236" lon="98.704579">
				<ele>850.319143</ele>
				<time>2018-02-12T01:33:29Z</time>
			</trkpt>
			<trkpt lat="19.131049" lon="98.704423">
				<ele>851.584057</ele>
				<time>2018-02-12T01:33:31Z</time>
			</trkpt>
			<trkpt lat="19.131052" lon="98.704125">
				<ele>852.785908</ele>
				<time>2018-02-12T01:33:33Z</time>
			</trkpt>
			<trkpt lat="19.131274" lon="98.703944">
				<ele>855.091183</ele>
				<time>2018-02-12T01:33:35Z</time>
			</trkpt>
			<trkpt lat="19.131485" lon="98.703899">
				<ele>855.503005</ele>
				<time>2018-02-12T01:33:36Z</time>
			</trkpt>
			<trkpt lat="19.131833" lon="98.703823">
				<ele>856.628486</ele>
				<time>2018-02-12T01:33:38Z</time>
			</trkpt>
			<trkpt lat="19.132042" lon="98.703752">
				<ele>857.373546</ele>
				<time>2018-02-12T01:33:39Z</time>
			</trkpt>
			<trkpt lat="19.132365" lon="98.703717">
				<ele>859.245096</ele>
				<time>2018-02-12T01:33:41Z</time>
			</trkpt>
			<trkpt lat="19.132655" lon="98.703734">
				<ele>859.504472</ele>
				<time>2018-02-12T01:33:43Z</time>
			</trkpt>
			<trkpt lat="19.132959" lon="98.703736">
				<ele>857.954922</ele>
				<time>2018-02-12T01:33:45Z</time>
			</trkpt>
			<trkpt lat="19.133200" lon="98.703733">
				<ele>858.706483</ele>
				<time>2018-02-12T01:33:47Z</time>
			</trkpt>
			<trkpt lat="19.133387" lon="98.703741">
				<ele>859.092376</ele>
				<time>2018-02-12T01:33:55Z</time>
			</trkpt>
			<trkpt lat="19.133588" lon="98.703799">
				<ele>875.125688</ele>
				<time>2018-02-12T01:34:46Z</time>
			</trkpt>
			<trkpt lat="19.133767" lon="98.703939">
				<ele>875.170655</ele>
				<time>2018-02-12T01:34:48Z</time>
			</trkpt>
			<trkpt lat="19.133938" lon="98.704038">
				<ele>873.738958</ele>
				<time>2018-02-12T01:34:50Z</time>
			</trkpt>
			<trkpt lat="19.134183" lon="98.704071">
				<ele>873.893464</ele>
				<time>2018-02-12T01:34:52Z</time>
			</trkpt>
			<trkpt lat="19.134377" lon="98.704031">
				<ele>873.049390</ele>
				<time>2018-02-12T01:34:54Z</time>
			</trkpt>
			<trkpt lat="19.134516" lon="98.703867">
				<ele>872.681706</ele>
				<time>2018-02-12T01:34:56Z</time>
			</trkpt>
			<trkpt lat="19.134588" lon="98.703685">
				<ele>871.227904</ele>
				<time>2018-02-12T01:34:58Z</time>
			</trkpt>
			<trkpt lat="19.134710" lon="98.703503">
				<ele>870.979110</ele>
				<time>2018-02-12T01:35:00Z</time>
			</trkpt>
			<trkpt lat="19.134948" lon="98.703365">
				<ele>869.797408</ele>
				<time>2018-02-12T01:35:03Z</time>
			</trkpt>
			<trkpt lat="19.135221" lon="98.703310">
				<ele>868.178682</ele>
				<time>2018-02-12T01:35:05Z</time>
			</trkpt>
			<trkpt lat="19.135418" lon="98.703276">
				<ele>866.549904</ele>
				<time>2018-02-12T01:35:07Z</time>
			</trkpt>
			<trkpt lat="19.135639" lon="98.703191">
				<ele>866.049984</ele>
				<time>2018-02-12T01:35:09Z</time>
			</trkpt>
			<trkpt lat="19.135773" lon="98.702995">
				<ele>863.902923</ele>
				<time>2018-02-12T01:35:12Z</time>
			</trkpt>
			<trkpt lat="19.135679" lon="98.702783">
				<ele>863.276509</ele>
				<time>2018-02-12T01:35:15Z</time>
			</trkpt>
			<trkpt lat="19.135416" lon="98.702721">
				<ele>861.885167</ele>
				<time>2018-02-12T01:35:17Z</time>
			</trkpt>
			<trkpt lat="19.135093" lon="98.702745">
				<ele>860.540576</ele>
				<time>2018-02-12T01:35:19Z</time>
			</trkpt>
			<trkpt lat="19.134809" lon="98.702793">
				<ele>859.032957</ele>
				<time>2018-02-12T01:35:21Z</time>
			</trkpt>
			<trkpt lat="19.134589" lon="98.702871">
				<ele>857.490090</ele>
				<time>2018-02-12T01:35:23Z</time>
			</trkpt>
			<trkpt lat="19.134344" lon="98.702887">
				<ele>855.917825</ele>
				<time>2018-02-12T01:35:26Z</time>
			</trkpt>
			<trkpt lat="19.134195" lon="98.702750">
				<ele>854.551531</ele>
				<time>2018-02-12T01:35:29Z</time>
			</trkpt>
			<trkpt lat="19.134226" lon="98.702476">
				<ele>854.372547</ele>
				<time>2018-02-12T01:35:32Z</time>
			</trkpt>
			<trkpt lat="19.134327" lon="98.702248">
				<ele>852.627015</ele>
				<time>2018-02-12T01:35:34Z</time>
			</trkpt>
			<trkpt lat="19.134493" lon="98.702092">
				<ele>851.288687</ele>
				<time>2018-02-12T01:35:36Z</time>
			</trkpt>
			<trkpt lat="19.134645" lon="98.701885">
				<ele>849.028221</ele>
				<time>2018-02-12T01:35:38Z</time>
			</trkpt>
			<trkpt lat="19.134843" lon="98.701682">
				<ele>847.545319</ele>
				<time>2018-02-12T01:35:40Z</time>
			</trkpt>
			<trkpt lat="19.135089" lon="98.701529">
				<ele>845.664241</ele>
				<time>2018-02-12T01:35:42Z</time>
			</trkpt>
			<trkpt lat="19.135373" lon="98.701404">
				<ele>843.863884</ele>
				<time>2018-02-12T01:35:44Z</time>
			</trkpt>
			<trkpt lat="19.135608" lon="98.701275">
				<ele>842.292229</ele>
				<time>2018-02-12T01:35:46Z</time>
			</trkpt>
			<trkpt lat="19.135829" lon="98.701069">
				<ele>839.802867</ele>
				<time>2018-02-12T01:35:48Z</time>
			</trkpt>
			<trkpt lat="19.135980" lon="98.700861">
				<ele>838.765835</ele>
				<time>2018-02-12T01:35:50Z</time>
			</trkpt>
			<trkpt lat="19.136131" lon="98.700635">
				<ele>838.827468</ele>
				<time>2018-02-12T01:35:52Z</time>
			</trkpt>
			<trkpt lat="19.136339" lon="98.700430">
				<ele>838.466326</ele>
				<time>2018-02-12T01:35:54Z</time>
			</trkpt>
			<trkpt lat="19.136595" lon="98.700194">
				<ele>837.816378</ele>
				<time>2018-02-12T01:35:56Z</time>
			</trkpt>
			<trkpt lat="19.136912" lon="98.699969">
				<ele>837.909519</ele>
				<time>2018-02-12T01:35:58Z</time>
			</trkpt>
			<trkpt lat="19.137082" lon="98.699860">
				<ele>835.905927</ele>
				<time>2018-02-12T01:35:59Z</time>
			</trkpt>
			<trkpt lat="19.137256" lon="98.699744">
				<ele>836.055327</ele>
				<time>2018-02-12T01:36:00Z</time>
			</trkpt>
			<trkpt lat="19.137420" lon="98.699625">
				<ele>836.364686</ele>
				<time>2018-02-12T01:36:01Z</time>
			</trkpt>
			<trkpt lat="19.137570" lon="98.699501">
				<ele>835.553956</ele>
				<time>2018-02-12T01:36:02Z</time>
			</trkpt>
			<trkpt lat="19.137832" lon="98.699281">
				<ele>833.521879</ele>
				<time>2018-02-12T01:36:04Z</time>
			</trkpt>
			<trkpt lat="19.138046" lon="98.699036">
				<ele>830.677364</ele>
				<time>2018-02-12T01:36:06Z</time>
			</trkpt>
			<trkpt lat="19.138268" lon="98.698856">
				<ele>829.748879</ele>
				<time>2018-02-12T01:36:08Z</time>
			</trkpt>
			<trkpt lat="19.138534" lon="98.698717">
				<ele>826.825729</ele>
				<time>2018-02-12T01:36:10Z</time>
			</trkpt>
			<trkpt lat="19.138857" lon="98.698622">
				<ele>821.718342</ele>
				<time>2018-02-12T01:36:12Z</time>
			</trkpt>
			<trkpt lat="19.139042" lon="98.698589">
				<ele>820.600626</ele>
				<time>2018-02-12T01:36:13Z</time>
			</trkpt>
			<trkpt lat="19.139226" lon="98.698574">
				<ele>819.916984</ele>
				<time>2018-02-12T01:36:14Z</time>
			</trkpt>
			<trkpt lat="19.139422" lon="98.698562">
				<ele>815.702106</ele>
				<time>2018-02-12T01:36:15Z</time>
			</trkpt>
			<trkpt lat="19.139776" lon="98.698597">
				<ele>813.249833</ele>
				<time>2018-02-12T01:36:17Z</time>
			</trkpt>
			<trkpt lat="19.139981" lon="98.698613">
				<ele>810.507018</ele>
				<time>2018-02-12T01:36:18Z</time>
			</trkpt>
			<trkpt lat="19.140183" lon="98.698618">
				<ele>808.264507</ele>
				<time>2018-02-12T01:36:19Z</time>
			</trkpt>
			<trkpt lat="19.140377" lon="98.698618">
				<ele>805.012118</ele>
				<time>2018-02-12T01:36:20Z</time>
			</trkpt>
			<trkpt lat="19.140566" lon="98.698595">
				<ele>804.794408</ele>
				<time>2018-02-12T01:36:21Z</time>
			</trkpt>
			<trkpt lat="19.140784" lon="98.698557">
				<ele>803.045308</ele>
				<time>2018-02-12T01:36:22Z</time>
			</trkpt>
			<trkpt lat="19.141165" lon="98.698516">
				<ele>797.712892</ele>
				<time>2018-02-12T01:36:24Z</time>
			</trkpt>
			<trkpt lat="19.141349" lon="98.698474">
				<ele>796.349187</ele>
				<time>2018-02-12T01:36:25Z</time>
			</trkpt>
			<trkpt lat="19.141533" lon="98.698370">
				<ele>795.863556</ele>
				<time>2018-02-12T01:36:26Z</time>
			</trkpt>
			<trkpt lat="19.141724" lon="98.698284">
				<ele>792.592781</ele>
				<time>2018-02-12T01:36:27Z</time>
			</trkpt>
			<trkpt lat="19.141901" lon="98.698173">
				<ele>791.795115</ele>
				<time>2018-02-12T01:36:28Z</time>
			</trkpt>
			<trkpt lat="19.142069" lon="98.698077">
				<ele>790.512523</ele>
				<time>2018-02-12T01:36:29Z</time>
			</trkpt>
			<trkpt lat="19.142247" lon="98.698008">
				<ele>788.765684</ele>
				<time>2018-02-12T01:36:30Z</time>
			</trkpt>
			<trkpt lat="19.142558" lon="98.697866">
				<ele>788.172411</ele>
				<time>2018-02-12T01:36:32Z</time>
			</trkpt>
			<trkpt lat="19.142844" lon="98.697707">
				<ele>786.479445</ele>
				<time>2018-02-12T01:36:34Z</time>
			</trkpt>
			<trkpt lat="19.143068" lon="98.697652">
				<ele>785.555349</ele>
				<time>2018-02-12T01:36:36Z</time>
			</trkpt>
			<trkpt lat="19.143252" lon="98.697741">
				<ele>784.659847</ele>
				<time>2018-02-12T01:36:38Z</time>
			</trkpt>
			<trkpt lat="19.143432" lon="98.697838">
				<ele>782.042754</ele>
				<time>2018-02-12T01:36:40Z</time>
			</trkpt>
			<trkpt lat="19.143620" lon="98.697833">
				<ele>780.337932</ele>
				<time>2018-02-12T01:36:42Z</time>
			</trkpt>
			<trkpt lat="19.143816" lon="98.697611">
				<ele>778.795172</ele>
				<time>2018-02-12T01:36:45Z</time>
			</trkpt>
			<trkpt lat="19.143981" lon="98.697394">
				<ele>776.176346</ele>
				<time>2018-02-12T01:36:47Z</time>
			</trkpt>
			<trkpt lat="19.144188" lon="98.697253">
				<ele>774.446261</ele>
				<time>2018-02-12T01:36:49Z</time>
			</trkpt>
			<trkpt lat="19.144396" lon="98.697161">
				<ele>771.328061</ele>
				<time>2018-02-12T01:36:51Z</time>
			</trkpt>
			<trkpt lat="19.144638" lon="98.697057">
				<ele>768.160216</ele>
				<time>2018-02-12T01:36:53Z</time>
			</trkpt>
			<trkpt lat="19.144878" lon="98.696883">
				<ele>766.322228</ele>
				<time>2018-02-12T01:36:55Z</time>
			</trkpt>
			<trkpt lat="19.145101" lon="98.696705">
				<ele>765.189400</ele>
				<time>2018-02-12T01:36:57Z</time>
			</trkpt>
			<trkpt lat="19.145191" lon="98.696528">
				<ele>763.438330</ele>
				<time>2018-02-12T01:36:58Z</time>
			</trkpt>
			<trkpt lat="19.145339" lon="98.696322">
				<ele>762.611059</ele>
				<time>2018-02-12T01:37:00Z</time>
			</trkpt>
			<trkpt lat="19.145412" lon="98.696006">
				<ele>763.260990</ele>
				<time>2018-02-12T01:37:02Z</time>
			</trkpt>
			<trkpt lat="19.145494" lon="98.695757">
				<ele>763.567144</ele>
				<time>2018-02-12T01:37:04Z</time>
			</trkpt>
			<trkpt lat="19.145559" lon="98.695548">
				<ele>763.711613</ele>
				<time>2018-02-12T01:37:06Z</time>
			</trkpt>
			<trkpt lat="19.145707" lon="98.695368">
				<ele>763.512166</ele>
				<time>2018-02-12T01:37:08Z</time>
			</trkpt>
			<trkpt lat="19.145925" lon="98.695264">
				<ele>764.746674</ele>
				<time>2018-02-12T01:37:10Z</time>
			</trkpt>
			<trkpt lat="19.146188" lon="98.695170">
				<ele>764.867264</ele>
				<time>2018-02-12T01:37:12Z</time>
			</trkpt>
			<trkpt lat="19.146503" lon="98.695105">
				<ele>764.479360</ele>
				<time>2018-02-12T01:37:14Z</time>
			</trkpt>
			<trkpt lat="19.146849" lon="98.695091">
				<ele>764.559047</ele>
				<time>2018-02-12T01:37:16Z</time>
			</trkpt>
			<trkpt lat="19.147041" lon="98.695131">
				<ele>763.841322</ele>
				<time>2018-02-12T01:37:17Z</time>
			</trkpt>
			<trkpt lat="19.147338" lon="98.695201">
				<ele>762.324994</ele>
				<time>2018-02-12T01:37:19Z</time>
			</trkpt>
			<trkpt lat="19.147641" lon="98.695297">
				<ele>761.566182</ele>
				<time>2018-02-12T01:37:21Z</time>
			</trkpt>
			<trkpt lat="19.147956" lon="98.695377">
				<ele>759.994552</ele>
				<time>2018-02-12T01:37:23Z</time>
			</trkpt>
			<trkpt lat="19.148286" lon="98.695376">
				<ele>760.463840</ele>
				<time>2018-02-12T01:37:25Z</time>
			</trkpt>
			<trkpt lat="19.148608" lon="98.695348">
				<ele>759.614390</ele>
				<time>2018-02-12T01:37:27Z</time>
			</trkpt>
			<trkpt lat="19.148958" lon="98.695295">
				<ele>758.974683</ele>
				<time>2018-02-12T01:37:29Z</time>
			</trkpt>
			<trkpt lat="19.149291" lon="98.695186">
				<ele>759.244589</ele>
				<time>2018-02-12T01:37:31Z</time>
			</trkpt>
			<trkpt lat="19.149464" lon="98.695116">
				<ele>759.269030</ele>
				<time>2018-02-12T01:37:32Z</time>
			</trkpt>
			<trkpt lat="19.149638" lon="98.695039">
				<ele>759.083357</ele>
				<time>2018-02-12T01:37:33Z</time>
			</trkpt>
			<trkpt lat="19.149814" lon="98.694953">
				<ele>758.346922</ele>
				<time>2018-02-12T01:37:34Z</time>
			</trkpt>
			<trkpt lat="19.149985" lon="98.694855">
				<ele>757.629304</ele>
				<time>2018-02-12T01:37:35Z</time>
			</trkpt>
			<trkpt lat="19.150152" lon="98.694759">
				<ele>756.852938</ele>
				<time>2018-02-12T01:37:36Z</time>
			</trkpt>
			<trkpt lat="19.150319" lon="98.694663">
				<ele>756.607815</ele>
				<time>2018-02-12T01:37:37Z</time>
			</trkpt>
			<trkpt lat="19.150498" lon="98.694572">
				<ele>756.160202</ele>
				<time>2018-02-12T01:37:38Z</time>
			</trkpt>
			<trkpt lat="19.150672" lon="98.694485">
				<ele>757.423541</ele>
				<time>2018-02-12T01:37:39Z</time>
			</trkpt>
			<trkpt lat="19.151030" lon="98.694352">
				<ele>757.125573</ele>
				<time>2018-02-12T01:37:41Z</time>
			</trkpt>
			<trkpt lat="19.151200" lon="98.694272">
				<ele>755.779526</ele>
				<time>2018-02-12T01:37:42Z</time>
			</trkpt>
			<trkpt lat="19.151486" lon="98.694156">
				<ele>754.791597</ele>
				<time>2018-02-12T01:37:44Z</time>
			</trkpt>
			<trkpt lat="19.151752" lon="98.694022">
				<ele>754.405916</ele>
				<time>2018-02-12T01:37:46Z</time>
			</trkpt>
			<trkpt lat="19.151985" lon="98.693846">
				<ele>753.219719</ele>
				<time>2018-02-12T01:37:48Z</time>
			</trkpt>
			<trkpt lat="19.152148" lon="98.693632">
				<ele>754.469631</ele>
				<time>2018-02-12T01:37:50Z</time>
			</trkpt>
			<trkpt lat="19.152250" lon="98.693379">
				<ele>757.067513</ele>
				<time>2018-02-12T01:37:52Z</time>
			</trkpt>
			<trkpt lat="19.152305" lon="98.693124">
				<ele>757.819168</ele>
				<time>2018-02-12T01:37:54Z</time>
			</trkpt>
			<trkpt lat="19.152399" lon="98.692922">
				<ele>759.167814</ele>
				<time>2018-02-12T01:37:56Z</time>
			</trkpt>
			<trkpt lat="19.152542" lon="98.692780">
				<ele>759.926478</ele>
				<time>2018-02-12T01:37:58Z</time>
			</trkpt>
			<trkpt lat="19.152712" lon="98.692693">
				<ele>760.640991</ele>
				<time>2018-02-12T01:38:00Z</time>
			</trkpt>
			<trkpt lat="19.152920" lon="98.692689">
				<ele>761.323179</ele>
				<time>2018-02-12T01:38:02Z</time>
			</trkpt>
			<trkpt lat="19.153152" lon="98.692709">
				<ele>761.383302</ele>
				<time>2018-02-12T01:38:04Z</time>
			</trkpt>
			<trkpt lat="19.153407" lon="98.692726">
				<ele>759.784731</ele>
				<time>2018-02-12T01:38:06Z</time>
			</trkpt>
			<trkpt lat="19.153697" lon="98.692724">
				<ele>757.634213</ele>
				<time>2018-02-12T01:38:08Z</time>
			</trkpt>
			<trkpt lat="19.153941" lon="98.692650">
				<ele>755.989216</ele>
				<time>2018-02-12T01:38:10Z</time>
			</trkpt>
			<trkpt lat="19.154142" lon="98.692588">
				<ele>753.863038</ele>
				<time>2018-02-12T01:38:12Z</time>
			</trkpt>
			<trkpt lat="19.154362" lon="98.692633">
				<ele>751.562704</ele>
				<time>2018-02-12T01:38:15Z</time>
			</trkpt>
			<trkpt lat="19.154457" lon="98.692861">
				<ele>748.645948</ele>
				<time>2018-02-12T01:38:18Z</time>
			</trkpt>
			<trkpt lat="19.154597" lon="98.693068">
				<ele>743.821333</ele>
				<time>2018-02-12T01:38:22Z</time>
			</trkpt>
			<trkpt lat="19.154809" lon="98.693027">
				<ele>743.535958</ele>
				<time>2018-02-12T01:38:24Z</time>
			</trkpt>
			<trkpt lat="19.155155" lon="98.692907">
				<ele>742.868973</ele>
				<time>2018-02-12T01:38:27Z</time>
			</trkpt>
			<trkpt lat="19.155350" lon="98.692849">
				<ele>741.563005</ele>
				<time>2018-02-12T01:38:28Z</time>
			</trkpt>
			<trkpt lat="19.155628" lon="98.692812">
				<ele>741.698381</ele>
				<time>2018-02-12T01:38:30Z</time>
			</trkpt>
			<trkpt lat="19.155902" lon="98.692779">
				<ele>740.670772</ele>
				<time>2018-02-12T01:38:32Z</time>
			</trkpt>
			<trkpt lat="19.156130" lon="98.692686">
				<ele>740.033517</ele>
				<time>2018-02-12T01:38:34Z</time>
			</trkpt>
			<trkpt lat="19.156370" lon="98.692545">
				<ele>740.263905</ele>
				<time>2018-02-12T01:38:36Z</time>
			</trkpt>
			<trkpt lat="19.156622" lon="98.692293">
				<ele>739.608294</ele>
				<time>2018-02-12T01:38:38Z</time>
			</trkpt>
			<trkpt lat="19.156782" lon="98.692197">
				<ele>739.349083</ele>
				<time>2018-02-12T01:38:39Z</time>
			</trkpt>
			<trkpt lat="19.157092" lon="98.692036">
				<ele>739.801939</ele>
				<time>2018-02-12T01:38:41Z</time>
			</trkpt>
			<trkpt lat="19.157365" lon="98.691863">
				<ele>739.391921</ele>
				<time>2018-02-12T01:38:43Z</time>
			</trkpt>
			<trkpt lat="19.157617" lon="98.691781">
				<ele>738.015962</ele>
				<time>2018-02-12T01:38:45Z</time>
			</trkpt>
			<trkpt lat="19.157879" lon="98.691821">
				<ele>738.116961</ele>
				<time>2018-02-12T01:38:47Z</time>
			</trkpt>
			<trkpt lat="19.158193" lon="98.691773">
				<ele>735.921909</ele>
				<time>2018-02-12T01:38:49Z</time>
			</trkpt>
			<trkpt lat="19.158488" lon="98.691633">
				<ele>736.553569</ele>
				<time>2018-02-12T01:38:51Z</time>
			</trkpt>
			<trkpt lat="19.158818" lon="98.691461">
				<ele>736.552721</ele>
				<time>2018-02-12T01:38:53Z</time>
			</trkpt>
			<trkpt lat="19.158994" lon="98.691365">
				<ele>737.234328</ele>
				<time>2018-02-12T01:38:54Z</time>
			</trkpt>
			<trkpt lat="19.159174" lon="98.691272">
				<ele>737.493731</ele>
				<time>2018-02-12T01:38:55Z</time>
			</trkpt>
			<trkpt lat="19.159363" lon="98.691149">
				<ele>737.753715</ele>
				<time>2018-02-12T01:38:56Z</time>
			</trkpt>
			<trkpt lat="19.159567" lon="98.691039">
				<ele>739.760245</ele>
				<time>2018-02-12T01:38:57Z</time>
			</trkpt>
			<trkpt lat="19.159758" lon="98.690964">
				<ele>739.699230</ele>
				<time>2018-02-12T01:38:58Z</time>
			</trkpt>
			<trkpt lat="19.159941" lon="98.690883">
				<ele>739.651077</ele>
				<time>2018-02-12T01:38:59Z</time>
			</trkpt>
			<trkpt lat="19.160138" lon="98.690822">
				<ele>738.620778</ele>
				<time>2018-02-12T01:39:00Z</time>
			</trkpt>
			<trkpt lat="19.160456" lon="98.690702">
				<ele>738.936271</ele>
				<time>2018-02-12T01:39:02Z</time>
			</trkpt>
			<trkpt lat="19.160634" lon="98.690640">
				<ele>738.756573</ele>
				<time>2018-02-12T01:39:03Z</time>
			</trkpt>
			<trkpt lat="19.160807" lon="98.690561">
				<ele>737.330884</ele>
				<time>2018-02-12T01:39:04Z</time>
			</trkpt>
			<trkpt lat="19.161112" lon="98.690400">
				<ele>738.932020</ele>
				<time>2018-02-12T01:39:06Z</time>
			</trkpt>
			<trkpt lat="19.161416" lon="98.690290">
				<ele>738.455018</ele>
				<time>2018-02-12T01:39:08Z</time>
			</trkpt>
			<trkpt lat="19.161731" lon="98.690305">
				<ele>739.388565</ele>
				<time>2018-02-12T01:39:10Z</time>
			</trkpt>
			<trkpt lat="19.161939" lon="98.690302">
				<ele>738.789477</ele>
				<time>2018-02-12T01:39:11Z</time>
			</trkpt>
			<trkpt lat="19.162122" lon="98.690299">
				<ele>738.764699</ele>
				<time>2018-02-12T01:39:12Z</time>
			</trkpt>
			<trkpt lat="19.162306" lon="98.690290">
				<ele>738.578940</ele>
				<time>2018-02-12T01:39:13Z</time>
			</trkpt>
			<trkpt lat="19.162625" lon="98.690305">
				<ele>738.137217</ele>
				<time>2018-02-12T01:39:15Z</time>
			</trkpt>
			<trkpt lat="19.162812" lon="98.690290">
				<ele>737.417702</ele>
				<time>2018-02-12T01:39:16Z</time>
			</trkpt>
			<trkpt lat="19.162994" lon="98.690301">
				<ele>736.936443</ele>
				<time>2018-02-12T01:39:17Z</time>
			</trkpt>
			<trkpt lat="19.163178" lon="98.690313">
				<ele>735.503005</ele>
				<time>2018-02-12T01:39:18Z</time>
			</trkpt>
			<trkpt lat="19.163521" lon="98.690352">
				<ele>735.369630</ele>
				<time>2018-02-12T01:39:20Z</time>
			</trkpt>
			<trkpt lat="19.163873" lon="98.690407">
				<ele>732.305893</ele>
				<time>2018-02-12T01:39:22Z</time>
			</trkpt>
			<trkpt lat="19.164208" lon="98.690453">
				<ele>729.844198</ele>
				<time>2018-02-12T01:39:24Z</time>
			</trkpt>
			<trkpt lat="19.164539" lon="98.690467">
				<ele>729.028342</ele>
				<time>2018-02-12T01:39:26Z</time>
			</trkpt>
			<trkpt lat="19.164874" lon="98.690478">
				<ele>727.543907</ele>
				<time>2018-02-12T01:39:28Z</time>
			</trkpt>
			<trkpt lat="19.165169" lon="98.690543">
				<ele>727.003661</ele>
				<time>2018-02-12T01:39:30Z</time>
			</trkpt>
			<trkpt lat="19.165435" lon="98.690670">
				<ele>727.255814</ele>
				<time>2018-02-12T01:39:32Z</time>
			</trkpt>
			<trkpt lat="19.165648" lon="98.690815">
				<ele>727.649856</ele>
				<time>2018-02-12T01:39:34Z</time>
			</trkpt>
			<trkpt lat="19.165847" lon="98.690936">
				<ele>727.611960</ele>
				<time>2018-02-12T01:39:36Z</time>
			</trkpt>
			<trkpt lat="19.166030" lon="98.691033">
				<ele>727.625292</ele>
				<time>2018-02-12T01:39:38Z</time>
			</trkpt>
			<trkpt lat="19.166200" lon="98.691100">
				<ele>727.573775</ele>
				<time>2018-02-12T01:39:40Z</time>
			</trkpt>
			<trkpt lat="19.166425" lon="98.691169">
				<ele>726.711394</ele>
				<time>2018-02-12T01:39:43Z</time>
			</trkpt>
			<trkpt lat="19.166277" lon="98.691053">
				<ele>730.587571</ele>
				<time>2018-02-12T01:40:35Z</time>
			</trkpt>
			<trkpt lat="19.166427" lon="98.691169">
				<ele>736.619419</ele>
				<time>2018-02-12T02:32:50Z</time>
			</trkpt>
			<trkpt lat="19.166686" lon="98.691217">
				<ele>741.443203</ele>
				<time>2018-02-12T02:32:55Z</time>
			</trkpt>
			<trkpt lat="19.166866" lon="98.691254">
				<ele>739.555752</ele>
				<time>2018-02-12T02:32:57Z</time>
			</trkpt>
			<trkpt lat="19.167078" lon="98.691264">
				<ele>739.364468</ele>
				<time>2018-02-12T02:32:59Z</time>
			</trkpt>
			<trkpt lat="19.167338" lon="98.691287">
				<ele>739.411953</ele>
				<time>2018-02-12T02:33:01Z</time>
			</trkpt>
			<trkpt lat="19.167640" lon="98.691332">
				<ele>737.742031</ele>
				<time>2018-02-12T02:33:03Z</time>
			</trkpt>
			<trkpt lat="19.167964" lon="98.691383">
				<ele>736.780483</ele>
				<time>2018-02-12T02:33:05Z</time>
			</trkpt>
			<trkpt lat="19.168311" lon="98.691379">
				<ele>736.576015</ele>
				<time>2018-02-12T02:33:07Z</time>
			</trkpt>
			<trkpt lat="19.168670" lon="98.691323">
				<ele>737.135098</ele>
				<time>2018-02-12T02:33:09Z</time>
			</trkpt>
			<trkpt lat="19.168857" lon="98.691289">
				<ele>736.913906</ele>
				<time>2018-02-12T02:33:10Z</time>
			</trkpt>
			<trkpt lat="19.169045" lon="98.691268">
				<ele>737.359707</ele>
				<time>2018-02-12T02:33:11Z</time>
			</trkpt>
			<trkpt lat="19.169235" lon="98.691255">
				<ele>736.926723</ele>
				<time>2018-02-12T02:33:12Z</time>
			</trkpt>
			<trkpt lat="19.169429" lon="98.691248">
				<ele>739.081539</ele>
				<time>2018-02-12T02:33:13Z</time>
			</trkpt>
			<trkpt lat="19.169625" lon="98.691235">
				<ele>740.350432</ele>
				<time>2018-02-12T02:33:14Z</time>
			</trkpt>
			<trkpt lat="19.169826" lon="98.691216">
				<ele>739.099923</ele>
				<time>2018-02-12T02:33:15Z</time>
			</trkpt>
			<trkpt lat="19.170010" lon="98.691195">
				<ele>739.299856</ele>
				<time>2018-02-12T02:33:16Z</time>
			</trkpt>
			<trkpt lat="19.170192" lon="98.691175">
				<ele>740.409921</ele>
				<time>2018-02-12T02:33:17Z</time>
			</trkpt>
			<trkpt lat="19.170466" lon="98.691148">
				<ele>738.924000</ele>
				<time>2018-02-12T02:33:19Z</time>
			</trkpt>
			<trkpt lat="19.170710" lon="98.691163">
				<ele>738.153066</ele>
				<time>2018-02-12T02:33:21Z</time>
			</trkpt>
			<trkpt lat="19.170889" lon="98.691313">
				<ele>739.073070</ele>
				<time>2018-02-12T02:33:23Z</time>
			</trkpt>
			<trkpt lat="19.171057" lon="98.691500">
				<ele>739.412616</ele>
				<time>2018-02-12T02:33:25Z</time>
			</trkpt>
			<trkpt lat="19.171247" lon="98.691574">
				<ele>737.209747</ele>
				<time>2018-02-12T02:33:27Z</time>
			</trkpt>
			<trkpt lat="19.171455" lon="98.691497">
				<ele>734.666691</ele>
				<time>2018-02-12T02:33:29Z</time>
			</trkpt>
			<trkpt lat="19.171656" lon="98.691400">
				<ele>737.701058</ele>
				<time>2018-02-12T02:33:31Z</time>
			</trkpt>
			<trkpt lat="19.171887" lon="98.691393">
				<ele>738.634105</ele>
				<time>2018-02-12T02:33:33Z</time>
			</trkpt>
			<trkpt lat="19.172112" lon="98.691542">
				<ele>741.561814</ele>
				<time>2018-02-12T02:33:35Z</time>
			</trkpt>
			<trkpt lat="19.172375" lon="98.691672">
				<ele>739.647417</ele>
				<time>2018-02-12T02:33:37Z</time>
			</trkpt>
			<trkpt lat="19.172680" lon="98.691759">
				<ele>740.206668</ele>
				<time>2018-02-12T02:33:39Z</time>
			</trkpt>
			<trkpt lat="19.173007" lon="98.691865">
				<ele>740.529652</ele>
				<time>2018-02-12T02:33:41Z</time>
			</trkpt>
			<trkpt lat="19.173328" lon="98.691983">
				<ele>734.284864</ele>
				<time>2018-02-12T02:33:43Z</time>
			</trkpt>
			<trkpt lat="19.173627" lon="98.692069">
				<ele>733.861137</ele>
				<time>2018-02-12T02:33:45Z</time>
			</trkpt>
			<trkpt lat="19.173935" lon="98.692099">
				<ele>735.848668</ele>
				<time>2018-02-12T02:33:47Z</time>
			</trkpt>
			<trkpt lat="19.174238" lon="98.692051">
				<ele>739.380235</ele>
				<time>2018-02-12T02:33:49Z</time>
			</trkpt>
			<trkpt lat="19.174528" lon="98.691976">
				<ele>742.114283</ele>
				<time>2018-02-12T02:33:51Z</time>
			</trkpt>
			<trkpt lat="19.174818" lon="98.691998">
				<ele>739.601392</ele>
				<time>2018-02-12T02:33:53Z</time>
			</trkpt>
			<trkpt lat="19.175059" lon="98.692179">
				<ele>740.178327</ele>
				<time>2018-02-12T02:33:55Z</time>
			</trkpt>
			<trkpt lat="19.175275" lon="98.692343">
				<ele>738.042294</ele>
				<time>2018-02-12T02:33:57Z</time>
			</trkpt>
			<trkpt lat="19.175532" lon="98.692463">
				<ele>736.798322</ele>
				<time>2018-02-12T02:33:59Z</time>
			</trkpt>
			<trkpt lat="19.175835" lon="98.692482">
				<ele>734.498434</ele>
				<time>2018-02-12T02:34:01Z</time>
			</trkpt>
			<trkpt lat="19.176170" lon="98.692470">
				<ele>732.996840</ele>
				<time>2018-02-12T02:34:03Z</time>
			</trkpt>
			<trkpt lat="19.176485" lon="98.692396">
				<ele>732.957909</ele>
				<time>2018-02-12T02:34:05Z</time>
			</trkpt>
			<trkpt lat="19.176806" lon="98.692308">
				<ele>732.078742</ele>
				<time>2018-02-12T02:34:07Z</time>
			</trkpt>
			<trkpt lat="19.177113" lon="98.692253">
				<ele>728.970376</ele>
				<time>2018-02-12T02:34:09Z</time>
			</trkpt>
			<trkpt lat="19.177439" lon="98.692229">
				<ele>733.320359</ele>
				<time>2018-02-12T02:34:11Z</time>
			</trkpt>
			<trkpt lat="19.177749" lon="98.692185">
				<ele>729.983728</ele>
				<time>2018-02-12T02:34:13Z</time>
			</trkpt>
			<trkpt lat="19.178049" lon="98.692116">
				<ele>730.795940</ele>
				<time>2018-02-12T02:34:15Z</time>
			</trkpt>
			<trkpt lat="19.178318" lon="98.691991">
				<ele>730.593013</ele>
				<time>2018-02-12T02:34:17Z</time>
			</trkpt>
			<trkpt lat="19.178564" lon="98.691852">
				<ele>730.688720</ele>
				<time>2018-02-12T02:34:19Z</time>
			</trkpt>
			<trkpt lat="19.178785" lon="98.691766">
				<ele>728.371665</ele>
				<time>2018-02-12T02:34:21Z</time>
			</trkpt>
			<trkpt lat="19.179000" lon="98.691767">
				<ele>729.729068</ele>
				<time>2018-02-12T02:34:23Z</time>
			</trkpt>
			<trkpt lat="19.179160" lon="98.691904">
				<ele>731.955212</ele>
				<time>2018-02-12T02:34:25Z</time>
			</trkpt>
			<trkpt lat="19.179276" lon="98.692093">
				<ele>732.308583</ele>
				<time>2018-02-12T02:34:27Z</time>
			</trkpt>
			<trkpt lat="19.179380" lon="98.692249">
				<ele>733.335494</ele>
				<time>2018-02-12T02:34:29Z</time>
			</trkpt>
			<trkpt lat="19.179563" lon="98.692368">
				<ele>727.496441</ele>
				<time>2018-02-12T02:34:31Z</time>
			</trkpt>
			<trkpt lat="19.179793" lon="98.692434">
				<ele>720.511158</ele>
				<time>2018-02-12T02:34:33Z</time>
			</trkpt>
			<trkpt lat="19.180120" lon="98.692459">
				<ele>731.836269</ele>
				<time>2018-02-12T02:34:35Z</time>
			</trkpt>
			<trkpt lat="19.180300" lon="98.692477">
				<ele>731.431484</ele>
				<time>2018-02-12T02:34:36Z</time>
			</trkpt>
			<trkpt lat="19.180485" lon="98.692485">
				<ele>730.121670</ele>
				<time>2018-02-12T02:34:37Z</time>
			</trkpt>
			<trkpt lat="19.180669" lon="98.692488">
				<ele>730.071133</ele>
				<time>2018-02-12T02:34:38Z</time>
			</trkpt>
			<trkpt lat="19.180994" lon="98.692479">
				<ele>728.074429</ele>
				<time>2018-02-12T02:34:40Z</time>
			</trkpt>
			<trkpt lat="19.181282" lon="98.692414">
				<ele>729.131557</ele>
				<time>2018-02-12T02:34:42Z</time>
			</trkpt>
			<trkpt lat="19.181537" lon="98.692268">
				<ele>730.579678</ele>
				<time>2018-02-12T02:34:44Z</time>
			</trkpt>
			<trkpt lat="19.181769" lon="98.692109">
				<ele>730.731045</ele>
				<time>2018-02-12T02:34:46Z</time>
			</trkpt>
			<trkpt lat="19.181981" lon="98.692090">
				<ele>731.531826</ele>
				<time>2018-02-12T02:34:48Z</time>
			</trkpt>
			<trkpt lat="19.182171" lon="98.692222">
				<ele>730.193203</ele>
				<time>2018-02-12T02:34:50Z</time>
			</trkpt>
			<trkpt lat="19.182373" lon="98.692421">
				<ele>729.530727</ele>
				<time>2018-02-12T02:34:52Z</time>
			</trkpt>
			<trkpt lat="19.182593" lon="98.692584">
				<ele>731.959840</ele>
				<time>2018-02-12T02:34:54Z</time>
			</trkpt>
			<trkpt lat="19.182809" lon="98.692594">
				<ele>729.420438</ele>
				<time>2018-02-12T02:34:56Z</time>
			</trkpt>
			<trkpt lat="19.183079" lon="98.692522">
				<ele>727.357779</ele>
				<time>2018-02-12T02:34:57Z</time>
			</trkpt>
			<trkpt lat="19.183574" lon="98.692364">
				<ele>728.139394</ele>
				<time>2018-02-12T02:34:59Z</time>
			</trkpt>
			<trkpt lat="19.183785" lon="98.692315">
				<ele>730.874025</ele>
				<time>2018-02-12T02:35:00Z</time>
			</trkpt>
			<trkpt lat="19.183980" lon="98.692284">
				<ele>728.945564</ele>
				<time>2018-02-12T02:35:01Z</time>
			</trkpt>
			<trkpt lat="19.184175" lon="98.692262">
				<ele>726.915503</ele>
				<time>2018-02-12T02:35:02Z</time>
			</trkpt>
			<trkpt lat="19.184386" lon="98.692237">
				<ele>728.337987</ele>
				<time>2018-02-12T02:35:03Z</time>
			</trkpt>
			<trkpt lat="19.184599" lon="98.692204">
				<ele>725.694360</ele>
				<time>2018-02-12T02:35:04Z</time>
			</trkpt>
			<trkpt lat="19.184827" lon="98.692162">
				<ele>725.974086</ele>
				<time>2018-02-12T02:35:05Z</time>
			</trkpt>
			<trkpt lat="19.185066" lon="98.692107">
				<ele>728.783901</ele>
				<time>2018-02-12T02:35:06Z</time>
			</trkpt>
			<trkpt lat="19.185316" lon="98.692039">
				<ele>727.608608</ele>
				<time>2018-02-12T02:35:07Z</time>
			</trkpt>
			<trkpt lat="19.185559" lon="98.691964">
				<ele>727.919033</ele>
				<time>2018-02-12T02:35:08Z</time>
			</trkpt>
			<trkpt lat="19.185817" lon="98.691884">
				<ele>727.479580</ele>
				<time>2018-02-12T02:35:09Z</time>
			</trkpt>
			<trkpt lat="19.186080" lon="98.691821">
				<ele>726.024502</ele>
				<time>2018-02-12T02:35:10Z</time>
			</trkpt>
			<trkpt lat="19.186321" lon="98.691752">
				<ele>721.947842</ele>
				<time>2018-02-12T02:35:11Z</time>
			</trkpt>
			<trkpt lat="19.186568" lon="98.691683">
				<ele>721.437832</ele>
				<time>2018-02-12T02:35:12Z</time>
			</trkpt>
			<trkpt lat="19.186800" lon="98.691623">
				<ele>721.239590</ele>
				<time>2018-02-12T02:35:13Z</time>
			</trkpt>
			<trkpt lat="19.187036" lon="98.691572">
				<ele>720.198818</ele>
				<time>2018-02-12T02:35:14Z</time>
			</trkpt>
			<trkpt lat="19.187272" lon="98.691533">
				<ele>717.788784</ele>
				<time>2018-02-12T02:35:15Z</time>
			</trkpt>
			<trkpt lat="19.187519" lon="98.691490">
				<ele>717.288418</ele>
				<time>2018-02-12T02:35:16Z</time>
			</trkpt>
			<trkpt lat="19.187756" lon="98.691454">
				<ele>717.004726</ele>
				<time>2018-02-12T02:35:17Z</time>
			</trkpt>
			<trkpt lat="19.188004" lon="98.691407">
				<ele>716.407803</ele>
				<time>2018-02-12T02:35:18Z</time>
			</trkpt>
			<trkpt lat="19.188251" lon="98.691360">
				<ele>716.598598</ele>
				<time>2018-02-12T02:35:19Z</time>
			</trkpt>
			<trkpt lat="19.188503" lon="98.691325">
				<ele>716.306728</ele>
				<time>2018-02-12T02:35:20Z</time>
			</trkpt>
			<trkpt lat="19.188730" lon="98.691296">
				<ele>717.912075</ele>
				<time>2018-02-12T02:35:21Z</time>
			</trkpt>
			<trkpt lat="19.188964" lon="98.691262">
				<ele>717.731777</ele>
				<time>2018-02-12T02:35:22Z</time>
			</trkpt>
			<trkpt lat="19.189217" lon="98.691230">
				<ele>717.561001</ele>
				<time>2018-02-12T02:35:23Z</time>
			</trkpt>
			<trkpt lat="19.189464" lon="98.691192">
				<ele>718.326870</ele>
				<time>2018-02-12T02:35:24Z</time>
			</trkpt>
			<trkpt lat="19.189703" lon="98.691112">
				<ele>718.029385</ele>
				<time>2018-02-12T02:35:25Z</time>
			</trkpt>
			<trkpt lat="19.189948" lon="98.691041">
				<ele>718.267788</ele>
				<time>2018-02-12T02:35:26Z</time>
			</trkpt>
			<trkpt lat="19.190189" lon="98.690971">
				<ele>718.116787</ele>
				<time>2018-02-12T02:35:27Z</time>
			</trkpt>
			<trkpt lat="19.190424" lon="98.690905">
				<ele>716.997890</ele>
				<time>2018-02-12T02:35:28Z</time>
			</trkpt>
			<trkpt lat="19.190657" lon="98.690824">
				<ele>717.745937</ele>
				<time>2018-02-12T02:35:29Z</time>
			</trkpt>
			<trkpt lat="19.190877" lon="98.690743">
				<ele>719.327724</ele>
				<time>2018-02-12T02:35:30Z</time>
			</trkpt>
			<trkpt lat="19.191098" lon="98.690675">
				<ele>720.936367</ele>
				<time>2018-02-12T02:35:31Z</time>
			</trkpt>
			<trkpt lat="19.191324" lon="98.690609">
				<ele>721.143887</ele>
				<time>2018-02-12T02:35:32Z</time>
			</trkpt>
			<trkpt lat="19.191555" lon="98.690563">
				<ele>723.447353</ele>
				<time>2018-02-12T02:35:33Z</time>
			</trkpt>
			<trkpt lat="19.191778" lon="98.690508">
				<ele>724.605068</ele>
				<time>2018-02-12T02:35:34Z</time>
			</trkpt>
			<trkpt lat="19.192005" lon="98.690435">
				<ele>724.947964</ele>
				<time>2018-02-12T02:35:35Z</time>
			</trkpt>
			<trkpt lat="19.192232" lon="98.690324">
				<ele>724.407558</ele>
				<time>2018-02-12T02:35:36Z</time>
			</trkpt>
			<trkpt lat="19.192427" lon="98.690209">
				<ele>723.816372</ele>
				<time>2018-02-12T02:35:37Z</time>
			</trkpt>
			<trkpt lat="19.192654" lon="98.690129">
				<ele>722.518642</ele>
				<time>2018-02-12T02:35:38Z</time>
			</trkpt>
			<trkpt lat="19.192855" lon="98.690044">
				<ele>723.464199</ele>
				<time>2018-02-12T02:35:39Z</time>
			</trkpt>
			<trkpt lat="19.193047" lon="98.689957">
				<ele>723.910244</ele>
				<time>2018-02-12T02:35:40Z</time>
			</trkpt>
			<trkpt lat="19.193224" lon="98.689895">
				<ele>722.902676</ele>
				<time>2018-02-12T02:35:41Z</time>
			</trkpt>
			<trkpt lat="19.193540" lon="98.689773">
				<ele>723.667690</ele>
				<time>2018-02-12T02:35:43Z</time>
			</trkpt>
			<trkpt lat="19.193781" lon="98.689687">
				<ele>723.249355</ele>
				<time>2018-02-12T02:35:45Z</time>
			</trkpt>
			<trkpt lat="19.193972" lon="98.689582">
				<ele>710.580664</ele>
				<time>2018-02-12T02:35:47Z</time>
			</trkpt>
			<trkpt lat="19.194046" lon="98.689322">
				<ele>711.054481</ele>
				<time>2018-02-12T02:35:50Z</time>
			</trkpt>
			<trkpt lat="19.193941" lon="98.689058">
				<ele>710.601751</ele>
				<time>2018-02-12T02:35:52Z</time>
			</trkpt>
			<trkpt lat="19.193889" lon="98.688861">
				<ele>708.180486</ele>
				<time>2018-02-12T02:35:54Z</time>
			</trkpt>
			<trkpt lat="19.193893" lon="98.688630">
				<ele>714.445577</ele>
				<time>2018-02-12T02:35:56Z</time>
			</trkpt>
			<trkpt lat="19.194102" lon="98.688452">
				<ele>713.265289</ele>
				<time>2018-02-12T02:35:58Z</time>
			</trkpt>
			<trkpt lat="19.194294" lon="98.688285">
				<ele>713.269368</ele>
				<time>2018-02-12T02:36:00Z</time>
			</trkpt>
			<trkpt lat="19.194369" lon="98.688048">
				<ele>712.909917</ele>
				<time>2018-02-12T02:36:02Z</time>
			</trkpt>
			<trkpt lat="19.194327" lon="98.687827">
				<ele>712.042675</ele>
				<time>2018-02-12T02:36:04Z</time>
			</trkpt>
			<trkpt lat="19.194156" lon="98.687667">
				<ele>710.115306</ele>
				<time>2018-02-12T02:36:06Z</time>
			</trkpt>
			<trkpt lat="19.193955" lon="98.687494">
				<ele>714.268395</ele>
				<time>2018-02-12T02:36:08Z</time>
			</trkpt>
			<trkpt lat="19.193801" lon="98.687242">
				<ele>713.642152</ele>
				<time>2018-02-12T02:36:10Z</time>
			</trkpt>
			<trkpt lat="19.193727" lon="98.686979">
				<ele>713.368934</ele>
				<time>2018-02-12T02:36:12Z</time>
			</trkpt>
			<trkpt lat="19.193748" lon="98.686709">
				<ele>713.057046</ele>
				<time>2018-02-12T02:36:14Z</time>
			</trkpt>
			<trkpt lat="19.193930" lon="98.686494">
				<ele>712.043919</ele>
				<time>2018-02-12T02:36:16Z</time>
			</trkpt>
			<trkpt lat="19.194157" lon="98.686327">
				<ele>712.566724</ele>
				<time>2018-02-12T02:36:18Z</time>
			</trkpt>
			<trkpt lat="19.194469" lon="98.686232">
				<ele>709.723918</ele>
				<time>2018-02-12T02:36:20Z</time>
			</trkpt>
			<trkpt lat="19.194780" lon="98.686099">
				<ele>710.993301</ele>
				<time>2018-02-12T02:36:22Z</time>
			</trkpt>
			<trkpt lat="19.194937" lon="98.685990">
				<ele>709.131835</ele>
				<time>2018-02-12T02:36:23Z</time>
			</trkpt>
			<trkpt lat="19.195084" lon="98.685859">
				<ele>711.218695</ele>
				<time>2018-02-12T02:36:24Z</time>
			</trkpt>
			<trkpt lat="19.195244" lon="98.685736">
				<ele>710.399348</ele>
				<time>2018-02-12T02:36:25Z</time>
			</trkpt>
			<trkpt lat="19.195395" lon="98.685613">
				<ele>710.494467</ele>
				<time>2018-02-12T02:36:26Z</time>
			</trkpt>
			<trkpt lat="19.195524" lon="98.685470">
				<ele>708.789730</ele>
				<time>2018-02-12T02:36:27Z</time>
			</trkpt>
			<trkpt lat="19.195710" lon="98.685281">
				<ele>706.789544</ele>
				<time>2018-02-12T02:36:29Z</time>
			</trkpt>
			<trkpt lat="19.195814" lon="98.685036">
				<ele>707.108664</ele>
				<time>2018-02-12T02:36:31Z</time>
			</trkpt>
			<trkpt lat="19.195731" lon="98.684761">
				<ele>707.356285</ele>
				<time>2018-02-12T02:36:33Z</time>
			</trkpt>
			<trkpt lat="19.195642" lon="98.684535">
				<ele>705.997392</ele>
				<time>2018-02-12T02:36:35Z</time>
			</trkpt>
			<trkpt lat="19.195685" lon="98.684269">
				<ele>705.583465</ele>
				<time>2018-02-12T02:36:37Z</time>
			</trkpt>
			<trkpt lat="19.195779" lon="98.684037">
				<ele>704.813825</ele>
				<time>2018-02-12T02:36:39Z</time>
			</trkpt>
			<trkpt lat="19.196002" lon="98.683851">
				<ele>707.946851</ele>
				<time>2018-02-12T02:36:41Z</time>
			</trkpt>
			<trkpt lat="19.196220" lon="98.683809">
				<ele>705.955148</ele>
				<time>2018-02-12T02:36:42Z</time>
			</trkpt>
			<trkpt lat="19.196543" lon="98.683664">
				<ele>703.713452</ele>
				<time>2018-02-12T02:36:44Z</time>
			</trkpt>
			<trkpt lat="19.196756" lon="98.683617">
				<ele>704.140156</ele>
				<time>2018-02-12T02:36:45Z</time>
			</trkpt>
			<trkpt lat="19.197113" lon="98.683471">
				<ele>706.398525</ele>
				<time>2018-02-12T02:36:47Z</time>
			</trkpt>
			<trkpt lat="19.197321" lon="98.683407">
				<ele>707.769985</ele>
				<time>2018-02-12T02:36:48Z</time>
			</trkpt>
			<trkpt lat="19.197526" lon="98.683328">
				<ele>708.829067</ele>
				<time>2018-02-12T02:36:49Z</time>
			</trkpt>
			<trkpt lat="19.197737" lon="98.683241">
				<ele>709.032558</ele>
				<time>2018-02-12T02:36:50Z</time>
			</trkpt>
			<trkpt lat="19.197940" lon="98.683154">
				<ele>709.378262</ele>
				<time>2018-02-12T02:36:51Z</time>
			</trkpt>
			<trkpt lat="19.198129" lon="98.683062">
				<ele>708.062099</ele>
				<time>2018-02-12T02:36:52Z</time>
			</trkpt>
			<trkpt lat="19.198305" lon="98.682975">
				<ele>707.231655</ele>
				<time>2018-02-12T02:36:53Z</time>
			</trkpt>
			<trkpt lat="19.198475" lon="98.682889">
				<ele>707.079433</ele>
				<time>2018-02-12T02:36:54Z</time>
			</trkpt>
			<trkpt lat="19.198646" lon="98.682802">
				<ele>707.024014</ele>
				<time>2018-02-12T02:36:55Z</time>
			</trkpt>
			<trkpt lat="19.198925" lon="98.682581">
				<ele>706.746914</ele>
				<time>2018-02-12T02:36:57Z</time>
			</trkpt>
			<trkpt lat="19.199075" lon="98.682463">
				<ele>705.995449</ele>
				<time>2018-02-12T02:36:58Z</time>
			</trkpt>
			<trkpt lat="19.199220" lon="98.682306">
				<ele>705.845547</ele>
				<time>2018-02-12T02:36:59Z</time>
			</trkpt>
			<trkpt lat="19.199362" lon="98.682155">
				<ele>705.738857</ele>
				<time>2018-02-12T02:37:00Z</time>
			</trkpt>
			<trkpt lat="19.199500" lon="98.682000">
				<ele>706.147305</ele>
				<time>2018-02-12T02:37:01Z</time>
			</trkpt>
			<trkpt lat="19.199614" lon="98.681835">
				<ele>705.711758</ele>
				<time>2018-02-12T02:37:02Z</time>
			</trkpt>
			<trkpt lat="19.199838" lon="98.681568">
				<ele>708.246160</ele>
				<time>2018-02-12T02:37:04Z</time>
			</trkpt>
			<trkpt lat="19.200014" lon="98.681332">
				<ele>707.844889</ele>
				<time>2018-02-12T02:37:06Z</time>
			</trkpt>
			<trkpt lat="19.200116" lon="98.681113">
				<ele>707.844726</ele>
				<time>2018-02-12T02:37:08Z</time>
			</trkpt>
			<trkpt lat="19.200238" lon="98.680927">
				<ele>707.655022</ele>
				<time>2018-02-12T02:37:10Z</time>
			</trkpt>
			<trkpt lat="19.200407" lon="98.680816">
				<ele>709.007694</ele>
				<time>2018-02-12T02:37:12Z</time>
			</trkpt>
			<trkpt lat="19.200633" lon="98.680834">
				<ele>709.754273</ele>
				<time>2018-02-12T02:37:14Z</time>
			</trkpt>
			<trkpt lat="19.200899" lon="98.680839">
				<ele>708.666772</ele>
				<time>2018-02-12T02:37:16Z</time>
			</trkpt>
			<trkpt lat="19.201169" lon="98.680748">
				<ele>711.430689</ele>
				<time>2018-02-12T02:37:18Z</time>
			</trkpt>
			<trkpt lat="19.201415" lon="98.680606">
				<ele>708.683124</ele>
				<time>2018-02-12T02:37:20Z</time>
			</trkpt>
			<trkpt lat="19.201636" lon="98.680455">
				<ele>708.962124</ele>
				<time>2018-02-12T02:37:22Z</time>
			</trkpt>
			<trkpt lat="19.201770" lon="98.680261">
				<ele>708.312739</ele>
				<time>2018-02-12T02:37:24Z</time>
			</trkpt>
			<trkpt lat="19.201864" lon="98.680008">
				<ele>709.976222</ele>
				<time>2018-02-12T02:37:26Z</time>
			</trkpt>
			<trkpt lat="19.201990" lon="98.679808">
				<ele>707.935780</ele>
				<time>2018-02-12T02:37:28Z</time>
			</trkpt>
			<trkpt lat="19.202209" lon="98.679656">
				<ele>707.833511</ele>
				<time>2018-02-12T02:37:30Z</time>
			</trkpt>
			<trkpt lat="19.202457" lon="98.679486">
				<ele>708.669491</ele>
				<time>2018-02-12T02:37:32Z</time>
			</trkpt>
			<trkpt lat="19.202716" lon="98.679296">
				<ele>707.022021</ele>
				<time>2018-02-12T02:37:34Z</time>
			</trkpt>
			<trkpt lat="19.202980" lon="98.679088">
				<ele>707.555424</ele>
				<time>2018-02-12T02:37:36Z</time>
			</trkpt>
			<trkpt lat="19.203216" lon="98.678894">
				<ele>705.062104</ele>
				<time>2018-02-12T02:37:38Z</time>
			</trkpt>
			<trkpt lat="19.203480" lon="98.678787">
				<ele>705.278651</ele>
				<time>2018-02-12T02:37:40Z</time>
			</trkpt>
			<trkpt lat="19.203743" lon="98.678667">
				<ele>705.353775</ele>
				<time>2018-02-12T02:37:42Z</time>
			</trkpt>
			<trkpt lat="19.204001" lon="98.678477">
				<ele>702.070498</ele>
				<time>2018-02-12T02:37:44Z</time>
			</trkpt>
			<trkpt lat="19.204236" lon="98.678263">
				<ele>702.159321</ele>
				<time>2018-02-12T02:37:46Z</time>
			</trkpt>
			<trkpt lat="19.204429" lon="98.678041">
				<ele>699.892246</ele>
				<time>2018-02-12T02:37:48Z</time>
			</trkpt>
			<trkpt lat="19.204596" lon="98.677799">
				<ele>701.493479</ele>
				<time>2018-02-12T02:37:50Z</time>
			</trkpt>
			<trkpt lat="19.204744" lon="98.677539">
				<ele>699.564483</ele>
				<time>2018-02-12T02:37:52Z</time>
			</trkpt>
			<trkpt lat="19.204892" lon="98.677296">
				<ele>696.843395</ele>
				<time>2018-02-12T02:37:54Z</time>
			</trkpt>
			<trkpt lat="19.205027" lon="98.677085">
				<ele>698.735381</ele>
				<time>2018-02-12T02:37:56Z</time>
			</trkpt>
			<trkpt lat="19.205159" lon="98.676884">
				<ele>696.460100</ele>
				<time>2018-02-12T02:37:58Z</time>
			</trkpt>
			<trkpt lat="19.205305" lon="98.676707">
				<ele>696.189063</ele>
				<time>2018-02-12T02:38:00Z</time>
			</trkpt>
			<trkpt lat="19.205404" lon="98.676542">
				<ele>696.810742</ele>
				<time>2018-02-12T02:38:02Z</time>
			</trkpt>
			<trkpt lat="19.205489" lon="98.676336">
				<ele>698.130097</ele>
				<time>2018-02-12T02:38:04Z</time>
			</trkpt>
			<trkpt lat="19.205592" lon="98.676110">
				<ele>698.318536</ele>
				<time>2018-02-12T02:38:06Z</time>
			</trkpt>
			<trkpt lat="19.205661" lon="98.675871">
				<ele>695.465741</ele>
				<time>2018-02-12T02:38:08Z</time>
			</trkpt>
			<trkpt lat="19.205717" lon="98.675666">
				<ele>695.790177</ele>
				<time>2018-02-12T02:38:10Z</time>
			</trkpt>
			<trkpt lat="19.205685" lon="98.675395">
				<ele>694.154167</ele>
				<time>2018-02-12T02:38:13Z</time>
			</trkpt>
			<trkpt lat="19.205480" lon="98.675320">
				<ele>696.837032</ele>
				<time>2018-02-12T02:38:15Z</time>
			</trkpt>
			<trkpt lat="19.205272" lon="98.675300">
				<ele>697.017157</ele>
				<time>2018-02-12T02:38:17Z</time>
			</trkpt>
			<trkpt lat="19.205088" lon="98.675222">
				<ele>699.966985</ele>
				<time>2018-02-12T02:38:19Z</time>
			</trkpt>
			<trkpt lat="19.204941" lon="98.675058">
				<ele>699.250030</ele>
				<time>2018-02-12T02:38:21Z</time>
			</trkpt>
			<trkpt lat="19.204983" lon="98.674782">
				<ele>701.306493</ele>
				<time>2018-02-12T02:38:23Z</time>
			</trkpt>
			<trkpt lat="19.205006" lon="98.674543">
				<ele>703.170616</ele>
				<time>2018-02-12T02:38:25Z</time>
			</trkpt>
			<trkpt lat="19.205027" lon="98.674283">
				<ele>706.347329</ele>
				<time>2018-02-12T02:38:27Z</time>
			</trkpt>
			<trkpt lat="19.204984" lon="98.674013">
				<ele>707.037162</ele>
				<time>2018-02-12T02:38:29Z</time>
			</trkpt>
			<trkpt lat="19.204841" lon="98.673754">
				<ele>707.586059</ele>
				<time>2018-02-12T02:38:31Z</time>
			</trkpt>
			<trkpt lat="19.204653" lon="98.673496">
				<ele>707.722419</ele>
				<time>2018-02-12T02:38:33Z</time>
			</trkpt>
			<trkpt lat="19.204445" lon="98.673220">
				<ele>709.209125</ele>
				<time>2018-02-12T02:38:35Z</time>
			</trkpt>
			<trkpt lat="19.204256" lon="98.672939">
				<ele>704.740469</ele>
				<time>2018-02-12T02:38:37Z</time>
			</trkpt>
			<trkpt lat="19.204092" lon="98.672679">
				<ele>704.863923</ele>
				<time>2018-02-12T02:38:39Z</time>
			</trkpt>
			<trkpt lat="19.204006" lon="98.672425">
				<ele>702.937072</ele>
				<time>2018-02-12T02:38:41Z</time>
			</trkpt>
			<trkpt lat="19.203986" lon="98.672159">
				<ele>702.566458</ele>
				<time>2018-02-12T02:38:43Z</time>
			</trkpt>
			<trkpt lat="19.204080" lon="98.671975">
				<ele>701.901371</ele>
				<time>2018-02-12T02:38:44Z</time>
			</trkpt>
			<trkpt lat="19.204274" lon="98.671720">
				<ele>701.660149</ele>
				<time>2018-02-12T02:38:46Z</time>
			</trkpt>
			<trkpt lat="19.204427" lon="98.671431">
				<ele>701.827237</ele>
				<time>2018-02-12T02:38:48Z</time>
			</trkpt>
			<trkpt lat="19.204476" lon="98.671140">
				<ele>700.728052</ele>
				<time>2018-02-12T02:38:50Z</time>
			</trkpt>
			<trkpt lat="19.204523" lon="98.670912">
				<ele>698.968602</ele>
				<time>2018-02-12T02:38:52Z</time>
			</trkpt>
			<trkpt lat="19.204685" lon="98.670724">
				<ele>700.407587</ele>
				<time>2018-02-12T02:38:54Z</time>
			</trkpt>
			<trkpt lat="19.204941" lon="98.670571">
				<ele>701.637661</ele>
				<time>2018-02-12T02:38:56Z</time>
			</trkpt>
			<trkpt lat="19.205188" lon="98.670387">
				<ele>704.132936</ele>
				<time>2018-02-12T02:38:58Z</time>
			</trkpt>
			<trkpt lat="19.205481" lon="98.670212">
				<ele>703.377988</ele>
				<time>2018-02-12T02:39:00Z</time>
			</trkpt>
			<trkpt lat="19.205796" lon="98.670103">
				<ele>705.298055</ele>
				<time>2018-02-12T02:39:02Z</time>
			</trkpt>
			<trkpt lat="19.206167" lon="98.670068">
				<ele>705.207042</ele>
				<time>2018-02-12T02:39:04Z</time>
			</trkpt>
			<trkpt lat="19.206351" lon="98.670064">
				<ele>702.668855</ele>
				<time>2018-02-12T02:39:05Z</time>
			</trkpt>
			<trkpt lat="19.206708" lon="98.670102">
				<ele>707.565477</ele>
				<time>2018-02-12T02:39:07Z</time>
			</trkpt>
			<trkpt lat="19.206893" lon="98.670153">
				<ele>704.706172</ele>
				<time>2018-02-12T02:39:08Z</time>
			</trkpt>
			<trkpt lat="19.207067" lon="98.670214">
				<ele>710.583049</ele>
				<time>2018-02-12T02:39:09Z</time>
			</trkpt>
			<trkpt lat="19.207378" lon="98.670343">
				<ele>708.618467</ele>
				<time>2018-02-12T02:39:11Z</time>
			</trkpt>
			<trkpt lat="19.207667" lon="98.670417">
				<ele>710.059314</ele>
				<time>2018-02-12T02:39:13Z</time>
			</trkpt>
			<trkpt lat="19.207963" lon="98.670431">
				<ele>712.226875</ele>
				<time>2018-02-12T02:39:15Z</time>
			</trkpt>
			<trkpt lat="19.208300" lon="98.670351">
				<ele>707.332119</ele>
				<time>2018-02-12T02:39:17Z</time>
			</trkpt>
			<trkpt lat="19.208667" lon="98.670306">
				<ele>707.894863</ele>
				<time>2018-02-12T02:39:19Z</time>
			</trkpt>
			<trkpt lat="19.208861" lon="98.670292">
				<ele>709.983486</ele>
				<time>2018-02-12T02:39:20Z</time>
			</trkpt>
			<trkpt lat="19.209064" lon="98.670292">
				<ele>711.502773</ele>
				<time>2018-02-12T02:39:21Z</time>
			</trkpt>
			<trkpt lat="19.209250" lon="98.670319">
				<ele>711.160488</ele>
				<time>2018-02-12T02:39:22Z</time>
			</trkpt>
			<trkpt lat="19.209573" lon="98.670425">
				<ele>712.496670</ele>
				<time>2018-02-12T02:39:24Z</time>
			</trkpt>
			<trkpt lat="19.209815" lon="98.670607">
				<ele>713.574795</ele>
				<time>2018-02-12T02:39:26Z</time>
			</trkpt>
			<trkpt lat="19.210011" lon="98.670834">
				<ele>712.548916</ele>
				<time>2018-02-12T02:39:28Z</time>
			</trkpt>
			<trkpt lat="19.210209" lon="98.671016">
				<ele>713.862148</ele>
				<time>2018-02-12T02:39:30Z</time>
			</trkpt>
			<trkpt lat="19.210499" lon="98.671046">
				<ele>711.333706</ele>
				<time>2018-02-12T02:39:32Z</time>
			</trkpt>
			<trkpt lat="19.210803" lon="98.671027">
				<ele>709.567715</ele>
				<time>2018-02-12T02:39:34Z</time>
			</trkpt>
			<trkpt lat="19.211149" lon="98.670990">
				<ele>711.109463</ele>
				<time>2018-02-12T02:39:36Z</time>
			</trkpt>
			<trkpt lat="19.211328" lon="98.670959">
				<ele>711.266201</ele>
				<time>2018-02-12T02:39:37Z</time>
			</trkpt>
			<trkpt lat="19.211525" lon="98.670922">
				<ele>712.031460</ele>
				<time>2018-02-12T02:39:38Z</time>
			</trkpt>
			<trkpt lat="19.211724" lon="98.670885">
				<ele>713.272671</ele>
				<time>2018-02-12T02:39:39Z</time>
			</trkpt>
			<trkpt lat="19.211910" lon="98.670835">
				<ele>710.223476</ele>
				<time>2018-02-12T02:39:40Z</time>
			</trkpt>
			<trkpt lat="19.212213" lon="98.670695">
				<ele>710.482998</ele>
				<time>2018-02-12T02:39:42Z</time>
			</trkpt>
			<trkpt lat="19.212465" lon="98.670566">
				<ele>714.425137</ele>
				<time>2018-02-12T02:39:44Z</time>
			</trkpt>
			<trkpt lat="19.212743" lon="98.670527">
				<ele>715.014004</ele>
				<time>2018-02-12T02:39:46Z</time>
			</trkpt>
			<trkpt lat="19.213011" lon="98.670607">
				<ele>715.726406</ele>
				<time>2018-02-12T02:39:48Z</time>
			</trkpt>
			<trkpt lat="19.213209" lon="98.670792">
				<ele>715.574062</ele>
				<time>2018-02-12T02:39:50Z</time>
			</trkpt>
			<trkpt lat="19.213405" lon="98.670906">
				<ele>716.203701</ele>
				<time>2018-02-12T02:39:52Z</time>
			</trkpt>
			<trkpt lat="19.213629" lon="98.670910">
				<ele>720.712978</ele>
				<time>2018-02-12T02:39:54Z</time>
			</trkpt>
			<trkpt lat="19.213876" lon="98.670771">
				<ele>718.964321</ele>
				<time>2018-02-12T02:39:56Z</time>
			</trkpt>
			<trkpt lat="19.214108" lon="98.670534">
				<ele>719.010952</ele>
				<time>2018-02-12T02:39:58Z</time>
			</trkpt>
			<trkpt lat="19.214213" lon="98.670345">
				<ele>718.590176</ele>
				<time>2018-02-12T02:39:59Z</time>
			</trkpt>
			<trkpt lat="19.214316" lon="98.670176">
				<ele>718.858242</ele>
				<time>2018-02-12T02:40:00Z</time>
			</trkpt>
			<trkpt lat="19.214420" lon="98.669999">
				<ele>720.141689</ele>
				<time>2018-02-12T02:40:01Z</time>
			</trkpt>
			<trkpt lat="19.214545" lon="98.669844">
				<ele>718.976284</ele>
				<time>2018-02-12T02:40:02Z</time>
			</trkpt>
			<trkpt lat="19.214677" lon="98.669697">
				<ele>720.324917</ele>
				<time>2018-02-12T02:40:03Z</time>
			</trkpt>
			<trkpt lat="19.214821" lon="98.669554">
				<ele>721.706875</ele>
				<time>2018-02-12T02:40:04Z</time>
			</trkpt>
			<trkpt lat="19.214969" lon="98.669429">
				<ele>721.657070</ele>
				<time>2018-02-12T02:40:05Z</time>
			</trkpt>
			<trkpt lat="19.215331" lon="98.669318">
				<ele>722.939907</ele>
				<time>2018-02-12T02:40:07Z</time>
			</trkpt>
			<trkpt lat="19.215523" lon="98.669289">
				<ele>723.741543</ele>
				<time>2018-02-12T02:40:08Z</time>
			</trkpt>
			<trkpt lat="19.215730" lon="98.669299">
				<ele>725.041958</ele>
				<time>2018-02-12T02:40:09Z</time>
			</trkpt>
			<trkpt lat="19.216070" lon="98.669323">
				<ele>724.141079</ele>
				<time>2018-02-12T02:40:11Z</time>
			</trkpt>
			<trkpt lat="19.216395" lon="98.669396">
				<ele>725.296963</ele>
				<time>2018-02-12T02:40:13Z</time>
			</trkpt>
			<trkpt lat="19.216594" lon="98.669565">
				<ele>727.667324</ele>
				<time>2018-02-12T02:40:15Z</time>
			</trkpt>
			<trkpt lat="19.216614" lon="98.669867">
				<ele>725.948452</ele>
				<time>2018-02-12T02:40:17Z</time>
			</trkpt>
			<trkpt lat="19.216637" lon="98.670106">
				<ele>731.111416</ele>
				<time>2018-02-12T02:40:19Z</time>
			</trkpt>
			<trkpt lat="19.216779" lon="98.670317">
				<ele>730.290859</ele>
				<time>2018-02-12T02:40:21Z</time>
			</trkpt>
			<trkpt lat="19.217022" lon="98.670410">
				<ele>727.326992</ele>
				<time>2018-02-12T02:40:23Z</time>
			</trkpt>
			<trkpt lat="19.217304" lon="98.670506">
				<ele>727.051968</ele>
				<time>2018-02-12T02:40:25Z</time>
			</trkpt>
			<trkpt lat="19.217610" lon="98.670618">
				<ele>727.757778</ele>
				<time>2018-02-12T02:40:27Z</time>
			</trkpt>
			<trkpt lat="19.217953" lon="98.670761">
				<ele>733.455410</ele>
				<time>2018-02-12T02:40:29Z</time>
			</trkpt>
			<trkpt lat="19.218139" lon="98.670826">
				<ele>737.261562</ele>
				<time>2018-02-12T02:40:30Z</time>
			</trkpt>
			<trkpt lat="19.218329" lon="98.670902">
				<ele>740.215542</ele>
				<time>2018-02-12T02:40:31Z</time>
			</trkpt>
			<trkpt lat="19.218517" lon="98.670966">
				<ele>742.296474</ele>
				<time>2018-02-12T02:40:32Z</time>
			</trkpt>
			<trkpt lat="19.218695" lon="98.671014">
				<ele>743.881924</ele>
				<time>2018-02-12T02:40:33Z</time>
			</trkpt>
			<trkpt lat="19.218996" lon="98.671039">
				<ele>752.023281</ele>
				<time>2018-02-12T02:40:35Z</time>
			</trkpt>
			<trkpt lat="19.219241" lon="98.671001">
				<ele>757.424648</ele>
				<time>2018-02-12T02:40:37Z</time>
			</trkpt>
			<trkpt lat="19.219414" lon="98.670898">
				<ele>761.190517</ele>
				<time>2018-02-12T02:40:39Z</time>
			</trkpt>
			<trkpt lat="19.219502" lon="98.670682">
				<ele>764.685390</ele>
				<time>2018-02-12T02:40:41Z</time>
			</trkpt>
			<trkpt lat="19.219564" lon="98.670453">
				<ele>768.405483</ele>
				<time>2018-02-12T02:40:43Z</time>
			</trkpt>
			<trkpt lat="19.219634" lon="98.670239">
				<ele>771.414516</ele>
				<time>2018-02-12T02:40:45Z</time>
			</trkpt>
			<trkpt lat="19.219752" lon="98.670035">
				<ele>773.058681</ele>
				<time>2018-02-12T02:40:47Z</time>
			</trkpt>
			<trkpt lat="19.219922" lon="98.669855">
				<ele>773.763760</ele>
				<time>2018-02-12T02:40:49Z</time>
			</trkpt>
			<trkpt lat="19.220122" lon="98.669800">
				<ele>773.379482</ele>
				<time>2018-02-12T02:40:51Z</time>
			</trkpt>
			<trkpt lat="19.220314" lon="98.669756">
				<ele>778.367153</ele>
				<time>2018-02-12T02:40:53Z</time>
			</trkpt>
			<trkpt lat="19.220499" lon="98.669668">
				<ele>778.180508</ele>
				<time>2018-02-12T02:40:55Z</time>
			</trkpt>
			<trkpt lat="19.220717" lon="98.669613">
				<ele>781.005947</ele>
				<time>2018-02-12T02:40:59Z</time>
			</trkpt>
			<trkpt lat="19.220660" lon="98.669826">
				<ele>784.370937</ele>
				<time>2018-02-12T02:41:03Z</time>
			</trkpt>
			<trkpt lat="19.220478" lon="98.669945">
				<ele>782.816372</ele>
				<time>2018-02-12T02:41:05Z</time>
			</trkpt>
			<trkpt lat="19.220311" lon="98.670037">
				<ele>785.443813</ele>
				<time>2018-02-12T02:41:07Z</time>
			</trkpt>
			<trkpt lat="19.220149" lon="98.670131">
				<ele>788.210659</ele>
				<time>2018-02-12T02:41:09Z</time>
			</trkpt>
			<trkpt lat="19.219992" lon="98.670267">
				<ele>788.545498</ele>
				<time>2018-02-12T02:41:11Z</time>
			</trkpt>
			<trkpt lat="19.219941" lon="98.670470">
				<ele>795.419547</ele>
				<time>2018-02-12T02:41:13Z</time>
			</trkpt>
			<trkpt lat="19.220066" lon="98.670716">
				<ele>790.405239</ele>
				<time>2018-02-12T02:41:16Z</time>
			</trkpt>
			<trkpt lat="19.220236" lon="98.670836">
				<ele>791.326504</ele>
				<time>2018-02-12T02:41:18Z</time>
			</trkpt>
			<trkpt lat="19.220499" lon="98.670903">
				<ele>792.462490</ele>
				<time>2018-02-12T02:41:19Z</time>
			</trkpt>
			<trkpt lat="19.220797" lon="98.670981">
				<ele>801.240847</ele>
				<time>2018-02-12T02:41:21Z</time>
			</trkpt>
			<trkpt lat="19.221010" lon="98.671068">
				<ele>799.935482</ele>
				<time>2018-02-12T02:41:23Z</time>
			</trkpt>
			<trkpt lat="19.221114" lon="98.671302">
				<ele>800.537411</ele>
				<time>2018-02-12T02:41:26Z</time>
			</trkpt>
			<trkpt lat="19.220904" lon="98.671490">
				<ele>799.493865</ele>
				<time>2018-02-12T02:41:29Z</time>
			</trkpt>
			<trkpt lat="19.220613" lon="98.671573">
				<ele>804.174907</ele>
				<time>2018-02-12T02:41:31Z</time>
			</trkpt>
			<trkpt lat="19.220360" lon="98.671704">
				<ele>802.635763</ele>
				<time>2018-02-12T02:41:33Z</time>
			</trkpt>
			<trkpt lat="19.220115" lon="98.671898">
				<ele>796.760098</ele>
				<time>2018-02-12T02:41:35Z</time>
			</trkpt>
			<trkpt lat="19.219854" lon="98.672100">
				<ele>798.852383</ele>
				<time>2018-02-12T02:41:37Z</time>
			</trkpt>
			<trkpt lat="19.219593" lon="98.672191">
				<ele>807.177838</ele>
				<time>2018-02-12T02:41:39Z</time>
			</trkpt>
			<trkpt lat="19.219355" lon="98.672131">
				<ele>804.287807</ele>
				<time>2018-02-12T02:41:41Z</time>
			</trkpt>
			<trkpt lat="19.219123" lon="98.672027">
				<ele>801.948696</ele>
				<time>2018-02-12T02:41:43Z</time>
			</trkpt>
			<trkpt lat="19.218894" lon="98.671940">
				<ele>801.875454</ele>
				<time>2018-02-12T02:41:45Z</time>
			</trkpt>
			<trkpt lat="19.218657" lon="98.672026">
				<ele>800.519131</ele>
				<time>2018-02-12T02:41:47Z</time>
			</trkpt>
			<trkpt lat="19.218451" lon="98.672167">
				<ele>802.380215</ele>
				<time>2018-02-12T02:41:49Z</time>
			</trkpt>
			<trkpt lat="19.218336" lon="98.672392">
				<ele>807.444424</ele>
				<time>2018-02-12T02:41:51Z</time>
			</trkpt>
			<trkpt lat="19.218326" lon="98.672634">
				<ele>809.759609</ele>
				<time>2018-02-12T02:41:54Z</time>
			</trkpt>
			<trkpt lat="19.218493" lon="98.672425">
				<ele>810.456875</ele>
				<time>2018-02-12T02:41:58Z</time>
			</trkpt>
			<trkpt lat="19.218704" lon="98.672216">
				<ele>814.058315</ele>
				<time>2018-02-12T02:42:01Z</time>
			</trkpt>
			<trkpt lat="19.218907" lon="98.672206">
				<ele>815.855312</ele>
				<time>2018-02-12T02:42:03Z</time>
			</trkpt>
			<trkpt lat="19.219148" lon="98.672378">
				<ele>817.564297</ele>
				<time>2018-02-12T02:42:05Z</time>
			</trkpt>
			<trkpt lat="19.219390" lon="98.672537">
				<ele>819.478848</ele>
				<time>2018-02-12T02:42:07Z</time>
			</trkpt>
			<trkpt lat="19.219634" lon="98.672632">
				<ele>819.268154</ele>
				<time>2018-02-12T02:42:09Z</time>
			</trkpt>
			<trkpt lat="19.219879" lon="98.672641">
				<ele>819.202969</ele>
				<time>2018-02-12T02:42:11Z</time>
			</trkpt>
			<trkpt lat="19.220152" lon="98.672448">
				<ele>822.166103</ele>
				<time>2018-02-12T02:42:13Z</time>
			</trkpt>
			<trkpt lat="19.220311" lon="98.672337">
				<ele>823.346279</ele>
				<time>2018-02-12T02:42:14Z</time>
			</trkpt>
			<trkpt lat="19.220469" lon="98.672222">
				<ele>824.354336</ele>
				<time>2018-02-12T02:42:15Z</time>
			</trkpt>
			<trkpt lat="19.220637" lon="98.672126">
				<ele>823.500210</ele>
				<time>2018-02-12T02:42:16Z</time>
			</trkpt>
			<trkpt lat="19.220959" lon="98.671955">
				<ele>824.034634</ele>
				<time>2018-02-12T02:42:18Z</time>
			</trkpt>
			<trkpt lat="19.221218" lon="98.671837">
				<ele>826.893154</ele>
				<time>2018-02-12T02:42:20Z</time>
			</trkpt>
			<trkpt lat="19.221469" lon="98.671782">
				<ele>826.889858</ele>
				<time>2018-02-12T02:42:22Z</time>
			</trkpt>
			<trkpt lat="19.221707" lon="98.671813">
				<ele>827.154140</ele>
				<time>2018-02-12T02:42:24Z</time>
			</trkpt>
			<trkpt lat="19.221941" lon="98.671957">
				<ele>837.551690</ele>
				<time>2018-02-12T02:42:26Z</time>
			</trkpt>
			<trkpt lat="19.222121" lon="98.672016">
				<ele>834.634303</ele>
				<time>2018-02-12T02:42:28Z</time>
			</trkpt>
			<trkpt lat="19.222247" lon="98.671861">
				<ele>841.938828</ele>
				<time>2018-02-12T02:42:31Z</time>
			</trkpt>
			<trkpt lat="19.222222" lon="98.671589">
				<ele>841.214013</ele>
				<time>2018-02-12T02:42:34Z</time>
			</trkpt>
			<trkpt lat="19.222350" lon="98.671362">
				<ele>842.311541</ele>
				<time>2018-02-12T02:42:37Z</time>
			</trkpt>
			<trkpt lat="19.222609" lon="98.671308">
				<ele>841.692558</ele>
				<time>2018-02-12T02:42:40Z</time>
			</trkpt>
			<trkpt lat="19.222853" lon="98.671351">
				<ele>842.872482</ele>
				<time>2018-02-12T02:42:43Z</time>
			</trkpt>
			<trkpt lat="19.223076" lon="98.671316">
				<ele>842.692322</ele>
				<time>2018-02-12T02:42:46Z</time>
			</trkpt>
			<trkpt lat="19.223179" lon="98.671138">
				<ele>846.978795</ele>
				<time>2018-02-12T02:42:49Z</time>
			</trkpt>
			<trkpt lat="19.223075" lon="98.670929">
				<ele>843.681451</ele>
				<time>2018-02-12T02:42:53Z</time>
			</trkpt>
			<trkpt lat="19.223080" lon="98.670699">
				<ele>849.468757</ele>
				<time>2018-02-12T02:42:56Z</time>
			</trkpt>
			<trkpt lat="19.223336" lon="98.670700">
				<ele>849.403020</ele>
				<time>2018-02-12T02:42:58Z</time>
			</trkpt>
			<trkpt lat="19.223594" lon="98.670653">
				<ele>852.452274</ele>
				<time>2018-02-12T02:43:00Z</time>
			</trkpt>
			<trkpt lat="19.223855" lon="98.670654">
				<ele>853.665504</ele>
				<time>2018-02-12T02:43:02Z</time>
			</trkpt>
			<trkpt lat="19.224077" lon="98.670668">
				<ele>853.331410</ele>
				<time>2018-02-12T02:43:04Z</time>
			</trkpt>
			<trkpt lat="19.224280" lon="98.670629">
				<ele>855.835535</ele>
				<time>2018-02-12T02:43:06Z</time>
			</trkpt>
			<trkpt lat="19.224468" lon="98.670569">
				<ele>856.514050</ele>
				<time>2018-02-12T02:43:08Z</time>
			</trkpt>
			<trkpt lat="19.224608" lon="98.670405">
				<ele>856.412794</ele>
				<time>2018-02-12T02:43:10Z</time>
			</trkpt>
			<trkpt lat="19.224762" lon="98.670187">
				<ele>855.084669</ele>
				<time>2018-02-12T02:43:13Z</time>
			</trkpt>
			<trkpt lat="19.224900" lon="98.670041">
				<ele>855.168221</ele>
				<time>2018-02-12T02:43:15Z</time>
			</trkpt>
			<trkpt lat="19.225164" lon="98.670017">
				<ele>859.082300</ele>
				<time>2018-02-12T02:43:18Z</time>
			</trkpt>
			<trkpt lat="19.225359" lon="98.670056">
				<ele>861.378611</ele>
				<time>2018-02-12T02:43:20Z</time>
			</trkpt>
			<trkpt lat="19.225616" lon="98.670112">
				<ele>865.006816</ele>
				<time>2018-02-12T02:43:22Z</time>
			</trkpt>
			<trkpt lat="19.225860" lon="98.670236">
				<ele>855.653652</ele>
				<time>2018-02-12T02:43:24Z</time>
			</trkpt>
			<trkpt lat="19.226067" lon="98.670355">
				<ele>854.580410</ele>
				<time>2018-02-12T02:43:26Z</time>
			</trkpt>
			<trkpt lat="19.226254" lon="98.670407">
				<ele>855.260342</ele>
				<time>2018-02-12T02:43:28Z</time>
			</trkpt>
			<trkpt lat="19.226413" lon="98.670299">
				<ele>852.075039</ele>
				<time>2018-02-12T02:43:30Z</time>
			</trkpt>
			<trkpt lat="19.226601" lon="98.670208">
				<ele>847.582851</ele>
				<time>2018-02-12T02:43:32Z</time>
			</trkpt>
			<trkpt lat="19.226783" lon="98.670215">
				<ele>852.308681</ele>
				<time>2018-02-12T02:43:34Z</time>
			</trkpt>
			<trkpt lat="19.226962" lon="98.670327">
				<ele>856.705410</ele>
				<time>2018-02-12T02:43:36Z</time>
			</trkpt>
			<trkpt lat="19.227196" lon="98.670384">
				<ele>859.910732</ele>
				<time>2018-02-12T02:43:38Z</time>
			</trkpt>
			<trkpt lat="19.227407" lon="98.670319">
				<ele>860.691494</ele>
				<time>2018-02-12T02:43:40Z</time>
			</trkpt>
			<trkpt lat="19.227570" lon="98.670463">
				<ele>863.570278</ele>
				<time>2018-02-12T02:43:43Z</time>
			</trkpt>
			<trkpt lat="19.227420" lon="98.670687">
				<ele>867.524380</ele>
				<time>2018-02-12T02:43:46Z</time>
			</trkpt>
			<trkpt lat="19.227244" lon="98.670791">
				<ele>870.834805</ele>
				<time>2018-02-12T02:43:48Z</time>
			</trkpt>
			<trkpt lat="19.227018" lon="98.670800">
				<ele>874.274258</ele>
				<time>2018-02-12T02:43:50Z</time>
			</trkpt>
			<trkpt lat="19.226825" lon="98.670788">
				<ele>872.473721</ele>
				<time>2018-02-12T02:43:52Z</time>
			</trkpt>
			<trkpt lat="19.226642" lon="98.670910">
				<ele>875.421841</ele>
				<time>2018-02-12T02:43:54Z</time>
			</trkpt>
			<trkpt lat="19.226502" lon="98.671071">
				<ele>876.289883</ele>
				<time>2018-02-12T02:43:56Z</time>
			</trkpt>
			<trkpt lat="19.226289" lon="98.671084">
				<ele>880.006680</ele>
				<time>2018-02-12T02:43:58Z</time>
			</trkpt>
			<trkpt lat="19.226078" lon="98.671029">
				<ele>878.634975</ele>
				<time>2018-02-12T02:44:00Z</time>
			</trkpt>
			<trkpt lat="19.225866" lon="98.670891">
				<ele>876.476284</ele>
				<time>2018-02-12T02:44:02Z</time>
			</trkpt>
			<trkpt lat="19.225628" lon="98.670837">
				<ele>876.130459</ele>
				<time>2018-02-12T02:44:04Z</time>
			</trkpt>
			<trkpt lat="19.225411" lon="98.670859">
				<ele>875.308804</ele>
				<time>2018-02-12T02:44:06Z</time>
			</trkpt>
			<trkpt lat="19.225318" lon="98.671029">
				<ele>875.826748</ele>
				<time>2018-02-12T02:44:08Z</time>
			</trkpt>
			<trkpt lat="19.225299" lon="98.671244">
				<ele>879.297939</ele>
				<time>2018-02-12T02:44:10Z</time>
			</trkpt>
			<trkpt lat="19.225278" lon="98.671533">
				<ele>883.664150</ele>
				<time>2018-02-12T02:44:12Z</time>
			</trkpt>
			<trkpt lat="19.225183" lon="98.671801">
				<ele>910.718587</ele>
				<time>2018-02-12T02:44:14Z</time>
			</trkpt>
			<trkpt lat="19.224973" lon="98.672066">
				<ele>913.558509</ele>
				<time>2018-02-12T02:44:16Z</time>
			</trkpt>
			<trkpt lat="19.224640" lon="98.672092">
				<ele>913.246219</ele>
				<time>2018-02-12T02:44:18Z</time>
			</trkpt>
			<trkpt lat="19.224448" lon="98.672106">
				<ele>910.691498</ele>
				<time>2018-02-12T02:44:19Z</time>
			</trkpt>
			<trkpt lat="19.224098" lon="98.672192">
				<ele>915.619071</ele>
				<time>2018-02-12T02:44:21Z</time>
			</trkpt>
			<trkpt lat="19.223815" lon="98.672333">
				<ele>917.247189</ele>
				<time>2018-02-12T02:44:23Z</time>
			</trkpt>
			<trkpt lat="19.223626" lon="98.672468">
				<ele>917.265277</ele>
				<time>2018-02-12T02:44:25Z</time>
			</trkpt>
			<trkpt lat="19.223513" lon="98.672670">
				<ele>910.486904</ele>
				<time>2018-02-12T02:44:27Z</time>
			</trkpt>
			<trkpt lat="19.223501" lon="98.672972">
				<ele>915.571377</ele>
				<time>2018-02-12T02:44:29Z</time>
			</trkpt>
			<trkpt lat="19.223524" lon="98.673263">
				<ele>918.783779</ele>
				<time>2018-02-12T02:44:31Z</time>
			</trkpt>
			<trkpt lat="19.223474" lon="98.673518">
				<ele>921.277676</ele>
				<time>2018-02-12T02:44:33Z</time>
			</trkpt>
			<trkpt lat="19.223318" lon="98.673716">
				<ele>922.142666</ele>
				<time>2018-02-12T02:44:35Z</time>
			</trkpt>
			<trkpt lat="19.223148" lon="98.673877">
				<ele>924.063198</ele>
				<time>2018-02-12T02:44:37Z</time>
			</trkpt>
			<trkpt lat="19.223168" lon="98.674096">
				<ele>924.800869</ele>
				<time>2018-02-12T02:44:41Z</time>
			</trkpt>
			<trkpt lat="19.223397" lon="98.673995">
				<ele>925.487881</ele>
				<time>2018-02-12T02:44:44Z</time>
			</trkpt>
			<trkpt lat="19.223594" lon="98.673802">
				<ele>929.342007</ele>
				<time>2018-02-12T02:44:46Z</time>
			</trkpt>
			<trkpt lat="19.223752" lon="98.673548">
				<ele>928.875576</ele>
				<time>2018-02-12T02:44:48Z</time>
			</trkpt>
			<trkpt lat="19.223822" lon="98.673292">
				<ele>929.336514</ele>
				<time>2018-02-12T02:44:50Z</time>
			</trkpt>
			<trkpt lat="19.223839" lon="98.673005">
				<ele>930.457607</ele>
				<time>2018-02-12T02:44:52Z</time>
			</trkpt>
			<trkpt lat="19.223904" lon="98.672774">
				<ele>932.940639</ele>
				<time>2018-02-12T02:44:54Z</time>
			</trkpt>
			<trkpt lat="19.224029" lon="98.672555">
				<ele>934.411709</ele>
				<time>2018-02-12T02:44:56Z</time>
			</trkpt>
			<trkpt lat="19.224320" lon="98.672497">
				<ele>934.441738</ele>
				<time>2018-02-12T02:44:58Z</time>
			</trkpt>
			<trkpt lat="19.224587" lon="98.672399">
				<ele>933.480312</ele>
				<time>2018-02-12T02:45:00Z</time>
			</trkpt>
			<trkpt lat="19.224802" lon="98.672324">
				<ele>934.836025</ele>
				<time>2018-02-12T02:45:02Z</time>
			</trkpt>
			<trkpt lat="19.225042" lon="98.672326">
				<ele>935.406826</ele>
				<time>2018-02-12T02:45:04Z</time>
			</trkpt>
			<trkpt lat="19.225325" lon="98.672467">
				<ele>938.356533</ele>
				<time>2018-02-12T02:45:06Z</time>
			</trkpt>
			<trkpt lat="19.225570" lon="98.672555">
				<ele>940.415127</ele>
				<time>2018-02-12T02:45:08Z</time>
			</trkpt>
			<trkpt lat="19.225754" lon="98.672412">
				<ele>941.321255</ele>
				<time>2018-02-12T02:45:11Z</time>
			</trkpt>
			<trkpt lat="19.225906" lon="98.672202">
				<ele>941.004848</ele>
				<time>2018-02-12T02:45:14Z</time>
			</trkpt>
			<trkpt lat="19.226095" lon="98.672164">
				<ele>945.789516</ele>
				<time>2018-02-12T02:45:16Z</time>
			</trkpt>
			<trkpt lat="19.226339" lon="98.672246">
				<ele>947.970303</ele>
				<time>2018-02-12T02:45:18Z</time>
			</trkpt>
			<trkpt lat="19.226635" lon="98.672282">
				<ele>958.614260</ele>
				<time>2018-02-12T02:45:20Z</time>
			</trkpt>
			<trkpt lat="19.226874" lon="98.672354">
				<ele>962.614830</ele>
				<time>2018-02-12T02:45:22Z</time>
			</trkpt>
			<trkpt lat="19.227097" lon="98.672400">
				<ele>958.245534</ele>
				<time>2018-02-12T02:45:24Z</time>
			</trkpt>
			<trkpt lat="19.227249" lon="98.672283">
				<ele>964.733073</ele>
				<time>2018-02-12T02:45:26Z</time>
			</trkpt>
			<trkpt lat="19.227387" lon="98.672093">
				<ele>951.488735</ele>
				<time>2018-02-12T02:45:28Z</time>
			</trkpt>
			<trkpt lat="19.227573" lon="98.672025">
				<ele>954.155605</ele>
				<time>2018-02-12T02:45:30Z</time>
			</trkpt>
			<trkpt lat="19.227745" lon="98.672087">
				<ele>954.562954</ele>
				<time>2018-02-12T02:45:32Z</time>
			</trkpt>
			<trkpt lat="19.227949" lon="98.672190">
				<ele>954.230556</ele>
				<time>2018-02-12T02:45:34Z</time>
			</trkpt>
			<trkpt lat="19.228181" lon="98.672165">
				<ele>954.588955</ele>
				<time>2018-02-12T02:45:36Z</time>
			</trkpt>
			<trkpt lat="19.228416" lon="98.672106">
				<ele>954.845547</ele>
				<time>2018-02-12T02:45:38Z</time>
			</trkpt>
			<trkpt lat="19.228530" lon="98.671920">
				<ele>956.572720</ele>
				<time>2018-02-12T02:45:39Z</time>
			</trkpt>
			<trkpt lat="19.228772" lon="98.671741">
				<ele>960.032192</ele>
				<time>2018-02-12T02:45:41Z</time>
			</trkpt>
			<trkpt lat="19.229018" lon="98.671607">
				<ele>957.993740</ele>
				<time>2018-02-12T02:45:43Z</time>
			</trkpt>
			<trkpt lat="19.229175" lon="98.671432">
				<ele>956.683071</ele>
				<time>2018-02-12T02:45:45Z</time>
			</trkpt>
			<trkpt lat="19.229199" lon="98.671209">
				<ele>957.370449</ele>
				<time>2018-02-12T02:45:47Z</time>
			</trkpt>
			<trkpt lat="19.229235" lon="98.670991">
				<ele>958.666348</ele>
				<time>2018-02-12T02:45:49Z</time>
			</trkpt>
			<trkpt lat="19.229416" lon="98.670844">
				<ele>962.738613</ele>
				<time>2018-02-12T02:45:51Z</time>
			</trkpt>
			<trkpt lat="19.229655" lon="98.670761">
				<ele>967.939785</ele>
				<time>2018-02-12T02:45:53Z</time>
			</trkpt>
			<trkpt lat="19.229946" lon="98.670812">
				<ele>972.924404</ele>
				<time>2018-02-12T02:45:55Z</time>
			</trkpt>
			<trkpt lat="19.230224" lon="98.670798">
				<ele>976.838711</ele>
				<time>2018-02-12T02:45:57Z</time>
			</trkpt>
			<trkpt lat="19.230458" lon="98.670678">
				<ele>978.640102</ele>
				<time>2018-02-12T02:45:59Z</time>
			</trkpt>
			<trkpt lat="19.230604" lon="98.670419">
				<ele>982.744961</ele>
				<time>2018-02-12T02:46:01Z</time>
			</trkpt>
			<trkpt lat="19.230750" lon="98.670110">
				<ele>982.783535</ele>
				<time>2018-02-12T02:46:03Z</time>
			</trkpt>
			<trkpt lat="19.230973" lon="98.669830">
				<ele>982.739834</ele>
				<time>2018-02-12T02:46:05Z</time>
			</trkpt>
			<trkpt lat="19.231196" lon="98.669597">
				<ele>984.299160</ele>
				<time>2018-02-12T02:46:07Z</time>
			</trkpt>
			<trkpt lat="19.231335" lon="98.669329">
				<ele>988.315151</ele>
				<time>2018-02-12T02:46:09Z</time>
			</trkpt>
			<trkpt lat="19.231365" lon="98.669024">
				<ele>991.907681</ele>
				<time>2018-02-12T02:46:11Z</time>
			</trkpt>
			<trkpt lat="19.231301" lon="98.668708">
				<ele>996.136074</ele>
				<time>2018-02-12T02:46:13Z</time>
			</trkpt>
			<trkpt lat="19.231114" lon="98.668414">
				<ele>997.598476</ele>
				<time>2018-02-12T02:46:15Z</time>
			</trkpt>
			<trkpt lat="19.231046" lon="98.668071">
				<ele>1003.286221</ele>
				<time>2018-02-12T02:46:17Z</time>
			</trkpt>
			<trkpt lat="19.231009" lon="98.667842">
				<ele>1006.667324</ele>
				<time>2018-02-12T02:46:19Z</time>
			</trkpt>
			<trkpt lat="19.231048" lon="98.667644">
				<ele>1011.206875</ele>
				<time>2018-02-12T02:46:21Z</time>
			</trkpt>
			<trkpt lat="19.231240" lon="98.667566">
				<ele>1013.749355</ele>
				<time>2018-02-12T02:46:24Z</time>
			</trkpt>
			<trkpt lat="19.231346" lon="98.667818">
				<ele>1016.204433</ele>
				<time>2018-02-12T02:46:27Z</time>
			</trkpt>
			<trkpt lat="19.231568" lon="98.667818">
				<ele>1011.958584</ele>
				<time>2018-02-12T02:46:33Z</time>
			</trkpt>
			<trkpt lat="19.231674" lon="98.667554">
				<ele>1014.272060</ele>
				<time>2018-02-12T02:46:36Z</time>
			</trkpt>
			<trkpt lat="19.231753" lon="98.667287">
				<ele>1018.099941</ele>
				<time>2018-02-12T02:46:38Z</time>
			</trkpt>
			<trkpt lat="19.231755" lon="98.667014">
				<ele>1021.999844</ele>
				<time>2018-02-12T02:46:40Z</time>
			</trkpt>
			<trkpt lat="19.231694" lon="98.666720">
				<ele>1022.816250</ele>
				<time>2018-02-12T02:46:42Z</time>
			</trkpt>
			<trkpt lat="19.231530" lon="98.666474">
				<ele>1025.482876</ele>
				<time>2018-02-12T02:46:44Z</time>
			</trkpt>
			<trkpt lat="19.231339" lon="98.666309">
				<ele>1031.044643</ele>
				<time>2018-02-12T02:46:46Z</time>
			</trkpt>
			<trkpt lat="19.231280" lon="98.666086">
				<ele>1029.998135</ele>
				<time>2018-02-12T02:46:48Z</time>
			</trkpt>
			<trkpt lat="19.231263" lon="98.665875">
				<ele>1030.831387</ele>
				<time>2018-02-12T02:46:50Z</time>
			</trkpt>
			<trkpt lat="19.231476" lon="98.665864">
				<ele>1036.343105</ele>
				<time>2018-02-12T02:46:51Z</time>
			</trkpt>
			<trkpt lat="19.231693" lon="98.665817">
				<ele>1041.478403</ele>
				<time>2018-02-12T02:46:53Z</time>
			</trkpt>
			<trkpt lat="19.231969" lon="98.665870">
				<ele>1039.827940</ele>
				<time>2018-02-12T02:46:55Z</time>
			</trkpt>
			<trkpt lat="19.232218" lon="98.665834">
				<ele>1038.100572</ele>
				<time>2018-02-12T02:46:57Z</time>
			</trkpt>
			<trkpt lat="19.232403" lon="98.665734">
				<ele>1039.286135</ele>
				<time>2018-02-12T02:46:59Z</time>
			</trkpt>
			<trkpt lat="19.232516" lon="98.665522">
				<ele>1039.833183</ele>
				<time>2018-02-12T02:47:01Z</time>
			</trkpt>
			<trkpt lat="19.232535" lon="98.665307">
				<ele>1040.055317</ele>
				<time>2018-02-12T02:47:03Z</time>
			</trkpt>
			<trkpt lat="19.232430" lon="98.665098">
				<ele>1040.986926</ele>
				<time>2018-02-12T02:47:05Z</time>
			</trkpt>
			<trkpt lat="19.232268" lon="98.664940">
				<ele>1037.483699</ele>
				<time>2018-02-12T02:47:07Z</time>
			</trkpt>
			<trkpt lat="19.232038" lon="98.664918">
				<ele>1042.167183</ele>
				<time>2018-02-12T02:47:09Z</time>
			</trkpt>
			<trkpt lat="19.231838" lon="98.664863">
				<ele>1040.134613</ele>
				<time>2018-02-12T02:47:11Z</time>
			</trkpt>
			<trkpt lat="19.231658" lon="98.664777">
				<ele>1039.216932</ele>
				<time>2018-02-12T02:47:13Z</time>
			</trkpt>
			<trkpt lat="19.231534" lon="98.664467">
				<ele>1038.994659</ele>
				<time>2018-02-12T02:47:16Z</time>
			</trkpt>
			<trkpt lat="19.231404" lon="98.664267">
				<ele>1041.690062</ele>
				<time>2018-02-12T02:47:18Z</time>
			</trkpt>
			<trkpt lat="19.231217" lon="98.664056">
				<ele>1041.565875</ele>
				<time>2018-02-12T02:47:21Z</time>
			</trkpt>
			<trkpt lat="19.231177" lon="98.663847">
				<ele>1035.538723</ele>
				<time>2018-02-12T02:47:23Z</time>
			</trkpt>
			<trkpt lat="19.231309" lon="98.663546">
				<ele>1039.107770</ele>
				<time>2018-02-12T02:47:25Z</time>
			</trkpt>
			<trkpt lat="19.231477" lon="98.663274">
				<ele>1043.587098</ele>
				<time>2018-02-12T02:47:27Z</time>
			</trkpt>
			<trkpt lat="19.231656" lon="98.663006">
				<ele>1042.542950</ele>
				<time>2018-02-12T02:47:29Z</time>
			</trkpt>
			<trkpt lat="19.231893" lon="98.662772">
				<ele>1041.573679</ele>
				<time>2018-02-12T02:47:31Z</time>
			</trkpt>
			<trkpt lat="19.232193" lon="98.662658">
				<ele>1043.128511</ele>
				<time>2018-02-12T02:47:33Z</time>
			</trkpt>
			<trkpt lat="19.232428" lon="98.662553">
				<ele>1039.895952</ele>
				<time>2018-02-12T02:47:35Z</time>
			</trkpt>
			<trkpt lat="19.232659" lon="98.662394">
				<ele>1041.432181</ele>
				<time>2018-02-12T02:47:37Z</time>
			</trkpt>
			<trkpt lat="19.232897" lon="98.662226">
				<ele>1037.811955</ele>
				<time>2018-02-12T02:47:39Z</time>
			</trkpt>
			<trkpt lat="19.233141" lon="98.662161">
				<ele>1041.645633</ele>
				<time>2018-02-12T02:47:41Z</time>
			</trkpt>
			<trkpt lat="19.233345" lon="98.662247">
				<ele>1039.431189</ele>
				<time>2018-02-12T02:47:43Z</time>
			</trkpt>
			<trkpt lat="19.233563" lon="98.662308">
				<ele>1036.919268</ele>
				<time>2018-02-12T02:47:45Z</time>
			</trkpt>
			<trkpt lat="19.233827" lon="98.662194">
				<ele>1039.409912</ele>
				<time>2018-02-12T02:47:47Z</time>
			</trkpt>
			<trkpt lat="19.234088" lon="98.662128">
				<ele>1038.376003</ele>
				<time>2018-02-12T02:47:49Z</time>
			</trkpt>
			<trkpt lat="19.234323" lon="98.662060">
				<ele>1036.002179</ele>
				<time>2018-02-12T02:47:51Z</time>
			</trkpt>
			<trkpt lat="19.234458" lon="98.662216">
				<ele>1038.118043</ele>
				<time>2018-02-12T02:47:54Z</time>
			</trkpt>
			<trkpt lat="19.234432" lon="98.662408">
				<ele>1038.533204</ele>
				<time>2018-02-12T02:47:55Z</time>
			</trkpt>
			<trkpt lat="19.234467" lon="98.662615">
				<ele>1037.937257</ele>
				<time>2018-02-12T02:47:56Z</time>
			</trkpt>
			<trkpt lat="19.234543" lon="98.662806">
				<ele>1034.682128</ele>
				<time>2018-02-12T02:47:58Z</time>
			</trkpt>
			<trkpt lat="19.234679" lon="98.662933">
				<ele>1037.648854</ele>
				<time>2018-02-12T02:48:00Z</time>
			</trkpt>
			<trkpt lat="19.234798" lon="98.662747">
				<ele>1035.040805</ele>
				<time>2018-02-12T02:48:03Z</time>
			</trkpt>
			<trkpt lat="19.234764" lon="98.662438">
				<ele>1036.209963</ele>
				<time>2018-02-12T02:48:05Z</time>
			</trkpt>
			<trkpt lat="19.234819" lon="98.662196">
				<ele>1039.591780</ele>
				<time>2018-02-12T02:48:07Z</time>
			</trkpt>
			<trkpt lat="19.234950" lon="98.662043">
				<ele>1034.885906</ele>
				<time>2018-02-12T02:48:09Z</time>
			</trkpt>
			<trkpt lat="19.235122" lon="98.661923">
				<ele>1037.353290</ele>
				<time>2018-02-12T02:48:11Z</time>
			</trkpt>
			<trkpt lat="19.235319" lon="98.661947">
				<ele>1038.041892</ele>
				<time>2018-02-12T02:48:13Z</time>
			</trkpt>
			<trkpt lat="19.235682" lon="98.661981">
				<ele>1038.998872</ele>
				<time>2018-02-12T02:48:16Z</time>
			</trkpt>
			<trkpt lat="19.235927" lon="98.661873">
				<ele>1038.652609</ele>
				<time>2018-02-12T02:48:18Z</time>
			</trkpt>
			<trkpt lat="19.236132" lon="98.661708">
				<ele>1039.832522</ele>
				<time>2018-02-12T02:48:20Z</time>
			</trkpt>
			<trkpt lat="19.236284" lon="98.661579">
				<ele>1039.981759</ele>
				<time>2018-02-12T02:48:22Z</time>
			</trkpt>
			<trkpt lat="19.236273" lon="98.661306">
				<ele>1041.047419</ele>
				<time>2018-02-12T02:48:24Z</time>
			</trkpt>
			<trkpt lat="19.236225" lon="98.661098">
				<ele>1042.835553</ele>
				<time>2018-02-12T02:48:26Z</time>
			</trkpt>
			<trkpt lat="19.236179" lon="98.660882">
				<ele>1040.757259</ele>
				<time>2018-02-12T02:48:28Z</time>
			</trkpt>
			<trkpt lat="19.236078" lon="98.660625">
				<ele>1043.557850</ele>
				<time>2018-02-12T02:48:30Z</time>
			</trkpt>
			<trkpt lat="19.236074" lon="98.660327">
				<ele>1044.670991</ele>
				<time>2018-02-12T02:48:32Z</time>
			</trkpt>
			<trkpt lat="19.236189" lon="98.660113">
				<ele>1043.466181</ele>
				<time>2018-02-12T02:48:34Z</time>
			</trkpt>
			<trkpt lat="19.236335" lon="98.659921">
				<ele>1042.634368</ele>
				<time>2018-02-12T02:48:36Z</time>
			</trkpt>
			<trkpt lat="19.236583" lon="98.659819">
				<ele>1042.939127</ele>
				<time>2018-02-12T02:48:38Z</time>
			</trkpt>
			<trkpt lat="19.236826" lon="98.659810">
				<ele>1041.892143</ele>
				<time>2018-02-12T02:48:40Z</time>
			</trkpt>
			<trkpt lat="19.236727" lon="98.659631">
				<ele>1040.761342</ele>
				<time>2018-02-12T02:48:47Z</time>
			</trkpt>
			<trkpt lat="19.236469" lon="98.659560">
				<ele>1041.289506</ele>
				<time>2018-02-12T02:48:49Z</time>
			</trkpt>
			<trkpt lat="19.236285" lon="98.659481">
				<ele>1040.560239</ele>
				<time>2018-02-12T02:48:50Z</time>
			</trkpt>
			<trkpt lat="19.236045" lon="98.659424">
				<ele>1044.970924</ele>
				<time>2018-02-12T02:48:51Z</time>
			</trkpt>
			<trkpt lat="19.235713" lon="98.659395">
				<ele>1042.918033</ele>
				<time>2018-02-12T02:48:52Z</time>
			</trkpt>
			<trkpt lat="19.235503" lon="98.659408">
				<ele>1042.307596</ele>
				<time>2018-02-12T02:48:53Z</time>
			</trkpt>
			<trkpt lat="19.235143" lon="98.659345">
				<ele>1043.103060</ele>
				<time>2018-02-12T02:48:55Z</time>
			</trkpt>
			<trkpt lat="19.234827" lon="98.659262">
				<ele>1043.894385</ele>
				<time>2018-02-12T02:48:57Z</time>
			</trkpt>
			<trkpt lat="19.234581" lon="98.659153">
				<ele>1044.168815</ele>
				<time>2018-02-12T02:48:59Z</time>
			</trkpt>
			<trkpt lat="19.234371" lon="98.659006">
				<ele>1043.726999</ele>
				<time>2018-02-12T02:49:02Z</time>
			</trkpt>
			<trkpt lat="19.234364" lon="98.658742">
				<ele>1043.217135</ele>
				<time>2018-02-12T02:49:04Z</time>
			</trkpt>
			<trkpt lat="19.234488" lon="98.658553">
				<ele>1042.620143</ele>
				<time>2018-02-12T02:49:06Z</time>
			</trkpt>
			<trkpt lat="19.234750" lon="98.658457">
				<ele>1037.604791</ele>
				<time>2018-02-12T02:49:08Z</time>
			</trkpt>
			<trkpt lat="19.235102" lon="98.658454">
				<ele>1038.900697</ele>
				<time>2018-02-12T02:49:10Z</time>
			</trkpt>
			<trkpt lat="19.235343" lon="98.658517">
				<ele>1035.982495</ele>
				<time>2018-02-12T02:49:11Z</time>
			</trkpt>
			<trkpt lat="19.235588" lon="98.658575">
				<ele>1033.656448</ele>
				<time>2018-02-12T02:49:12Z</time>
			</trkpt>
			<trkpt lat="19.235809" lon="98.658600">
				<ele>1032.048052</ele>
				<time>2018-02-12T02:49:13Z</time>
			</trkpt>
			<trkpt lat="19.236092" lon="98.658576">
				<ele>1030.954790</ele>
				<time>2018-02-12T02:49:15Z</time>
			</trkpt>
			<trkpt lat="19.236403" lon="98.658456">
				<ele>1027.699878</ele>
				<time>2018-02-12T02:49:17Z</time>
			</trkpt>
			<trkpt lat="19.236567" lon="98.658321">
				<ele>1025.875398</ele>
				<time>2018-02-12T02:49:20Z</time>
			</trkpt>
			<trkpt lat="19.236870" lon="98.658367">
				<ele>1023.610171</ele>
				<time>2018-02-12T02:49:22Z</time>
			</trkpt>
			<trkpt lat="19.237071" lon="98.658378">
				<ele>1023.400535</ele>
				<time>2018-02-12T02:49:23Z</time>
			</trkpt>
			<trkpt lat="19.237438" lon="98.658389">
				<ele>1018.758912</ele>
				<time>2018-02-12T02:49:25Z</time>
			</trkpt>
			<trkpt lat="19.237773" lon="98.658416">
				<ele>1015.755042</ele>
				<time>2018-02-12T02:49:27Z</time>
			</trkpt>
			<trkpt lat="19.237956" lon="98.658431">
				<ele>1015.065686</ele>
				<time>2018-02-12T02:49:28Z</time>
			</trkpt>
			<trkpt lat="19.238290" lon="98.658440">
				<ele>1012.329060</ele>
				<time>2018-02-12T02:49:30Z</time>
			</trkpt>
			<trkpt lat="19.238548" lon="98.658431">
				<ele>1012.995265</ele>
				<time>2018-02-12T02:49:32Z</time>
			</trkpt>
			<trkpt lat="19.238818" lon="98.658479">
				<ele>1010.750990</ele>
				<time>2018-02-12T02:49:34Z</time>
			</trkpt>
			<trkpt lat="19.238943" lon="98.658661">
				<ele>1008.228103</ele>
				<time>2018-02-12T02:49:36Z</time>
			</trkpt>
			<trkpt lat="19.239041" lon="98.658863">
				<ele>1006.229880</ele>
				<time>2018-02-12T02:49:38Z</time>
			</trkpt>
			<trkpt lat="19.239234" lon="98.659079">
				<ele>1004.650479</ele>
				<time>2018-02-12T02:49:40Z</time>
			</trkpt>
			<trkpt lat="19.239414" lon="98.659197">
				<ele>1003.187365</ele>
				<time>2018-02-12T02:49:42Z</time>
			</trkpt>
			<trkpt lat="19.239628" lon="98.659230">
				<ele>1000.566248</ele>
				<time>2018-02-12T02:49:44Z</time>
			</trkpt>
			<trkpt lat="19.239809" lon="98.659195">
				<ele>996.942491</ele>
				<time>2018-02-12T02:49:46Z</time>
			</trkpt>
			<trkpt lat="19.239889" lon="98.658956">
				<ele>998.584547</ele>
				<time>2018-02-12T02:49:49Z</time>
			</trkpt>
			<trkpt lat="19.239870" lon="98.658676">
				<ele>995.151711</ele>
				<time>2018-02-12T02:49:51Z</time>
			</trkpt>
			<trkpt lat="19.239961" lon="98.658349">
				<ele>993.625608</ele>
				<time>2018-02-12T02:49:53Z</time>
			</trkpt>
			<trkpt lat="19.240110" lon="98.658076">
				<ele>992.091814</ele>
				<time>2018-02-12T02:49:55Z</time>
			</trkpt>
			<trkpt lat="19.240208" lon="98.657776">
				<ele>989.820945</ele>
				<time>2018-02-12T02:49:57Z</time>
			</trkpt>
			<trkpt lat="19.240312" lon="98.657482">
				<ele>988.224264</ele>
				<time>2018-02-12T02:49:59Z</time>
			</trkpt>
			<trkpt lat="19.240338" lon="98.657293">
				<ele>990.655906</ele>
				<time>2018-02-12T02:50:00Z</time>
			</trkpt>
			<trkpt lat="19.240289" lon="98.657013">
				<ele>986.818220</ele>
				<time>2018-02-12T02:50:02Z</time>
			</trkpt>
			<trkpt lat="19.240224" lon="98.656776">
				<ele>983.093266</ele>
				<time>2018-02-12T02:50:04Z</time>
			</trkpt>
			<trkpt lat="19.240102" lon="98.656515">
				<ele>981.413247</ele>
				<time>2018-02-12T02:50:07Z</time>
			</trkpt>
			<trkpt lat="19.240187" lon="98.656303">
				<ele>978.963408</ele>
				<time>2018-02-12T02:50:10Z</time>
			</trkpt>
			<trkpt lat="19.240382" lon="98.656067">
				<ele>978.341528</ele>
				<time>2018-02-12T02:50:12Z</time>
			</trkpt>
			<trkpt lat="19.240442" lon="98.655797">
				<ele>978.128316</ele>
				<time>2018-02-12T02:50:14Z</time>
			</trkpt>
			<trkpt lat="19.240522" lon="98.655492">
				<ele>978.364562</ele>
				<time>2018-02-12T02:50:17Z</time>
			</trkpt>
			<trkpt lat="19.240620" lon="98.655324">
				<ele>977.187444</ele>
				<time>2018-02-12T02:50:19Z</time>
			</trkpt>
			<trkpt lat="19.240842" lon="98.655283">
				<ele>974.581470</ele>
				<time>2018-02-12T02:50:22Z</time>
			</trkpt>
			<trkpt lat="19.241082" lon="98.655296">
				<ele>974.118639</ele>
				<time>2018-02-12T02:50:24Z</time>
			</trkpt>
			<trkpt lat="19.241360" lon="98.655454">
				<ele>973.742326</ele>
				<time>2018-02-12T02:50:26Z</time>
			</trkpt>
			<trkpt lat="19.241485" lon="98.655597">
				<ele>974.416719</ele>
				<time>2018-02-12T02:50:27Z</time>
			</trkpt>
			<trkpt lat="19.241601" lon="98.655948">
				<ele>968.865723</ele>
				<time>2018-02-12T02:50:29Z</time>
			</trkpt>
			<trkpt lat="19.241689" lon="98.656132">
				<ele>967.705323</ele>
				<time>2018-02-12T02:50:30Z</time>
			</trkpt>
			<trkpt lat="19.241767" lon="98.656312">
				<ele>966.422303</ele>
				<time>2018-02-12T02:50:31Z</time>
			</trkpt>
			<trkpt lat="19.241980" lon="98.656525">
				<ele>961.426645</ele>
				<time>2018-02-12T02:50:33Z</time>
			</trkpt>
			<trkpt lat="19.242211" lon="98.656696">
				<ele>961.878478</ele>
				<time>2018-02-12T02:50:35Z</time>
			</trkpt>
			<trkpt lat="19.242476" lon="98.656800">
				<ele>959.457675</ele>
				<time>2018-02-12T02:50:37Z</time>
			</trkpt>
			<trkpt lat="19.242720" lon="98.656765">
				<ele>956.635641</ele>
				<time>2018-02-12T02:50:39Z</time>
			</trkpt>
			<trkpt lat="19.242951" lon="98.656570">
				<ele>954.795946</ele>
				<time>2018-02-12T02:50:41Z</time>
			</trkpt>
			<trkpt lat="19.243163" lon="98.656321">
				<ele>955.628000</ele>
				<time>2018-02-12T02:50:43Z</time>
			</trkpt>
			<trkpt lat="19.243299" lon="98.656183">
				<ele>951.142196</ele>
				<time>2018-02-12T02:50:44Z</time>
			</trkpt>
			<trkpt lat="19.243518" lon="98.655916">
				<ele>948.705525</ele>
				<time>2018-02-12T02:50:46Z</time>
			</trkpt>
			<trkpt lat="19.243720" lon="98.655635">
				<ele>947.718864</ele>
				<time>2018-02-12T02:50:48Z</time>
			</trkpt>
			<trkpt lat="19.243896" lon="98.655329">
				<ele>950.062408</ele>
				<time>2018-02-12T02:50:50Z</time>
			</trkpt>
			<trkpt lat="19.244081" lon="98.655046">
				<ele>944.560726</ele>
				<time>2018-02-12T02:50:52Z</time>
			</trkpt>
			<trkpt lat="19.244261" lon="98.654756">
				<ele>946.319444</ele>
				<time>2018-02-12T02:50:54Z</time>
			</trkpt>
			<trkpt lat="19.244461" lon="98.654484">
				<ele>945.924694</ele>
				<time>2018-02-12T02:50:56Z</time>
			</trkpt>
			<trkpt lat="19.244653" lon="98.654226">
				<ele>943.333596</ele>
				<time>2018-02-12T02:50:58Z</time>
			</trkpt>
			<trkpt lat="19.244950" lon="98.654146">
				<ele>944.596596</ele>
				<time>2018-02-12T02:51:00Z</time>
			</trkpt>
			<trkpt lat="19.245236" lon="98.654036">
				<ele>947.070082</ele>
				<time>2018-02-12T02:51:02Z</time>
			</trkpt>
			<trkpt lat="19.245498" lon="98.653908">
				<ele>948.450487</ele>
				<time>2018-02-12T02:51:04Z</time>
			</trkpt>
			<trkpt lat="19.245620" lon="98.653644">
				<ele>951.272365</ele>
				<time>2018-02-12T02:51:06Z</time>
			</trkpt>
			<trkpt lat="19.245665" lon="98.653389">
				<ele>951.523056</ele>
				<time>2018-02-12T02:51:08Z</time>
			</trkpt>
			<trkpt lat="19.245775" lon="98.653184">
				<ele>951.506859</ele>
				<time>2018-02-12T02:51:10Z</time>
			</trkpt>
			<trkpt lat="19.245893" lon="98.653001">
				<ele>955.987030</ele>
				<time>2018-02-12T02:51:12Z</time>
			</trkpt>
			<trkpt lat="19.246109" lon="98.653082">
				<ele>955.784888</ele>
				<time>2018-02-12T02:51:13Z</time>
			</trkpt>
			<trkpt lat="19.246373" lon="98.653025">
				<ele>957.600304</ele>
				<time>2018-02-12T02:51:15Z</time>
			</trkpt>
			<trkpt lat="19.246645" lon="98.652945">
				<ele>958.593008</ele>
				<time>2018-02-12T02:51:17Z</time>
			</trkpt>
			<trkpt lat="19.246742" lon="98.652774">
				<ele>961.441292</ele>
				<time>2018-02-12T02:51:18Z</time>
			</trkpt>
			<trkpt lat="19.246872" lon="98.652621">
				<ele>960.627212</ele>
				<time>2018-02-12T02:51:19Z</time>
			</trkpt>
			<trkpt lat="19.247066" lon="98.652354">
				<ele>962.623860</ele>
				<time>2018-02-12T02:51:21Z</time>
			</trkpt>
			<trkpt lat="19.247160" lon="98.652074">
				<ele>963.390490</ele>
				<time>2018-02-12T02:51:23Z</time>
			</trkpt>
			<trkpt lat="19.247176" lon="98.651792">
				<ele>963.846682</ele>
				<time>2018-02-12T02:51:25Z</time>
			</trkpt>
			<trkpt lat="19.247026" lon="98.651647">
				<ele>967.760815</ele>
				<time>2018-02-12T02:51:27Z</time>
			</trkpt>
			<trkpt lat="19.246834" lon="98.651552">
				<ele>969.919184</ele>
				<time>2018-02-12T02:51:29Z</time>
			</trkpt>
			<trkpt lat="19.246911" lon="98.651282">
				<ele>974.472886</ele>
				<time>2018-02-12T02:51:32Z</time>
			</trkpt>
			<trkpt lat="19.247079" lon="98.651007">
				<ele>972.408841</ele>
				<time>2018-02-12T02:51:34Z</time>
			</trkpt>
			<trkpt lat="19.247184" lon="98.650732">
				<ele>969.416103</ele>
				<time>2018-02-12T02:51:36Z</time>
			</trkpt>
			<trkpt lat="19.247158" lon="98.650476">
				<ele>969.606045</ele>
				<time>2018-02-12T02:51:38Z</time>
			</trkpt>
			<trkpt lat="19.247082" lon="98.650291">
				<ele>969.924892</ele>
				<time>2018-02-12T02:51:40Z</time>
			</trkpt>
			<trkpt lat="19.247123" lon="98.650035">
				<ele>970.975063</ele>
				<time>2018-02-12T02:51:43Z</time>
			</trkpt>
			<trkpt lat="19.247349" lon="98.650003">
				<ele>971.196377</ele>
				<time>2018-02-12T02:51:45Z</time>
			</trkpt>
			<trkpt lat="19.247591" lon="98.650029">
				<ele>968.355190</ele>
				<time>2018-02-12T02:51:47Z</time>
			</trkpt>
			<trkpt lat="19.247776" lon="98.650126">
				<ele>970.531582</ele>
				<time>2018-02-12T02:51:48Z</time>
			</trkpt>
			<trkpt lat="19.248113" lon="98.650185">
				<ele>971.209072</ele>
				<time>2018-02-12T02:51:50Z</time>
			</trkpt>
			<trkpt lat="19.248298" lon="98.650206">
				<ele>973.318935</ele>
				<time>2018-02-12T02:51:51Z</time>
			</trkpt>
			<trkpt lat="19.248567" lon="98.650192">
				<ele>992.927661</ele>
				<time>2018-02-12T02:51:53Z</time>
			</trkpt>
			<trkpt lat="19.248792" lon="98.650257">
				<ele>998.034162</ele>
				<time>2018-02-12T02:51:55Z</time>
			</trkpt>
			<trkpt lat="19.249011" lon="98.650400">
				<ele>999.851011</ele>
				<time>2018-02-12T02:51:57Z</time>
			</trkpt>
			<trkpt lat="19.249105" lon="98.650628">
				<ele>998.353136</ele>
				<time>2018-02-12T02:51:59Z</time>
			</trkpt>
			<trkpt lat="19.249250" lon="98.650772">
				<ele>1001.352519</ele>
				<time>2018-02-12T02:52:02Z</time>
			</trkpt>
			<trkpt lat="19.249278" lon="98.650486">
				<ele>1002.454941</ele>
				<time>2018-02-12T02:52:05Z</time>
			</trkpt>
			<trkpt lat="19.249263" lon="98.650203">
				<ele>1005.833904</ele>
				<time>2018-02-12T02:52:07Z</time>
			</trkpt>
			<trkpt lat="19.249361" lon="98.650014">
				<ele>1003.292757</ele>
				<time>2018-02-12T02:52:09Z</time>
			</trkpt>
			<trkpt lat="19.249514" lon="98.649889">
				<ele>1007.206399</ele>
				<time>2018-02-12T02:52:11Z</time>
			</trkpt>
			<trkpt lat="19.249755" lon="98.649882">
				<ele>1006.675940</ele>
				<time>2018-02-12T02:52:13Z</time>
			</trkpt>
			<trkpt lat="19.249956" lon="98.649955">
				<ele>1010.853566</ele>
				<time>2018-02-12T02:52:15Z</time>
			</trkpt>
			<trkpt lat="19.250146" lon="98.650067">
				<ele>1009.746815</ele>
				<time>2018-02-12T02:52:17Z</time>
			</trkpt>
			<trkpt lat="19.250367" lon="98.650171">
				<ele>1003.081451</ele>
				<time>2018-02-12T02:52:19Z</time>
			</trkpt>
			<trkpt lat="19.250600" lon="98.650233">
				<ele>1006.167934</ele>
				<time>2018-02-12T02:52:21Z</time>
			</trkpt>
			<trkpt lat="19.250809" lon="98.650343">
				<ele>1004.824551</ele>
				<time>2018-02-12T02:52:23Z</time>
			</trkpt>
			<trkpt lat="19.250999" lon="98.650377">
				<ele>1005.669643</ele>
				<time>2018-02-12T02:52:25Z</time>
			</trkpt>
			<trkpt lat="19.251255" lon="98.650407">
				<ele>1009.149380</ele>
				<time>2018-02-12T02:52:28Z</time>
			</trkpt>
			<trkpt lat="19.251387" lon="98.650266">
				<ele>1009.532070</ele>
				<time>2018-02-12T02:52:31Z</time>
			</trkpt>
			<trkpt lat="19.251292" lon="98.650053">
				<ele>1005.747036</ele>
				<time>2018-02-12T02:52:34Z</time>
			</trkpt>
			<trkpt lat="19.251113" lon="98.649851">
				<ele>1005.374233</ele>
				<time>2018-02-12T02:52:36Z</time>
			</trkpt>
			<trkpt lat="19.250887" lon="98.649690">
				<ele>1005.644375</ele>
				<time>2018-02-12T02:52:38Z</time>
			</trkpt>
			<trkpt lat="19.250746" lon="98.649486">
				<ele>1004.954311</ele>
				<time>2018-02-12T02:52:40Z</time>
			</trkpt>
			<trkpt lat="19.250735" lon="98.649276">
				<ele>1027.137088</ele>
				<time>2018-02-12T02:52:42Z</time>
			</trkpt>
			<trkpt lat="19.250849" lon="98.649116">
				<ele>1029.430574</ele>
				<time>2018-02-12T02:52:44Z</time>
			</trkpt>
			<trkpt lat="19.251044" lon="98.649018">
				<ele>1031.275418</ele>
				<time>2018-02-12T02:52:46Z</time>
			</trkpt>
			<trkpt lat="19.251331" lon="98.649101">
				<ele>1030.238982</ele>
				<time>2018-02-12T02:52:48Z</time>
			</trkpt>
			<trkpt lat="19.251651" lon="98.649174">
				<ele>1018.400112</ele>
				<time>2018-02-12T02:52:50Z</time>
			</trkpt>
			<trkpt lat="19.251944" lon="98.649216">
				<ele>1017.478115</ele>
				<time>2018-02-12T02:52:52Z</time>
			</trkpt>
			<trkpt lat="19.252218" lon="98.649293">
				<ele>1038.414041</ele>
				<time>2018-02-12T02:52:54Z</time>
			</trkpt>
			<trkpt lat="19.252498" lon="98.649433">
				<ele>1041.030810</ele>
				<time>2018-02-12T02:52:56Z</time>
			</trkpt>
			<trkpt lat="19.252730" lon="98.649523">
				<ele>1043.104098</ele>
				<time>2018-02-12T02:52:58Z</time>
			</trkpt>
			<trkpt lat="19.252943" lon="98.649542">
				<ele>1042.340613</ele>
				<time>2018-02-12T02:53:00Z</time>
			</trkpt>
			<trkpt lat="19.252993" lon="98.649322">
				<ele>1042.810496</ele>
				<time>2018-02-12T02:53:04Z</time>
			</trkpt>
			<trkpt lat="19.252949" lon="98.649091">
				<ele>1046.281595</ele>
				<time>2018-02-12T02:53:06Z</time>
			</trkpt>
			<trkpt lat="19.253023" lon="98.648906">
				<ele>1046.461301</ele>
				<time>2018-02-12T02:53:08Z</time>
			</trkpt>
			<trkpt lat="19.253212" lon="98.648792">
				<ele>1049.197737</ele>
				<time>2018-02-12T02:53:10Z</time>
			</trkpt>
			<trkpt lat="19.253427" lon="98.648905">
				<ele>1045.827549</ele>
				<time>2018-02-12T02:53:12Z</time>
			</trkpt>
			<trkpt lat="19.253414" lon="98.648691">
				<ele>1050.838574</ele>
				<time>2018-02-12T02:53:18Z</time>
			</trkpt>
			<trkpt lat="19.253253" lon="98.648484">
				<ele>1054.935529</ele>
				<time>2018-02-12T02:53:20Z</time>
			</trkpt>
			<trkpt lat="19.253099" lon="98.648381">
				<ele>1052.536228</ele>
				<time>2018-02-12T02:53:21Z</time>
			</trkpt>
			<trkpt lat="19.252908" lon="98.648292">
				<ele>1053.047952</ele>
				<time>2018-02-12T02:53:23Z</time>
			</trkpt>
			<trkpt lat="19.252777" lon="98.648114">
				<ele>1055.587385</ele>
				<time>2018-02-12T02:53:25Z</time>
			</trkpt>
			<trkpt lat="19.252845" lon="98.647907">
				<ele>1056.133357</ele>
				<time>2018-02-12T02:53:27Z</time>
			</trkpt>
			<trkpt lat="19.253104" lon="98.647651">
				<ele>1056.388756</ele>
				<time>2018-02-12T02:53:29Z</time>
			</trkpt>
			<trkpt lat="19.253351" lon="98.647568">
				<ele>1063.070387</ele>
				<time>2018-02-12T02:53:31Z</time>
			</trkpt>
			<trkpt lat="19.253702" lon="98.647589">
				<ele>1059.984204</ele>
				<time>2018-02-12T02:53:33Z</time>
			</trkpt>
			<trkpt lat="19.253979" lon="98.647506">
				<ele>1062.897604</ele>
				<time>2018-02-12T02:53:35Z</time>
			</trkpt>
			<trkpt lat="19.254244" lon="98.647371">
				<ele>1065.843997</ele>
				<time>2018-02-12T02:53:37Z</time>
			</trkpt>
			<trkpt lat="19.254485" lon="98.647238">
				<ele>1063.513167</ele>
				<time>2018-02-12T02:53:39Z</time>
			</trkpt>
			<trkpt lat="19.254672" lon="98.647124">
				<ele>1061.783090</ele>
				<time>2018-02-12T02:53:42Z</time>
			</trkpt>
			<trkpt lat="19.254509" lon="98.647000">
				<ele>1069.682324</ele>
				<time>2018-02-12T02:53:44Z</time>
			</trkpt>
			<trkpt lat="19.254254" lon="98.647000">
				<ele>1066.701471</ele>
				<time>2018-02-12T02:53:46Z</time>
			</trkpt>
			<trkpt lat="19.253987" lon="98.647044">
				<ele>1073.291076</ele>
				<time>2018-02-12T02:53:48Z</time>
			</trkpt>
			<trkpt lat="19.253732" lon="98.647020">
				<ele>1071.084660</ele>
				<time>2018-02-12T02:53:50Z</time>
			</trkpt>
			<trkpt lat="19.253495" lon="98.646966">
				<ele>1071.279146</ele>
				<time>2018-02-12T02:53:52Z</time>
			</trkpt>
			<trkpt lat="19.253347" lon="98.646742">
				<ele>1069.373637</ele>
				<time>2018-02-12T02:53:54Z</time>
			</trkpt>
			<trkpt lat="19.253340" lon="98.646512">
				<ele>1070.375605</ele>
				<time>2018-02-12T02:53:56Z</time>
			</trkpt>
			<trkpt lat="19.253466" lon="98.646327">
				<ele>1070.694899</ele>
				<time>2018-02-12T02:53:58Z</time>
			</trkpt>
			<trkpt lat="19.253696" lon="98.646205">
				<ele>1075.653229</ele>
				<time>2018-02-12T02:54:00Z</time>
			</trkpt>
			<trkpt lat="19.253886" lon="98.646019">
				<ele>1080.254419</ele>
				<time>2018-02-12T02:54:02Z</time>
			</trkpt>
			<trkpt lat="19.254073" lon="98.645777">
				<ele>1075.407428</ele>
				<time>2018-02-12T02:54:04Z</time>
			</trkpt>
			<trkpt lat="19.254319" lon="98.645585">
				<ele>1081.704756</ele>
				<time>2018-02-12T02:54:06Z</time>
			</trkpt>
			<trkpt lat="19.254600" lon="98.645410">
				<ele>1081.869291</ele>
				<time>2018-02-12T02:54:08Z</time>
			</trkpt>
			<trkpt lat="19.254862" lon="98.645133">
				<ele>1083.215590</ele>
				<time>2018-02-12T02:54:10Z</time>
			</trkpt>
			<trkpt lat="19.255029" lon="98.644934">
				<ele>1087.705916</ele>
				<time>2018-02-12T02:54:12Z</time>
			</trkpt>
			<trkpt lat="19.255172" lon="98.644689">
				<ele>1087.656959</ele>
				<time>2018-02-12T02:54:14Z</time>
			</trkpt>
			<trkpt lat="19.255275" lon="98.644438">
				<ele>1087.546943</ele>
				<time>2018-02-12T02:54:16Z</time>
			</trkpt>
			<trkpt lat="19.255400" lon="98.644256">
				<ele>1090.577652</ele>
				<time>2018-02-12T02:54:18Z</time>
			</trkpt>
			<trkpt lat="19.255588" lon="98.644105">
				<ele>1095.936235</ele>
				<time>2018-02-12T02:54:20Z</time>
			</trkpt>
			<trkpt lat="19.255771" lon="98.644031">
				<ele>1094.429373</ele>
				<time>2018-02-12T02:54:22Z</time>
			</trkpt>
			<trkpt lat="19.255902" lon="98.643898">
				<ele>1099.191128</ele>
				<time>2018-02-12T02:54:25Z</time>
			</trkpt>
			<trkpt lat="19.255886" lon="98.643659">
				<ele>1097.269170</ele>
				<time>2018-02-12T02:54:27Z</time>
			</trkpt>
			<trkpt lat="19.255958" lon="98.643292">
				<ele>1102.154876</ele>
				<time>2018-02-12T02:54:29Z</time>
			</trkpt>
			<trkpt lat="19.255925" lon="98.642995">
				<ele>1101.751377</ele>
				<time>2018-02-12T02:54:31Z</time>
			</trkpt>
			<trkpt lat="19.255899" lon="98.642682">
				<ele>1099.862654</ele>
				<time>2018-02-12T02:54:33Z</time>
			</trkpt>
			<trkpt lat="19.255759" lon="98.642457">
				<ele>1101.983278</ele>
				<time>2018-02-12T02:54:36Z</time>
			</trkpt>
			<trkpt lat="19.255598" lon="98.642331">
				<ele>1102.578255</ele>
				<time>2018-02-12T02:54:39Z</time>
			</trkpt>
			<trkpt lat="19.255404" lon="98.642573">
				<ele>1105.444352</ele>
				<time>2018-02-12T02:54:42Z</time>
			</trkpt>
			<trkpt lat="19.255437" lon="98.642812">
				<ele>1105.601079</ele>
				<time>2018-02-12T02:54:44Z</time>
			</trkpt>
			<trkpt lat="19.255525" lon="98.643012">
				<ele>1105.034623</ele>
				<time>2018-02-12T02:54:46Z</time>
			</trkpt>
			<trkpt lat="19.255426" lon="98.643179">
				<ele>1105.652812</ele>
				<time>2018-02-12T02:54:48Z</time>
			</trkpt>
			<trkpt lat="19.255276" lon="98.643292">
				<ele>1105.270350</ele>
				<time>2018-02-12T02:54:50Z</time>
			</trkpt>
			<trkpt lat="19.255064" lon="98.643243">
				<ele>1106.357146</ele>
				<time>2018-02-12T02:54:53Z</time>
			</trkpt>
			<trkpt lat="19.254883" lon="98.643215">
				<ele>1107.512421</ele>
				<time>2018-02-12T02:54:56Z</time>
			</trkpt>
			<trkpt lat="19.254752" lon="98.643369">
				<ele>1109.974010</ele>
				<time>2018-02-12T02:54:59Z</time>
			</trkpt>
			<trkpt lat="19.254560" lon="98.643485">
				<ele>1109.656850</ele>
				<time>2018-02-12T02:55:02Z</time>
			</trkpt>
			<trkpt lat="19.254394" lon="98.643408">
				<ele>1112.500532</ele>
				<time>2018-02-12T02:55:04Z</time>
			</trkpt>
			<trkpt lat="19.254255" lon="98.643267">
				<ele>1113.038932</ele>
				<time>2018-02-12T02:55:07Z</time>
			</trkpt>
			<trkpt lat="19.254039" lon="98.643163">
				<ele>1115.670689</ele>
				<time>2018-02-12T02:55:10Z</time>
			</trkpt>
			<trkpt lat="19.253799" lon="98.643186">
				<ele>1116.281168</ele>
				<time>2018-02-12T02:55:13Z</time>
			</trkpt>
			<trkpt lat="19.253658" lon="98.643355">
				<ele>1117.548916</ele>
				<time>2018-02-12T02:55:15Z</time>
			</trkpt>
			<trkpt lat="19.253573" lon="98.643526">
				<ele>1118.180606</ele>
				<time>2018-02-12T02:55:17Z</time>
			</trkpt>
			<trkpt lat="19.253466" lon="98.643760">
				<ele>1118.740653</ele>
				<time>2018-02-12T02:55:20Z</time>
			</trkpt>
			<trkpt lat="19.253418" lon="98.643947">
				<ele>1119.081591</ele>
				<time>2018-02-12T02:55:22Z</time>
			</trkpt>
			<trkpt lat="19.253416" lon="98.644142">
				<ele>1119.733050</ele>
				<time>2018-02-12T02:55:24Z</time>
			</trkpt>
			<trkpt lat="19.253270" lon="98.644338">
				<ele>1118.796769</ele>
				<time>2018-02-12T02:55:27Z</time>
			</trkpt>
			<trkpt lat="19.253079" lon="98.644345">
				<ele>1118.912749</ele>
				<time>2018-02-12T02:55:29Z</time>
			</trkpt>
			<trkpt lat="19.252896" lon="98.644302">
				<ele>1119.868780</ele>
				<time>2018-02-12T02:55:31Z</time>
			</trkpt>
			<trkpt lat="19.252662" lon="98.644297">
				<ele>1123.631572</ele>
				<time>2018-02-12T02:55:34Z</time>
			</trkpt>
			<trkpt lat="19.252443" lon="98.644215">
				<ele>1122.049887</ele>
				<time>2018-02-12T02:55:37Z</time>
			</trkpt>
			<trkpt lat="19.252313" lon="98.644061">
				<ele>1124.254374</ele>
				<time>2018-02-12T02:55:39Z</time>
			</trkpt>
			<trkpt lat="19.252217" lon="98.643836">
				<ele>1124.196770</ele>
				<time>2018-02-12T02:55:41Z</time>
			</trkpt>
			<trkpt lat="19.252134" lon="98.643598">
				<ele>1123.780315</ele>
				<time>2018-02-12T02:55:44Z</time>
			</trkpt>
			<trkpt lat="19.252034" lon="98.643337">
				<ele>1125.029849</ele>
				<time>2018-02-12T02:55:47Z</time>
			</trkpt>
			<trkpt lat="19.251853" lon="98.643195">
				<ele>1126.441231</ele>
				<time>2018-02-12T02:55:49Z</time>
			</trkpt>
			<trkpt lat="19.251631" lon="98.643021">
				<ele>1128.914967</ele>
				<time>2018-02-12T02:55:52Z</time>
			</trkpt>
			<trkpt lat="19.251528" lon="98.642769">
				<ele>1131.934093</ele>
				<time>2018-02-12T02:55:54Z</time>
			</trkpt>
			<trkpt lat="19.251404" lon="98.642553">
				<ele>1131.856341</ele>
				<time>2018-02-12T02:55:56Z</time>
			</trkpt>
			<trkpt lat="19.251242" lon="98.642355">
				<ele>1132.473962</ele>
				<time>2018-02-12T02:55:58Z</time>
			</trkpt>
			<trkpt lat="19.251043" lon="98.642204">
				<ele>1133.763592</ele>
				<time>2018-02-12T02:56:01Z</time>
			</trkpt>
			<trkpt lat="19.250823" lon="98.642179">
				<ele>1136.295181</ele>
				<time>2018-02-12T02:56:04Z</time>
			</trkpt>
			<trkpt lat="19.250724" lon="98.642366">
				<ele>1137.236069</ele>
				<time>2018-02-12T02:56:06Z</time>
			</trkpt>
			<trkpt lat="19.250509" lon="98.642397">
				<ele>1136.378635</ele>
				<time>2018-02-12T02:56:09Z</time>
			</trkpt>
			<trkpt lat="19.250320" lon="98.642223">
				<ele>1137.549829</ele>
				<time>2018-02-12T02:56:12Z</time>
			</trkpt>
			<trkpt lat="19.250145" lon="98.642155">
				<ele>1138.025588</ele>
				<time>2018-02-12T02:56:14Z</time>
			</trkpt>
			<trkpt lat="19.249918" lon="98.642135">
				<ele>1137.297270</ele>
				<time>2018-02-12T02:56:17Z</time>
			</trkpt>
			<trkpt lat="19.249754" lon="98.641952">
				<ele>1137.401928</ele>
				<time>2018-02-12T02:56:20Z</time>
			</trkpt>
			<trkpt lat="19.249771" lon="98.641718">
				<ele>1141.522344</ele>
				<time>2018-02-12T02:56:22Z</time>
			</trkpt>
			<trkpt lat="19.249823" lon="98.641518">
				<ele>1138.915304</ele>
				<time>2018-02-12T02:56:24Z</time>
			</trkpt>
			<trkpt lat="19.249871" lon="98.641325">
				<ele>1141.238735</ele>
				<time>2018-02-12T02:56:26Z</time>
			</trkpt>
			<trkpt lat="19.249892" lon="98.641121">
				<ele>1141.948587</ele>
				<time>2018-02-12T02:56:28Z</time>
			</trkpt>
			<trkpt lat="19.250008" lon="98.640929">
				<ele>1142.782349</ele>
				<time>2018-02-12T02:56:30Z</time>
			</trkpt>
			<trkpt lat="19.250202" lon="98.640710">
				<ele>1144.169901</ele>
				<time>2018-02-12T02:56:33Z</time>
			</trkpt>
			<trkpt lat="19.250305" lon="98.640519">
				<ele>1144.424658</ele>
				<time>2018-02-12T02:56:35Z</time>
			</trkpt>
			<trkpt lat="19.250416" lon="98.640357">
				<ele>1144.802683</ele>
				<time>2018-02-12T02:56:37Z</time>
			</trkpt>
			<trkpt lat="19.250559" lon="98.640230">
				<ele>1145.560484</ele>
				<time>2018-02-12T02:56:39Z</time>
			</trkpt>
			<trkpt lat="19.250745" lon="98.640183">
				<ele>1147.908900</ele>
				<time>2018-02-12T02:56:41Z</time>
			</trkpt>
			<trkpt lat="19.250952" lon="98.640125">
				<ele>1148.339443</ele>
				<time>2018-02-12T02:56:44Z</time>
			</trkpt>
			<trkpt lat="19.251050" lon="98.639898">
				<ele>1150.351031</ele>
				<time>2018-02-12T02:56:47Z</time>
			</trkpt>
			<trkpt lat="19.251030" lon="98.639609">
				<ele>1152.378291</ele>
				<time>2018-02-12T02:56:50Z</time>
			</trkpt>
			<trkpt lat="19.250942" lon="98.639337">
				<ele>1152.272394</ele>
				<time>2018-02-12T02:56:53Z</time>
			</trkpt>
			<trkpt lat="19.250918" lon="98.639109">
				<ele>1152.038937</ele>
				<time>2018-02-12T02:56:55Z</time>
			</trkpt>
			<trkpt lat="19.250926" lon="98.638834">
				<ele>1153.997440</ele>
				<time>2018-02-12T02:56:58Z</time>
			</trkpt>
			<trkpt lat="19.251105" lon="98.638639">
				<ele>1156.785519</ele>
				<time>2018-02-12T02:57:01Z</time>
			</trkpt>
			<trkpt lat="19.251281" lon="98.638586">
				<ele>1158.377444</ele>
				<time>2018-02-12T02:57:03Z</time>
			</trkpt>
			<trkpt lat="19.251402" lon="98.638425">
				<ele>1159.577332</ele>
				<time>2018-02-12T02:57:06Z</time>
			</trkpt>
			<trkpt lat="19.251377" lon="98.638165">
				<ele>1161.277446</ele>
				<time>2018-02-12T02:57:08Z</time>
			</trkpt>
			<trkpt lat="19.251325" lon="98.637955">
				<ele>1160.705474</ele>
				<time>2018-02-12T02:57:10Z</time>
			</trkpt>
			<trkpt lat="19.251308" lon="98.637753">
				<ele>1162.667551</ele>
				<time>2018-02-12T02:57:12Z</time>
			</trkpt>
			<trkpt lat="19.251365" lon="98.637559">
				<ele>1163.195672</ele>
				<time>2018-02-12T02:57:14Z</time>
			</trkpt>
			<trkpt lat="19.251443" lon="98.637362">
				<ele>1162.395550</ele>
				<time>2018-02-12T02:57:16Z</time>
			</trkpt>
			<trkpt lat="19.251608" lon="98.637178">
				<ele>1165.552175</ele>
				<time>2018-02-12T02:57:19Z</time>
			</trkpt>
			<trkpt lat="19.251852" lon="98.637145">
				<ele>1167.521776</ele>
				<time>2018-02-12T02:57:22Z</time>
			</trkpt>
			<trkpt lat="19.252042" lon="98.637199">
				<ele>1167.455868</ele>
				<time>2018-02-12T02:57:24Z</time>
			</trkpt>
			<trkpt lat="19.252301" lon="98.637255">
				<ele>1171.253660</ele>
				<time>2018-02-12T02:57:27Z</time>
			</trkpt>
			<trkpt lat="19.252487" lon="98.637320">
				<ele>1171.108540</ele>
				<time>2018-02-12T02:57:29Z</time>
			</trkpt>
			<trkpt lat="19.252693" lon="98.637435">
				<ele>1172.395382</ele>
				<time>2018-02-12T02:57:32Z</time>
			</trkpt>
			<trkpt lat="19.252839" lon="98.637645">
				<ele>1180.318935</ele>
				<time>2018-02-12T02:57:36Z</time>
			</trkpt>
			<trkpt lat="19.252830" lon="98.637920">
				<ele>1181.994473</ele>
				<time>2018-02-12T02:57:39Z</time>
			</trkpt>
			<trkpt lat="19.252775" lon="98.638222">
				<ele>1184.542812</ele>
				<time>2018-02-12T02:57:41Z</time>
			</trkpt>
			<trkpt lat="19.252788" lon="98.638545">
				<ele>1186.326260</ele>
				<time>2018-02-12T02:57:43Z</time>
			</trkpt>
			<trkpt lat="19.252803" lon="98.638811">
				<ele>1184.597988</ele>
				<time>2018-02-12T02:57:45Z</time>
			</trkpt>
			<trkpt lat="19.252861" lon="98.639047">
				<ele>1185.212368</ele>
				<time>2018-02-12T02:57:47Z</time>
			</trkpt>
			<trkpt lat="19.253035" lon="98.639196">
				<ele>1184.113125</ele>
				<time>2018-02-12T02:57:49Z</time>
			</trkpt>
			<trkpt lat="19.253250" lon="98.639136">
				<ele>1184.949917</ele>
				<time>2018-02-12T02:57:51Z</time>
			</trkpt>
			<trkpt lat="19.253389" lon="98.638964">
				<ele>1185.738369</ele>
				<time>2018-02-12T02:57:52Z</time>
			</trkpt>
			<trkpt lat="19.253562" lon="98.638804">
				<ele>1186.214321</ele>
				<time>2018-02-12T02:57:53Z</time>
			</trkpt>
			<trkpt lat="19.253846" lon="98.638660">
				<ele>1186.434773</ele>
				<time>2018-02-12T02:57:55Z</time>
			</trkpt>
			<trkpt lat="19.254067" lon="98.638585">
				<ele>1188.155831</ele>
				<time>2018-02-12T02:57:57Z</time>
			</trkpt>
			<trkpt lat="19.254282" lon="98.638634">
				<ele>1190.716200</ele>
				<time>2018-02-12T02:58:00Z</time>
			</trkpt>
			<trkpt lat="19.254259" lon="98.638879">
				<ele>1191.308072</ele>
				<time>2018-02-12T02:58:02Z</time>
			</trkpt>
			<trkpt lat="19.254216" lon="98.639155">
				<ele>1191.787112</ele>
				<time>2018-02-12T02:58:04Z</time>
			</trkpt>
			<trkpt lat="19.254233" lon="98.639371">
				<ele>1192.264249</ele>
				<time>2018-02-12T02:58:06Z</time>
			</trkpt>
			<trkpt lat="19.254423" lon="98.639417">
				<ele>1196.979240</ele>
				<time>2018-02-12T02:58:08Z</time>
			</trkpt>
			<trkpt lat="19.254646" lon="98.639419">
				<ele>1196.918704</ele>
				<time>2018-02-12T02:58:10Z</time>
			</trkpt>
			<trkpt lat="19.254838" lon="98.639524">
				<ele>1198.545422</ele>
				<time>2018-02-12T02:58:12Z</time>
			</trkpt>
			<trkpt lat="19.255012" lon="98.639748">
				<ele>1199.194269</ele>
				<time>2018-02-12T02:58:14Z</time>
			</trkpt>
			<trkpt lat="19.255229" lon="98.639920">
				<ele>1200.688930</ele>
				<time>2018-02-12T02:58:17Z</time>
			</trkpt>
			<trkpt lat="19.255423" lon="98.639909">
				<ele>1201.407367</ele>
				<time>2018-02-12T02:58:19Z</time>
			</trkpt>
			<trkpt lat="19.255511" lon="98.639547">
				<ele>1203.786095</ele>
				<time>2018-02-12T02:58:21Z</time>
			</trkpt>
			<trkpt lat="19.255545" lon="98.639191">
				<ele>1202.911624</ele>
				<time>2018-02-12T02:58:23Z</time>
			</trkpt>
			<trkpt lat="19.255639" lon="98.638951">
				<ele>1203.550213</ele>
				<time>2018-02-12T02:58:25Z</time>
			</trkpt>
			<trkpt lat="19.255795" lon="98.638819">
				<ele>1206.380309</ele>
				<time>2018-02-12T02:58:27Z</time>
			</trkpt>
			<trkpt lat="19.256060" lon="98.638847">
				<ele>1206.495511</ele>
				<time>2018-02-12T02:58:29Z</time>
			</trkpt>
			<trkpt lat="19.256257" lon="98.638837">
				<ele>1210.210489</ele>
				<time>2018-02-12T02:58:31Z</time>
			</trkpt>
			<trkpt lat="19.256399" lon="98.638500">
				<ele>1210.212306</ele>
				<time>2018-02-12T02:58:34Z</time>
			</trkpt>
			<trkpt lat="19.256638" lon="98.638377">
				<ele>1213.199511</ele>
				<time>2018-02-12T02:58:37Z</time>
			</trkpt>
			<trkpt lat="19.256825" lon="98.638568">
				<ele>1215.691858</ele>
				<time>2018-02-12T02:58:40Z</time>
			</trkpt>
			<trkpt lat="19.256982" lon="98.638778">
				<ele>1215.029946</ele>
				<time>2018-02-12T02:58:42Z</time>
			</trkpt>
			<trkpt lat="19.257183" lon="98.638935">
				<ele>1220.451293</ele>
				<time>2018-02-12T02:58:44Z</time>
			</trkpt>
			<trkpt lat="19.257468" lon="98.638928">
				<ele>1217.122524</ele>
				<time>2018-02-12T02:58:46Z</time>
			</trkpt>
			<trkpt lat="19.257754" lon="98.638942">
				<ele>1216.807705</ele>
				<time>2018-02-12T02:58:48Z</time>
			</trkpt>
			<trkpt lat="19.258015" lon="98.639000">
				<ele>1221.133022</ele>
				<time>2018-02-12T02:58:51Z</time>
			</trkpt>
			<trkpt lat="19.258144" lon="98.639202">
				<ele>1219.486538</ele>
				<time>2018-02-12T02:58:53Z</time>
			</trkpt>
			<trkpt lat="19.258206" lon="98.639460">
				<ele>1229.815295</ele>
				<time>2018-02-12T02:58:55Z</time>
			</trkpt>
			<trkpt lat="19.258422" lon="98.639632">
				<ele>1220.166958</ele>
				<time>2018-02-12T02:58:58Z</time>
			</trkpt>
			<trkpt lat="19.258678" lon="98.639636">
				<ele>1233.001361</ele>
				<time>2018-02-12T02:59:00Z</time>
			</trkpt>
			<trkpt lat="19.259018" lon="98.639624">
				<ele>1236.015170</ele>
				<time>2018-02-12T02:59:02Z</time>
			</trkpt>
			<trkpt lat="19.259305" lon="98.639625">
				<ele>1236.235733</ele>
				<time>2018-02-12T02:59:04Z</time>
			</trkpt>
			<trkpt lat="19.259527" lon="98.639564">
				<ele>1236.962932</ele>
				<time>2018-02-12T02:59:06Z</time>
			</trkpt>
			<trkpt lat="19.259687" lon="98.639420">
				<ele>1238.850155</ele>
				<time>2018-02-12T02:59:08Z</time>
			</trkpt>
			<trkpt lat="19.259714" lon="98.639200">
				<ele>1239.627527</ele>
				<time>2018-02-12T02:59:10Z</time>
			</trkpt>
			<trkpt lat="19.259919" lon="98.638988">
				<ele>1240.955194</ele>
				<time>2018-02-12T02:59:13Z</time>
			</trkpt>
			<trkpt lat="19.260183" lon="98.638955">
				<ele>1244.288254</ele>
				<time>2018-02-12T02:59:15Z</time>
			</trkpt>
			<trkpt lat="19.260414" lon="98.638908">
				<ele>1245.056868</ele>
				<time>2018-02-12T02:59:17Z</time>
			</trkpt>
			<trkpt lat="19.260576" lon="98.638686">
				<ele>1248.183813</ele>
				<time>2018-02-12T02:59:19Z</time>
			</trkpt>
			<trkpt lat="19.260630" lon="98.638467">
				<ele>1250.965638</ele>
				<time>2018-02-12T02:59:21Z</time>
			</trkpt>
			<trkpt lat="19.260602" lon="98.638192">
				<ele>1251.624767</ele>
				<time>2018-02-12T02:59:24Z</time>
			</trkpt>
			<trkpt lat="19.260715" lon="98.638017">
				<ele>1252.540326</ele>
				<time>2018-02-12T02:59:26Z</time>
			</trkpt>
			<trkpt lat="19.260864" lon="98.637902">
				<ele>1253.532055</ele>
				<time>2018-02-12T02:59:28Z</time>
			</trkpt>
			<trkpt lat="19.261044" lon="98.637780">
				<ele>1247.812710</ele>
				<time>2018-02-12T02:59:30Z</time>
			</trkpt>
			<trkpt lat="19.261245" lon="98.637777">
				<ele>1248.936855</ele>
				<time>2018-02-12T02:59:32Z</time>
			</trkpt>
			<trkpt lat="19.261479" lon="98.637860">
				<ele>1247.852749</ele>
				<time>2018-02-12T02:59:34Z</time>
			</trkpt>
			<trkpt lat="19.261610" lon="98.638012">
				<ele>1248.295864</ele>
				<time>2018-02-12T02:59:35Z</time>
			</trkpt>
			<trkpt lat="19.261797" lon="98.638054">
				<ele>1251.947353</ele>
				<time>2018-02-12T02:59:37Z</time>
			</trkpt>
			<trkpt lat="19.261974" lon="98.637935">
				<ele>1261.689529</ele>
				<time>2018-02-12T02:59:40Z</time>
			</trkpt>
			<trkpt lat="19.261980" lon="98.637632">
				<ele>1263.108480</ele>
				<time>2018-02-12T02:59:43Z</time>
			</trkpt>
			<trkpt lat="19.262037" lon="98.637399">
				<ele>1268.571254</ele>
				<time>2018-02-12T02:59:45Z</time>
			</trkpt>
			<trkpt lat="19.262173" lon="98.637231">
				<ele>1272.467233</ele>
				<time>2018-02-12T02:59:47Z</time>
			</trkpt>
			<trkpt lat="19.262332" lon="98.637081">
				<ele>1271.868738</ele>
				<time>2018-02-12T02:59:49Z</time>
			</trkpt>
			<trkpt lat="19.262405" lon="98.636856">
				<ele>1276.880227</ele>
				<time>2018-02-12T02:59:51Z</time>
			</trkpt>
			<trkpt lat="19.262348" lon="98.636630">
				<ele>1275.188077</ele>
				<time>2018-02-12T02:59:53Z</time>
			</trkpt>
			<trkpt lat="19.262374" lon="98.636302">
				<ele>1280.320080</ele>
				<time>2018-02-12T02:59:55Z</time>
			</trkpt>
			<trkpt lat="19.262386" lon="98.636107">
				<ele>1283.229227</ele>
				<time>2018-02-12T02:59:56Z</time>
			</trkpt>
			<trkpt lat="19.262370" lon="98.635794">
				<ele>1282.788279</ele>
				<time>2018-02-12T02:59:58Z</time>
			</trkpt>
			<trkpt lat="19.262252" lon="98.635539">
				<ele>1285.677349</ele>
				<time>2018-02-12T03:00:00Z</time>
			</trkpt>
			<trkpt lat="19.262038" lon="98.635462">
				<ele>1286.638668</ele>
				<time>2018-02-12T03:00:02Z</time>
			</trkpt>
			<trkpt lat="19.261823" lon="98.635356">
				<ele>1288.391700</ele>
				<time>2018-02-12T03:00:04Z</time>
			</trkpt>
			<trkpt lat="19.261692" lon="98.635185">
				<ele>1290.147806</ele>
				<time>2018-02-12T03:00:06Z</time>
			</trkpt>
			<trkpt lat="19.261625" lon="98.634887">
				<ele>1291.961854</ele>
				<time>2018-02-12T03:00:09Z</time>
			</trkpt>
			<trkpt lat="19.261553" lon="98.634623">
				<ele>1293.908421</ele>
				<time>2018-02-12T03:00:11Z</time>
			</trkpt>
			<trkpt lat="19.261389" lon="98.634510">
				<ele>1293.451028</ele>
				<time>2018-02-12T03:00:13Z</time>
			</trkpt>
			<trkpt lat="19.261213" lon="98.634389">
				<ele>1294.634581</ele>
				<time>2018-02-12T03:00:15Z</time>
			</trkpt>
			<trkpt lat="19.261103" lon="98.634226">
				<ele>1296.718509</ele>
				<time>2018-02-12T03:00:17Z</time>
			</trkpt>
			<trkpt lat="19.261187" lon="98.634000">
				<ele>1301.628018</ele>
				<time>2018-02-12T03:00:20Z</time>
			</trkpt>
			<trkpt lat="19.261395" lon="98.633899">
				<ele>1299.160389</ele>
				<time>2018-02-12T03:00:22Z</time>
			</trkpt>
			<trkpt lat="19.261592" lon="98.633862">
				<ele>1300.161706</ele>
				<time>2018-02-12T03:00:23Z</time>
			</trkpt>
			<trkpt lat="19.261801" lon="98.633901">
				<ele>1302.400691</ele>
				<time>2018-02-12T03:00:25Z</time>
			</trkpt>
			<trkpt lat="19.261996" lon="98.634096">
				<ele>1304.642841</ele>
				<time>2018-02-12T03:00:27Z</time>
			</trkpt>
			<trkpt lat="19.262140" lon="98.634279">
				<ele>1303.887323</ele>
				<time>2018-02-12T03:00:29Z</time>
			</trkpt>
			<trkpt lat="19.262378" lon="98.634381">
				<ele>1307.857988</ele>
				<time>2018-02-12T03:00:31Z</time>
			</trkpt>
			<trkpt lat="19.262667" lon="98.634326">
				<ele>1305.367617</ele>
				<time>2018-02-12T03:00:33Z</time>
			</trkpt>
			<trkpt lat="19.262951" lon="98.634259">
				<ele>1310.234147</ele>
				<time>2018-02-12T03:00:35Z</time>
			</trkpt>
			<trkpt lat="19.263260" lon="98.634128">
				<ele>1309.120748</ele>
				<time>2018-02-12T03:00:37Z</time>
			</trkpt>
			<trkpt lat="19.263401" lon="98.633997">
				<ele>1308.316439</ele>
				<time>2018-02-12T03:00:38Z</time>
			</trkpt>
			<trkpt lat="19.263527" lon="98.633848">
				<ele>1308.570266</ele>
				<time>2018-02-12T03:00:39Z</time>
			</trkpt>
			<trkpt lat="19.263680" lon="98.633679">
				<ele>1309.959184</ele>
				<time>2018-02-12T03:00:40Z</time>
			</trkpt>
			<trkpt lat="19.263799" lon="98.633535">
				<ele>1308.938622</ele>
				<time>2018-02-12T03:00:41Z</time>
			</trkpt>
			<trkpt lat="19.264009" lon="98.633329">
				<ele>1308.028655</ele>
				<time>2018-02-12T03:00:43Z</time>
			</trkpt>
			<trkpt lat="19.264260" lon="98.633173">
				<ele>1307.685188</ele>
				<time>2018-02-12T03:00:45Z</time>
			</trkpt>
			<trkpt lat="19.264553" lon="98.633191">
				<ele>1312.035919</ele>
				<time>2018-02-12T03:00:47Z</time>
			</trkpt>
			<trkpt lat="19.264842" lon="98.633264">
				<ele>1307.892333</ele>
				<time>2018-02-12T03:00:49Z</time>
			</trkpt>
			<trkpt lat="19.265091" lon="98.633260">
				<ele>1308.100528</ele>
				<time>2018-02-12T03:00:51Z</time>
			</trkpt>
			<trkpt lat="19.265324" lon="98.633215">
				<ele>1308.007188</ele>
				<time>2018-02-12T03:00:53Z</time>
			</trkpt>
			<trkpt lat="19.265553" lon="98.633105">
				<ele>1307.503410</ele>
				<time>2018-02-12T03:00:55Z</time>
			</trkpt>
			<trkpt lat="19.265746" lon="98.632867">
				<ele>1305.706627</ele>
				<time>2018-02-12T03:00:57Z</time>
			</trkpt>
			<trkpt lat="19.265872" lon="98.632667">
				<ele>1305.881894</ele>
				<time>2018-02-12T03:00:59Z</time>
			</trkpt>
			<trkpt lat="19.266074" lon="98.632497">
				<ele>1304.372155</ele>
				<time>2018-02-12T03:01:01Z</time>
			</trkpt>
			<trkpt lat="19.266378" lon="98.632406">
				<ele>1302.680734</ele>
				<time>2018-02-12T03:01:03Z</time>
			</trkpt>
			<trkpt lat="19.266624" lon="98.632293">
				<ele>1301.569721</ele>
				<time>2018-02-12T03:01:05Z</time>
			</trkpt>
			<trkpt lat="19.266881" lon="98.632138">
				<ele>1296.611825</ele>
				<time>2018-02-12T03:01:07Z</time>
			</trkpt>
			<trkpt lat="19.267045" lon="98.632016">
				<ele>1294.666933</ele>
				<time>2018-02-12T03:01:08Z</time>
			</trkpt>
			<trkpt lat="19.267205" lon="98.631710">
				<ele>1289.782107</ele>
				<time>2018-02-12T03:01:10Z</time>
			</trkpt>
			<trkpt lat="19.267374" lon="98.631449">
				<ele>1289.922666</ele>
				<time>2018-02-12T03:01:12Z</time>
			</trkpt>
			<trkpt lat="19.267637" lon="98.631253">
				<ele>1289.688955</ele>
				<time>2018-02-12T03:01:14Z</time>
			</trkpt>
			<trkpt lat="19.267920" lon="98.631085">
				<ele>1289.216352</ele>
				<time>2018-02-12T03:01:16Z</time>
			</trkpt>
			<trkpt lat="19.268111" lon="98.630916">
				<ele>1292.172072</ele>
				<time>2018-02-12T03:01:18Z</time>
			</trkpt>
			<trkpt lat="19.268301" lon="98.630744">
				<ele>1284.433211</ele>
				<time>2018-02-12T03:01:20Z</time>
			</trkpt>
			<trkpt lat="19.268494" lon="98.630553">
				<ele>1287.057489</ele>
				<time>2018-02-12T03:01:22Z</time>
			</trkpt>
			<trkpt lat="19.268658" lon="98.630294">
				<ele>1286.697957</ele>
				<time>2018-02-12T03:01:24Z</time>
			</trkpt>
			<trkpt lat="19.268845" lon="98.630016">
				<ele>1284.764881</ele>
				<time>2018-02-12T03:01:26Z</time>
			</trkpt>
			<trkpt lat="19.268995" lon="98.629718">
				<ele>1283.434038</ele>
				<time>2018-02-12T03:01:28Z</time>
			</trkpt>
			<trkpt lat="19.269082" lon="98.629379">
				<ele>1282.454666</ele>
				<time>2018-02-12T03:01:30Z</time>
			</trkpt>
			<trkpt lat="19.269136" lon="98.629013">
				<ele>1283.083174</ele>
				<time>2018-02-12T03:01:32Z</time>
			</trkpt>
			<trkpt lat="19.269220" lon="98.628693">
				<ele>1283.667112</ele>
				<time>2018-02-12T03:01:34Z</time>
			</trkpt>
			<trkpt lat="19.269289" lon="98.628512">
				<ele>1285.663674</ele>
				<time>2018-02-12T03:01:35Z</time>
			</trkpt>
			<trkpt lat="19.269431" lon="98.628227">
				<ele>1288.496569</ele>
				<time>2018-02-12T03:01:37Z</time>
			</trkpt>
			<trkpt lat="19.269549" lon="98.627954">
				<ele>1290.126089</ele>
				<time>2018-02-12T03:01:39Z</time>
			</trkpt>
			<trkpt lat="19.269698" lon="98.627738">
				<ele>1291.515036</ele>
				<time>2018-02-12T03:01:41Z</time>
			</trkpt>
			<trkpt lat="19.269849" lon="98.627538">
				<ele>1291.741931</ele>
				<time>2018-02-12T03:01:43Z</time>
			</trkpt>
			<trkpt lat="19.269995" lon="98.627370">
				<ele>1290.541248</ele>
				<time>2018-02-12T03:01:45Z</time>
			</trkpt>
			<trkpt lat="19.270223" lon="98.627304">
				<ele>1292.141511</ele>
				<time>2018-02-12T03:01:47Z</time>
			</trkpt>
			<trkpt lat="19.270354" lon="98.627095">
				<ele>1294.406866</ele>
				<time>2018-02-12T03:01:49Z</time>
			</trkpt>
			<trkpt lat="19.270304" lon="98.626755">
				<ele>1294.001275</ele>
				<time>2018-02-12T03:01:51Z</time>
			</trkpt>
			<trkpt lat="19.270297" lon="98.626429">
				<ele>1295.324809</ele>
				<time>2018-02-12T03:01:53Z</time>
			</trkpt>
			<trkpt lat="19.270236" lon="98.626159">
				<ele>1293.441059</ele>
				<time>2018-02-12T03:01:55Z</time>
			</trkpt>
			<trkpt lat="19.270182" lon="98.625884">
				<ele>1293.005475</ele>
				<time>2018-02-12T03:01:57Z</time>
			</trkpt>
			<trkpt lat="19.270182" lon="98.625602">
				<ele>1294.169151</ele>
				<time>2018-02-12T03:01:59Z</time>
			</trkpt>
			<trkpt lat="19.270227" lon="98.625344">
				<ele>1292.662085</ele>
				<time>2018-02-12T03:02:01Z</time>
			</trkpt>
			<trkpt lat="19.270271" lon="98.625107">
				<ele>1291.527250</ele>
				<time>2018-02-12T03:02:03Z</time>
			</trkpt>
			<trkpt lat="19.270343" lon="98.624875">
				<ele>1289.385255</ele>
				<time>2018-02-12T03:02:05Z</time>
			</trkpt>
			<trkpt lat="19.270492" lon="98.624702">
				<ele>1287.286633</ele>
				<time>2018-02-12T03:02:07Z</time>
			</trkpt>
			<trkpt lat="19.270683" lon="98.624606">
				<ele>1285.509215</ele>
				<time>2018-02-12T03:02:09Z</time>
			</trkpt>
			<trkpt lat="19.270880" lon="98.624546">
				<ele>1282.117759</ele>
				<time>2018-02-12T03:02:11Z</time>
			</trkpt>
			<trkpt lat="19.271116" lon="98.624421">
				<ele>1278.466208</ele>
				<time>2018-02-12T03:02:13Z</time>
			</trkpt>
			<trkpt lat="19.271382" lon="98.624195">
				<ele>1276.106397</ele>
				<time>2018-02-12T03:02:15Z</time>
			</trkpt>
			<trkpt lat="19.271647" lon="98.623926">
				<ele>1273.103883</ele>
				<time>2018-02-12T03:02:17Z</time>
			</trkpt>
			<trkpt lat="19.271927" lon="98.623675">
				<ele>1272.393982</ele>
				<time>2018-02-12T03:02:19Z</time>
			</trkpt>
			<trkpt lat="19.272064" lon="98.623543">
				<ele>1272.579304</ele>
				<time>2018-02-12T03:02:20Z</time>
			</trkpt>
			<trkpt lat="19.272080" lon="98.623171">
				<ele>1273.522763</ele>
				<time>2018-02-12T03:02:22Z</time>
			</trkpt>
			<trkpt lat="19.272127" lon="98.622845">
				<ele>1272.897122</ele>
				<time>2018-02-12T03:02:24Z</time>
			</trkpt>
			<trkpt lat="19.272208" lon="98.622547">
				<ele>1276.610774</ele>
				<time>2018-02-12T03:02:26Z</time>
			</trkpt>
			<trkpt lat="19.272362" lon="98.622318">
				<ele>1278.143131</ele>
				<time>2018-02-12T03:02:28Z</time>
			</trkpt>
			<trkpt lat="19.272559" lon="98.622118">
				<ele>1280.775544</ele>
				<time>2018-02-12T03:02:30Z</time>
			</trkpt>
			<trkpt lat="19.272793" lon="98.622031">
				<ele>1284.986463</ele>
				<time>2018-02-12T03:02:32Z</time>
			</trkpt>
			<trkpt lat="19.273083" lon="98.622061">
				<ele>1286.039284</ele>
				<time>2018-02-12T03:02:34Z</time>
			</trkpt>
			<trkpt lat="19.273364" lon="98.622232">
				<ele>1289.473524</ele>
				<time>2018-02-12T03:02:36Z</time>
			</trkpt>
			<trkpt lat="19.273683" lon="98.622269">
				<ele>1291.219053</ele>
				<time>2018-02-12T03:02:38Z</time>
			</trkpt>
			<trkpt lat="19.274046" lon="98.622325">
				<ele>1293.052300</ele>
				<time>2018-02-12T03:02:40Z</time>
			</trkpt>
			<trkpt lat="19.274232" lon="98.622311">
				<ele>1296.990540</ele>
				<time>2018-02-12T03:02:41Z</time>
			</trkpt>
			<trkpt lat="19.274589" lon="98.622302">
				<ele>1295.890182</ele>
				<time>2018-02-12T03:02:43Z</time>
			</trkpt>
			<trkpt lat="19.274908" lon="98.622278">
				<ele>1298.861632</ele>
				<time>2018-02-12T03:02:45Z</time>
			</trkpt>
			<trkpt lat="19.275134" lon="98.622237">
				<ele>1298.117526</ele>
				<time>2018-02-12T03:02:47Z</time>
			</trkpt>
			<trkpt lat="19.275351" lon="98.622140">
				<ele>1301.155770</ele>
				<time>2018-02-12T03:02:49Z</time>
			</trkpt>
			<trkpt lat="19.275519" lon="98.621896">
				<ele>1302.257662</ele>
				<time>2018-02-12T03:02:51Z</time>
			</trkpt>
			<trkpt lat="19.275641" lon="98.621707">
				<ele>1304.689922</ele>
				<time>2018-02-12T03:02:52Z</time>
			</trkpt>
			<trkpt lat="19.275764" lon="98.621344">
				<ele>1304.546573</ele>
				<time>2018-02-12T03:02:54Z</time>
			</trkpt>
			<trkpt lat="19.275846" lon="98.620957">
				<ele>1304.651416</ele>
				<time>2018-02-12T03:02:56Z</time>
			</trkpt>
			<trkpt lat="19.275890" lon="98.620772">
				<ele>1307.973225</ele>
				<time>2018-02-12T03:02:57Z</time>
			</trkpt>
			<trkpt lat="19.275930" lon="98.620580">
				<ele>1309.225051</ele>
				<time>2018-02-12T03:02:58Z</time>
			</trkpt>
			<trkpt lat="19.275983" lon="98.620218">
				<ele>1308.927404</ele>
				<time>2018-02-12T03:03:00Z</time>
			</trkpt>
			<trkpt lat="19.275995" lon="98.619861">
				<ele>1309.345986</ele>
				<time>2018-02-12T03:03:02Z</time>
			</trkpt>
			<trkpt lat="19.276003" lon="98.619528">
				<ele>1308.154100</ele>
				<time>2018-02-12T03:03:04Z</time>
			</trkpt>
			<trkpt lat="19.276041" lon="98.619238">
				<ele>1308.034907</ele>
				<time>2018-02-12T03:03:06Z</time>
			</trkpt>
			<trkpt lat="19.276134" lon="98.618927">
				<ele>1305.031756</ele>
				<time>2018-02-12T03:03:08Z</time>
			</trkpt>
			<trkpt lat="19.276302" lon="98.618659">
				<ele>1302.844708</ele>
				<time>2018-02-12T03:03:10Z</time>
			</trkpt>
			<trkpt lat="19.276567" lon="98.618441">
				<ele>1303.825972</ele>
				<time>2018-02-12T03:03:12Z</time>
			</trkpt>
			<trkpt lat="19.276719" lon="98.618330">
				<ele>1303.976225</ele>
				<time>2018-02-12T03:03:13Z</time>
			</trkpt>
			<trkpt lat="19.276966" lon="98.618121">
				<ele>1300.407080</ele>
				<time>2018-02-12T03:03:15Z</time>
			</trkpt>
			<trkpt lat="19.277168" lon="98.617838">
				<ele>1299.121697</ele>
				<time>2018-02-12T03:03:17Z</time>
			</trkpt>
			<trkpt lat="19.277341" lon="98.617522">
				<ele>1304.428629</ele>
				<time>2018-02-12T03:03:19Z</time>
			</trkpt>
			<trkpt lat="19.277434" lon="98.617347">
				<ele>1304.394677</ele>
				<time>2018-02-12T03:03:20Z</time>
			</trkpt>
			<trkpt lat="19.277511" lon="98.617152">
				<ele>1306.111106</ele>
				<time>2018-02-12T03:03:21Z</time>
			</trkpt>
			<trkpt lat="19.277586" lon="98.616975">
				<ele>1304.204183</ele>
				<time>2018-02-12T03:03:22Z</time>
			</trkpt>
			<trkpt lat="19.277691" lon="98.616635">
				<ele>1304.945253</ele>
				<time>2018-02-12T03:03:24Z</time>
			</trkpt>
			<trkpt lat="19.277767" lon="98.616263">
				<ele>1307.089139</ele>
				<time>2018-02-12T03:03:26Z</time>
			</trkpt>
			<trkpt lat="19.277832" lon="98.615934">
				<ele>1306.723643</ele>
				<time>2018-02-12T03:03:28Z</time>
			</trkpt>
			<trkpt lat="19.278019" lon="98.615636">
				<ele>1307.000702</ele>
				<time>2018-02-12T03:03:30Z</time>
			</trkpt>
			<trkpt lat="19.278237" lon="98.615381">
				<ele>1310.590842</ele>
				<time>2018-02-12T03:03:32Z</time>
			</trkpt>
			<trkpt lat="19.278436" lon="98.615132">
				<ele>1311.218264</ele>
				<time>2018-02-12T03:03:34Z</time>
			</trkpt>
			<trkpt lat="19.278563" lon="98.614815">
				<ele>1314.840704</ele>
				<time>2018-02-12T03:03:36Z</time>
			</trkpt>
			<trkpt lat="19.278572" lon="98.614471">
				<ele>1316.506333</ele>
				<time>2018-02-12T03:03:38Z</time>
			</trkpt>
			<trkpt lat="19.278551" lon="98.614106">
				<ele>1320.269875</ele>
				<time>2018-02-12T03:03:40Z</time>
			</trkpt>
			<trkpt lat="19.278545" lon="98.613757">
				<ele>1319.135011</ele>
				<time>2018-02-12T03:03:42Z</time>
			</trkpt>
			<trkpt lat="19.278499" lon="98.613435">
				<ele>1323.273095</ele>
				<time>2018-02-12T03:03:44Z</time>
			</trkpt>
			<trkpt lat="19.278403" lon="98.613152">
				<ele>1322.323397</ele>
				<time>2018-02-12T03:03:46Z</time>
			</trkpt>
			<trkpt lat="19.278379" lon="98.612876">
				<ele>1322.593053</ele>
				<time>2018-02-12T03:03:48Z</time>
			</trkpt>
			<trkpt lat="19.278417" lon="98.612558">
				<ele>1321.930030</ele>
				<time>2018-02-12T03:03:50Z</time>
			</trkpt>
			<trkpt lat="19.278482" lon="98.612240">
				<ele>1323.029397</ele>
				<time>2018-02-12T03:03:52Z</time>
			</trkpt>
			<trkpt lat="19.278490" lon="98.612037">
				<ele>1320.864032</ele>
				<time>2018-02-12T03:03:53Z</time>
			</trkpt>
			<trkpt lat="19.278496" lon="98.611711">
				<ele>1319.503768</ele>
				<time>2018-02-12T03:03:55Z</time>
			</trkpt>
			<trkpt lat="19.278514" lon="98.611398">
				<ele>1319.986530</ele>
				<time>2018-02-12T03:03:57Z</time>
			</trkpt>
			<trkpt lat="19.278522" lon="98.611136">
				<ele>1319.775694</ele>
				<time>2018-02-12T03:03:59Z</time>
			</trkpt>
			<trkpt lat="19.278482" lon="98.610864">
				<ele>1317.538442</ele>
				<time>2018-02-12T03:04:01Z</time>
			</trkpt>
			<trkpt lat="19.278310" lon="98.610779">
				<ele>1315.579192</ele>
				<time>2018-02-12T03:04:03Z</time>
			</trkpt>
			<trkpt lat="19.278057" lon="98.610706">
				<ele>1313.821037</ele>
				<time>2018-02-12T03:04:05Z</time>
			</trkpt>
			<trkpt lat="19.277793" lon="98.610613">
				<ele>1310.925623</ele>
				<time>2018-02-12T03:04:07Z</time>
			</trkpt>
			<trkpt lat="19.277527" lon="98.610482">
				<ele>1310.231285</ele>
				<time>2018-02-12T03:04:09Z</time>
			</trkpt>
			<trkpt lat="19.277278" lon="98.610362">
				<ele>1311.268760</ele>
				<time>2018-02-12T03:04:11Z</time>
			</trkpt>
			<trkpt lat="19.276979" lon="98.610334">
				<ele>1315.645207</ele>
				<time>2018-02-12T03:04:13Z</time>
			</trkpt>
			<trkpt lat="19.276696" lon="98.610256">
				<ele>1317.302209</ele>
				<time>2018-02-12T03:04:15Z</time>
			</trkpt>
			<trkpt lat="19.276386" lon="98.610140">
				<ele>1319.831775</ele>
				<time>2018-02-12T03:04:17Z</time>
			</trkpt>
			<trkpt lat="19.276221" lon="98.610042">
				<ele>1324.722576</ele>
				<time>2018-02-12T03:04:18Z</time>
			</trkpt>
			<trkpt lat="19.276067" lon="98.609930">
				<ele>1321.800067</ele>
				<time>2018-02-12T03:04:19Z</time>
			</trkpt>
			<trkpt lat="19.275776" lon="98.609735">
				<ele>1328.693637</ele>
				<time>2018-02-12T03:04:21Z</time>
			</trkpt>
			<trkpt lat="19.275475" lon="98.609586">
				<ele>1333.563510</ele>
				<time>2018-02-12T03:04:23Z</time>
			</trkpt>
			<trkpt lat="19.275198" lon="98.609426">
				<ele>1334.940400</ele>
				<time>2018-02-12T03:04:25Z</time>
			</trkpt>
			<trkpt lat="19.274905" lon="98.609288">
				<ele>1334.844689</ele>
				<time>2018-02-12T03:04:27Z</time>
			</trkpt>
			<trkpt lat="19.274677" lon="98.609081">
				<ele>1339.237074</ele>
				<time>2018-02-12T03:04:29Z</time>
			</trkpt>
			<trkpt lat="19.274503" lon="98.608842">
				<ele>1346.240118</ele>
				<time>2018-02-12T03:04:31Z</time>
			</trkpt>
			<trkpt lat="19.274364" lon="98.608615">
				<ele>1346.284296</ele>
				<time>2018-02-12T03:04:33Z</time>
			</trkpt>
			<trkpt lat="19.274264" lon="98.608454">
				<ele>1346.619712</ele>
				<time>2018-02-12T03:04:35Z</time>
			</trkpt>
			<trkpt lat="19.274315" lon="98.608243">
				<ele>1350.947552</ele>
				<time>2018-02-12T03:04:38Z</time>
			</trkpt>
			<trkpt lat="19.274574" lon="98.608244">
				<ele>1367.960049</ele>
				<time>2018-02-12T03:04:41Z</time>
			</trkpt>
			<trkpt lat="19.274789" lon="98.608254">
				<ele>1370.008144</ele>
				<time>2018-02-12T03:04:43Z</time>
			</trkpt>
			<trkpt lat="19.275051" lon="98.608213">
				<ele>1372.651333</ele>
				<time>2018-02-12T03:04:45Z</time>
			</trkpt>
			<trkpt lat="19.275305" lon="98.608125">
				<ele>1371.699917</ele>
				<time>2018-02-12T03:04:47Z</time>
			</trkpt>
			<trkpt lat="19.275506" lon="98.607988">
				<ele>1370.066982</ele>
				<time>2018-02-12T03:04:49Z</time>
			</trkpt>
			<trkpt lat="19.275653" lon="98.607803">
				<ele>1369.466763</ele>
				<time>2018-02-12T03:04:51Z</time>
			</trkpt>
			<trkpt lat="19.275872" lon="98.607610">
				<ele>1371.339931</ele>
				<time>2018-02-12T03:04:53Z</time>
			</trkpt>
			<trkpt lat="19.276154" lon="98.607468">
				<ele>1371.969326</ele>
				<time>2018-02-12T03:04:55Z</time>
			</trkpt>
			<trkpt lat="19.276503" lon="98.607391">
				<ele>1369.721279</ele>
				<time>2018-02-12T03:04:57Z</time>
			</trkpt>
			<trkpt lat="19.276810" lon="98.607325">
				<ele>1367.637783</ele>
				<time>2018-02-12T03:04:59Z</time>
			</trkpt>
			<trkpt lat="19.277005" lon="98.607226">
				<ele>1354.492799</ele>
				<time>2018-02-12T03:05:01Z</time>
			</trkpt>
			<trkpt lat="19.277183" lon="98.607115">
				<ele>1355.631303</ele>
				<time>2018-02-12T03:05:03Z</time>
			</trkpt>
			<trkpt lat="19.277333" lon="98.606917">
				<ele>1357.199106</ele>
				<time>2018-02-12T03:05:05Z</time>
			</trkpt>
			<trkpt lat="19.277501" lon="98.606718">
				<ele>1357.057999</ele>
				<time>2018-02-12T03:05:07Z</time>
			</trkpt>
			<trkpt lat="19.277599" lon="98.606488">
				<ele>1360.206482</ele>
				<time>2018-02-12T03:05:09Z</time>
			</trkpt>
			<trkpt lat="19.277686" lon="98.606243">
				<ele>1364.996956</ele>
				<time>2018-02-12T03:05:11Z</time>
			</trkpt>
			<trkpt lat="19.277762" lon="98.606023">
				<ele>1367.111524</ele>
				<time>2018-02-12T03:05:13Z</time>
			</trkpt>
			<trkpt lat="19.277800" lon="98.605789">
				<ele>1368.868347</ele>
				<time>2018-02-12T03:05:15Z</time>
			</trkpt>
			<trkpt lat="19.277922" lon="98.605535">
				<ele>1370.514148</ele>
				<time>2018-02-12T03:05:17Z</time>
			</trkpt>
			<trkpt lat="19.277979" lon="98.605307">
				<ele>1371.437597</ele>
				<time>2018-02-12T03:05:19Z</time>
			</trkpt>
			<trkpt lat="19.278076" lon="98.605059">
				<ele>1383.496525</ele>
				<time>2018-02-12T03:05:21Z</time>
			</trkpt>
			<trkpt lat="19.278184" lon="98.604818">
				<ele>1379.315205</ele>
				<time>2018-02-12T03:05:23Z</time>
			</trkpt>
			<trkpt lat="19.278314" lon="98.604625">
				<ele>1378.967379</ele>
				<time>2018-02-12T03:05:25Z</time>
			</trkpt>
			<trkpt lat="19.278439" lon="98.604430">
				<ele>1381.053047</ele>
				<time>2018-02-12T03:05:27Z</time>
			</trkpt>
			<trkpt lat="19.278472" lon="98.604197">
				<ele>1382.883435</ele>
				<time>2018-02-12T03:05:29Z</time>
			</trkpt>
			<trkpt lat="19.278409" lon="98.603964">
				<ele>1381.880197</ele>
				<time>2018-02-12T03:05:31Z</time>
			</trkpt>
			<trkpt lat="19.278309" lon="98.603716">
				<ele>1384.697474</ele>
				<time>2018-02-12T03:05:33Z</time>
			</trkpt>
			<trkpt lat="19.278134" lon="98.603505">
				<ele>1386.032148</ele>
				<time>2018-02-12T03:05:35Z</time>
			</trkpt>
			<trkpt lat="19.277928" lon="98.603370">
				<ele>1383.414847</ele>
				<time>2018-02-12T03:05:37Z</time>
			</trkpt>
			<trkpt lat="19.277712" lon="98.603255">
				<ele>1386.371970</ele>
				<time>2018-02-12T03:05:39Z</time>
			</trkpt>
			<trkpt lat="19.277523" lon="98.603147">
				<ele>1385.278295</ele>
				<time>2018-02-12T03:05:41Z</time>
			</trkpt>
			<trkpt lat="19.277319" lon="98.602969">
				<ele>1385.134117</ele>
				<time>2018-02-12T03:05:44Z</time>
			</trkpt>
			<trkpt lat="19.277245" lon="98.602732">
				<ele>1384.739960</ele>
				<time>2018-02-12T03:05:46Z</time>
			</trkpt>
			<trkpt lat="19.277182" lon="98.602497">
				<ele>1386.644374</ele>
				<time>2018-02-12T03:05:48Z</time>
			</trkpt>
			<trkpt lat="19.277078" lon="98.602266">
				<ele>1383.185547</ele>
				<time>2018-02-12T03:05:50Z</time>
			</trkpt>
			<trkpt lat="19.276911" lon="98.602042">
				<ele>1381.607975</ele>
				<time>2018-02-12T03:05:52Z</time>
			</trkpt>
			<trkpt lat="19.276835" lon="98.601766">
				<ele>1378.401602</ele>
				<time>2018-02-12T03:05:54Z</time>
			</trkpt>
			<trkpt lat="19.276812" lon="98.601443">
				<ele>1375.805475</ele>
				<time>2018-02-12T03:05:56Z</time>
			</trkpt>
			<trkpt lat="19.276806" lon="98.601113">
				<ele>1373.009006</ele>
				<time>2018-02-12T03:05:58Z</time>
			</trkpt>
			<trkpt lat="19.276786" lon="98.600812">
				<ele>1368.117353</ele>
				<time>2018-02-12T03:06:00Z</time>
			</trkpt>
			<trkpt lat="19.276796" lon="98.600612">
				<ele>1367.106698</ele>
				<time>2018-02-12T03:06:01Z</time>
			</trkpt>
			<trkpt lat="19.276756" lon="98.600232">
				<ele>1362.976917</ele>
				<time>2018-02-12T03:06:03Z</time>
			</trkpt>
			<trkpt lat="19.276693" lon="98.599928">
				<ele>1358.492953</ele>
				<time>2018-02-12T03:06:05Z</time>
			</trkpt>
			<trkpt lat="19.276574" lon="98.599680">
				<ele>1355.426188</ele>
				<time>2018-02-12T03:06:07Z</time>
			</trkpt>
			<trkpt lat="19.276424" lon="98.599389">
				<ele>1350.214627</ele>
				<time>2018-02-12T03:06:09Z</time>
			</trkpt>
			<trkpt lat="19.276220" lon="98.599366">
				<ele>1349.910770</ele>
				<time>2018-02-12T03:06:10Z</time>
			</trkpt>
			<trkpt lat="19.276005" lon="98.599263">
				<ele>1344.643765</ele>
				<time>2018-02-12T03:06:12Z</time>
			</trkpt>
			<trkpt lat="19.275775" lon="98.599148">
				<ele>1339.906707</ele>
				<time>2018-02-12T03:06:14Z</time>
			</trkpt>
			<trkpt lat="19.275534" lon="98.599173">
				<ele>1339.842054</ele>
				<time>2018-02-12T03:06:15Z</time>
			</trkpt>
			<trkpt lat="19.275289" lon="98.599046">
				<ele>1336.962781</ele>
				<time>2018-02-12T03:06:17Z</time>
			</trkpt>
			<trkpt lat="19.275032" lon="98.598918">
				<ele>1334.288895</ele>
				<time>2018-02-12T03:06:19Z</time>
			</trkpt>
			<trkpt lat="19.274752" lon="98.598735">
				<ele>1338.931592</ele>
				<time>2018-02-12T03:06:21Z</time>
			</trkpt>
			<trkpt lat="19.274459" lon="98.598579">
				<ele>1339.241749</ele>
				<time>2018-02-12T03:06:23Z</time>
			</trkpt>
			<trkpt lat="19.274151" lon="98.598507">
				<ele>1339.625551</ele>
				<time>2018-02-12T03:06:25Z</time>
			</trkpt>
			<trkpt lat="19.273827" lon="98.598484">
				<ele>1341.493705</ele>
				<time>2018-02-12T03:06:27Z</time>
			</trkpt>
			<trkpt lat="19.273481" lon="98.598532">
				<ele>1346.594365</ele>
				<time>2018-02-12T03:06:29Z</time>
			</trkpt>
			<trkpt lat="19.273133" lon="98.598566">
				<ele>1347.479796</ele>
				<time>2018-02-12T03:06:31Z</time>
			</trkpt>
			<trkpt lat="19.272790" lon="98.598584">
				<ele>1351.370232</ele>
				<time>2018-02-12T03:06:33Z</time>
			</trkpt>
			<trkpt lat="19.272461" lon="98.598575">
				<ele>1355.315809</ele>
				<time>2018-02-12T03:06:35Z</time>
			</trkpt>
			<trkpt lat="19.272139" lon="98.598584">
				<ele>1355.434211</ele>
				<time>2018-02-12T03:06:37Z</time>
			</trkpt>
			<trkpt lat="19.271845" lon="98.598611">
				<ele>1356.558312</ele>
				<time>2018-02-12T03:06:39Z</time>
			</trkpt>
			<trkpt lat="19.271559" lon="98.598603">
				<ele>1358.558791</ele>
				<time>2018-02-12T03:06:41Z</time>
			</trkpt>
			<trkpt lat="19.271287" lon="98.598508">
				<ele>1356.682370</ele>
				<time>2018-02-12T03:06:43Z</time>
			</trkpt>
			<trkpt lat="19.271070" lon="98.598336">
				<ele>1357.861210</ele>
				<time>2018-02-12T03:06:45Z</time>
			</trkpt>
			<trkpt lat="19.270943" lon="98.598109">
				<ele>1358.782071</ele>
				<time>2018-02-12T03:06:47Z</time>
			</trkpt>
			<trkpt lat="19.270866" lon="98.597825">
				<ele>1360.544463</ele>
				<time>2018-02-12T03:06:49Z</time>
			</trkpt>
			<trkpt lat="19.270905" lon="98.597536">
				<ele>1361.281837</ele>
				<time>2018-02-12T03:06:51Z</time>
			</trkpt>
			<trkpt lat="19.270886" lon="98.597278">
				<ele>1358.444461</ele>
				<time>2018-02-12T03:06:53Z</time>
			</trkpt>
			<trkpt lat="19.270748" lon="98.597054">
				<ele>1361.817213</ele>
				<time>2018-02-12T03:06:55Z</time>
			</trkpt>
			<trkpt lat="19.270499" lon="98.596860">
				<ele>1359.370047</ele>
				<time>2018-02-12T03:06:57Z</time>
			</trkpt>
			<trkpt lat="19.270318" lon="98.596605">
				<ele>1357.717390</ele>
				<time>2018-02-12T03:06:59Z</time>
			</trkpt>
			<trkpt lat="19.270175" lon="98.596264">
				<ele>1358.802713</ele>
				<time>2018-02-12T03:07:01Z</time>
			</trkpt>
			<trkpt lat="19.270089" lon="98.596091">
				<ele>1358.853827</ele>
				<time>2018-02-12T03:07:02Z</time>
			</trkpt>
			<trkpt lat="19.269918" lon="98.595803">
				<ele>1359.625297</ele>
				<time>2018-02-12T03:07:04Z</time>
			</trkpt>
			<trkpt lat="19.269827" lon="98.595631">
				<ele>1355.123324</ele>
				<time>2018-02-12T03:07:05Z</time>
			</trkpt>
			<trkpt lat="19.269734" lon="98.595450">
				<ele>1360.718647</ele>
				<time>2018-02-12T03:07:06Z</time>
			</trkpt>
			<trkpt lat="19.269567" lon="98.595141">
				<ele>1359.989318</ele>
				<time>2018-02-12T03:07:08Z</time>
			</trkpt>
			<trkpt lat="19.269459" lon="98.594978">
				<ele>1360.121167</ele>
				<time>2018-02-12T03:07:09Z</time>
			</trkpt>
			<trkpt lat="19.269358" lon="98.594811">
				<ele>1362.305495</ele>
				<time>2018-02-12T03:07:10Z</time>
			</trkpt>
			<trkpt lat="19.269271" lon="98.594617">
				<ele>1363.115085</ele>
				<time>2018-02-12T03:07:11Z</time>
			</trkpt>
			<trkpt lat="19.269125" lon="98.594299">
				<ele>1363.098733</ele>
				<time>2018-02-12T03:07:13Z</time>
			</trkpt>
			<trkpt lat="19.268972" lon="98.594009">
				<ele>1364.454034</ele>
				<time>2018-02-12T03:07:15Z</time>
			</trkpt>
			<trkpt lat="19.268766" lon="98.593852">
				<ele>1370.119362</ele>
				<time>2018-02-12T03:07:17Z</time>
			</trkpt>
			<trkpt lat="19.268547" lon="98.593773">
				<ele>1370.926756</ele>
				<time>2018-02-12T03:07:19Z</time>
			</trkpt>
			<trkpt lat="19.268382" lon="98.593689">
				<ele>1374.990521</ele>
				<time>2018-02-12T03:07:21Z</time>
			</trkpt>
			<trkpt lat="19.268246" lon="98.593545">
				<ele>1376.837580</ele>
				<time>2018-02-12T03:07:24Z</time>
			</trkpt>
			<trkpt lat="19.268058" lon="98.593536">
				<ele>1375.814334</ele>
				<time>2018-02-12T03:07:42Z</time>
			</trkpt>
			<trkpt lat="19.267851" lon="98.593589">
				<ele>1375.389185</ele>
				<time>2018-02-12T03:07:47Z</time>
			</trkpt>
			<trkpt lat="19.267644" lon="98.593742">
				<ele>1372.159272</ele>
				<time>2018-02-12T03:07:51Z</time>
			</trkpt>
			<trkpt lat="19.267453" lon="98.593842">
				<ele>1373.811357</ele>
				<time>2018-02-12T03:07:55Z</time>
			</trkpt>
			<trkpt lat="19.267268" lon="98.593957">
				<ele>1372.909748</ele>
				<time>2018-02-12T03:08:00Z</time>
			</trkpt>
			<trkpt lat="19.267442" lon="98.593873">
				<ele>1398.479580</ele>
				<time>2018-02-12T03:08:34Z</time>
			</trkpt>
			<trkpt lat="19.267631" lon="98.593708">
				<ele>1399.295010</ele>
				<time>2018-02-12T03:08:38Z</time>
			</trkpt>
			<trkpt lat="19.267829" lon="98.593582">
				<ele>1399.445522</ele>
				<time>2018-02-12T03:08:42Z</time>
			</trkpt>
			<trkpt lat="19.268009" lon="98.593558">
				<ele>1402.560635</ele>
				<time>2018-02-12T03:08:47Z</time>
			</trkpt>
			<trkpt lat="19.268176" lon="98.593464">
				<ele>1405.290981</ele>
				<time>2018-02-12T03:08:53Z</time>
			</trkpt>
			<trkpt lat="19.268021" lon="98.593362">
				<ele>1403.659878</ele>
				<time>2018-02-12T03:08:59Z</time>
			</trkpt>
			<trkpt lat="19.267841" lon="98.593333">
				<ele>1406.553310</ele>
				<time>2018-02-12T03:09:03Z</time>
			</trkpt>
			<trkpt lat="19.267733" lon="98.593177">
				<ele>1407.590664</ele>
				<time>2018-02-12T03:09:08Z</time>
			</trkpt>
			<trkpt lat="19.267633" lon="98.592966">
				<ele>1407.998257</ele>
				<time>2018-02-12T03:09:12Z</time>
			</trkpt>
			<trkpt lat="19.267493" lon="98.592813">
				<ele>1408.586636</ele>
				<time>2018-02-12T03:09:16Z</time>
			</trkpt>
			<trkpt lat="19.267383" lon="98.592623">
				<ele>1412.951015</ele>
				<time>2018-02-12T03:09:20Z</time>
			</trkpt>
			<trkpt lat="19.267392" lon="98.592428">
				<ele>1412.822475</ele>
				<time>2018-02-12T03:09:24Z</time>
			</trkpt>
			<trkpt lat="19.267505" lon="98.592277">
				<ele>1417.661957</ele>
				<time>2018-02-12T03:09:29Z</time>
			</trkpt>
			<trkpt lat="19.267626" lon="98.592431">
				<ele>1417.534882</ele>
				<time>2018-02-12T03:09:38Z</time>
			</trkpt>
			<trkpt lat="19.267444" lon="98.592393">
				<ele>1393.055492</ele>
				<time>2018-02-12T03:10:19Z</time>
			</trkpt>
			<trkpt lat="19.267404" lon="98.592593">
				<ele>1390.573369</ele>
				<time>2018-02-12T03:10:27Z</time>
			</trkpt>
			<trkpt lat="19.267499" lon="98.592771">
				<ele>1387.547256</ele>
				<time>2018-02-12T03:10:33Z</time>
			</trkpt>
			<trkpt lat="19.267626" lon="98.592936">
				<ele>1386.193205</ele>
				<time>2018-02-12T03:10:40Z</time>
			</trkpt>
			<trkpt lat="19.267697" lon="98.593142">
				<ele>1383.439508</ele>
				<time>2018-02-12T03:10:45Z</time>
			</trkpt>
			<trkpt lat="19.267819" lon="98.593290">
				<ele>1382.321394</ele>
				<time>2018-02-12T03:10:52Z</time>
			</trkpt>
			<trkpt lat="19.268022" lon="98.593318">
				<ele>1377.841008</ele>
				<time>2018-02-12T03:10:59Z</time>
			</trkpt>
			<trkpt lat="19.268146" lon="98.593156">
				<ele>1378.482048</ele>
				<time>2018-02-12T03:11:05Z</time>
			</trkpt>
			<trkpt lat="19.268208" lon="98.592971">
				<ele>1378.556106</ele>
				<time>2018-02-12T03:11:08Z</time>
			</trkpt>
			<trkpt lat="19.268242" lon="98.592774">
				<ele>1380.052688</ele>
				<time>2018-02-12T03:11:10Z</time>
			</trkpt>
			<trkpt lat="19.268245" lon="98.592494">
				<ele>1394.690721</ele>
				<time>2018-02-12T03:11:13Z</time>
			</trkpt>
			<trkpt lat="19.268151" lon="98.592223">
				<ele>1393.998851</ele>
				<time>2018-02-12T03:11:16Z</time>
			</trkpt>
			<trkpt lat="19.268058" lon="98.592044">
				<ele>1391.624365</ele>
				<time>2018-02-12T03:11:18Z</time>
			</trkpt>
			<trkpt lat="19.267943" lon="98.591865">
				<ele>1391.475563</ele>
				<time>2018-02-12T03:11:20Z</time>
			</trkpt>
			<trkpt lat="19.267835" lon="98.591624">
				<ele>1391.500122</ele>
				<time>2018-02-12T03:11:23Z</time>
			</trkpt>
			<trkpt lat="19.267791" lon="98.591400">
				<ele>1391.719584</ele>
				<time>2018-02-12T03:11:26Z</time>
			</trkpt>
			<trkpt lat="19.267779" lon="98.591178">
				<ele>1390.745544</ele>
				<time>2018-02-12T03:11:29Z</time>
			</trkpt>
			<trkpt lat="19.267753" lon="98.590928">
				<ele>1390.414544</ele>
				<time>2018-02-12T03:11:32Z</time>
			</trkpt>
			<trkpt lat="19.267679" lon="98.590681">
				<ele>1386.436550</ele>
				<time>2018-02-12T03:11:35Z</time>
			</trkpt>
			<trkpt lat="19.267523" lon="98.590529">
				<ele>1385.149880</ele>
				<time>2018-02-12T03:11:37Z</time>
			</trkpt>
			<trkpt lat="19.267337" lon="98.590372">
				<ele>1379.841688</ele>
				<time>2018-02-12T03:11:39Z</time>
			</trkpt>
			<trkpt lat="19.267152" lon="98.590205">
				<ele>1380.986224</ele>
				<time>2018-02-12T03:11:41Z</time>
			</trkpt>
			<trkpt lat="19.267027" lon="98.589993">
				<ele>1378.120590</ele>
				<time>2018-02-12T03:11:43Z</time>
			</trkpt>
			<trkpt lat="19.266934" lon="98.589760">
				<ele>1376.292938</ele>
				<time>2018-02-12T03:11:45Z</time>
			</trkpt>
			<trkpt lat="19.266866" lon="98.589518">
				<ele>1376.109959</ele>
				<time>2018-02-12T03:11:47Z</time>
			</trkpt>
			<trkpt lat="19.266890" lon="98.589270">
				<ele>1374.646074</ele>
				<time>2018-02-12T03:11:49Z</time>
			</trkpt>
			<trkpt lat="19.266901" lon="98.589010">
				<ele>1371.979502</ele>
				<time>2018-02-12T03:11:51Z</time>
			</trkpt>
			<trkpt lat="19.266891" lon="98.588755">
				<ele>1370.835517</ele>
				<time>2018-02-12T03:11:53Z</time>
			</trkpt>
			<trkpt lat="19.266912" lon="98.588465">
				<ele>1369.050785</ele>
				<time>2018-02-12T03:11:55Z</time>
			</trkpt>
			<trkpt lat="19.266999" lon="98.588200">
				<ele>1365.429117</ele>
				<time>2018-02-12T03:11:57Z</time>
			</trkpt>
			<trkpt lat="19.267165" lon="98.587943">
				<ele>1364.204761</ele>
				<time>2018-02-12T03:11:59Z</time>
			</trkpt>
			<trkpt lat="19.267378" lon="98.587686">
				<ele>1362.623660</ele>
				<time>2018-02-12T03:12:01Z</time>
			</trkpt>
			<trkpt lat="19.267537" lon="98.587419">
				<ele>1359.615671</ele>
				<time>2018-02-12T03:12:03Z</time>
			</trkpt>
			<trkpt lat="19.267585" lon="98.587133">
				<ele>1359.991375</ele>
				<time>2018-02-12T03:12:05Z</time>
			</trkpt>
			<trkpt lat="19.267602" lon="98.586794">
				<ele>1358.964081</ele>
				<time>2018-02-12T03:12:07Z</time>
			</trkpt>
			<trkpt lat="19.267573" lon="98.586507">
				<ele>1361.490986</ele>
				<time>2018-02-12T03:12:09Z</time>
			</trkpt>
			<trkpt lat="19.267497" lon="98.586198">
				<ele>1361.954254</ele>
				<time>2018-02-12T03:12:11Z</time>
			</trkpt>
			<trkpt lat="19.267410" lon="98.585870">
				<ele>1363.751809</ele>
				<time>2018-02-12T03:12:13Z</time>
			</trkpt>
			<trkpt lat="19.267343" lon="98.585581">
				<ele>1363.867371</ele>
				<time>2018-02-12T03:12:15Z</time>
			</trkpt>
			<trkpt lat="19.267318" lon="98.585312">
				<ele>1363.289290</ele>
				<time>2018-02-12T03:12:17Z</time>
			</trkpt>
			<trkpt lat="19.267435" lon="98.585112">
				<ele>1363.557833</ele>
				<time>2018-02-12T03:12:19Z</time>
			</trkpt>
			<trkpt lat="19.267502" lon="98.584915">
				<ele>1361.523652</ele>
				<time>2018-02-12T03:12:21Z</time>
			</trkpt>
			<trkpt lat="19.267402" lon="98.584755">
				<ele>1360.393841</ele>
				<time>2018-02-12T03:12:23Z</time>
			</trkpt>
			<trkpt lat="19.267234" lon="98.584598">
				<ele>1365.859563</ele>
				<time>2018-02-12T03:12:25Z</time>
			</trkpt>
			<trkpt lat="19.267050" lon="98.584439">
				<ele>1363.466722</ele>
				<time>2018-02-12T03:12:27Z</time>
			</trkpt>
			<trkpt lat="19.266830" lon="98.584336">
				<ele>1363.815101</ele>
				<time>2018-02-12T03:12:29Z</time>
			</trkpt>
			<trkpt lat="19.266612" lon="98.584240">
				<ele>1362.803042</ele>
				<time>2018-02-12T03:12:31Z</time>
			</trkpt>
			<trkpt lat="19.266420" lon="98.584100">
				<ele>1363.455689</ele>
				<time>2018-02-12T03:12:33Z</time>
			</trkpt>
			<trkpt lat="19.266340" lon="98.583848">
				<ele>1361.109360</ele>
				<time>2018-02-12T03:12:35Z</time>
			</trkpt>
			<trkpt lat="19.266322" lon="98.583591">
				<ele>1359.304152</ele>
				<time>2018-02-12T03:12:37Z</time>
			</trkpt>
			<trkpt lat="19.266352" lon="98.583338">
				<ele>1359.335864</ele>
				<time>2018-02-12T03:12:39Z</time>
			</trkpt>
			<trkpt lat="19.266433" lon="98.583113">
				<ele>1357.607339</ele>
				<time>2018-02-12T03:12:41Z</time>
			</trkpt>
			<trkpt lat="19.266470" lon="98.582891">
				<ele>1356.275623</ele>
				<time>2018-02-12T03:12:43Z</time>
			</trkpt>
			<trkpt lat="19.266471" lon="98.582674">
				<ele>1355.205753</ele>
				<time>2018-02-12T03:12:45Z</time>
			</trkpt>
			<trkpt lat="19.266520" lon="98.582478">
				<ele>1352.212535</ele>
				<time>2018-02-12T03:12:47Z</time>
			</trkpt>
			<trkpt lat="19.266722" lon="98.582477">
				<ele>1351.842385</ele>
				<time>2018-02-12T03:12:49Z</time>
			</trkpt>
			<trkpt lat="19.266952" lon="98.582546">
				<ele>1354.939971</ele>
				<time>2018-02-12T03:12:51Z</time>
			</trkpt>
			<trkpt lat="19.267144" lon="98.582508">
				<ele>1351.599335</ele>
				<time>2018-02-12T03:12:53Z</time>
			</trkpt>
			<trkpt lat="19.267312" lon="98.582368">
				<ele>1350.467053</ele>
				<time>2018-02-12T03:12:55Z</time>
			</trkpt>
			<trkpt lat="19.267510" lon="98.582156">
				<ele>1349.310493</ele>
				<time>2018-02-12T03:12:57Z</time>
			</trkpt>
			<trkpt lat="19.267697" lon="98.581926">
				<ele>1346.480492</ele>
				<time>2018-02-12T03:12:59Z</time>
			</trkpt>
			<trkpt lat="19.267897" lon="98.581618">
				<ele>1341.581113</ele>
				<time>2018-02-12T03:13:01Z</time>
			</trkpt>
			<trkpt lat="19.268070" lon="98.581368">
				<ele>1339.467211</ele>
				<time>2018-02-12T03:13:03Z</time>
			</trkpt>
			<trkpt lat="19.268223" lon="98.581148">
				<ele>1335.991606</ele>
				<time>2018-02-12T03:13:05Z</time>
			</trkpt>
			<trkpt lat="19.268360" lon="98.580951">
				<ele>1335.150786</ele>
				<time>2018-02-12T03:13:07Z</time>
			</trkpt>
			<trkpt lat="19.268534" lon="98.580839">
				<ele>1331.530144</ele>
				<time>2018-02-12T03:13:09Z</time>
			</trkpt>
			<trkpt lat="19.268812" lon="98.580870">
				<ele>1330.813536</ele>
				<time>2018-02-12T03:13:11Z</time>
			</trkpt>
			<trkpt lat="19.269048" lon="98.580862">
				<ele>1329.130353</ele>
				<time>2018-02-12T03:13:13Z</time>
			</trkpt>
			<trkpt lat="19.269307" lon="98.580733">
				<ele>1328.837160</ele>
				<time>2018-02-12T03:13:15Z</time>
			</trkpt>
			<trkpt lat="19.269503" lon="98.580575">
				<ele>1328.470358</ele>
				<time>2018-02-12T03:13:17Z</time>
			</trkpt>
			<trkpt lat="19.269589" lon="98.580258">
				<ele>1328.801561</ele>
				<time>2018-02-12T03:13:19Z</time>
			</trkpt>
			<trkpt lat="19.269703" lon="98.579965">
				<ele>1330.365791</ele>
				<time>2018-02-12T03:13:21Z</time>
			</trkpt>
			<trkpt lat="19.269804" lon="98.579720">
				<ele>1329.736227</ele>
				<time>2018-02-12T03:13:23Z</time>
			</trkpt>
			<trkpt lat="19.269870" lon="98.579446">
				<ele>1331.038011</ele>
				<time>2018-02-12T03:13:25Z</time>
			</trkpt>
			<trkpt lat="19.269841" lon="98.579157">
				<ele>1332.455197</ele>
				<time>2018-02-12T03:13:27Z</time>
			</trkpt>
			<trkpt lat="19.269835" lon="98.578852">
				<ele>1332.526803</ele>
				<time>2018-02-12T03:13:29Z</time>
			</trkpt>
			<trkpt lat="19.269890" lon="98.578654">
				<ele>1334.395637</ele>
				<time>2018-02-12T03:13:30Z</time>
			</trkpt>
			<trkpt lat="19.270051" lon="98.578381">
				<ele>1335.534842</ele>
				<time>2018-02-12T03:13:32Z</time>
			</trkpt>
			<trkpt lat="19.270239" lon="98.578158">
				<ele>1336.199256</ele>
				<time>2018-02-12T03:13:34Z</time>
			</trkpt>
			<trkpt lat="19.270470" lon="98.578041">
				<ele>1339.999994</ele>
				<time>2018-02-12T03:13:36Z</time>
			</trkpt>
			<trkpt lat="19.270748" lon="98.577951">
				<ele>1341.036457</ele>
				<time>2018-02-12T03:13:38Z</time>
			</trkpt>
			<trkpt lat="19.270998" lon="98.577957">
				<ele>1342.910627</ele>
				<time>2018-02-12T03:13:40Z</time>
			</trkpt>
			<trkpt lat="19.271264" lon="98.578081">
				<ele>1343.459270</ele>
				<time>2018-02-12T03:13:42Z</time>
			</trkpt>
			<trkpt lat="19.271394" lon="98.578224">
				<ele>1342.025828</ele>
				<time>2018-02-12T03:13:43Z</time>
			</trkpt>
			<trkpt lat="19.271512" lon="98.578466">
				<ele>1339.791916</ele>
				<time>2018-02-12T03:13:45Z</time>
			</trkpt>
			<trkpt lat="19.271632" lon="98.578622">
				<ele>1339.282822</ele>
				<time>2018-02-12T03:13:47Z</time>
			</trkpt>
			<trkpt lat="19.271815" lon="98.578606">
				<ele>1338.197324</ele>
				<time>2018-02-12T03:13:49Z</time>
			</trkpt>
			<trkpt lat="19.271861" lon="98.578316">
				<ele>1337.672419</ele>
				<time>2018-02-12T03:13:52Z</time>
			</trkpt>
			<trkpt lat="19.271728" lon="98.578040">
				<ele>1336.884170</ele>
				<time>2018-02-12T03:13:54Z</time>
			</trkpt>
			<trkpt lat="19.271697" lon="98.577824">
				<ele>1336.621928</ele>
				<time>2018-02-12T03:13:56Z</time>
			</trkpt>
			<trkpt lat="19.271724" lon="98.577603">
				<ele>1335.995199</ele>
				<time>2018-02-12T03:13:58Z</time>
			</trkpt>
			<trkpt lat="19.271900" lon="98.577404">
				<ele>1334.522996</ele>
				<time>2018-02-12T03:14:01Z</time>
			</trkpt>
			<trkpt lat="19.272169" lon="98.577526">
				<ele>1330.951986</ele>
				<time>2018-02-12T03:14:05Z</time>
			</trkpt>
			<trkpt lat="19.272411" lon="98.577711">
				<ele>1325.753499</ele>
				<time>2018-02-12T03:14:07Z</time>
			</trkpt>
			<trkpt lat="19.272567" lon="98.577853">
				<ele>1324.146274</ele>
				<time>2018-02-12T03:14:09Z</time>
			</trkpt>
			<trkpt lat="19.272781" lon="98.577866">
				<ele>1321.786228</ele>
				<time>2018-02-12T03:14:11Z</time>
			</trkpt>
			<trkpt lat="19.272964" lon="98.577723">
				<ele>1319.708407</ele>
				<time>2018-02-12T03:14:13Z</time>
			</trkpt>
			<trkpt lat="19.272970" lon="98.577465">
				<ele>1318.308396</ele>
				<time>2018-02-12T03:14:15Z</time>
			</trkpt>
			<trkpt lat="19.272894" lon="98.577269">
				<ele>1318.297497</ele>
				<time>2018-02-12T03:14:17Z</time>
			</trkpt>
			<trkpt lat="19.272780" lon="98.577022">
				<ele>1314.781374</ele>
				<time>2018-02-12T03:14:19Z</time>
			</trkpt>
			<trkpt lat="19.272640" lon="98.576807">
				<ele>1313.403974</ele>
				<time>2018-02-12T03:14:21Z</time>
			</trkpt>
			<trkpt lat="19.272663" lon="98.576546">
				<ele>1311.901049</ele>
				<time>2018-02-12T03:14:23Z</time>
			</trkpt>
			<trkpt lat="19.272766" lon="98.576277">
				<ele>1306.790364</ele>
				<time>2018-02-12T03:14:25Z</time>
			</trkpt>
			<trkpt lat="19.272926" lon="98.576036">
				<ele>1302.974900</ele>
				<time>2018-02-12T03:14:28Z</time>
			</trkpt>
			<trkpt lat="19.272936" lon="98.575802">
				<ele>1299.523839</ele>
				<time>2018-02-12T03:14:30Z</time>
			</trkpt>
			<trkpt lat="19.272899" lon="98.575587">
				<ele>1298.059612</ele>
				<time>2018-02-12T03:14:32Z</time>
			</trkpt>
			<trkpt lat="19.272786" lon="98.575359">
				<ele>1294.640848</ele>
				<time>2018-02-12T03:14:34Z</time>
			</trkpt>
			<trkpt lat="19.272760" lon="98.575117">
				<ele>1291.125418</ele>
				<time>2018-02-12T03:14:36Z</time>
			</trkpt>
			<trkpt lat="19.272745" lon="98.574865">
				<ele>1288.228024</ele>
				<time>2018-02-12T03:14:38Z</time>
			</trkpt>
			<trkpt lat="19.272583" lon="98.574638">
				<ele>1283.817021</ele>
				<time>2018-02-12T03:14:40Z</time>
			</trkpt>
			<trkpt lat="19.272379" lon="98.574427">
				<ele>1279.709924</ele>
				<time>2018-02-12T03:14:42Z</time>
			</trkpt>
			<trkpt lat="19.272215" lon="98.574198">
				<ele>1278.026476</ele>
				<time>2018-02-12T03:14:44Z</time>
			</trkpt>
			<trkpt lat="19.272101" lon="98.573917">
				<ele>1275.147508</ele>
				<time>2018-02-12T03:14:46Z</time>
			</trkpt>
			<trkpt lat="19.272015" lon="98.573614">
				<ele>1275.798552</ele>
				<time>2018-02-12T03:14:48Z</time>
			</trkpt>
			<trkpt lat="19.271950" lon="98.573314">
				<ele>1272.575046</ele>
				<time>2018-02-12T03:14:50Z</time>
			</trkpt>
			<trkpt lat="19.271893" lon="98.573060">
				<ele>1269.765454</ele>
				<time>2018-02-12T03:14:52Z</time>
			</trkpt>
			<trkpt lat="19.271772" lon="98.572871">
				<ele>1268.865227</ele>
				<time>2018-02-12T03:14:54Z</time>
			</trkpt>
			<trkpt lat="19.271665" lon="98.572688">
				<ele>1268.022739</ele>
				<time>2018-02-12T03:14:56Z</time>
			</trkpt>
			<trkpt lat="19.271596" lon="98.572506">
				<ele>1265.460818</ele>
				<time>2018-02-12T03:14:58Z</time>
			</trkpt>
			<trkpt lat="19.271585" lon="98.572312">
				<ele>1263.762211</ele>
				<time>2018-02-12T03:15:00Z</time>
			</trkpt>
			<trkpt lat="19.271810" lon="98.572222">
				<ele>1262.144652</ele>
				<time>2018-02-12T03:15:02Z</time>
			</trkpt>
			<trkpt lat="19.272011" lon="98.572153">
				<ele>1259.569921</ele>
				<time>2018-02-12T03:15:04Z</time>
			</trkpt>
			<trkpt lat="19.272225" lon="98.572007">
				<ele>1257.273912</ele>
				<time>2018-02-12T03:15:06Z</time>
			</trkpt>
			<trkpt lat="19.272431" lon="98.571827">
				<ele>1254.551282</ele>
				<time>2018-02-12T03:15:08Z</time>
			</trkpt>
			<trkpt lat="19.272619" lon="98.571628">
				<ele>1252.584551</ele>
				<time>2018-02-12T03:15:10Z</time>
			</trkpt>
			<trkpt lat="19.272765" lon="98.571423">
				<ele>1250.108043</ele>
				<time>2018-02-12T03:15:12Z</time>
			</trkpt>
			<trkpt lat="19.272901" lon="98.571212">
				<ele>1247.251529</ele>
				<time>2018-02-12T03:15:14Z</time>
			</trkpt>
			<trkpt lat="19.272931" lon="98.570990">
				<ele>1241.661450</ele>
				<time>2018-02-12T03:15:16Z</time>
			</trkpt>
			<trkpt lat="19.272940" lon="98.570680">
				<ele>1240.849730</ele>
				<time>2018-02-12T03:15:18Z</time>
			</trkpt>
			<trkpt lat="19.272904" lon="98.570411">
				<ele>1235.951708</ele>
				<time>2018-02-12T03:15:20Z</time>
			</trkpt>
			<trkpt lat="19.272826" lon="98.570136">
				<ele>1232.338843</ele>
				<time>2018-02-12T03:15:22Z</time>
			</trkpt>
			<trkpt lat="19.272745" lon="98.569848">
				<ele>1230.139382</ele>
				<time>2018-02-12T03:15:24Z</time>
			</trkpt>
			<trkpt lat="19.272582" lon="98.569593">
				<ele>1227.030459</ele>
				<time>2018-02-12T03:15:26Z</time>
			</trkpt>
			<trkpt lat="19.272493" lon="98.569260">
				<ele>1225.054941</ele>
				<time>2018-02-12T03:15:28Z</time>
			</trkpt>
			<trkpt lat="19.272418" lon="98.569026">
				<ele>1224.484417</ele>
				<time>2018-02-12T03:15:30Z</time>
			</trkpt>
			<trkpt lat="19.272255" lon="98.568815">
				<ele>1222.563824</ele>
				<time>2018-02-12T03:15:32Z</time>
			</trkpt>
			<trkpt lat="19.272042" lon="98.568631">
				<ele>1222.129080</ele>
				<time>2018-02-12T03:15:34Z</time>
			</trkpt>
			<trkpt lat="19.271861" lon="98.568404">
				<ele>1224.695160</ele>
				<time>2018-02-12T03:15:36Z</time>
			</trkpt>
			<trkpt lat="19.271709" lon="98.568184">
				<ele>1223.459239</ele>
				<time>2018-02-12T03:15:38Z</time>
			</trkpt>
			<trkpt lat="19.271582" lon="98.567948">
				<ele>1223.074773</ele>
				<time>2018-02-12T03:15:40Z</time>
			</trkpt>
			<trkpt lat="19.271466" lon="98.567762">
				<ele>1221.726811</ele>
				<time>2018-02-12T03:15:42Z</time>
			</trkpt>
			<trkpt lat="19.271379" lon="98.567570">
				<ele>1224.222019</ele>
				<time>2018-02-12T03:15:44Z</time>
			</trkpt>
			<trkpt lat="19.271281" lon="98.567357">
				<ele>1220.390476</ele>
				<time>2018-02-12T03:15:46Z</time>
			</trkpt>
			<trkpt lat="19.271181" lon="98.567088">
				<ele>1221.530345</ele>
				<time>2018-02-12T03:15:48Z</time>
			</trkpt>
			<trkpt lat="19.271084" lon="98.566831">
				<ele>1223.059053</ele>
				<time>2018-02-12T03:15:50Z</time>
			</trkpt>
			<trkpt lat="19.271008" lon="98.566537">
				<ele>1222.296511</ele>
				<time>2018-02-12T03:15:52Z</time>
			</trkpt>
			<trkpt lat="19.270943" lon="98.566276">
				<ele>1219.459250</ele>
				<time>2018-02-12T03:15:54Z</time>
			</trkpt>
			<trkpt lat="19.270907" lon="98.565978">
				<ele>1218.308960</ele>
				<time>2018-02-12T03:15:56Z</time>
			</trkpt>
			<trkpt lat="19.270877" lon="98.565687">
				<ele>1214.263831</ele>
				<time>2018-02-12T03:15:58Z</time>
			</trkpt>
			<trkpt lat="19.270864" lon="98.565430">
				<ele>1212.607590</ele>
				<time>2018-02-12T03:16:00Z</time>
			</trkpt>
			<trkpt lat="19.270888" lon="98.565203">
				<ele>1209.130606</ele>
				<time>2018-02-12T03:16:02Z</time>
			</trkpt>
			<trkpt lat="19.271024" lon="98.564963">
				<ele>1207.816589</ele>
				<time>2018-02-12T03:16:04Z</time>
			</trkpt>
			<trkpt lat="19.271217" lon="98.564699">
				<ele>1204.932380</ele>
				<time>2018-02-12T03:16:06Z</time>
			</trkpt>
			<trkpt lat="19.271451" lon="98.564432">
				<ele>1204.490676</ele>
				<time>2018-02-12T03:16:08Z</time>
			</trkpt>
			<trkpt lat="19.271659" lon="98.564149">
				<ele>1204.737210</ele>
				<time>2018-02-12T03:16:10Z</time>
			</trkpt>
			<trkpt lat="19.271891" lon="98.563936">
				<ele>1203.313085</ele>
				<time>2018-02-12T03:16:12Z</time>
			</trkpt>
			<trkpt lat="19.271999" lon="98.563638">
				<ele>1204.614190</ele>
				<time>2018-02-12T03:16:14Z</time>
			</trkpt>
			<trkpt lat="19.272051" lon="98.563288">
				<ele>1203.731912</ele>
				<time>2018-02-12T03:16:16Z</time>
			</trkpt>
			<trkpt lat="19.272076" lon="98.563054">
				<ele>1203.638403</ele>
				<time>2018-02-12T03:16:18Z</time>
			</trkpt>
			<trkpt lat="19.272016" lon="98.562776">
				<ele>1203.442014</ele>
				<time>2018-02-12T03:16:20Z</time>
			</trkpt>
			<trkpt lat="19.271928" lon="98.562492">
				<ele>1204.589261</ele>
				<time>2018-02-12T03:16:22Z</time>
			</trkpt>
			<trkpt lat="19.271816" lon="98.562206">
				<ele>1202.581505</ele>
				<time>2018-02-12T03:16:24Z</time>
			</trkpt>
			<trkpt lat="19.271693" lon="98.561896">
				<ele>1203.067438</ele>
				<time>2018-02-12T03:16:26Z</time>
			</trkpt>
			<trkpt lat="19.271545" lon="98.561605">
				<ele>1205.822968</ele>
				<time>2018-02-12T03:16:28Z</time>
			</trkpt>
			<trkpt lat="19.271365" lon="98.561330">
				<ele>1206.134979</ele>
				<time>2018-02-12T03:16:30Z</time>
			</trkpt>
			<trkpt lat="19.271178" lon="98.561063">
				<ele>1205.167328</ele>
				<time>2018-02-12T03:16:32Z</time>
			</trkpt>
			<trkpt lat="19.271007" lon="98.560838">
				<ele>1205.194794</ele>
				<time>2018-02-12T03:16:34Z</time>
			</trkpt>
			<trkpt lat="19.270840" lon="98.560654">
				<ele>1207.442596</ele>
				<time>2018-02-12T03:16:36Z</time>
			</trkpt>
			<trkpt lat="19.270653" lon="98.560503">
				<ele>1207.074554</ele>
				<time>2018-02-12T03:16:38Z</time>
			</trkpt>
			<trkpt lat="19.270444" lon="98.560402">
				<ele>1206.446136</ele>
				<time>2018-02-12T03:16:40Z</time>
			</trkpt>
			<trkpt lat="19.270219" lon="98.560262">
				<ele>1207.827240</ele>
				<time>2018-02-12T03:16:43Z</time>
			</trkpt>
			<trkpt lat="19.270109" lon="98.560065">
				<ele>1208.991913</ele>
				<time>2018-02-12T03:16:45Z</time>
			</trkpt>
			<trkpt lat="19.270173" lon="98.559780">
				<ele>1209.580658</ele>
				<time>2018-02-12T03:16:47Z</time>
			</trkpt>
			<trkpt lat="19.270268" lon="98.559546">
				<ele>1209.265350</ele>
				<time>2018-02-12T03:16:49Z</time>
			</trkpt>
			<trkpt lat="19.270451" lon="98.559505">
				<ele>1208.337860</ele>
				<time>2018-02-12T03:16:50Z</time>
			</trkpt>
			<trkpt lat="19.270621" lon="98.559422">
				<ele>1209.899750</ele>
				<time>2018-02-12T03:16:51Z</time>
			</trkpt>
			<trkpt lat="19.270798" lon="98.559360">
				<ele>1212.507660</ele>
				<time>2018-02-12T03:16:52Z</time>
			</trkpt>
			<trkpt lat="19.271078" lon="98.559254">
				<ele>1212.039886</ele>
				<time>2018-02-12T03:16:54Z</time>
			</trkpt>
			<trkpt lat="19.271317" lon="98.559092">
				<ele>1211.250214</ele>
				<time>2018-02-12T03:16:56Z</time>
			</trkpt>
			<trkpt lat="19.271513" lon="98.558883">
				<ele>1211.857635</ele>
				<time>2018-02-12T03:16:58Z</time>
			</trkpt>
			<trkpt lat="19.271628" lon="98.558534">
				<ele>1212.292450</ele>
				<time>2018-02-12T03:17:00Z</time>
			</trkpt>
			<trkpt lat="19.271669" lon="98.558206">
				<ele>1221.639539</ele>
				<time>2018-02-12T03:17:02Z</time>
			</trkpt>
			<trkpt lat="19.271755" lon="98.557984">
				<ele>1220.397905</ele>
				<time>2018-02-12T03:17:04Z</time>
			</trkpt>
			<trkpt lat="19.271837" lon="98.557721">
				<ele>1212.757294</ele>
				<time>2018-02-12T03:17:06Z</time>
			</trkpt>
			<trkpt lat="19.271965" lon="98.557508">
				<ele>1211.849335</ele>
				<time>2018-02-12T03:17:08Z</time>
			</trkpt>
			<trkpt lat="19.272116" lon="98.557334">
				<ele>1212.517914</ele>
				<time>2018-02-12T03:17:10Z</time>
			</trkpt>
			<trkpt lat="19.272187" lon="98.557126">
				<ele>1212.797943</ele>
				<time>2018-02-12T03:17:12Z</time>
			</trkpt>
			<trkpt lat="19.272194" lon="98.556827">
				<ele>1211.862274</ele>
				<time>2018-02-12T03:17:14Z</time>
			</trkpt>
			<trkpt lat="19.272246" lon="98.556495">
				<ele>1211.223602</ele>
				<time>2018-02-12T03:17:16Z</time>
			</trkpt>
			<trkpt lat="19.272277" lon="98.556147">
				<ele>1210.671844</ele>
				<time>2018-02-12T03:17:18Z</time>
			</trkpt>
			<trkpt lat="19.272254" lon="98.555818">
				<ele>1209.753021</ele>
				<time>2018-02-12T03:17:20Z</time>
			</trkpt>
			<trkpt lat="19.272194" lon="98.555526">
				<ele>1210.208466</ele>
				<time>2018-02-12T03:17:22Z</time>
			</trkpt>
			<trkpt lat="19.272207" lon="98.555233">
				<ele>1210.850800</ele>
				<time>2018-02-12T03:17:24Z</time>
			</trkpt>
			<trkpt lat="19.272331" lon="98.554937">
				<ele>1211.864029</ele>
				<time>2018-02-12T03:17:26Z</time>
			</trkpt>
			<trkpt lat="19.272423" lon="98.554634">
				<ele>1208.856214</ele>
				<time>2018-02-12T03:17:28Z</time>
			</trkpt>
			<trkpt lat="19.272459" lon="98.554377">
				<ele>1210.088321</ele>
				<time>2018-02-12T03:17:30Z</time>
			</trkpt>
			<trkpt lat="19.272551" lon="98.554154">
				<ele>1210.346571</ele>
				<time>2018-02-12T03:17:32Z</time>
			</trkpt>
			<trkpt lat="19.272737" lon="98.554045">
				<ele>1210.908551</ele>
				<time>2018-02-12T03:17:34Z</time>
			</trkpt>
			<trkpt lat="19.272917" lon="98.553877">
				<ele>1208.237704</ele>
				<time>2018-02-12T03:17:36Z</time>
			</trkpt>
			<trkpt lat="19.272996" lon="98.553669">
				<ele>1207.987272</ele>
				<time>2018-02-12T03:17:38Z</time>
			</trkpt>
			<trkpt lat="19.272942" lon="98.553368">
				<ele>1206.698517</ele>
				<time>2018-02-12T03:17:40Z</time>
			</trkpt>
			<trkpt lat="19.272920" lon="98.553032">
				<ele>1207.283051</ele>
				<time>2018-02-12T03:17:42Z</time>
			</trkpt>
			<trkpt lat="19.272852" lon="98.552707">
				<ele>1201.394100</ele>
				<time>2018-02-12T03:17:44Z</time>
			</trkpt>
			<trkpt lat="19.272814" lon="98.552403">
				<ele>1198.611501</ele>
				<time>2018-02-12T03:17:46Z</time>
			</trkpt>
			<trkpt lat="19.272844" lon="98.552148">
				<ele>1196.079810</ele>
				<time>2018-02-12T03:17:48Z</time>
			</trkpt>
			<trkpt lat="19.272944" lon="98.551864">
				<ele>1193.028527</ele>
				<time>2018-02-12T03:17:50Z</time>
			</trkpt>
			<trkpt lat="19.273030" lon="98.551666">
				<ele>1189.144809</ele>
				<time>2018-02-12T03:17:52Z</time>
			</trkpt>
			<trkpt lat="19.272997" lon="98.551404">
				<ele>1188.886166</ele>
				<time>2018-02-12T03:17:54Z</time>
			</trkpt>
			<trkpt lat="19.272919" lon="98.551208">
				<ele>1187.164778</ele>
				<time>2018-02-12T03:17:56Z</time>
			</trkpt>
			<trkpt lat="19.272876" lon="98.550985">
				<ele>1186.269213</ele>
				<time>2018-02-12T03:17:58Z</time>
			</trkpt>
			<trkpt lat="19.272938" lon="98.550766">
				<ele>1185.130320</ele>
				<time>2018-02-12T03:18:00Z</time>
			</trkpt>
			<trkpt lat="19.273074" lon="98.550560">
				<ele>1184.062037</ele>
				<time>2018-02-12T03:18:02Z</time>
			</trkpt>
			<trkpt lat="19.273144" lon="98.550340">
				<ele>1184.232348</ele>
				<time>2018-02-12T03:18:04Z</time>
			</trkpt>
			<trkpt lat="19.273059" lon="98.550099">
				<ele>1183.185343</ele>
				<time>2018-02-12T03:18:06Z</time>
			</trkpt>
			<trkpt lat="19.273014" lon="98.549804">
				<ele>1184.002853</ele>
				<time>2018-02-12T03:18:08Z</time>
			</trkpt>
			<trkpt lat="19.273015" lon="98.549513">
				<ele>1178.517815</ele>
				<time>2018-02-12T03:18:10Z</time>
			</trkpt>
			<trkpt lat="19.273007" lon="98.549225">
				<ele>1176.496382</ele>
				<time>2018-02-12T03:18:12Z</time>
			</trkpt>
			<trkpt lat="19.272945" lon="98.549025">
				<ele>1173.156020</ele>
				<time>2018-02-12T03:18:14Z</time>
			</trkpt>
			<trkpt lat="19.272796" lon="98.548847">
				<ele>1171.176825</ele>
				<time>2018-02-12T03:18:16Z</time>
			</trkpt>
			<trkpt lat="19.272627" lon="98.548698">
				<ele>1168.840861</ele>
				<time>2018-02-12T03:18:18Z</time>
			</trkpt>
			<trkpt lat="19.272527" lon="98.548523">
				<ele>1166.799775</ele>
				<time>2018-02-12T03:18:20Z</time>
			</trkpt>
			<trkpt lat="19.272554" lon="98.548309">
				<ele>1164.529960</ele>
				<time>2018-02-12T03:18:22Z</time>
			</trkpt>
			<trkpt lat="19.272650" lon="98.548059">
				<ele>1163.426955</ele>
				<time>2018-02-12T03:18:24Z</time>
			</trkpt>
			<trkpt lat="19.272669" lon="98.547788">
				<ele>1163.348855</ele>
				<time>2018-02-12T03:18:26Z</time>
			</trkpt>
			<trkpt lat="19.272613" lon="98.547499">
				<ele>1161.937461</ele>
				<time>2018-02-12T03:18:28Z</time>
			</trkpt>
			<trkpt lat="19.272528" lon="98.547289">
				<ele>1158.650044</ele>
				<time>2018-02-12T03:18:30Z</time>
			</trkpt>
			<trkpt lat="19.272380" lon="98.547112">
				<ele>1162.596505</ele>
				<time>2018-02-12T03:18:32Z</time>
			</trkpt>
			<trkpt lat="19.272191" lon="98.547013">
				<ele>1160.128421</ele>
				<time>2018-02-12T03:18:34Z</time>
			</trkpt>
			<trkpt lat="19.271989" lon="98.546906">
				<ele>1162.123521</ele>
				<time>2018-02-12T03:18:36Z</time>
			</trkpt>
			<trkpt lat="19.271835" lon="98.546704">
				<ele>1161.690327</ele>
				<time>2018-02-12T03:18:39Z</time>
			</trkpt>
			<trkpt lat="19.271893" lon="98.546446">
				<ele>1161.409536</ele>
				<time>2018-02-12T03:18:42Z</time>
			</trkpt>
			<trkpt lat="19.272016" lon="98.546187">
				<ele>1162.774907</ele>
				<time>2018-02-12T03:18:45Z</time>
			</trkpt>
			<trkpt lat="19.272014" lon="98.545962">
				<ele>1160.029420</ele>
				<time>2018-02-12T03:18:47Z</time>
			</trkpt>
			<trkpt lat="19.271793" lon="98.545737">
				<ele>1159.265759</ele>
				<time>2018-02-12T03:18:49Z</time>
			</trkpt>
			<trkpt lat="19.271596" lon="98.545508">
				<ele>1161.311116</ele>
				<time>2018-02-12T03:18:51Z</time>
			</trkpt>
			<trkpt lat="19.271411" lon="98.545299">
				<ele>1159.974419</ele>
				<time>2018-02-12T03:18:53Z</time>
			</trkpt>
			<trkpt lat="19.271214" lon="98.545168">
				<ele>1160.508777</ele>
				<time>2018-02-12T03:18:55Z</time>
			</trkpt>
			<trkpt lat="19.270986" lon="98.545130">
				<ele>1163.643292</ele>
				<time>2018-02-12T03:18:57Z</time>
			</trkpt>
			<trkpt lat="19.270779" lon="98.545102">
				<ele>1164.180698</ele>
				<time>2018-02-12T03:18:59Z</time>
			</trkpt>
			<trkpt lat="19.270698" lon="98.544924">
				<ele>1164.558174</ele>
				<time>2018-02-12T03:19:01Z</time>
			</trkpt>
			<trkpt lat="19.270733" lon="98.544630">
				<ele>1164.445720</ele>
				<time>2018-02-12T03:19:04Z</time>
			</trkpt>
			<trkpt lat="19.270847" lon="98.544381">
				<ele>1165.818032</ele>
				<time>2018-02-12T03:19:06Z</time>
			</trkpt>
			<trkpt lat="19.271001" lon="98.544142">
				<ele>1161.848665</ele>
				<time>2018-02-12T03:19:08Z</time>
			</trkpt>
			<trkpt lat="19.271241" lon="98.543982">
				<ele>1162.808985</ele>
				<time>2018-02-12T03:19:10Z</time>
			</trkpt>
			<trkpt lat="19.271422" lon="98.543965">
				<ele>1163.482477</ele>
				<time>2018-02-12T03:19:11Z</time>
			</trkpt>
			<trkpt lat="19.271718" lon="98.543980">
				<ele>1161.084925</ele>
				<time>2018-02-12T03:19:13Z</time>
			</trkpt>
			<trkpt lat="19.271929" lon="98.543967">
				<ele>1161.207615</ele>
				<time>2018-02-12T03:19:15Z</time>
			</trkpt>
			<trkpt lat="19.272129" lon="98.543894">
				<ele>1157.638033</ele>
				<time>2018-02-12T03:19:17Z</time>
			</trkpt>
			<trkpt lat="19.272257" lon="98.543752">
				<ele>1157.367086</ele>
				<time>2018-02-12T03:19:19Z</time>
			</trkpt>
			<trkpt lat="19.272247" lon="98.543559">
				<ele>1157.780622</ele>
				<time>2018-02-12T03:19:21Z</time>
			</trkpt>
			<trkpt lat="19.272184" lon="98.543259">
				<ele>1157.982809</ele>
				<time>2018-02-12T03:19:23Z</time>
			</trkpt>
			<trkpt lat="19.272242" lon="98.543013">
				<ele>1158.460720</ele>
				<time>2018-02-12T03:19:25Z</time>
			</trkpt>
			<trkpt lat="19.272271" lon="98.542787">
				<ele>1158.537024</ele>
				<time>2018-02-12T03:19:27Z</time>
			</trkpt>
			<trkpt lat="19.272233" lon="98.542589">
				<ele>1156.602465</ele>
				<time>2018-02-12T03:19:29Z</time>
			</trkpt>
			<trkpt lat="19.272158" lon="98.542351">
				<ele>1154.531026</ele>
				<time>2018-02-12T03:19:31Z</time>
			</trkpt>
			<trkpt lat="19.272101" lon="98.542120">
				<ele>1152.300388</ele>
				<time>2018-02-12T03:19:33Z</time>
			</trkpt>
			<trkpt lat="19.272015" lon="98.541888">
				<ele>1148.374296</ele>
				<time>2018-02-12T03:19:35Z</time>
			</trkpt>
			<trkpt lat="19.271859" lon="98.541675">
				<ele>1149.343001</ele>
				<time>2018-02-12T03:19:37Z</time>
			</trkpt>
			<trkpt lat="19.271715" lon="98.541542">
				<ele>1146.350008</ele>
				<time>2018-02-12T03:19:38Z</time>
			</trkpt>
			<trkpt lat="19.271577" lon="98.541325">
				<ele>1143.737585</ele>
				<time>2018-02-12T03:19:40Z</time>
			</trkpt>
			<trkpt lat="19.271362" lon="98.541095">
				<ele>1139.803456</ele>
				<time>2018-02-12T03:19:42Z</time>
			</trkpt>
			<trkpt lat="19.271161" lon="98.540950">
				<ele>1137.781272</ele>
				<time>2018-02-12T03:19:44Z</time>
			</trkpt>
			<trkpt lat="19.270951" lon="98.540859">
				<ele>1136.790158</ele>
				<time>2018-02-12T03:19:46Z</time>
			</trkpt>
			<trkpt lat="19.270739" lon="98.540816">
				<ele>1134.136638</ele>
				<time>2018-02-12T03:19:48Z</time>
			</trkpt>
			<trkpt lat="19.270551" lon="98.540837">
				<ele>1132.544497</ele>
				<time>2018-02-12T03:19:50Z</time>
			</trkpt>
			<trkpt lat="19.270352" lon="98.540880">
				<ele>1131.899195</ele>
				<time>2018-02-12T03:19:52Z</time>
			</trkpt>
			<trkpt lat="19.270193" lon="98.540791">
				<ele>1131.922459</ele>
				<time>2018-02-12T03:19:54Z</time>
			</trkpt>
			<trkpt lat="19.270151" lon="98.540589">
				<ele>1132.062412</ele>
				<time>2018-02-12T03:19:56Z</time>
			</trkpt>
			<trkpt lat="19.270191" lon="98.540318">
				<ele>1133.808985</ele>
				<time>2018-02-12T03:19:58Z</time>
			</trkpt>
			<trkpt lat="19.270236" lon="98.540069">
				<ele>1136.254789</ele>
				<time>2018-02-12T03:20:00Z</time>
			</trkpt>
			<trkpt lat="19.270207" lon="98.539793">
				<ele>1135.821565</ele>
				<time>2018-02-12T03:20:02Z</time>
			</trkpt>
			<trkpt lat="19.270047" lon="98.539540">
				<ele>1136.836742</ele>
				<time>2018-02-12T03:20:04Z</time>
			</trkpt>
			<trkpt lat="19.269863" lon="98.539279">
				<ele>1138.514171</ele>
				<time>2018-02-12T03:20:06Z</time>
			</trkpt>
			<trkpt lat="19.269744" lon="98.539014">
				<ele>1136.926533</ele>
				<time>2018-02-12T03:20:08Z</time>
			</trkpt>
			<trkpt lat="19.269691" lon="98.538756">
				<ele>1137.313784</ele>
				<time>2018-02-12T03:20:10Z</time>
			</trkpt>
			<trkpt lat="19.269739" lon="98.538506">
				<ele>1137.266688</ele>
				<time>2018-02-12T03:20:12Z</time>
			</trkpt>
			<trkpt lat="19.269776" lon="98.538228">
				<ele>1136.139700</ele>
				<time>2018-02-12T03:20:14Z</time>
			</trkpt>
			<trkpt lat="19.269818" lon="98.537953">
				<ele>1137.563635</ele>
				<time>2018-02-12T03:20:16Z</time>
			</trkpt>
			<trkpt lat="19.269845" lon="98.537644">
				<ele>1138.068413</ele>
				<time>2018-02-12T03:20:18Z</time>
			</trkpt>
			<trkpt lat="19.269882" lon="98.537411">
				<ele>1138.130915</ele>
				<time>2018-02-12T03:20:20Z</time>
			</trkpt>
			<trkpt lat="19.269973" lon="98.537215">
				<ele>1138.023577</ele>
				<time>2018-02-12T03:20:22Z</time>
			</trkpt>
			<trkpt lat="19.270140" lon="98.537010">
				<ele>1139.338839</ele>
				<time>2018-02-12T03:20:24Z</time>
			</trkpt>
			<trkpt lat="19.270342" lon="98.536822">
				<ele>1138.637063</ele>
				<time>2018-02-12T03:20:26Z</time>
			</trkpt>
			<trkpt lat="19.270515" lon="98.536645">
				<ele>1132.601116</ele>
				<time>2018-02-12T03:20:28Z</time>
			</trkpt>
			<trkpt lat="19.270564" lon="98.536442">
				<ele>1133.519451</ele>
				<time>2018-02-12T03:20:30Z</time>
			</trkpt>
			<trkpt lat="19.270480" lon="98.536240">
				<ele>1131.578754</ele>
				<time>2018-02-12T03:20:32Z</time>
			</trkpt>
			<trkpt lat="19.270412" lon="98.535983">
				<ele>1130.320717</ele>
				<time>2018-02-12T03:20:34Z</time>
			</trkpt>
			<trkpt lat="19.270410" lon="98.535696">
				<ele>1128.630674</ele>
				<time>2018-02-12T03:20:36Z</time>
			</trkpt>
			<trkpt lat="19.270466" lon="98.535424">
				<ele>1129.175215</ele>
				<time>2018-02-12T03:20:38Z</time>
			</trkpt>
			<trkpt lat="19.270592" lon="98.535168">
				<ele>1130.190668</ele>
				<time>2018-02-12T03:20:40Z</time>
			</trkpt>
			<trkpt lat="19.270647" lon="98.534973">
				<ele>1130.614652</ele>
				<time>2018-02-12T03:20:42Z</time>
			</trkpt>
			<trkpt lat="19.270553" lon="98.534797">
				<ele>1130.819478</ele>
				<time>2018-02-12T03:20:44Z</time>
			</trkpt>
			<trkpt lat="19.270385" lon="98.534621">
				<ele>1130.805455</ele>
				<time>2018-02-12T03:20:46Z</time>
			</trkpt>
			<trkpt lat="19.270198" lon="98.534476">
				<ele>1130.940367</ele>
				<time>2018-02-12T03:20:48Z</time>
			</trkpt>
			<trkpt lat="19.270104" lon="98.534255">
				<ele>1128.527078</ele>
				<time>2018-02-12T03:20:50Z</time>
			</trkpt>
			<trkpt lat="19.270077" lon="98.534005">
				<ele>1125.256780</ele>
				<time>2018-02-12T03:20:52Z</time>
			</trkpt>
			<trkpt lat="19.270178" lon="98.533705">
				<ele>1121.607896</ele>
				<time>2018-02-12T03:20:54Z</time>
			</trkpt>
			<trkpt lat="19.270199" lon="98.533411">
				<ele>1122.187275</ele>
				<time>2018-02-12T03:20:56Z</time>
			</trkpt>
			<trkpt lat="19.270192" lon="98.533144">
				<ele>1118.785123</ele>
				<time>2018-02-12T03:20:58Z</time>
			</trkpt>
			<trkpt lat="19.270148" lon="98.532873">
				<ele>1118.967154</ele>
				<time>2018-02-12T03:21:00Z</time>
			</trkpt>
			<trkpt lat="19.269972" lon="98.532612">
				<ele>1115.384296</ele>
				<time>2018-02-12T03:21:02Z</time>
			</trkpt>
			<trkpt lat="19.269782" lon="98.532447">
				<ele>1112.129511</ele>
				<time>2018-02-12T03:21:04Z</time>
			</trkpt>
			<trkpt lat="19.269544" lon="98.532354">
				<ele>1112.251398</ele>
				<time>2018-02-12T03:21:06Z</time>
			</trkpt>
			<trkpt lat="19.269325" lon="98.532307">
				<ele>1106.152923</ele>
				<time>2018-02-12T03:21:08Z</time>
			</trkpt>
			<trkpt lat="19.269135" lon="98.532171">
				<ele>1104.141160</ele>
				<time>2018-02-12T03:21:10Z</time>
			</trkpt>
			<trkpt lat="19.269000" lon="98.531954">
				<ele>1105.991064</ele>
				<time>2018-02-12T03:21:12Z</time>
			</trkpt>
			<trkpt lat="19.268846" lon="98.531705">
				<ele>1110.124639</ele>
				<time>2018-02-12T03:21:14Z</time>
			</trkpt>
			<trkpt lat="19.268718" lon="98.531385">
				<ele>1110.388993</ele>
				<time>2018-02-12T03:21:16Z</time>
			</trkpt>
			<trkpt lat="19.268587" lon="98.531088">
				<ele>1113.193820</ele>
				<time>2018-02-12T03:21:18Z</time>
			</trkpt>
			<trkpt lat="19.268422" lon="98.530826">
				<ele>1111.538456</ele>
				<time>2018-02-12T03:21:20Z</time>
			</trkpt>
			<trkpt lat="19.268351" lon="98.530562">
				<ele>1111.958237</ele>
				<time>2018-02-12T03:21:22Z</time>
			</trkpt>
			<trkpt lat="19.268299" lon="98.530312">
				<ele>1111.082693</ele>
				<time>2018-02-12T03:21:24Z</time>
			</trkpt>
			<trkpt lat="19.268286" lon="98.530096">
				<ele>1110.793387</ele>
				<time>2018-02-12T03:21:26Z</time>
			</trkpt>
			<trkpt lat="19.268218" lon="98.530301">
				<ele>1108.049896</ele>
				<time>2018-02-12T03:21:48Z</time>
			</trkpt>
			<trkpt lat="19.268096" lon="98.530464">
				<ele>1109.254665</ele>
				<time>2018-02-12T03:22:04Z</time>
			</trkpt>
			<trkpt lat="19.267942" lon="98.530617">
				<ele>1105.838153</ele>
				<time>2018-02-12T03:22:12Z</time>
			</trkpt>
			<trkpt lat="19.267786" lon="98.530764">
				<ele>1102.882753</ele>
				<time>2018-02-12T03:22:18Z</time>
			</trkpt>
			<trkpt lat="19.267612" lon="98.530841">
				<ele>1100.471208</ele>
				<time>2018-02-12T03:22:22Z</time>
			</trkpt>
			<trkpt lat="19.267426" lon="98.530813">
				<ele>1099.097858</ele>
				<time>2018-02-12T03:22:25Z</time>
			</trkpt>
			<trkpt lat="19.267233" lon="98.530890">
				<ele>1098.701311</ele>
				<time>2018-02-12T03:22:29Z</time>
			</trkpt>
			<trkpt lat="19.267000" lon="98.530882">
				<ele>1096.527968</ele>
				<time>2018-02-12T03:22:34Z</time>
			</trkpt>
			<trkpt lat="19.266884" lon="98.530721">
				<ele>1093.721243</ele>
				<time>2018-02-12T03:22:39Z</time>
			</trkpt>
			<trkpt lat="19.266864" lon="98.530519">
				<ele>1091.579395</ele>
				<time>2018-02-12T03:22:44Z</time>
			</trkpt>
			<trkpt lat="19.266851" lon="98.530310">
				<ele>1090.778934</ele>
				<time>2018-02-12T03:22:47Z</time>
			</trkpt>
			<trkpt lat="19.266671" lon="98.530221">
				<ele>1089.600335</ele>
				<time>2018-02-12T03:22:51Z</time>
			</trkpt>
			<trkpt lat="19.266474" lon="98.530251">
				<ele>1088.188405</ele>
				<time>2018-02-12T03:22:54Z</time>
			</trkpt>
			<trkpt lat="19.266282" lon="98.530325">
				<ele>1087.644476</ele>
				<time>2018-02-12T03:22:58Z</time>
			</trkpt>
			<trkpt lat="19.266187" lon="98.530502">
				<ele>1087.080608</ele>
				<time>2018-02-12T03:23:01Z</time>
			</trkpt>
			<trkpt lat="19.266044" lon="98.530646">
				<ele>1086.072240</ele>
				<time>2018-02-12T03:23:06Z</time>
			</trkpt>
			<trkpt lat="19.265852" lon="98.530675">
				<ele>1085.197914</ele>
				<time>2018-02-12T03:23:09Z</time>
			</trkpt>
			<trkpt lat="19.265657" lon="98.530748">
				<ele>1085.165503</ele>
				<time>2018-02-12T03:23:13Z</time>
			</trkpt>
			<trkpt lat="19.265481" lon="98.530828">
				<ele>1081.923756</ele>
				<time>2018-02-12T03:23:17Z</time>
			</trkpt>
			<trkpt lat="19.265301" lon="98.530627">
				<ele>1079.129892</ele>
				<time>2018-02-12T03:23:22Z</time>
			</trkpt>
			<trkpt lat="19.265218" lon="98.530373">
				<ele>1076.684785</ele>
				<time>2018-02-12T03:23:25Z</time>
			</trkpt>
			<trkpt lat="19.265135" lon="98.530185">
				<ele>1074.967224</ele>
				<time>2018-02-12T03:23:28Z</time>
			</trkpt>
			<trkpt lat="19.265063" lon="98.529967">
				<ele>1071.022304</ele>
				<time>2018-02-12T03:23:32Z</time>
			</trkpt>
			<trkpt lat="19.265151" lon="98.529770">
				<ele>1069.475245</ele>
				<time>2018-02-12T03:23:36Z</time>
			</trkpt>
			<trkpt lat="19.265230" lon="98.529544">
				<ele>1065.377284</ele>
				<time>2018-02-12T03:23:40Z</time>
			</trkpt>
			<trkpt lat="19.265166" lon="98.529342">
				<ele>1063.266679</ele>
				<time>2018-02-12T03:23:45Z</time>
			</trkpt>
			<trkpt lat="19.265076" lon="98.529122">
				<ele>1058.583351</ele>
				<time>2018-02-12T03:23:49Z</time>
			</trkpt>
			<trkpt lat="19.265009" lon="98.528906">
				<ele>1055.701539</ele>
				<time>2018-02-12T03:23:53Z</time>
			</trkpt>
			<trkpt lat="19.265011" lon="98.528692">
				<ele>1053.762307</ele>
				<time>2018-02-12T03:23:56Z</time>
			</trkpt>
			<trkpt lat="19.265033" lon="98.528486">
				<ele>1050.086334</ele>
				<time>2018-02-12T03:24:00Z</time>
			</trkpt>
			<trkpt lat="19.265018" lon="98.528281">
				<ele>1048.593926</ele>
				<time>2018-02-12T03:24:03Z</time>
			</trkpt>
			<trkpt lat="19.264969" lon="98.528083">
				<ele>1045.292975</ele>
				<time>2018-02-12T03:24:06Z</time>
			</trkpt>
			<trkpt lat="19.264862" lon="98.527912">
				<ele>1043.652324</ele>
				<time>2018-02-12T03:24:10Z</time>
			</trkpt>
			<trkpt lat="19.264671" lon="98.527900">
				<ele>1042.329539</ele>
				<time>2018-02-12T03:24:15Z</time>
			</trkpt>
			<trkpt lat="19.264525" lon="98.528041">
				<ele>1041.505309</ele>
				<time>2018-02-12T03:24:19Z</time>
			</trkpt>
			<trkpt lat="19.264356" lon="98.528116">
				<ele>1040.064399</ele>
				<time>2018-02-12T03:24:23Z</time>
			</trkpt>
			<trkpt lat="19.264276" lon="98.528302">
				<ele>1040.554697</ele>
				<time>2018-02-12T03:24:27Z</time>
			</trkpt>
			<trkpt lat="19.264378" lon="98.528505">
				<ele>1042.711856</ele>
				<time>2018-02-12T03:24:32Z</time>
			</trkpt>
			<trkpt lat="19.264480" lon="98.528715">
				<ele>1036.059537</ele>
				<time>2018-02-12T03:24:35Z</time>
			</trkpt>
			<trkpt lat="19.264519" lon="98.528926">
				<ele>1036.227527</ele>
				<time>2018-02-12T03:24:40Z</time>
			</trkpt>
			<trkpt lat="19.264335" lon="98.528951">
				<ele>1035.940193</ele>
				<time>2018-02-12T03:24:44Z</time>
			</trkpt>
			<trkpt lat="19.264135" lon="98.528881">
				<ele>1032.929886</ele>
				<time>2018-02-12T03:24:47Z</time>
			</trkpt>
			<trkpt lat="19.263943" lon="98.528796">
				<ele>1030.397640</ele>
				<time>2018-02-12T03:24:51Z</time>
			</trkpt>
			<trkpt lat="19.263750" lon="98.528851">
				<ele>1027.137798</ele>
				<time>2018-02-12T03:24:55Z</time>
			</trkpt>
			<trkpt lat="19.263692" lon="98.529057">
				<ele>1026.045565</ele>
				<time>2018-02-12T03:25:00Z</time>
			</trkpt>
			<trkpt lat="19.263621" lon="98.529270">
				<ele>1024.832611</ele>
				<time>2018-02-12T03:25:05Z</time>
			</trkpt>
			<trkpt lat="19.263469" lon="98.529153">
				<ele>1025.439426</ele>
				<time>2018-02-12T03:25:09Z</time>
			</trkpt>
			<trkpt lat="19.263351" lon="98.528949">
				<ele>1022.914984</ele>
				<time>2018-02-12T03:25:12Z</time>
			</trkpt>
			<trkpt lat="19.263278" lon="98.528697">
				<ele>1019.925762</ele>
				<time>2018-02-12T03:25:15Z</time>
			</trkpt>
			<trkpt lat="19.263200" lon="98.528474">
				<ele>1017.497989</ele>
				<time>2018-02-12T03:25:19Z</time>
			</trkpt>
			<trkpt lat="19.263022" lon="98.528343">
				<ele>1016.852455</ele>
				<time>2018-02-12T03:25:24Z</time>
			</trkpt>
			<trkpt lat="19.262801" lon="98.528240">
				<ele>1011.840358</ele>
				<time>2018-02-12T03:25:27Z</time>
			</trkpt>
			<trkpt lat="19.262610" lon="98.528117">
				<ele>1011.410250</ele>
				<time>2018-02-12T03:25:31Z</time>
			</trkpt>
			<trkpt lat="19.262635" lon="98.527892">
				<ele>1009.827330</ele>
				<time>2018-02-12T03:25:35Z</time>
			</trkpt>
			<trkpt lat="19.262736" lon="98.527732">
				<ele>1007.618694</ele>
				<time>2018-02-12T03:25:38Z</time>
			</trkpt>
			<trkpt lat="19.262727" lon="98.527509">
				<ele>1004.703343</ele>
				<time>2018-02-12T03:25:43Z</time>
			</trkpt>
			<trkpt lat="19.262662" lon="98.527297">
				<ele>999.614304</ele>
				<time>2018-02-12T03:25:47Z</time>
			</trkpt>
			<trkpt lat="19.262602" lon="98.527107">
				<ele>998.711127</ele>
				<time>2018-02-12T03:25:51Z</time>
			</trkpt>
			<trkpt lat="19.262391" lon="98.527105">
				<ele>1000.460268</ele>
				<time>2018-02-12T03:25:55Z</time>
			</trkpt>
			<trkpt lat="19.262198" lon="98.527082">
				<ele>999.491498</ele>
				<time>2018-02-12T03:25:59Z</time>
			</trkpt>
			<trkpt lat="19.262263" lon="98.526890">
				<ele>999.298444</ele>
				<time>2018-02-12T03:26:03Z</time>
			</trkpt>
			<trkpt lat="19.262319" lon="98.526697">
				<ele>996.895871</ele>
				<time>2018-02-12T03:26:06Z</time>
			</trkpt>
			<trkpt lat="19.262412" lon="98.526529">
				<ele>996.457940</ele>
				<time>2018-02-12T03:26:09Z</time>
			</trkpt>
			<trkpt lat="19.262571" lon="98.526369">
				<ele>994.669413</ele>
				<time>2018-02-12T03:26:13Z</time>
			</trkpt>
			<trkpt lat="19.262624" lon="98.526171">
				<ele>992.440827</ele>
				<time>2018-02-12T03:26:16Z</time>
			</trkpt>
			<trkpt lat="19.262637" lon="98.525944">
				<ele>988.708001</ele>
				<time>2018-02-12T03:26:19Z</time>
			</trkpt>
			<trkpt lat="19.262429" lon="98.525936">
				<ele>987.442682</ele>
				<time>2018-02-12T03:26:24Z</time>
			</trkpt>
			<trkpt lat="19.262273" lon="98.526039">
				<ele>988.450068</ele>
				<time>2018-02-12T03:26:27Z</time>
			</trkpt>
			<trkpt lat="19.262086" lon="98.526062">
				<ele>984.004184</ele>
				<time>2018-02-12T03:26:31Z</time>
			</trkpt>
			<trkpt lat="19.261877" lon="98.526062">
				<ele>985.737334</ele>
				<time>2018-02-12T03:26:35Z</time>
			</trkpt>
			<trkpt lat="19.261679" lon="98.526039">
				<ele>984.574378</ele>
				<time>2018-02-12T03:26:40Z</time>
			</trkpt>
			<trkpt lat="19.261719" lon="98.525853">
				<ele>982.200061</ele>
				<time>2018-02-12T03:26:43Z</time>
			</trkpt>
			<trkpt lat="19.261701" lon="98.525642">
				<ele>978.937099</ele>
				<time>2018-02-12T03:26:47Z</time>
			</trkpt>
			<trkpt lat="19.261514" lon="98.525582">
				<ele>976.641055</ele>
				<time>2018-02-12T03:26:52Z</time>
			</trkpt>
			<trkpt lat="19.261322" lon="98.525607">
				<ele>974.084310</ele>
				<time>2018-02-12T03:26:55Z</time>
			</trkpt>
			<trkpt lat="19.261090" lon="98.525592">
				<ele>973.869162</ele>
				<time>2018-02-12T03:26:59Z</time>
			</trkpt>
			<trkpt lat="19.260874" lon="98.525596">
				<ele>975.310500</ele>
				<time>2018-02-12T03:27:04Z</time>
			</trkpt>
			<trkpt lat="19.260686" lon="98.525470">
				<ele>972.033683</ele>
				<time>2018-02-12T03:27:09Z</time>
			</trkpt>
			<trkpt lat="19.260735" lon="98.525285">
				<ele>969.672941</ele>
				<time>2018-02-12T03:27:15Z</time>
			</trkpt>
			<trkpt lat="19.260649" lon="98.525096">
				<ele>966.078875</ele>
				<time>2018-02-12T03:27:25Z</time>
			</trkpt>
			<trkpt lat="19.260480" lon="98.524960">
				<ele>956.089935</ele>
				<time>2018-02-12T03:27:30Z</time>
			</trkpt>
			<trkpt lat="19.260411" lon="98.524759">
				<ele>956.715302</ele>
				<time>2018-02-12T03:27:34Z</time>
			</trkpt>
			<trkpt lat="19.260321" lon="98.524548">
				<ele>956.652924</ele>
				<time>2018-02-12T03:27:38Z</time>
			</trkpt>
			<trkpt lat="19.260279" lon="98.524356">
				<ele>960.060893</ele>
				<time>2018-02-12T03:27:44Z</time>
			</trkpt>
			<trkpt lat="19.260313" lon="98.524167">
				<ele>954.668427</ele>
				<time>2018-02-12T03:27:49Z</time>
			</trkpt>
			<trkpt lat="19.260309" lon="98.523971">
				<ele>945.325088</ele>
				<time>2018-02-12T03:32:18Z</time>
			</trkpt>
			<trkpt lat="19.260323" lon="98.524187">
				<ele>948.096224</ele>
				<time>2018-02-12T03:33:26Z</time>
			</trkpt>
			<trkpt lat="19.260305" lon="98.524390">
				<ele>950.017756</ele>
				<time>2018-02-12T03:33:31Z</time>
			</trkpt>
			<trkpt lat="19.260373" lon="98.524607">
				<ele>951.896281</ele>
				<time>2018-02-12T03:33:36Z</time>
			</trkpt>
			<trkpt lat="19.260480" lon="98.524794">
				<ele>953.307209</ele>
				<time>2018-02-12T03:33:40Z</time>
			</trkpt>
			<trkpt lat="19.260622" lon="98.524974">
				<ele>955.440939</ele>
				<time>2018-02-12T03:33:45Z</time>
			</trkpt>
			<trkpt lat="19.260724" lon="98.525139">
				<ele>957.005182</ele>
				<time>2018-02-12T03:33:49Z</time>
			</trkpt>
			<trkpt lat="19.260719" lon="98.525353">
				<ele>959.731752</ele>
				<time>2018-02-12T03:33:53Z</time>
			</trkpt>
			<trkpt lat="19.260776" lon="98.525554">
				<ele>962.414459</ele>
				<time>2018-02-12T03:33:59Z</time>
			</trkpt>
			<trkpt lat="19.260975" lon="98.525482">
				<ele>963.469132</ele>
				<time>2018-02-12T03:34:04Z</time>
			</trkpt>
			<trkpt lat="19.261231" lon="98.525488">
				<ele>963.457366</ele>
				<time>2018-02-12T03:34:07Z</time>
			</trkpt>
			<trkpt lat="19.261433" lon="98.525525">
				<ele>965.205075</ele>
				<time>2018-02-12T03:34:10Z</time>
			</trkpt>
			<trkpt lat="19.261657" lon="98.525594">
				<ele>966.452792</ele>
				<time>2018-02-12T03:34:14Z</time>
			</trkpt>
			<trkpt lat="19.261742" lon="98.525803">
				<ele>969.703566</ele>
				<time>2018-02-12T03:34:18Z</time>
			</trkpt>
			<trkpt lat="19.261707" lon="98.526010">
				<ele>974.219993</ele>
				<time>2018-02-12T03:34:23Z</time>
			</trkpt>
			<trkpt lat="19.261890" lon="98.526044">
				<ele>974.541196</ele>
				<time>2018-02-12T03:34:27Z</time>
			</trkpt>
			<trkpt lat="19.262072" lon="98.526053">
				<ele>974.494176</ele>
				<time>2018-02-12T03:34:30Z</time>
			</trkpt>
			<trkpt lat="19.262287" lon="98.526048">
				<ele>976.732537</ele>
				<time>2018-02-12T03:34:34Z</time>
			</trkpt>
			<trkpt lat="19.262453" lon="98.525954">
				<ele>977.353751</ele>
				<time>2018-02-12T03:34:37Z</time>
			</trkpt>
			<trkpt lat="19.262631" lon="98.526053">
				<ele>978.602698</ele>
				<time>2018-02-12T03:34:42Z</time>
			</trkpt>
			<trkpt lat="19.262620" lon="98.526287">
				<ele>981.788633</ele>
				<time>2018-02-12T03:34:45Z</time>
			</trkpt>
			<trkpt lat="19.262517" lon="98.526469">
				<ele>984.710649</ele>
				<time>2018-02-12T03:34:48Z</time>
			</trkpt>
			<trkpt lat="19.262381" lon="98.526655">
				<ele>986.026394</ele>
				<time>2018-02-12T03:34:51Z</time>
			</trkpt>
			<trkpt lat="19.262293" lon="98.526895">
				<ele>986.729291</ele>
				<time>2018-02-12T03:34:54Z</time>
			</trkpt>
			<trkpt lat="19.262210" lon="98.527092">
				<ele>988.949089</ele>
				<time>2018-02-12T03:34:58Z</time>
			</trkpt>
			<trkpt lat="19.262432" lon="98.527079">
				<ele>988.840811</ele>
				<time>2018-02-12T03:35:03Z</time>
			</trkpt>
			<trkpt lat="19.262590" lon="98.527198">
				<ele>988.361395</ele>
				<time>2018-02-12T03:35:07Z</time>
			</trkpt>
			<trkpt lat="19.262718" lon="98.527436">
				<ele>990.606396</ele>
				<time>2018-02-12T03:35:11Z</time>
			</trkpt>
			<trkpt lat="19.262751" lon="98.527652">
				<ele>994.324382</ele>
				<time>2018-02-12T03:35:14Z</time>
			</trkpt>
			<trkpt lat="19.262700" lon="98.527893">
				<ele>998.130354</ele>
				<time>2018-02-12T03:35:18Z</time>
			</trkpt>
			<trkpt lat="19.262612" lon="98.528065">
				<ele>1000.832259</ele>
				<time>2018-02-12T03:35:22Z</time>
			</trkpt>
			<trkpt lat="19.262732" lon="98.528236">
				<ele>1001.692166</ele>
				<time>2018-02-12T03:35:27Z</time>
			</trkpt>
			<trkpt lat="19.262918" lon="98.528333">
				<ele>1004.235002</ele>
				<time>2018-02-12T03:35:30Z</time>
			</trkpt>
			<trkpt lat="19.263102" lon="98.528419">
				<ele>1006.782285</ele>
				<time>2018-02-12T03:35:33Z</time>
			</trkpt>
			<trkpt lat="19.263201" lon="98.528598">
				<ele>1006.658573</ele>
				<time>2018-02-12T03:35:36Z</time>
			</trkpt>
			<trkpt lat="19.263286" lon="98.528823">
				<ele>1009.370542</ele>
				<time>2018-02-12T03:35:39Z</time>
			</trkpt>
			<trkpt lat="19.263391" lon="98.529040">
				<ele>1012.460229</ele>
				<time>2018-02-12T03:35:42Z</time>
			</trkpt>
			<trkpt lat="19.263490" lon="98.529250">
				<ele>1015.314919</ele>
				<time>2018-02-12T03:35:45Z</time>
			</trkpt>
			<trkpt lat="19.263638" lon="98.529126">
				<ele>1016.105262</ele>
				<time>2018-02-12T03:35:54Z</time>
			</trkpt>
			<trkpt lat="19.263686" lon="98.528930">
				<ele>1017.356524</ele>
				<time>2018-02-12T03:35:57Z</time>
			</trkpt>
			<trkpt lat="19.263875" lon="98.528867">
				<ele>1019.096346</ele>
				<time>2018-02-12T03:36:01Z</time>
			</trkpt>
			<trkpt lat="19.264070" lon="98.528944">
				<ele>1022.589828</ele>
				<time>2018-02-12T03:36:05Z</time>
			</trkpt>
			<trkpt lat="19.264266" lon="98.529034">
				<ele>1023.760984</ele>
				<time>2018-02-12T03:36:08Z</time>
			</trkpt>
			<trkpt lat="19.264459" lon="98.529003">
				<ele>1025.589082</ele>
				<time>2018-02-12T03:36:13Z</time>
			</trkpt>
			<trkpt lat="19.264482" lon="98.528801">
				<ele>1026.842844</ele>
				<time>2018-02-12T03:36:18Z</time>
			</trkpt>
			<trkpt lat="19.264457" lon="98.528596">
				<ele>1028.600443</ele>
				<time>2018-02-12T03:36:20Z</time>
			</trkpt>
			<trkpt lat="19.264365" lon="98.528394">
				<ele>1030.254577</ele>
				<time>2018-02-12T03:36:24Z</time>
			</trkpt>
			<trkpt lat="19.264221" lon="98.528257">
				<ele>1029.173618</ele>
				<time>2018-02-12T03:36:28Z</time>
			</trkpt>
			<trkpt lat="19.264322" lon="98.528095">
				<ele>1030.605272</ele>
				<time>2018-02-12T03:36:32Z</time>
			</trkpt>
			<trkpt lat="19.264514" lon="98.528059">
				<ele>1032.109134</ele>
				<time>2018-02-12T03:36:36Z</time>
			</trkpt>
			<trkpt lat="19.264669" lon="98.527923">
				<ele>1031.952382</ele>
				<time>2018-02-12T03:36:40Z</time>
			</trkpt>
			<trkpt lat="19.264875" lon="98.527922">
				<ele>1032.888862</ele>
				<time>2018-02-12T03:36:45Z</time>
			</trkpt>
			<trkpt lat="19.264970" lon="98.528088">
				<ele>1033.480752</ele>
				<time>2018-02-12T03:36:48Z</time>
			</trkpt>
			<trkpt lat="19.265035" lon="98.528292">
				<ele>1035.390422</ele>
				<time>2018-02-12T03:36:51Z</time>
			</trkpt>
			<trkpt lat="19.265037" lon="98.528545">
				<ele>1040.045071</ele>
				<time>2018-02-12T03:36:55Z</time>
			</trkpt>
			<trkpt lat="19.265030" lon="98.528808">
				<ele>1042.822326</ele>
				<time>2018-02-12T03:36:58Z</time>
			</trkpt>
			<trkpt lat="19.265054" lon="98.529022">
				<ele>1046.033589</ele>
				<time>2018-02-12T03:37:01Z</time>
			</trkpt>
			<trkpt lat="19.265150" lon="98.529213">
				<ele>1048.703277</ele>
				<time>2018-02-12T03:37:04Z</time>
			</trkpt>
			<trkpt lat="19.265205" lon="98.529432">
				<ele>1053.662239</ele>
				<time>2018-02-12T03:37:08Z</time>
			</trkpt>
			<trkpt lat="19.265175" lon="98.529668">
				<ele>1056.242973</ele>
				<time>2018-02-12T03:37:12Z</time>
			</trkpt>
			<trkpt lat="19.265052" lon="98.529864">
				<ele>1059.456770</ele>
				<time>2018-02-12T03:37:15Z</time>
			</trkpt>
			<trkpt lat="19.265037" lon="98.530092">
				<ele>1062.261280</ele>
				<time>2018-02-12T03:37:19Z</time>
			</trkpt>
			<trkpt lat="19.265135" lon="98.530264">
				<ele>1063.143115</ele>
				<time>2018-02-12T03:37:22Z</time>
			</trkpt>
			<trkpt lat="19.265216" lon="98.530465">
				<ele>1065.154378</ele>
				<time>2018-02-12T03:37:24Z</time>
			</trkpt>
			<trkpt lat="19.265300" lon="98.530699">
				<ele>1067.345177</ele>
				<time>2018-02-12T03:37:27Z</time>
			</trkpt>
			<trkpt lat="19.265373" lon="98.530924">
				<ele>1069.165982</ele>
				<time>2018-02-12T03:37:31Z</time>
			</trkpt>
			<trkpt lat="19.265578" lon="98.530975">
				<ele>1071.397443</ele>
				<time>2018-02-12T03:37:35Z</time>
			</trkpt>
			<trkpt lat="19.265761" lon="98.530825">
				<ele>1074.492325</ele>
				<time>2018-02-12T03:37:38Z</time>
			</trkpt>
			<trkpt lat="19.265941" lon="98.530785">
				<ele>1073.337356</ele>
				<time>2018-02-12T03:37:41Z</time>
			</trkpt>
			<trkpt lat="19.266137" lon="98.530630">
				<ele>1075.831221</ele>
				<time>2018-02-12T03:37:45Z</time>
			</trkpt>
			<trkpt lat="19.266290" lon="98.530460">
				<ele>1077.873816</ele>
				<time>2018-02-12T03:37:48Z</time>
			</trkpt>
			<trkpt lat="19.266482" lon="98.530285">
				<ele>1078.091418</ele>
				<time>2018-02-12T03:37:52Z</time>
			</trkpt>
			<trkpt lat="19.266714" lon="98.530312">
				<ele>1078.129449</ele>
				<time>2018-02-12T03:37:55Z</time>
			</trkpt>
			<trkpt lat="19.266885" lon="98.530391">
				<ele>1081.036576</ele>
				<time>2018-02-12T03:37:58Z</time>
			</trkpt>
			<trkpt lat="19.266930" lon="98.530603">
				<ele>1080.890617</ele>
				<time>2018-02-12T03:38:02Z</time>
			</trkpt>
			<trkpt lat="19.266891" lon="98.530797">
				<ele>1084.477320</ele>
				<time>2018-02-12T03:38:05Z</time>
			</trkpt>
			<trkpt lat="19.266990" lon="98.530983">
				<ele>1085.531680</ele>
				<time>2018-02-12T03:38:09Z</time>
			</trkpt>
			<trkpt lat="19.267182" lon="98.530926">
				<ele>1087.137411</ele>
				<time>2018-02-12T03:38:12Z</time>
			</trkpt>
			<trkpt lat="19.267373" lon="98.530862">
				<ele>1089.134320</ele>
				<time>2018-02-12T03:38:15Z</time>
			</trkpt>
			<trkpt lat="19.267597" lon="98.530919">
				<ele>1091.794478</ele>
				<time>2018-02-12T03:38:18Z</time>
			</trkpt>
			<trkpt lat="19.267797" lon="98.530856">
				<ele>1092.797993</ele>
				<time>2018-02-12T03:38:21Z</time>
			</trkpt>
			<trkpt lat="19.267978" lon="98.530718">
				<ele>1095.799062</ele>
				<time>2018-02-12T03:38:24Z</time>
			</trkpt>
			<trkpt lat="19.268093" lon="98.530555">
				<ele>1098.482810</ele>
				<time>2018-02-12T03:38:27Z</time>
			</trkpt>
			<trkpt lat="19.268200" lon="98.530401">
				<ele>1100.346794</ele>
				<time>2018-02-12T03:38:32Z</time>
			</trkpt>
			<trkpt lat="19.268304" lon="98.530233">
				<ele>1100.871985</ele>
				<time>2018-02-12T03:38:41Z</time>
			</trkpt>
			<trkpt lat="19.268318" lon="98.529984">
				<ele>1099.947924</ele>
				<time>2018-02-12T03:38:48Z</time>
			</trkpt>
			<trkpt lat="19.268365" lon="98.529716">
				<ele>1099.075041</ele>
				<time>2018-02-12T03:38:51Z</time>
			</trkpt>
			<trkpt lat="19.268421" lon="98.529529">
				<ele>1099.243401</ele>
				<time>2018-02-12T03:38:53Z</time>
			</trkpt>
			<trkpt lat="19.268540" lon="98.529356">
				<ele>1099.157802</ele>
				<time>2018-02-12T03:38:56Z</time>
			</trkpt>
			<trkpt lat="19.268662" lon="98.529156">
				<ele>1098.459987</ele>
				<time>2018-02-12T03:38:59Z</time>
			</trkpt>
			<trkpt lat="19.268810" lon="98.528943">
				<ele>1098.196855</ele>
				<time>2018-02-12T03:39:02Z</time>
			</trkpt>
			<trkpt lat="19.268913" lon="98.528725">
				<ele>1098.014949</ele>
				<time>2018-02-12T03:39:04Z</time>
			</trkpt>
			<trkpt lat="19.269005" lon="98.528460">
				<ele>1096.948428</ele>
				<time>2018-02-12T03:39:06Z</time>
			</trkpt>
			<trkpt lat="19.269132" lon="98.528166">
				<ele>1096.217635</ele>
				<time>2018-02-12T03:39:08Z</time>
			</trkpt>
			<trkpt lat="19.269273" lon="98.527922">
				<ele>1096.066182</ele>
				<time>2018-02-12T03:39:10Z</time>
			</trkpt>
			<trkpt lat="19.269458" lon="98.527731">
				<ele>1096.085901</ele>
				<time>2018-02-12T03:39:12Z</time>
			</trkpt>
			<trkpt lat="19.269659" lon="98.527604">
				<ele>1094.888574</ele>
				<time>2018-02-12T03:39:14Z</time>
			</trkpt>
			<trkpt lat="19.269786" lon="98.527402">
				<ele>1094.644888</ele>
				<time>2018-02-12T03:39:16Z</time>
			</trkpt>
			<trkpt lat="19.269822" lon="98.527165">
				<ele>1092.611330</ele>
				<time>2018-02-12T03:39:18Z</time>
			</trkpt>
			<trkpt lat="19.269941" lon="98.527003">
				<ele>1092.792112</ele>
				<time>2018-02-12T03:39:20Z</time>
			</trkpt>
			<trkpt lat="19.270085" lon="98.526794">
				<ele>1090.303084</ele>
				<time>2018-02-12T03:39:22Z</time>
			</trkpt>
			<trkpt lat="19.269917" lon="98.526603">
				<ele>1087.066741</ele>
				<time>2018-02-12T03:39:25Z</time>
			</trkpt>
			<trkpt lat="19.269691" lon="98.526547">
				<ele>1084.042309</ele>
				<time>2018-02-12T03:39:27Z</time>
			</trkpt>
			<trkpt lat="19.269467" lon="98.526435">
				<ele>1080.474472</ele>
				<time>2018-02-12T03:39:29Z</time>
			</trkpt>
			<trkpt lat="19.269235" lon="98.526261">
				<ele>1078.747126</ele>
				<time>2018-02-12T03:39:31Z</time>
			</trkpt>
			<trkpt lat="19.269093" lon="98.526100">
				<ele>1075.905429</ele>
				<time>2018-02-12T03:39:33Z</time>
			</trkpt>
			<trkpt lat="19.268951" lon="98.525924">
				<ele>1074.269804</ele>
				<time>2018-02-12T03:39:35Z</time>
			</trkpt>
			<trkpt lat="19.269037" lon="98.525706">
				<ele>1072.664044</ele>
				<time>2018-02-12T03:39:37Z</time>
			</trkpt>
			<trkpt lat="19.269035" lon="98.525509">
				<ele>1070.384095</ele>
				<time>2018-02-12T03:39:39Z</time>
			</trkpt>
			<trkpt lat="19.268949" lon="98.525326">
				<ele>1069.006177</ele>
				<time>2018-02-12T03:39:41Z</time>
			</trkpt>
			<trkpt lat="19.268874" lon="98.525048">
				<ele>1066.805272</ele>
				<time>2018-02-12T03:39:44Z</time>
			</trkpt>
			<trkpt lat="19.269069" lon="98.524966">
				<ele>1064.797476</ele>
				<time>2018-02-12T03:39:45Z</time>
			</trkpt>
			<trkpt lat="19.269217" lon="98.524802">
				<ele>1063.798412</ele>
				<time>2018-02-12T03:39:47Z</time>
			</trkpt>
			<trkpt lat="19.269232" lon="98.524573">
				<ele>1060.172711</ele>
				<time>2018-02-12T03:39:50Z</time>
			</trkpt>
			<trkpt lat="19.269068" lon="98.524439">
				<ele>1056.977615</ele>
				<time>2018-02-12T03:39:52Z</time>
			</trkpt>
			<trkpt lat="19.268871" lon="98.524348">
				<ele>1054.180446</ele>
				<time>2018-02-12T03:39:54Z</time>
			</trkpt>
			<trkpt lat="19.268759" lon="98.524119">
				<ele>1052.353469</ele>
				<time>2018-02-12T03:39:56Z</time>
			</trkpt>
			<trkpt lat="19.268661" lon="98.523849">
				<ele>1048.626042</ele>
				<time>2018-02-12T03:39:58Z</time>
			</trkpt>
			<trkpt lat="19.268595" lon="98.523665">
				<ele>1047.749939</ele>
				<time>2018-02-12T03:39:59Z</time>
			</trkpt>
			<trkpt lat="19.268452" lon="98.523364">
				<ele>1047.925908</ele>
				<time>2018-02-12T03:40:01Z</time>
			</trkpt>
			<trkpt lat="19.268389" lon="98.523123">
				<ele>1049.474846</ele>
				<time>2018-02-12T03:40:03Z</time>
			</trkpt>
			<trkpt lat="19.268371" lon="98.522885">
				<ele>1049.742889</ele>
				<time>2018-02-12T03:40:05Z</time>
			</trkpt>
			<trkpt lat="19.268486" lon="98.522693">
				<ele>1048.911950</ele>
				<time>2018-02-12T03:40:07Z</time>
			</trkpt>
			<trkpt lat="19.268690" lon="98.522681">
				<ele>1048.301996</ele>
				<time>2018-02-12T03:40:08Z</time>
			</trkpt>
			<trkpt lat="19.268930" lon="98.522544">
				<ele>1049.021493</ele>
				<time>2018-02-12T03:40:10Z</time>
			</trkpt>
			<trkpt lat="19.269090" lon="98.522340">
				<ele>1048.673241</ele>
				<time>2018-02-12T03:40:12Z</time>
			</trkpt>
			<trkpt lat="19.269139" lon="98.522113">
				<ele>1046.763018</ele>
				<time>2018-02-12T03:40:14Z</time>
			</trkpt>
			<trkpt lat="19.269022" lon="98.521861">
				<ele>1046.224385</ele>
				<time>2018-02-12T03:40:17Z</time>
			</trkpt>
			<trkpt lat="19.268875" lon="98.521739">
				<ele>1044.444411</ele>
				<time>2018-02-12T03:40:19Z</time>
			</trkpt>
			<trkpt lat="19.268772" lon="98.521549">
				<ele>1043.909650</ele>
				<time>2018-02-12T03:40:21Z</time>
			</trkpt>
			<trkpt lat="19.268641" lon="98.521359">
				<ele>1041.961840</ele>
				<time>2018-02-12T03:40:23Z</time>
			</trkpt>
			<trkpt lat="19.268469" lon="98.521194">
				<ele>1038.909831</ele>
				<time>2018-02-12T03:40:25Z</time>
			</trkpt>
			<trkpt lat="19.268225" lon="98.521211">
				<ele>1036.288021</ele>
				<time>2018-02-12T03:40:27Z</time>
			</trkpt>
			<trkpt lat="19.268008" lon="98.521265">
				<ele>1034.029324</ele>
				<time>2018-02-12T03:40:29Z</time>
			</trkpt>
			<trkpt lat="19.267810" lon="98.521289">
				<ele>1032.432642</ele>
				<time>2018-02-12T03:40:31Z</time>
			</trkpt>
			<trkpt lat="19.267661" lon="98.521138">
				<ele>1029.289087</ele>
				<time>2018-02-12T03:40:33Z</time>
			</trkpt>
			<trkpt lat="19.267504" lon="98.520964">
				<ele>1025.562341</ele>
				<time>2018-02-12T03:40:35Z</time>
			</trkpt>
			<trkpt lat="19.267383" lon="98.520781">
				<ele>1022.918816</ele>
				<time>2018-02-12T03:40:37Z</time>
			</trkpt>
			<trkpt lat="19.267390" lon="98.520582">
				<ele>1019.955207</ele>
				<time>2018-02-12T03:40:39Z</time>
			</trkpt>
			<trkpt lat="19.267325" lon="98.520373">
				<ele>1017.001597</ele>
				<time>2018-02-12T03:40:41Z</time>
			</trkpt>
			<trkpt lat="19.267215" lon="98.520188">
				<ele>1014.630877</ele>
				<time>2018-02-12T03:40:43Z</time>
			</trkpt>
			<trkpt lat="19.267008" lon="98.520130">
				<ele>1012.137774</ele>
				<time>2018-02-12T03:40:45Z</time>
			</trkpt>
			<trkpt lat="19.266805" lon="98.520109">
				<ele>1010.625366</ele>
				<time>2018-02-12T03:40:47Z</time>
			</trkpt>
			<trkpt lat="19.266582" lon="98.520050">
				<ele>1006.488592</ele>
				<time>2018-02-12T03:40:49Z</time>
			</trkpt>
			<trkpt lat="19.266381" lon="98.519930">
				<ele>1004.071571</ele>
				<time>2018-02-12T03:40:51Z</time>
			</trkpt>
			<trkpt lat="19.266294" lon="98.519756">
				<ele>1001.890037</ele>
				<time>2018-02-12T03:40:53Z</time>
			</trkpt>
			<trkpt lat="19.266346" lon="98.519497">
				<ele>999.534845</ele>
				<time>2018-02-12T03:40:55Z</time>
			</trkpt>
			<trkpt lat="19.266429" lon="98.519259">
				<ele>995.082539</ele>
				<time>2018-02-12T03:40:58Z</time>
			</trkpt>
			<trkpt lat="19.266698" lon="98.519193">
				<ele>993.307962</ele>
				<time>2018-02-12T03:41:01Z</time>
			</trkpt>
			<trkpt lat="19.266874" lon="98.519359">
				<ele>990.509358</ele>
				<time>2018-02-12T03:41:03Z</time>
			</trkpt>
			<trkpt lat="19.267043" lon="98.519510">
				<ele>990.359230</ele>
				<time>2018-02-12T03:41:05Z</time>
			</trkpt>
			<trkpt lat="19.267183" lon="98.519667">
				<ele>987.610283</ele>
				<time>2018-02-12T03:41:07Z</time>
			</trkpt>
			<trkpt lat="19.267375" lon="98.519799">
				<ele>986.679260</ele>
				<time>2018-02-12T03:41:10Z</time>
			</trkpt>
			<trkpt lat="19.267490" lon="98.519648">
				<ele>983.503339</ele>
				<time>2018-02-12T03:41:14Z</time>
			</trkpt>
			<trkpt lat="19.267344" lon="98.519453">
				<ele>980.529955</ele>
				<time>2018-02-12T03:41:16Z</time>
			</trkpt>
			<trkpt lat="19.267164" lon="98.519218">
				<ele>978.769875</ele>
				<time>2018-02-12T03:41:18Z</time>
			</trkpt>
			<trkpt lat="19.266974" lon="98.519006">
				<ele>975.880153</ele>
				<time>2018-02-12T03:41:20Z</time>
			</trkpt>
			<trkpt lat="19.266778" lon="98.518853">
				<ele>973.668000</ele>
				<time>2018-02-12T03:41:22Z</time>
			</trkpt>
			<trkpt lat="19.266611" lon="98.518734">
				<ele>974.136163</ele>
				<time>2018-02-12T03:41:24Z</time>
			</trkpt>
			<trkpt lat="19.266433" lon="98.518697">
				<ele>971.533554</ele>
				<time>2018-02-12T03:41:26Z</time>
			</trkpt>
			<trkpt lat="19.266250" lon="98.518818">
				<ele>970.132082</ele>
				<time>2018-02-12T03:41:28Z</time>
			</trkpt>
			<trkpt lat="19.266073" lon="98.518935">
				<ele>969.553234</ele>
				<time>2018-02-12T03:41:30Z</time>
			</trkpt>
			<trkpt lat="19.265892" lon="98.518918">
				<ele>970.094224</ele>
				<time>2018-02-12T03:41:33Z</time>
			</trkpt>
			<trkpt lat="19.265881" lon="98.518661">
				<ele>964.647684</ele>
				<time>2018-02-12T03:41:36Z</time>
			</trkpt>
			<trkpt lat="19.265999" lon="98.518486">
				<ele>962.993678</ele>
				<time>2018-02-12T03:41:38Z</time>
			</trkpt>
			<trkpt lat="19.266085" lon="98.518269">
				<ele>959.706588</ele>
				<time>2018-02-12T03:41:40Z</time>
			</trkpt>
			<trkpt lat="19.266082" lon="98.518027">
				<ele>956.806966</ele>
				<time>2018-02-12T03:41:42Z</time>
			</trkpt>
			<trkpt lat="19.265981" lon="98.517819">
				<ele>955.722526</ele>
				<time>2018-02-12T03:41:44Z</time>
			</trkpt>
			<trkpt lat="19.265812" lon="98.517694">
				<ele>951.856215</ele>
				<time>2018-02-12T03:41:46Z</time>
			</trkpt>
			<trkpt lat="19.265665" lon="98.517518">
				<ele>949.679364</ele>
				<time>2018-02-12T03:41:49Z</time>
			</trkpt>
			<trkpt lat="19.265849" lon="98.517421">
				<ele>945.831565</ele>
				<time>2018-02-12T03:41:52Z</time>
			</trkpt>
			<trkpt lat="19.266103" lon="98.517341">
				<ele>941.658663</ele>
				<time>2018-02-12T03:41:55Z</time>
			</trkpt>
			<trkpt lat="19.266223" lon="98.517151">
				<ele>940.184264</ele>
				<time>2018-02-12T03:41:57Z</time>
			</trkpt>
			<trkpt lat="19.266310" lon="98.516950">
				<ele>937.586604</ele>
				<time>2018-02-12T03:41:59Z</time>
			</trkpt>
			<trkpt lat="19.266349" lon="98.516622">
				<ele>931.976209</ele>
				<time>2018-02-12T03:42:01Z</time>
			</trkpt>
			<trkpt lat="19.266411" lon="98.516273">
				<ele>926.623130</ele>
				<time>2018-02-12T03:42:03Z</time>
			</trkpt>
			<trkpt lat="19.266406" lon="98.515951">
				<ele>924.040978</ele>
				<time>2018-02-12T03:42:05Z</time>
			</trkpt>
			<trkpt lat="19.266330" lon="98.515681">
				<ele>919.857207</ele>
				<time>2018-02-12T03:42:07Z</time>
			</trkpt>
			<trkpt lat="19.266186" lon="98.515451">
				<ele>917.602075</ele>
				<time>2018-02-12T03:42:09Z</time>
			</trkpt>
			<trkpt lat="19.266018" lon="98.515279">
				<ele>916.681510</ele>
				<time>2018-02-12T03:42:11Z</time>
			</trkpt>
			<trkpt lat="19.265882" lon="98.515113">
				<ele>912.393254</ele>
				<time>2018-02-12T03:42:13Z</time>
			</trkpt>
			<trkpt lat="19.265792" lon="98.514905">
				<ele>910.578295</ele>
				<time>2018-02-12T03:42:15Z</time>
			</trkpt>
			<trkpt lat="19.265811" lon="98.514679">
				<ele>908.328737</ele>
				<time>2018-02-12T03:42:17Z</time>
			</trkpt>
			<trkpt lat="19.265846" lon="98.514410">
				<ele>905.251382</ele>
				<time>2018-02-12T03:42:19Z</time>
			</trkpt>
			<trkpt lat="19.265932" lon="98.514131">
				<ele>902.046161</ele>
				<time>2018-02-12T03:42:21Z</time>
			</trkpt>
			<trkpt lat="19.266018" lon="98.513898">
				<ele>898.746130</ele>
				<time>2018-02-12T03:42:23Z</time>
			</trkpt>
			<trkpt lat="19.265978" lon="98.513648">
				<ele>895.842100</ele>
				<time>2018-02-12T03:42:25Z</time>
			</trkpt>
			<trkpt lat="19.265895" lon="98.513469">
				<ele>894.920748</ele>
				<time>2018-02-12T03:42:27Z</time>
			</trkpt>
			<trkpt lat="19.265700" lon="98.513357">
				<ele>895.095547</ele>
				<time>2018-02-12T03:42:30Z</time>
			</trkpt>
			<trkpt lat="19.265454" lon="98.513515">
				<ele>892.980517</ele>
				<time>2018-02-12T03:42:33Z</time>
			</trkpt>
			<trkpt lat="19.265245" lon="98.513521">
				<ele>893.425742</ele>
				<time>2018-02-12T03:42:37Z</time>
			</trkpt>
			<trkpt lat="19.265272" lon="98.513329">
				<ele>889.517534</ele>
				<time>2018-02-12T03:42:40Z</time>
			</trkpt>
			<trkpt lat="19.265454" lon="98.513093">
				<ele>885.075048</ele>
				<time>2018-02-12T03:42:43Z</time>
			</trkpt>
			<trkpt lat="19.265668" lon="98.513032">
				<ele>882.672047</ele>
				<time>2018-02-12T03:42:44Z</time>
			</trkpt>
			<trkpt lat="19.265831" lon="98.512801">
				<ele>879.909333</ele>
				<time>2018-02-12T03:42:46Z</time>
			</trkpt>
			<trkpt lat="19.265923" lon="98.512542">
				<ele>876.488790</ele>
				<time>2018-02-12T03:42:48Z</time>
			</trkpt>
			<trkpt lat="19.265926" lon="98.512288">
				<ele>874.528997</ele>
				<time>2018-02-12T03:42:50Z</time>
			</trkpt>
			<trkpt lat="19.265859" lon="98.511948">
				<ele>870.749183</ele>
				<time>2018-02-12T03:42:52Z</time>
			</trkpt>
			<trkpt lat="19.265766" lon="98.511687">
				<ele>866.862668</ele>
				<time>2018-02-12T03:42:54Z</time>
			</trkpt>
			<trkpt lat="19.265667" lon="98.511373">
				<ele>863.644280</ele>
				<time>2018-02-12T03:42:56Z</time>
			</trkpt>
			<trkpt lat="19.265612" lon="98.511179">
				<ele>861.301755</ele>
				<time>2018-02-12T03:42:57Z</time>
			</trkpt>
			<trkpt lat="19.265561" lon="98.510981">
				<ele>861.391224</ele>
				<time>2018-02-12T03:42:58Z</time>
			</trkpt>
			<trkpt lat="19.265505" lon="98.510784">
				<ele>860.879583</ele>
				<time>2018-02-12T03:42:59Z</time>
			</trkpt>
			<trkpt lat="19.265455" lon="98.510592">
				<ele>859.630766</ele>
				<time>2018-02-12T03:43:00Z</time>
			</trkpt>
			<trkpt lat="19.265320" lon="98.510272">
				<ele>858.311674</ele>
				<time>2018-02-12T03:43:02Z</time>
			</trkpt>
			<trkpt lat="19.265277" lon="98.509940">
				<ele>858.988833</ele>
				<time>2018-02-12T03:43:04Z</time>
			</trkpt>
			<trkpt lat="19.265270" lon="98.509682">
				<ele>859.547943</ele>
				<time>2018-02-12T03:43:06Z</time>
			</trkpt>
			<trkpt lat="19.265245" lon="98.509423">
				<ele>857.290969</ele>
				<time>2018-02-12T03:43:08Z</time>
			</trkpt>
			<trkpt lat="19.265115" lon="98.509150">
				<ele>857.317479</ele>
				<time>2018-02-12T03:43:10Z</time>
			</trkpt>
			<trkpt lat="19.264980" lon="98.508996">
				<ele>856.920952</ele>
				<time>2018-02-12T03:43:12Z</time>
			</trkpt>
			<trkpt lat="19.264777" lon="98.508971">
				<ele>852.856333</ele>
				<time>2018-02-12T03:43:14Z</time>
			</trkpt>
			<trkpt lat="19.264555" lon="98.508872">
				<ele>853.571754</ele>
				<time>2018-02-12T03:43:17Z</time>
			</trkpt>
			<trkpt lat="19.264517" lon="98.508647">
				<ele>850.990444</ele>
				<time>2018-02-12T03:43:21Z</time>
			</trkpt>
			<trkpt lat="19.264809" lon="98.508564">
				<ele>850.137811</ele>
				<time>2018-02-12T03:43:24Z</time>
			</trkpt>
			<trkpt lat="19.265020" lon="98.508437">
				<ele>849.641278</ele>
				<time>2018-02-12T03:43:26Z</time>
			</trkpt>
			<trkpt lat="19.265136" lon="98.508248">
				<ele>848.583028</ele>
				<time>2018-02-12T03:43:28Z</time>
			</trkpt>
			<trkpt lat="19.265163" lon="98.508026">
				<ele>851.332650</ele>
				<time>2018-02-12T03:43:30Z</time>
			</trkpt>
			<trkpt lat="19.265080" lon="98.507796">
				<ele>848.482687</ele>
				<time>2018-02-12T03:43:32Z</time>
			</trkpt>
			<trkpt lat="19.264936" lon="98.507617">
				<ele>849.396489</ele>
				<time>2018-02-12T03:43:34Z</time>
			</trkpt>
			<trkpt lat="19.264753" lon="98.507544">
				<ele>848.654733</ele>
				<time>2018-02-12T03:43:36Z</time>
			</trkpt>
			<trkpt lat="19.264597" lon="98.507356">
				<ele>848.337675</ele>
				<time>2018-02-12T03:43:39Z</time>
			</trkpt>
			<trkpt lat="19.264829" lon="98.507206">
				<ele>844.563786</ele>
				<time>2018-02-12T03:43:43Z</time>
			</trkpt>
			<trkpt lat="19.265003" lon="98.507076">
				<ele>843.403835</ele>
				<time>2018-02-12T03:43:45Z</time>
			</trkpt>
			<trkpt lat="19.265048" lon="98.506867">
				<ele>841.188778</ele>
				<time>2018-02-12T03:43:47Z</time>
			</trkpt>
			<trkpt lat="19.265117" lon="98.506630">
				<ele>839.233582</ele>
				<time>2018-02-12T03:43:49Z</time>
			</trkpt>
			<trkpt lat="19.265257" lon="98.506432">
				<ele>834.378641</ele>
				<time>2018-02-12T03:43:51Z</time>
			</trkpt>
			<trkpt lat="19.265412" lon="98.506278">
				<ele>834.751365</ele>
				<time>2018-02-12T03:43:53Z</time>
			</trkpt>
			<trkpt lat="19.265473" lon="98.506027">
				<ele>831.144146</ele>
				<time>2018-02-12T03:43:56Z</time>
			</trkpt>
			<trkpt lat="19.265406" lon="98.505780">
				<ele>826.653804</ele>
				<time>2018-02-12T03:43:59Z</time>
			</trkpt>
			<trkpt lat="19.265429" lon="98.505559">
				<ele>825.511846</ele>
				<time>2018-02-12T03:44:02Z</time>
			</trkpt>
			<trkpt lat="19.265630" lon="98.505558">
				<ele>821.555938</ele>
				<time>2018-02-12T03:44:05Z</time>
			</trkpt>
			<trkpt lat="19.265806" lon="98.505614">
				<ele>820.779361</ele>
				<time>2018-02-12T03:44:07Z</time>
			</trkpt>
			<trkpt lat="19.265989" lon="98.505611">
				<ele>817.349271</ele>
				<time>2018-02-12T03:44:09Z</time>
			</trkpt>
			<trkpt lat="19.266133" lon="98.505429">
				<ele>815.975026</ele>
				<time>2018-02-12T03:44:11Z</time>
			</trkpt>
			<trkpt lat="19.266230" lon="98.505235">
				<ele>814.200704</ele>
				<time>2018-02-12T03:44:13Z</time>
			</trkpt>
			<trkpt lat="19.266339" lon="98.505067">
				<ele>812.245640</ele>
				<time>2018-02-12T03:44:15Z</time>
			</trkpt>
			<trkpt lat="19.266503" lon="98.504944">
				<ele>809.540557</ele>
				<time>2018-02-12T03:44:17Z</time>
			</trkpt>
			<trkpt lat="19.266680" lon="98.504862">
				<ele>807.581480</ele>
				<time>2018-02-12T03:44:19Z</time>
			</trkpt>
			<trkpt lat="19.266912" lon="98.504767">
				<ele>804.047181</ele>
				<time>2018-02-12T03:44:22Z</time>
			</trkpt>
			<trkpt lat="19.267053" lon="98.504580">
				<ele>801.027602</ele>
				<time>2018-02-12T03:44:25Z</time>
			</trkpt>
			<trkpt lat="19.267088" lon="98.504384">
				<ele>797.447122</ele>
				<time>2018-02-12T03:44:28Z</time>
			</trkpt>
			<trkpt lat="19.267200" lon="98.504224">
				<ele>794.978438</ele>
				<time>2018-02-12T03:44:31Z</time>
			</trkpt>
			<trkpt lat="19.267439" lon="98.504300">
				<ele>792.515427</ele>
				<time>2018-02-12T03:44:34Z</time>
			</trkpt>
			<trkpt lat="19.267671" lon="98.504350">
				<ele>789.982426</ele>
				<time>2018-02-12T03:44:37Z</time>
			</trkpt>
			<trkpt lat="19.267898" lon="98.504260">
				<ele>788.643594</ele>
				<time>2018-02-12T03:44:40Z</time>
			</trkpt>
			<trkpt lat="19.268059" lon="98.504156">
				<ele>786.842144</ele>
				<time>2018-02-12T03:44:42Z</time>
			</trkpt>
			<trkpt lat="19.268227" lon="98.504022">
				<ele>783.222219</ele>
				<time>2018-02-12T03:44:44Z</time>
			</trkpt>
			<trkpt lat="19.268421" lon="98.503966">
				<ele>782.227501</ele>
				<time>2018-02-12T03:44:46Z</time>
			</trkpt>
			<trkpt lat="19.268604" lon="98.503997">
				<ele>779.723273</ele>
				<time>2018-02-12T03:44:48Z</time>
			</trkpt>
			<trkpt lat="19.268807" lon="98.504078">
				<ele>777.422965</ele>
				<time>2018-02-12T03:44:50Z</time>
			</trkpt>
			<trkpt lat="19.269023" lon="98.504173">
				<ele>774.548389</ele>
				<time>2018-02-12T03:44:53Z</time>
			</trkpt>
			<trkpt lat="19.269208" lon="98.504156">
				<ele>772.315111</ele>
				<time>2018-02-12T03:44:56Z</time>
			</trkpt>
			<trkpt lat="19.269302" lon="98.503955">
				<ele>768.896250</ele>
				<time>2018-02-12T03:44:59Z</time>
			</trkpt>
			<trkpt lat="19.269284" lon="98.503736">
				<ele>766.413454</ele>
				<time>2018-02-12T03:45:01Z</time>
			</trkpt>
			<trkpt lat="19.269297" lon="98.503521">
				<ele>764.062732</ele>
				<time>2018-02-12T03:45:03Z</time>
			</trkpt>
			<trkpt lat="19.269464" lon="98.503314">
				<ele>762.230861</ele>
				<time>2018-02-12T03:45:06Z</time>
			</trkpt>
			<trkpt lat="19.269682" lon="98.503254">
				<ele>761.170029</ele>
				<time>2018-02-12T03:45:09Z</time>
			</trkpt>
			<trkpt lat="19.269900" lon="98.503185">
				<ele>759.685433</ele>
				<time>2018-02-12T03:45:13Z</time>
			</trkpt>
			<trkpt lat="19.269997" lon="98.502958">
				<ele>756.262179</ele>
				<time>2018-02-12T03:45:16Z</time>
			</trkpt>
			<trkpt lat="19.269960" lon="98.502655">
				<ele>754.557332</ele>
				<time>2018-02-12T03:45:19Z</time>
			</trkpt>
			<trkpt lat="19.269825" lon="98.502416">
				<ele>753.496616</ele>
				<time>2018-02-12T03:45:22Z</time>
			</trkpt>
			<trkpt lat="19.269703" lon="98.502250">
				<ele>750.633233</ele>
				<time>2018-02-12T03:45:25Z</time>
			</trkpt>
			<trkpt lat="19.269607" lon="98.502036">
				<ele>750.559878</ele>
				<time>2018-02-12T03:45:29Z</time>
			</trkpt>
			<trkpt lat="19.269741" lon="98.501827">
				<ele>747.447980</ele>
				<time>2018-02-12T03:45:33Z</time>
			</trkpt>
			<trkpt lat="19.269985" lon="98.501847">
				<ele>744.393291</ele>
				<time>2018-02-12T03:45:35Z</time>
			</trkpt>
			<trkpt lat="19.270189" lon="98.501836">
				<ele>740.649343</ele>
				<time>2018-02-12T03:45:37Z</time>
			</trkpt>
			<trkpt lat="19.270379" lon="98.501908">
				<ele>738.906971</ele>
				<time>2018-02-12T03:45:39Z</time>
			</trkpt>
			<trkpt lat="19.270603" lon="98.501974">
				<ele>735.193650</ele>
				<time>2018-02-12T03:45:42Z</time>
			</trkpt>
			<trkpt lat="19.270859" lon="98.501982">
				<ele>734.020694</ele>
				<time>2018-02-12T03:45:45Z</time>
			</trkpt>
			<trkpt lat="19.271051" lon="98.501818">
				<ele>730.894385</ele>
				<time>2018-02-12T03:45:48Z</time>
			</trkpt>
			<trkpt lat="19.271222" lon="98.501587">
				<ele>726.910651</ele>
				<time>2018-02-12T03:45:51Z</time>
			</trkpt>
			<trkpt lat="19.271358" lon="98.501367">
				<ele>724.205249</ele>
				<time>2018-02-12T03:45:54Z</time>
			</trkpt>
			<trkpt lat="19.271359" lon="98.501125">
				<ele>721.213559</ele>
				<time>2018-02-12T03:45:57Z</time>
			</trkpt>
			<trkpt lat="19.271191" lon="98.501001">
				<ele>719.243021</ele>
				<time>2018-02-12T03:46:00Z</time>
			</trkpt>
			<trkpt lat="19.271107" lon="98.500794">
				<ele>716.246303</ele>
				<time>2018-02-12T03:46:04Z</time>
			</trkpt>
			<trkpt lat="19.271327" lon="98.500641">
				<ele>711.289908</ele>
				<time>2018-02-12T03:46:08Z</time>
			</trkpt>
			<trkpt lat="19.271526" lon="98.500625">
				<ele>710.818000</ele>
				<time>2018-02-12T03:46:10Z</time>
			</trkpt>
			<trkpt lat="19.271716" lon="98.500534">
				<ele>707.951525</ele>
				<time>2018-02-12T03:46:12Z</time>
			</trkpt>
			<trkpt lat="19.271828" lon="98.500287">
				<ele>703.899534</ele>
				<time>2018-02-12T03:46:15Z</time>
			</trkpt>
			<trkpt lat="19.271820" lon="98.500092">
				<ele>702.046768</ele>
				<time>2018-02-12T03:46:17Z</time>
			</trkpt>
			<trkpt lat="19.271737" lon="98.499921">
				<ele>698.576804</ele>
				<time>2018-02-12T03:46:19Z</time>
			</trkpt>
			<trkpt lat="19.271673" lon="98.499715">
				<ele>696.840714</ele>
				<time>2018-02-12T03:46:22Z</time>
			</trkpt>
			<trkpt lat="19.271851" lon="98.499617">
				<ele>691.790481</ele>
				<time>2018-02-12T03:46:28Z</time>
			</trkpt>
			<trkpt lat="19.272041" lon="98.499719">
				<ele>688.363571</ele>
				<time>2018-02-12T03:46:30Z</time>
			</trkpt>
			<trkpt lat="19.272217" lon="98.499788">
				<ele>686.003588</ele>
				<time>2018-02-12T03:46:32Z</time>
			</trkpt>
			<trkpt lat="19.272424" lon="98.499806">
				<ele>683.371017</ele>
				<time>2018-02-12T03:46:34Z</time>
			</trkpt>
			<trkpt lat="19.272643" lon="98.499722">
				<ele>679.474048</ele>
				<time>2018-02-12T03:46:36Z</time>
			</trkpt>
			<trkpt lat="19.272911" lon="98.499575">
				<ele>675.605193</ele>
				<time>2018-02-12T03:46:38Z</time>
			</trkpt>
			<trkpt lat="19.273199" lon="98.499391">
				<ele>670.863698</ele>
				<time>2018-02-12T03:46:40Z</time>
			</trkpt>
			<trkpt lat="19.273359" lon="98.499297">
				<ele>669.262647</ele>
				<time>2018-02-12T03:46:41Z</time>
			</trkpt>
			<trkpt lat="19.273531" lon="98.499214">
				<ele>666.432031</ele>
				<time>2018-02-12T03:46:42Z</time>
			</trkpt>
			<trkpt lat="19.273677" lon="98.499094">
				<ele>663.701078</ele>
				<time>2018-02-12T03:46:43Z</time>
			</trkpt>
			<trkpt lat="19.273962" lon="98.498967">
				<ele>660.203148</ele>
				<time>2018-02-12T03:46:45Z</time>
			</trkpt>
			<trkpt lat="19.274240" lon="98.498831">
				<ele>657.116142</ele>
				<time>2018-02-12T03:46:47Z</time>
			</trkpt>
			<trkpt lat="19.274447" lon="98.498860">
				<ele>656.006667</ele>
				<time>2018-02-12T03:46:48Z</time>
			</trkpt>
			<trkpt lat="19.274770" lon="98.498777">
				<ele>653.408952</ele>
				<time>2018-02-12T03:46:50Z</time>
			</trkpt>
			<trkpt lat="19.275124" lon="98.498755">
				<ele>650.330257</ele>
				<time>2018-02-12T03:46:52Z</time>
			</trkpt>
			<trkpt lat="19.275414" lon="98.498786">
				<ele>649.473343</ele>
				<time>2018-02-12T03:46:54Z</time>
			</trkpt>
			<trkpt lat="19.275623" lon="98.498807">
				<ele>647.760547</ele>
				<time>2018-02-12T03:46:56Z</time>
			</trkpt>
			<trkpt lat="19.275882" lon="98.498797">
				<ele>644.899110</ele>
				<time>2018-02-12T03:47:00Z</time>
			</trkpt>
			<trkpt lat="19.275996" lon="98.498535">
				<ele>640.606035</ele>
				<time>2018-02-12T03:47:03Z</time>
			</trkpt>
			<trkpt lat="19.276054" lon="98.498328">
				<ele>640.214609</ele>
				<time>2018-02-12T03:47:05Z</time>
			</trkpt>
			<trkpt lat="19.276236" lon="98.498164">
				<ele>636.556193</ele>
				<time>2018-02-12T03:47:08Z</time>
			</trkpt>
			<trkpt lat="19.276435" lon="98.498114">
				<ele>635.151413</ele>
				<time>2018-02-12T03:47:10Z</time>
			</trkpt>
			<trkpt lat="19.276548" lon="98.497930">
				<ele>632.990414</ele>
				<time>2018-02-12T03:47:12Z</time>
			</trkpt>
			<trkpt lat="19.276650" lon="98.497673">
				<ele>630.508536</ele>
				<time>2018-02-12T03:47:14Z</time>
			</trkpt>
			<trkpt lat="19.276695" lon="98.497430">
				<ele>627.872437</ele>
				<time>2018-02-12T03:47:16Z</time>
			</trkpt>
			<trkpt lat="19.276760" lon="98.497191">
				<ele>626.932131</ele>
				<time>2018-02-12T03:47:18Z</time>
			</trkpt>
			<trkpt lat="19.276874" lon="98.496952">
				<ele>625.555463</ele>
				<time>2018-02-12T03:47:20Z</time>
			</trkpt>
			<trkpt lat="19.277058" lon="98.496730">
				<ele>623.284674</ele>
				<time>2018-02-12T03:47:22Z</time>
			</trkpt>
			<trkpt lat="19.277340" lon="98.496446">
				<ele>621.762519</ele>
				<time>2018-02-12T03:47:24Z</time>
			</trkpt>
			<trkpt lat="19.277521" lon="98.496313">
				<ele>618.710432</ele>
				<time>2018-02-12T03:47:25Z</time>
			</trkpt>
			<trkpt lat="19.277683" lon="98.496190">
				<ele>619.153031</ele>
				<time>2018-02-12T03:47:26Z</time>
			</trkpt>
			<trkpt lat="19.277824" lon="98.496069">
				<ele>619.174843</ele>
				<time>2018-02-12T03:47:27Z</time>
			</trkpt>
			<trkpt lat="19.278067" lon="98.495800">
				<ele>617.171738</ele>
				<time>2018-02-12T03:47:29Z</time>
			</trkpt>
			<trkpt lat="19.278192" lon="98.495597">
				<ele>616.193259</ele>
				<time>2018-02-12T03:47:30Z</time>
			</trkpt>
			<trkpt lat="19.278296" lon="98.495398">
				<ele>613.667159</ele>
				<time>2018-02-12T03:47:31Z</time>
			</trkpt>
			<trkpt lat="19.278407" lon="98.495209">
				<ele>611.361840</ele>
				<time>2018-02-12T03:47:32Z</time>
			</trkpt>
			<trkpt lat="19.278509" lon="98.495032">
				<ele>610.393598</ele>
				<time>2018-02-12T03:47:33Z</time>
			</trkpt>
			<trkpt lat="19.278612" lon="98.494858">
				<ele>610.088712</ele>
				<time>2018-02-12T03:47:34Z</time>
			</trkpt>
			<trkpt lat="19.278782" lon="98.494582">
				<ele>610.178653</ele>
				<time>2018-02-12T03:47:36Z</time>
			</trkpt>
			<trkpt lat="19.278890" lon="98.494308">
				<ele>606.678744</ele>
				<time>2018-02-12T03:47:38Z</time>
			</trkpt>
			<trkpt lat="19.278966" lon="98.493936">
				<ele>604.294179</ele>
				<time>2018-02-12T03:47:40Z</time>
			</trkpt>
			<trkpt lat="19.278970" lon="98.493557">
				<ele>604.213381</ele>
				<time>2018-02-12T03:47:42Z</time>
			</trkpt>
			<trkpt lat="19.279057" lon="98.493219">
				<ele>601.754381</ele>
				<time>2018-02-12T03:47:44Z</time>
			</trkpt>
			<trkpt lat="19.279193" lon="98.492891">
				<ele>599.610824</ele>
				<time>2018-02-12T03:47:46Z</time>
			</trkpt>
			<trkpt lat="19.279292" lon="98.492518">
				<ele>597.181497</ele>
				<time>2018-02-12T03:47:48Z</time>
			</trkpt>
			<trkpt lat="19.279316" lon="98.492161">
				<ele>594.339875</ele>
				<time>2018-02-12T03:47:50Z</time>
			</trkpt>
			<trkpt lat="19.279335" lon="98.491874">
				<ele>594.313503</ele>
				<time>2018-02-12T03:47:52Z</time>
			</trkpt>
			<trkpt lat="19.279407" lon="98.491644">
				<ele>594.657569</ele>
				<time>2018-02-12T03:47:54Z</time>
			</trkpt>
			<trkpt lat="19.279495" lon="98.491457">
				<ele>594.674771</ele>
				<time>2018-02-12T03:47:56Z</time>
			</trkpt>
			<trkpt lat="19.279735" lon="98.491363">
				<ele>593.245635</ele>
				<time>2018-02-12T03:47:58Z</time>
			</trkpt>
			<trkpt lat="19.279960" lon="98.491228">
				<ele>589.759069</ele>
				<time>2018-02-12T03:48:00Z</time>
			</trkpt>
			<trkpt lat="19.280227" lon="98.491068">
				<ele>588.223700</ele>
				<time>2018-02-12T03:48:02Z</time>
			</trkpt>
			<trkpt lat="19.280369" lon="98.490939">
				<ele>587.174560</ele>
				<time>2018-02-12T03:48:03Z</time>
			</trkpt>
			<trkpt lat="19.280610" lon="98.490650">
				<ele>582.749558</ele>
				<time>2018-02-12T03:48:05Z</time>
			</trkpt>
			<trkpt lat="19.280739" lon="98.490480">
				<ele>581.441119</ele>
				<time>2018-02-12T03:48:06Z</time>
			</trkpt>
			<trkpt lat="19.280865" lon="98.490300">
				<ele>580.310811</ele>
				<time>2018-02-12T03:48:07Z</time>
			</trkpt>
			<trkpt lat="19.280988" lon="98.490126">
				<ele>576.741867</ele>
				<time>2018-02-12T03:48:08Z</time>
			</trkpt>
			<trkpt lat="19.281101" lon="98.489971">
				<ele>577.850174</ele>
				<time>2018-02-12T03:48:09Z</time>
			</trkpt>
			<trkpt lat="19.281209" lon="98.489807">
				<ele>576.367541</ele>
				<time>2018-02-12T03:48:10Z</time>
			</trkpt>
			<trkpt lat="19.281370" lon="98.489503">
				<ele>576.766679</ele>
				<time>2018-02-12T03:48:12Z</time>
			</trkpt>
			<trkpt lat="19.281523" lon="98.489216">
				<ele>577.002505</ele>
				<time>2018-02-12T03:48:14Z</time>
			</trkpt>
			<trkpt lat="19.281759" lon="98.488991">
				<ele>575.829004</ele>
				<time>2018-02-12T03:48:16Z</time>
			</trkpt>
			<trkpt lat="19.281977" lon="98.488742">
				<ele>573.779399</ele>
				<time>2018-02-12T03:48:18Z</time>
			</trkpt>
			<trkpt lat="19.282189" lon="98.488509">
				<ele>572.219009</ele>
				<time>2018-02-12T03:48:20Z</time>
			</trkpt>
			<trkpt lat="19.282330" lon="98.488211">
				<ele>568.632881</ele>
				<time>2018-02-12T03:48:22Z</time>
			</trkpt>
			<trkpt lat="19.282443" lon="98.487875">
				<ele>564.486897</ele>
				<time>2018-02-12T03:48:24Z</time>
			</trkpt>
			<trkpt lat="19.282542" lon="98.487589">
				<ele>562.928330</ele>
				<time>2018-02-12T03:48:26Z</time>
			</trkpt>
			<trkpt lat="19.282654" lon="98.487389">
				<ele>561.853538</ele>
				<time>2018-02-12T03:48:28Z</time>
			</trkpt>
			<trkpt lat="19.282881" lon="98.487269">
				<ele>560.984466</ele>
				<time>2018-02-12T03:48:30Z</time>
			</trkpt>
			<trkpt lat="19.283126" lon="98.487197">
				<ele>561.286240</ele>
				<time>2018-02-12T03:48:32Z</time>
			</trkpt>
			<trkpt lat="19.283219" lon="98.486907">
				<ele>560.400573</ele>
				<time>2018-02-12T03:48:34Z</time>
			</trkpt>
			<trkpt lat="19.283282" lon="98.486641">
				<ele>558.802222</ele>
				<time>2018-02-12T03:48:36Z</time>
			</trkpt>
			<trkpt lat="19.283349" lon="98.486342">
				<ele>558.578381</ele>
				<time>2018-02-12T03:48:38Z</time>
			</trkpt>
			<trkpt lat="19.283531" lon="98.486062">
				<ele>557.308718</ele>
				<time>2018-02-12T03:48:40Z</time>
			</trkpt>
			<trkpt lat="19.283725" lon="98.485772">
				<ele>553.749510</ele>
				<time>2018-02-12T03:48:42Z</time>
			</trkpt>
			<trkpt lat="19.283953" lon="98.485534">
				<ele>553.595892</ele>
				<time>2018-02-12T03:48:44Z</time>
			</trkpt>
			<trkpt lat="19.284194" lon="98.485269">
				<ele>551.592445</ele>
				<time>2018-02-12T03:48:46Z</time>
			</trkpt>
			<trkpt lat="19.284365" lon="98.484969">
				<ele>549.727513</ele>
				<time>2018-02-12T03:48:48Z</time>
			</trkpt>
			<trkpt lat="19.284560" lon="98.484665">
				<ele>546.332806</ele>
				<time>2018-02-12T03:48:50Z</time>
			</trkpt>
			<trkpt lat="19.284767" lon="98.484382">
				<ele>543.955786</ele>
				<time>2018-02-12T03:48:52Z</time>
			</trkpt>
			<trkpt lat="19.284969" lon="98.484117">
				<ele>543.231502</ele>
				<time>2018-02-12T03:48:54Z</time>
			</trkpt>
			<trkpt lat="19.285146" lon="98.483898">
				<ele>542.047889</ele>
				<time>2018-02-12T03:48:56Z</time>
			</trkpt>
			<trkpt lat="19.285294" lon="98.483684">
				<ele>540.740794</ele>
				<time>2018-02-12T03:48:58Z</time>
			</trkpt>
			<trkpt lat="19.285412" lon="98.483455">
				<ele>539.177092</ele>
				<time>2018-02-12T03:49:00Z</time>
			</trkpt>
			<trkpt lat="19.285513" lon="98.483251">
				<ele>538.787400</ele>
				<time>2018-02-12T03:49:02Z</time>
			</trkpt>
			<trkpt lat="19.285656" lon="98.483016">
				<ele>538.111891</ele>
				<time>2018-02-12T03:49:04Z</time>
			</trkpt>
			<trkpt lat="19.285809" lon="98.482737">
				<ele>536.889839</ele>
				<time>2018-02-12T03:49:06Z</time>
			</trkpt>
			<trkpt lat="19.285983" lon="98.482454">
				<ele>537.582075</ele>
				<time>2018-02-12T03:49:08Z</time>
			</trkpt>
			<trkpt lat="19.286152" lon="98.482161">
				<ele>535.859465</ele>
				<time>2018-02-12T03:49:10Z</time>
			</trkpt>
			<trkpt lat="19.286303" lon="98.481904">
				<ele>534.560418</ele>
				<time>2018-02-12T03:49:12Z</time>
			</trkpt>
			<trkpt lat="19.286395" lon="98.481643">
				<ele>532.750574</ele>
				<time>2018-02-12T03:49:14Z</time>
			</trkpt>
			<trkpt lat="19.286385" lon="98.481403">
				<ele>531.788172</ele>
				<time>2018-02-12T03:49:16Z</time>
			</trkpt>
			<trkpt lat="19.286283" lon="98.481121">
				<ele>528.175297</ele>
				<time>2018-02-12T03:49:18Z</time>
			</trkpt>
			<trkpt lat="19.286115" lon="98.480826">
				<ele>525.379946</ele>
				<time>2018-02-12T03:49:20Z</time>
			</trkpt>
			<trkpt lat="19.285924" lon="98.480523">
				<ele>524.599595</ele>
				<time>2018-02-12T03:49:22Z</time>
			</trkpt>
			<trkpt lat="19.285745" lon="98.480226">
				<ele>524.109542</ele>
				<time>2018-02-12T03:49:24Z</time>
			</trkpt>
			<trkpt lat="19.285578" lon="98.479969">
				<ele>524.491210</ele>
				<time>2018-02-12T03:49:26Z</time>
			</trkpt>
			<trkpt lat="19.285454" lon="98.479718">
				<ele>525.490102</ele>
				<time>2018-02-12T03:49:28Z</time>
			</trkpt>
			<trkpt lat="19.285377" lon="98.479457">
				<ele>525.270472</ele>
				<time>2018-02-12T03:49:30Z</time>
			</trkpt>
			<trkpt lat="19.285349" lon="98.479157">
				<ele>524.491250</ele>
				<time>2018-02-12T03:49:32Z</time>
			</trkpt>
			<trkpt lat="19.285351" lon="98.478855">
				<ele>525.076358</ele>
				<time>2018-02-12T03:49:34Z</time>
			</trkpt>
			<trkpt lat="19.285350" lon="98.478537">
				<ele>524.496443</ele>
				<time>2018-02-12T03:49:36Z</time>
			</trkpt>
			<trkpt lat="19.285339" lon="98.478216">
				<ele>524.390835</ele>
				<time>2018-02-12T03:49:38Z</time>
			</trkpt>
			<trkpt lat="19.285319" lon="98.477919">
				<ele>524.166604</ele>
				<time>2018-02-12T03:49:40Z</time>
			</trkpt>
			<trkpt lat="19.285317" lon="98.477634">
				<ele>524.934382</ele>
				<time>2018-02-12T03:49:42Z</time>
			</trkpt>
			<trkpt lat="19.285338" lon="98.477314">
				<ele>525.422407</ele>
				<time>2018-02-12T03:49:44Z</time>
			</trkpt>
			<trkpt lat="19.285372" lon="98.477004">
				<ele>525.289258</ele>
				<time>2018-02-12T03:49:46Z</time>
			</trkpt>
			<trkpt lat="19.285433" lon="98.476698">
				<ele>523.651926</ele>
				<time>2018-02-12T03:49:48Z</time>
			</trkpt>
			<trkpt lat="19.285570" lon="98.476363">
				<ele>523.320070</ele>
				<time>2018-02-12T03:49:50Z</time>
			</trkpt>
			<trkpt lat="19.285646" lon="98.476177">
				<ele>522.764035</ele>
				<time>2018-02-12T03:49:51Z</time>
			</trkpt>
			<trkpt lat="19.285737" lon="98.475992">
				<ele>521.888731</ele>
				<time>2018-02-12T03:49:52Z</time>
			</trkpt>
			<trkpt lat="19.285829" lon="98.475798">
				<ele>522.781534</ele>
				<time>2018-02-12T03:49:53Z</time>
			</trkpt>
			<trkpt lat="19.285926" lon="98.475588">
				<ele>521.330601</ele>
				<time>2018-02-12T03:49:54Z</time>
			</trkpt>
			<trkpt lat="19.286024" lon="98.475379">
				<ele>520.046122</ele>
				<time>2018-02-12T03:49:55Z</time>
			</trkpt>
			<trkpt lat="19.286111" lon="98.475159">
				<ele>518.897028</ele>
				<time>2018-02-12T03:49:56Z</time>
			</trkpt>
			<trkpt lat="19.286198" lon="98.474964">
				<ele>520.636027</ele>
				<time>2018-02-12T03:49:57Z</time>
			</trkpt>
			<trkpt lat="19.286283" lon="98.474778">
				<ele>520.326543</ele>
				<time>2018-02-12T03:49:58Z</time>
			</trkpt>
			<trkpt lat="19.286366" lon="98.474601">
				<ele>520.270488</ele>
				<time>2018-02-12T03:49:59Z</time>
			</trkpt>
			<trkpt lat="19.286550" lon="98.474324">
				<ele>520.423215</ele>
				<time>2018-02-12T03:50:01Z</time>
			</trkpt>
			<trkpt lat="19.286797" lon="98.474095">
				<ele>519.209701</ele>
				<time>2018-02-12T03:50:03Z</time>
			</trkpt>
			<trkpt lat="19.287117" lon="98.473932">
				<ele>518.777730</ele>
				<time>2018-02-12T03:50:05Z</time>
			</trkpt>
			<trkpt lat="19.287302" lon="98.473863">
				<ele>517.954668</ele>
				<time>2018-02-12T03:50:06Z</time>
			</trkpt>
			<trkpt lat="19.287490" lon="98.473788">
				<ele>517.009933</ele>
				<time>2018-02-12T03:50:07Z</time>
			</trkpt>
			<trkpt lat="19.287692" lon="98.473718">
				<ele>516.482361</ele>
				<time>2018-02-12T03:50:08Z</time>
			</trkpt>
			<trkpt lat="19.287905" lon="98.473649">
				<ele>514.906589</ele>
				<time>2018-02-12T03:50:09Z</time>
			</trkpt>
			<trkpt lat="19.288112" lon="98.473582">
				<ele>515.006234</ele>
				<time>2018-02-12T03:50:10Z</time>
			</trkpt>
			<trkpt lat="19.288331" lon="98.473513">
				<ele>512.748528</ele>
				<time>2018-02-12T03:50:11Z</time>
			</trkpt>
			<trkpt lat="19.288548" lon="98.473443">
				<ele>511.984510</ele>
				<time>2018-02-12T03:50:12Z</time>
			</trkpt>
			<trkpt lat="19.288766" lon="98.473371">
				<ele>509.807253</ele>
				<time>2018-02-12T03:50:13Z</time>
			</trkpt>
			<trkpt lat="19.288985" lon="98.473320">
				<ele>508.072321</ele>
				<time>2018-02-12T03:50:14Z</time>
			</trkpt>
			<trkpt lat="19.289204" lon="98.473259">
				<ele>507.127720</ele>
				<time>2018-02-12T03:50:15Z</time>
			</trkpt>
			<trkpt lat="19.289422" lon="98.473200">
				<ele>505.151828</ele>
				<time>2018-02-12T03:50:16Z</time>
			</trkpt>
			<trkpt lat="19.289601" lon="98.473133">
				<ele>505.155972</ele>
				<time>2018-02-12T03:50:17Z</time>
			</trkpt>
			<trkpt lat="19.289788" lon="98.473081">
				<ele>504.536283</ele>
				<time>2018-02-12T03:50:18Z</time>
			</trkpt>
			<trkpt lat="19.289975" lon="98.473014">
				<ele>502.509457</ele>
				<time>2018-02-12T03:50:19Z</time>
			</trkpt>
			<trkpt lat="19.290163" lon="98.472961">
				<ele>502.830106</ele>
				<time>2018-02-12T03:50:20Z</time>
			</trkpt>
			<trkpt lat="19.290492" lon="98.472924">
				<ele>503.332864</ele>
				<time>2018-02-12T03:50:22Z</time>
			</trkpt>
			<trkpt lat="19.290765" lon="98.472977">
				<ele>504.552701</ele>
				<time>2018-02-12T03:50:24Z</time>
			</trkpt>
			<trkpt lat="19.291042" lon="98.473126">
				<ele>505.127419</ele>
				<time>2018-02-12T03:50:26Z</time>
			</trkpt>
			<trkpt lat="19.291332" lon="98.473269">
				<ele>505.551505</ele>
				<time>2018-02-12T03:50:28Z</time>
			</trkpt>
			<trkpt lat="19.291627" lon="98.473348">
				<ele>505.608218</ele>
				<time>2018-02-12T03:50:30Z</time>
			</trkpt>
			<trkpt lat="19.291951" lon="98.473360">
				<ele>506.517779</ele>
				<time>2018-02-12T03:50:32Z</time>
			</trkpt>
			<trkpt lat="19.292266" lon="98.473247">
				<ele>507.116652</ele>
				<time>2018-02-12T03:50:34Z</time>
			</trkpt>
			<trkpt lat="19.292634" lon="98.473075">
				<ele>505.431718</ele>
				<time>2018-02-12T03:50:36Z</time>
			</trkpt>
			<trkpt lat="19.292823" lon="98.472975">
				<ele>504.291960</ele>
				<time>2018-02-12T03:50:37Z</time>
			</trkpt>
			<trkpt lat="19.293022" lon="98.472886">
				<ele>503.738411</ele>
				<time>2018-02-12T03:50:38Z</time>
			</trkpt>
			<trkpt lat="19.293210" lon="98.472796">
				<ele>503.460831</ele>
				<time>2018-02-12T03:50:39Z</time>
			</trkpt>
			<trkpt lat="19.293411" lon="98.472732">
				<ele>503.102587</ele>
				<time>2018-02-12T03:50:40Z</time>
			</trkpt>
			<trkpt lat="19.293623" lon="98.472661">
				<ele>502.600448</ele>
				<time>2018-02-12T03:50:41Z</time>
			</trkpt>
			<trkpt lat="19.293837" lon="98.472595">
				<ele>503.117807</ele>
				<time>2018-02-12T03:50:42Z</time>
			</trkpt>
			<trkpt lat="19.294041" lon="98.472548">
				<ele>503.267042</ele>
				<time>2018-02-12T03:50:43Z</time>
			</trkpt>
			<trkpt lat="19.294258" lon="98.472492">
				<ele>503.601883</ele>
				<time>2018-02-12T03:50:44Z</time>
			</trkpt>
			<trkpt lat="19.294477" lon="98.472434">
				<ele>504.150689</ele>
				<time>2018-02-12T03:50:45Z</time>
			</trkpt>
			<trkpt lat="19.294693" lon="98.472388">
				<ele>504.124869</ele>
				<time>2018-02-12T03:50:46Z</time>
			</trkpt>
			<trkpt lat="19.294888" lon="98.472357">
				<ele>504.917712</ele>
				<time>2018-02-12T03:50:47Z</time>
			</trkpt>
			<trkpt lat="19.295085" lon="98.472323">
				<ele>505.476754</ele>
				<time>2018-02-12T03:50:48Z</time>
			</trkpt>
			<trkpt lat="19.295423" lon="98.472264">
				<ele>506.772505</ele>
				<time>2018-02-12T03:50:50Z</time>
			</trkpt>
			<trkpt lat="19.295605" lon="98.472254">
				<ele>506.340223</ele>
				<time>2018-02-12T03:50:51Z</time>
			</trkpt>
			<trkpt lat="19.295943" lon="98.472210">
				<ele>506.467391</ele>
				<time>2018-02-12T03:50:53Z</time>
			</trkpt>
			<trkpt lat="19.296215" lon="98.472116">
				<ele>506.686636</ele>
				<time>2018-02-12T03:50:55Z</time>
			</trkpt>
			<trkpt lat="19.296444" lon="98.471912">
				<ele>505.352520</ele>
				<time>2018-02-12T03:50:57Z</time>
			</trkpt>
			<trkpt lat="19.296552" lon="98.471685">
				<ele>505.386071</ele>
				<time>2018-02-12T03:50:59Z</time>
			</trkpt>
			<trkpt lat="19.296528" lon="98.471358">
				<ele>504.245714</ele>
				<time>2018-02-12T03:51:01Z</time>
			</trkpt>
			<trkpt lat="19.296498" lon="98.471020">
				<ele>503.009958</ele>
				<time>2018-02-12T03:51:03Z</time>
			</trkpt>
			<trkpt lat="19.296428" lon="98.470649">
				<ele>500.515927</ele>
				<time>2018-02-12T03:51:05Z</time>
			</trkpt>
			<trkpt lat="19.296392" lon="98.470289">
				<ele>500.786721</ele>
				<time>2018-02-12T03:51:07Z</time>
			</trkpt>
			<trkpt lat="19.296375" lon="98.469933">
				<ele>500.158098</ele>
				<time>2018-02-12T03:51:09Z</time>
			</trkpt>
			<trkpt lat="19.296436" lon="98.469589">
				<ele>498.375394</ele>
				<time>2018-02-12T03:51:11Z</time>
			</trkpt>
			<trkpt lat="19.296558" lon="98.469260">
				<ele>498.453818</ele>
				<time>2018-02-12T03:51:13Z</time>
			</trkpt>
			<trkpt lat="19.296705" lon="98.468969">
				<ele>497.889513</ele>
				<time>2018-02-12T03:51:15Z</time>
			</trkpt>
			<trkpt lat="19.296866" lon="98.468698">
				<ele>498.743518</ele>
				<time>2018-02-12T03:51:17Z</time>
			</trkpt>
			<trkpt lat="19.296992" lon="98.468437">
				<ele>497.732093</ele>
				<time>2018-02-12T03:51:19Z</time>
			</trkpt>
			<trkpt lat="19.297034" lon="98.468165">
				<ele>497.915845</ele>
				<time>2018-02-12T03:51:21Z</time>
			</trkpt>
			<trkpt lat="19.296941" lon="98.467861">
				<ele>497.310023</ele>
				<time>2018-02-12T03:51:23Z</time>
			</trkpt>
			<trkpt lat="19.296809" lon="98.467616">
				<ele>497.873211</ele>
				<time>2018-02-12T03:51:25Z</time>
			</trkpt>
			<trkpt lat="19.296661" lon="98.467386">
				<ele>496.061925</ele>
				<time>2018-02-12T03:51:27Z</time>
			</trkpt>
			<trkpt lat="19.296521" lon="98.467133">
				<ele>494.129561</ele>
				<time>2018-02-12T03:51:29Z</time>
			</trkpt>
			<trkpt lat="19.296486" lon="98.466826">
				<ele>492.548398</ele>
				<time>2018-02-12T03:51:31Z</time>
			</trkpt>
			<trkpt lat="19.296523" lon="98.466508">
				<ele>491.866826</ele>
				<time>2018-02-12T03:51:33Z</time>
			</trkpt>
			<trkpt lat="19.296566" lon="98.466254">
				<ele>490.955371</ele>
				<time>2018-02-12T03:51:35Z</time>
			</trkpt>
			<trkpt lat="19.296608" lon="98.466054">
				<ele>491.831229</ele>
				<time>2018-02-12T03:51:37Z</time>
			</trkpt>
			<trkpt lat="19.296682" lon="98.465868">
				<ele>491.268704</ele>
				<time>2018-02-12T03:51:39Z</time>
			</trkpt>
			<trkpt lat="19.296792" lon="98.465649">
				<ele>490.475843</ele>
				<time>2018-02-12T03:51:41Z</time>
			</trkpt>
			<trkpt lat="19.296943" lon="98.465414">
				<ele>489.496998</ele>
				<time>2018-02-12T03:51:43Z</time>
			</trkpt>
			<trkpt lat="19.297134" lon="98.465195">
				<ele>490.267977</ele>
				<time>2018-02-12T03:51:45Z</time>
			</trkpt>
			<trkpt lat="19.297362" lon="98.465007">
				<ele>490.942242</ele>
				<time>2018-02-12T03:51:47Z</time>
			</trkpt>
			<trkpt lat="19.297636" lon="98.464826">
				<ele>490.421124</ele>
				<time>2018-02-12T03:51:49Z</time>
			</trkpt>
			<trkpt lat="19.297935" lon="98.464640">
				<ele>490.222957</ele>
				<time>2018-02-12T03:51:51Z</time>
			</trkpt>
			<trkpt lat="19.298093" lon="98.464549">
				<ele>489.328379</ele>
				<time>2018-02-12T03:51:52Z</time>
			</trkpt>
			<trkpt lat="19.298397" lon="98.464368">
				<ele>489.286252</ele>
				<time>2018-02-12T03:51:54Z</time>
			</trkpt>
			<trkpt lat="19.298684" lon="98.464180">
				<ele>489.153255</ele>
				<time>2018-02-12T03:51:56Z</time>
			</trkpt>
			<trkpt lat="19.298984" lon="98.463984">
				<ele>488.200723</ele>
				<time>2018-02-12T03:51:58Z</time>
			</trkpt>
			<trkpt lat="19.299295" lon="98.463780">
				<ele>487.300432</ele>
				<time>2018-02-12T03:52:00Z</time>
			</trkpt>
			<trkpt lat="19.299452" lon="98.463672">
				<ele>487.812128</ele>
				<time>2018-02-12T03:52:01Z</time>
			</trkpt>
			<trkpt lat="19.299610" lon="98.463573">
				<ele>486.692672</ele>
				<time>2018-02-12T03:52:02Z</time>
			</trkpt>
			<trkpt lat="19.299766" lon="98.463474">
				<ele>485.976914</ele>
				<time>2018-02-12T03:52:03Z</time>
			</trkpt>
			<trkpt lat="19.299929" lon="98.463369">
				<ele>485.754824</ele>
				<time>2018-02-12T03:52:04Z</time>
			</trkpt>
			<trkpt lat="19.300095" lon="98.463263">
				<ele>486.038810</ele>
				<time>2018-02-12T03:52:05Z</time>
			</trkpt>
			<trkpt lat="19.300264" lon="98.463160">
				<ele>486.021308</ele>
				<time>2018-02-12T03:52:06Z</time>
			</trkpt>
			<trkpt lat="19.300431" lon="98.463058">
				<ele>486.343338</ele>
				<time>2018-02-12T03:52:07Z</time>
			</trkpt>
			<trkpt lat="19.300602" lon="98.462963">
				<ele>485.908226</ele>
				<time>2018-02-12T03:52:08Z</time>
			</trkpt>
			<trkpt lat="19.300774" lon="98.462860">
				<ele>486.622625</ele>
				<time>2018-02-12T03:52:09Z</time>
			</trkpt>
			<trkpt lat="19.300946" lon="98.462759">
				<ele>486.974373</ele>
				<time>2018-02-12T03:52:10Z</time>
			</trkpt>
			<trkpt lat="19.301120" lon="98.462650">
				<ele>488.194554</ele>
				<time>2018-02-12T03:52:11Z</time>
			</trkpt>
			<trkpt lat="19.301300" lon="98.462546">
				<ele>488.299795</ele>
				<time>2018-02-12T03:52:12Z</time>
			</trkpt>
			<trkpt lat="19.301473" lon="98.462450">
				<ele>488.972139</ele>
				<time>2018-02-12T03:52:13Z</time>
			</trkpt>
			<trkpt lat="19.301660" lon="98.462348">
				<ele>490.212157</ele>
				<time>2018-02-12T03:52:14Z</time>
			</trkpt>
			<trkpt lat="19.301834" lon="98.462248">
				<ele>490.863178</ele>
				<time>2018-02-12T03:52:15Z</time>
			</trkpt>
			<trkpt lat="19.302009" lon="98.462149">
				<ele>491.724237</ele>
				<time>2018-02-12T03:52:16Z</time>
			</trkpt>
			<trkpt lat="19.302186" lon="98.462049">
				<ele>492.776711</ele>
				<time>2018-02-12T03:52:17Z</time>
			</trkpt>
			<trkpt lat="19.302357" lon="98.461953">
				<ele>494.269668</ele>
				<time>2018-02-12T03:52:18Z</time>
			</trkpt>
			<trkpt lat="19.302524" lon="98.461856">
				<ele>494.142831</ele>
				<time>2018-02-12T03:52:19Z</time>
			</trkpt>
			<trkpt lat="19.302690" lon="98.461756">
				<ele>495.834668</ele>
				<time>2018-02-12T03:52:20Z</time>
			</trkpt>
			<trkpt lat="19.302861" lon="98.461654">
				<ele>496.128670</ele>
				<time>2018-02-12T03:52:21Z</time>
			</trkpt>
			<trkpt lat="19.303027" lon="98.461556">
				<ele>496.124509</ele>
				<time>2018-02-12T03:52:22Z</time>
			</trkpt>
			<trkpt lat="19.303309" lon="98.461354">
				<ele>498.725567</ele>
				<time>2018-02-12T03:52:23Z</time>
			</trkpt>
			<trkpt lat="19.303541" lon="98.461096">
				<ele>500.269255</ele>
				<time>2018-02-12T03:52:25Z</time>
			</trkpt>
			<trkpt lat="19.303721" lon="98.460810">
				<ele>500.272202</ele>
				<time>2018-02-12T03:52:27Z</time>
			</trkpt>
			<trkpt lat="19.303825" lon="98.460449">
				<ele>501.915045</ele>
				<time>2018-02-12T03:52:29Z</time>
			</trkpt>
			<trkpt lat="19.303891" lon="98.460256">
				<ele>503.028644</ele>
				<time>2018-02-12T03:52:30Z</time>
			</trkpt>
			<trkpt lat="19.304017" lon="98.459884">
				<ele>504.260747</ele>
				<time>2018-02-12T03:52:32Z</time>
			</trkpt>
			<trkpt lat="19.304076" lon="98.459687">
				<ele>505.122891</ele>
				<time>2018-02-12T03:52:33Z</time>
			</trkpt>
			<trkpt lat="19.304195" lon="98.459321">
				<ele>505.584220</ele>
				<time>2018-02-12T03:52:35Z</time>
			</trkpt>
			<trkpt lat="19.304279" lon="98.458969">
				<ele>508.828819</ele>
				<time>2018-02-12T03:52:37Z</time>
			</trkpt>
			<trkpt lat="19.304269" lon="98.458593">
				<ele>509.419182</ele>
				<time>2018-02-12T03:52:39Z</time>
			</trkpt>
			<trkpt lat="19.304242" lon="98.458405">
				<ele>509.354278</ele>
				<time>2018-02-12T03:52:40Z</time>
			</trkpt>
			<trkpt lat="19.304210" lon="98.458200">
				<ele>512.832829</ele>
				<time>2018-02-12T03:52:41Z</time>
			</trkpt>
			<trkpt lat="19.304177" lon="98.457996">
				<ele>510.012199</ele>
				<time>2018-02-12T03:52:42Z</time>
			</trkpt>
			<trkpt lat="19.304135" lon="98.457782">
				<ele>507.985688</ele>
				<time>2018-02-12T03:52:43Z</time>
			</trkpt>
			<trkpt lat="19.304095" lon="98.457581">
				<ele>508.879873</ele>
				<time>2018-02-12T03:52:44Z</time>
			</trkpt>
			<trkpt lat="19.304059" lon="98.457380">
				<ele>510.493911</ele>
				<time>2018-02-12T03:52:45Z</time>
			</trkpt>
			<trkpt lat="19.304072" lon="98.457052">
				<ele>512.613809</ele>
				<time>2018-02-12T03:52:47Z</time>
			</trkpt>
			<trkpt lat="19.304154" lon="98.456733">
				<ele>513.051658</ele>
				<time>2018-02-12T03:52:49Z</time>
			</trkpt>
			<trkpt lat="19.304301" lon="98.456422">
				<ele>516.086669</ele>
				<time>2018-02-12T03:52:51Z</time>
			</trkpt>
			<trkpt lat="19.304452" lon="98.456120">
				<ele>519.870585</ele>
				<time>2018-02-12T03:52:53Z</time>
			</trkpt>
			<trkpt lat="19.304563" lon="98.455785">
				<ele>522.602809</ele>
				<time>2018-02-12T03:52:55Z</time>
			</trkpt>
			<trkpt lat="19.304597" lon="98.455451">
				<ele>524.704315</ele>
				<time>2018-02-12T03:52:57Z</time>
			</trkpt>
			<trkpt lat="19.304683" lon="98.455141">
				<ele>528.147892</ele>
				<time>2018-02-12T03:52:59Z</time>
			</trkpt>
			<trkpt lat="19.304840" lon="98.454858">
				<ele>529.753404</ele>
				<time>2018-02-12T03:53:01Z</time>
			</trkpt>
			<trkpt lat="19.305027" lon="98.454581">
				<ele>532.006953</ele>
				<time>2018-02-12T03:53:03Z</time>
			</trkpt>
			<trkpt lat="19.305201" lon="98.454288">
				<ele>534.046093</ele>
				<time>2018-02-12T03:53:05Z</time>
			</trkpt>
			<trkpt lat="19.305371" lon="98.453981">
				<ele>537.030754</ele>
				<time>2018-02-12T03:53:07Z</time>
			</trkpt>
			<trkpt lat="19.305519" lon="98.453641">
				<ele>540.051590</ele>
				<time>2018-02-12T03:53:09Z</time>
			</trkpt>
			<trkpt lat="19.305657" lon="98.453324">
				<ele>541.948760</ele>
				<time>2018-02-12T03:53:11Z</time>
			</trkpt>
			<trkpt lat="19.305834" lon="98.453066">
				<ele>543.812857</ele>
				<time>2018-02-12T03:53:13Z</time>
			</trkpt>
			<trkpt lat="19.306080" lon="98.452901">
				<ele>542.930571</ele>
				<time>2018-02-12T03:53:15Z</time>
			</trkpt>
			<trkpt lat="19.306376" lon="98.452828">
				<ele>542.626371</ele>
				<time>2018-02-12T03:53:17Z</time>
			</trkpt>
			<trkpt lat="19.306716" lon="98.452772">
				<ele>540.424890</ele>
				<time>2018-02-12T03:53:19Z</time>
			</trkpt>
			<trkpt lat="19.306896" lon="98.452747">
				<ele>540.241013</ele>
				<time>2018-02-12T03:53:20Z</time>
			</trkpt>
			<trkpt lat="19.307278" lon="98.452710">
				<ele>536.665069</ele>
				<time>2018-02-12T03:53:22Z</time>
			</trkpt>
			<trkpt lat="19.307473" lon="98.452688">
				<ele>535.329547</ele>
				<time>2018-02-12T03:53:23Z</time>
			</trkpt>
			<trkpt lat="19.307827" lon="98.452659">
				<ele>532.917347</ele>
				<time>2018-02-12T03:53:25Z</time>
			</trkpt>
			<trkpt lat="19.308152" lon="98.452608">
				<ele>529.349705</ele>
				<time>2018-02-12T03:53:27Z</time>
			</trkpt>
			<trkpt lat="19.308476" lon="98.452613">
				<ele>528.031996</ele>
				<time>2018-02-12T03:53:29Z</time>
			</trkpt>
			<trkpt lat="19.308818" lon="98.452665">
				<ele>523.974623</ele>
				<time>2018-02-12T03:53:31Z</time>
			</trkpt>
			<trkpt lat="19.309159" lon="98.452746">
				<ele>524.177894</ele>
				<time>2018-02-12T03:53:33Z</time>
			</trkpt>
			<trkpt lat="19.309498" lon="98.452852">
				<ele>520.260359</ele>
				<time>2018-02-12T03:53:35Z</time>
			</trkpt>
			<trkpt lat="19.309818" lon="98.452959">
				<ele>517.042662</ele>
				<time>2018-02-12T03:53:37Z</time>
			</trkpt>
			<trkpt lat="19.310107" lon="98.453027">
				<ele>516.053666</ele>
				<time>2018-02-12T03:53:39Z</time>
			</trkpt>
			<trkpt lat="19.310394" lon="98.453045">
				<ele>514.257400</ele>
				<time>2018-02-12T03:53:41Z</time>
			</trkpt>
			<trkpt lat="19.310706" lon="98.452986">
				<ele>512.034253</ele>
				<time>2018-02-12T03:53:43Z</time>
			</trkpt>
			<trkpt lat="19.311046" lon="98.452885">
				<ele>510.057148</ele>
				<time>2018-02-12T03:53:45Z</time>
			</trkpt>
			<trkpt lat="19.311359" lon="98.452781">
				<ele>508.561615</ele>
				<time>2018-02-12T03:53:47Z</time>
			</trkpt>
			<trkpt lat="19.311653" lon="98.452656">
				<ele>506.856763</ele>
				<time>2018-02-12T03:53:49Z</time>
			</trkpt>
			<trkpt lat="19.311859" lon="98.452358">
				<ele>504.949164</ele>
				<time>2018-02-12T03:53:51Z</time>
			</trkpt>
			<trkpt lat="19.312117" lon="98.452073">
				<ele>503.689619</ele>
				<time>2018-02-12T03:53:53Z</time>
			</trkpt>
			<trkpt lat="19.312260" lon="98.451920">
				<ele>503.582627</ele>
				<time>2018-02-12T03:53:54Z</time>
			</trkpt>
			<trkpt lat="19.312398" lon="98.451765">
				<ele>501.375181</ele>
				<time>2018-02-12T03:53:55Z</time>
			</trkpt>
			<trkpt lat="19.312529" lon="98.451588">
				<ele>501.244833</ele>
				<time>2018-02-12T03:53:56Z</time>
			</trkpt>
			<trkpt lat="19.312672" lon="98.451433">
				<ele>500.470775</ele>
				<time>2018-02-12T03:53:57Z</time>
			</trkpt>
			<trkpt lat="19.312795" lon="98.451276">
				<ele>499.553789</ele>
				<time>2018-02-12T03:53:58Z</time>
			</trkpt>
			<trkpt lat="19.312910" lon="98.451121">
				<ele>499.973442</ele>
				<time>2018-02-12T03:53:59Z</time>
			</trkpt>
			<trkpt lat="19.313108" lon="98.450800">
				<ele>498.404378</ele>
				<time>2018-02-12T03:54:01Z</time>
			</trkpt>
			<trkpt lat="19.313331" lon="98.450495">
				<ele>495.398971</ele>
				<time>2018-02-12T03:54:03Z</time>
			</trkpt>
			<trkpt lat="19.313546" lon="98.450219">
				<ele>494.338168</ele>
				<time>2018-02-12T03:54:05Z</time>
			</trkpt>
			<trkpt lat="19.313794" lon="98.449993">
				<ele>494.773152</ele>
				<time>2018-02-12T03:54:07Z</time>
			</trkpt>
			<trkpt lat="19.314016" lon="98.449797">
				<ele>494.810158</ele>
				<time>2018-02-12T03:54:09Z</time>
			</trkpt>
			<trkpt lat="19.314169" lon="98.449577">
				<ele>495.637314</ele>
				<time>2018-02-12T03:54:11Z</time>
			</trkpt>
			<trkpt lat="19.314212" lon="98.449332">
				<ele>495.912343</ele>
				<time>2018-02-12T03:54:13Z</time>
			</trkpt>
			<trkpt lat="19.314160" lon="98.449047">
				<ele>497.633576</ele>
				<time>2018-02-12T03:54:15Z</time>
			</trkpt>
			<trkpt lat="19.314112" lon="98.448740">
				<ele>497.368766</ele>
				<time>2018-02-12T03:54:17Z</time>
			</trkpt>
			<trkpt lat="19.314066" lon="98.448416">
				<ele>498.618850</ele>
				<time>2018-02-12T03:54:19Z</time>
			</trkpt>
			<trkpt lat="19.314011" lon="98.448073">
				<ele>500.551489</ele>
				<time>2018-02-12T03:54:21Z</time>
			</trkpt>
			<trkpt lat="19.313966" lon="98.447726">
				<ele>504.197503</ele>
				<time>2018-02-12T03:54:23Z</time>
			</trkpt>
			<trkpt lat="19.313966" lon="98.447364">
				<ele>505.862567</ele>
				<time>2018-02-12T03:54:25Z</time>
			</trkpt>
			<trkpt lat="19.313966" lon="98.446990">
				<ele>507.985942</ele>
				<time>2018-02-12T03:54:27Z</time>
			</trkpt>
			<trkpt lat="19.313954" lon="98.446595">
				<ele>509.331114</ele>
				<time>2018-02-12T03:54:29Z</time>
			</trkpt>
			<trkpt lat="19.313940" lon="98.446391">
				<ele>509.086013</ele>
				<time>2018-02-12T03:54:30Z</time>
			</trkpt>
			<trkpt lat="19.313923" lon="98.446182">
				<ele>509.721820</ele>
				<time>2018-02-12T03:54:31Z</time>
			</trkpt>
			<trkpt lat="19.313899" lon="98.445970">
				<ele>509.380734</ele>
				<time>2018-02-12T03:54:32Z</time>
			</trkpt>
			<trkpt lat="19.313880" lon="98.445760">
				<ele>510.116615</ele>
				<time>2018-02-12T03:54:33Z</time>
			</trkpt>
			<trkpt lat="19.313862" lon="98.445554">
				<ele>510.902150</ele>
				<time>2018-02-12T03:54:34Z</time>
			</trkpt>
			<trkpt lat="19.313853" lon="98.445346">
				<ele>511.431924</ele>
				<time>2018-02-12T03:54:35Z</time>
			</trkpt>
			<trkpt lat="19.313836" lon="98.445146">
				<ele>512.919285</ele>
				<time>2018-02-12T03:54:36Z</time>
			</trkpt>
			<trkpt lat="19.313819" lon="98.444790">
				<ele>515.412241</ele>
				<time>2018-02-12T03:54:38Z</time>
			</trkpt>
			<trkpt lat="19.313789" lon="98.444461">
				<ele>516.813289</ele>
				<time>2018-02-12T03:54:40Z</time>
			</trkpt>
			<trkpt lat="19.313699" lon="98.444170">
				<ele>519.910481</ele>
				<time>2018-02-12T03:54:42Z</time>
			</trkpt>
			<trkpt lat="19.313554" lon="98.443912">
				<ele>521.116615</ele>
				<time>2018-02-12T03:54:44Z</time>
			</trkpt>
			<trkpt lat="19.313386" lon="98.443623">
				<ele>520.699902</ele>
				<time>2018-02-12T03:54:46Z</time>
			</trkpt>
			<trkpt lat="19.313197" lon="98.443362">
				<ele>519.804345</ele>
				<time>2018-02-12T03:54:48Z</time>
			</trkpt>
			<trkpt lat="19.313028" lon="98.443105">
				<ele>519.709552</ele>
				<time>2018-02-12T03:54:50Z</time>
			</trkpt>
			<trkpt lat="19.312864" lon="98.442845">
				<ele>516.609965</ele>
				<time>2018-02-12T03:54:52Z</time>
			</trkpt>
			<trkpt lat="19.312753" lon="98.442605">
				<ele>514.126851</ele>
				<time>2018-02-12T03:54:54Z</time>
			</trkpt>
			<trkpt lat="19.312739" lon="98.442354">
				<ele>513.092266</ele>
				<time>2018-02-12T03:54:56Z</time>
			</trkpt>
			<trkpt lat="19.312768" lon="98.442106">
				<ele>510.262963</ele>
				<time>2018-02-12T03:54:58Z</time>
			</trkpt>
			<trkpt lat="19.312870" lon="98.441865">
				<ele>508.093578</ele>
				<time>2018-02-12T03:55:00Z</time>
			</trkpt>
			<trkpt lat="19.313054" lon="98.441695">
				<ele>507.045182</ele>
				<time>2018-02-12T03:55:02Z</time>
			</trkpt>
			<trkpt lat="19.313317" lon="98.441550">
				<ele>505.604795</ele>
				<time>2018-02-12T03:55:04Z</time>
			</trkpt>
			<trkpt lat="19.313611" lon="98.441417">
				<ele>506.573080</ele>
				<time>2018-02-12T03:55:06Z</time>
			</trkpt>
			<trkpt lat="19.313935" lon="98.441276">
				<ele>506.579332</ele>
				<time>2018-02-12T03:55:08Z</time>
			</trkpt>
			<trkpt lat="19.314107" lon="98.441204">
				<ele>507.838217</ele>
				<time>2018-02-12T03:55:09Z</time>
			</trkpt>
			<trkpt lat="19.314275" lon="98.441125">
				<ele>508.240460</ele>
				<time>2018-02-12T03:55:10Z</time>
			</trkpt>
			<trkpt lat="19.314451" lon="98.441049">
				<ele>509.045686</ele>
				<time>2018-02-12T03:55:11Z</time>
			</trkpt>
			<trkpt lat="19.314630" lon="98.440973">
				<ele>509.247287</ele>
				<time>2018-02-12T03:55:12Z</time>
			</trkpt>
			<trkpt lat="19.314805" lon="98.440889">
				<ele>509.905798</ele>
				<time>2018-02-12T03:55:13Z</time>
			</trkpt>
			<trkpt lat="19.314985" lon="98.440795">
				<ele>510.814253</ele>
				<time>2018-02-12T03:55:14Z</time>
			</trkpt>
			<trkpt lat="19.315159" lon="98.440712">
				<ele>510.955947</ele>
				<time>2018-02-12T03:55:15Z</time>
			</trkpt>
			<trkpt lat="19.315331" lon="98.440631">
				<ele>510.986514</ele>
				<time>2018-02-12T03:55:16Z</time>
			</trkpt>
			<trkpt lat="19.315507" lon="98.440544">
				<ele>512.754913</ele>
				<time>2018-02-12T03:55:17Z</time>
			</trkpt>
			<trkpt lat="19.315683" lon="98.440458">
				<ele>514.811958</ele>
				<time>2018-02-12T03:55:18Z</time>
			</trkpt>
			<trkpt lat="19.315862" lon="98.440377">
				<ele>514.274181</ele>
				<time>2018-02-12T03:55:19Z</time>
			</trkpt>
			<trkpt lat="19.316039" lon="98.440298">
				<ele>515.143675</ele>
				<time>2018-02-12T03:55:20Z</time>
			</trkpt>
			<trkpt lat="19.316206" lon="98.440218">
				<ele>515.800437</ele>
				<time>2018-02-12T03:55:21Z</time>
			</trkpt>
			<trkpt lat="19.316531" lon="98.440063">
				<ele>517.169616</ele>
				<time>2018-02-12T03:55:23Z</time>
			</trkpt>
			<trkpt lat="19.316827" lon="98.439881">
				<ele>519.021642</ele>
				<time>2018-02-12T03:55:25Z</time>
			</trkpt>
			<trkpt lat="19.317089" lon="98.439722">
				<ele>519.940532</ele>
				<time>2018-02-12T03:55:27Z</time>
			</trkpt>
			<trkpt lat="19.317356" lon="98.439545">
				<ele>519.518257</ele>
				<time>2018-02-12T03:55:29Z</time>
			</trkpt>
			<trkpt lat="19.317638" lon="98.439337">
				<ele>520.177857</ele>
				<time>2018-02-12T03:55:31Z</time>
			</trkpt>
			<trkpt lat="19.317918" lon="98.439113">
				<ele>520.579741</ele>
				<time>2018-02-12T03:55:33Z</time>
			</trkpt>
			<trkpt lat="19.318216" lon="98.438901">
				<ele>520.493058</ele>
				<time>2018-02-12T03:55:35Z</time>
			</trkpt>
			<trkpt lat="19.318365" lon="98.438790">
				<ele>520.550188</ele>
				<time>2018-02-12T03:55:36Z</time>
			</trkpt>
			<trkpt lat="19.318518" lon="98.438673">
				<ele>521.247837</ele>
				<time>2018-02-12T03:55:37Z</time>
			</trkpt>
			<trkpt lat="19.318671" lon="98.438562">
				<ele>522.270222</ele>
				<time>2018-02-12T03:55:38Z</time>
			</trkpt>
			<trkpt lat="19.318824" lon="98.438452">
				<ele>522.355107</ele>
				<time>2018-02-12T03:55:39Z</time>
			</trkpt>
			<trkpt lat="19.318982" lon="98.438341">
				<ele>522.319315</ele>
				<time>2018-02-12T03:55:40Z</time>
			</trkpt>
			<trkpt lat="19.319142" lon="98.438227">
				<ele>523.043171</ele>
				<time>2018-02-12T03:55:41Z</time>
			</trkpt>
			<trkpt lat="19.319295" lon="98.438112">
				<ele>523.597864</ele>
				<time>2018-02-12T03:55:42Z</time>
			</trkpt>
			<trkpt lat="19.319451" lon="98.437993">
				<ele>517.146429</ele>
				<time>2018-02-12T03:55:43Z</time>
			</trkpt>
			<trkpt lat="19.319603" lon="98.437880">
				<ele>525.178741</ele>
				<time>2018-02-12T03:55:44Z</time>
			</trkpt>
			<trkpt lat="19.319750" lon="98.437767">
				<ele>524.942047</ele>
				<time>2018-02-12T03:55:45Z</time>
			</trkpt>
			<trkpt lat="19.319909" lon="98.437665">
				<ele>524.956879</ele>
				<time>2018-02-12T03:55:46Z</time>
			</trkpt>
			<trkpt lat="19.320060" lon="98.437552">
				<ele>525.590851</ele>
				<time>2018-02-12T03:55:47Z</time>
			</trkpt>
			<trkpt lat="19.320212" lon="98.437437">
				<ele>526.109955</ele>
				<time>2018-02-12T03:55:48Z</time>
			</trkpt>
			<trkpt lat="19.320365" lon="98.437323">
				<ele>526.128143</ele>
				<time>2018-02-12T03:55:49Z</time>
			</trkpt>
			<trkpt lat="19.320519" lon="98.437205">
				<ele>526.233124</ele>
				<time>2018-02-12T03:55:50Z</time>
			</trkpt>
			<trkpt lat="19.320672" lon="98.437093">
				<ele>526.688934</ele>
				<time>2018-02-12T03:55:51Z</time>
			</trkpt>
			<trkpt lat="19.320824" lon="98.436978">
				<ele>526.573334</ele>
				<time>2018-02-12T03:55:52Z</time>
			</trkpt>
			<trkpt lat="19.320975" lon="98.436860">
				<ele>527.160370</ele>
				<time>2018-02-12T03:55:53Z</time>
			</trkpt>
			<trkpt lat="19.321263" lon="98.436654">
				<ele>530.167328</ele>
				<time>2018-02-12T03:55:55Z</time>
			</trkpt>
			<trkpt lat="19.321555" lon="98.436519">
				<ele>532.950043</ele>
				<time>2018-02-12T03:55:57Z</time>
			</trkpt>
			<trkpt lat="19.321866" lon="98.436454">
				<ele>534.218170</ele>
				<time>2018-02-12T03:55:59Z</time>
			</trkpt>
			<trkpt lat="19.322191" lon="98.436464">
				<ele>533.081879</ele>
				<time>2018-02-12T03:56:01Z</time>
			</trkpt>
			<trkpt lat="19.322531" lon="98.436468">
				<ele>531.387699</ele>
				<time>2018-02-12T03:56:03Z</time>
			</trkpt>
			<trkpt lat="19.322876" lon="98.436472">
				<ele>529.608797</ele>
				<time>2018-02-12T03:56:05Z</time>
			</trkpt>
			<trkpt lat="19.323230" lon="98.436481">
				<ele>528.350368</ele>
				<time>2018-02-12T03:56:07Z</time>
			</trkpt>
			<trkpt lat="19.323581" lon="98.436498">
				<ele>524.440221</ele>
				<time>2018-02-12T03:56:09Z</time>
			</trkpt>
			<trkpt lat="19.323914" lon="98.436506">
				<ele>521.829132</ele>
				<time>2018-02-12T03:56:11Z</time>
			</trkpt>
			<trkpt lat="19.324258" lon="98.436507">
				<ele>520.860701</ele>
				<time>2018-02-12T03:56:13Z</time>
			</trkpt>
			<trkpt lat="19.324609" lon="98.436505">
				<ele>516.747730</ele>
				<time>2018-02-12T03:56:15Z</time>
			</trkpt>
			<trkpt lat="19.324961" lon="98.436507">
				<ele>515.574501</ele>
				<time>2018-02-12T03:56:17Z</time>
			</trkpt>
			<trkpt lat="19.325286" lon="98.436477">
				<ele>513.567659</ele>
				<time>2018-02-12T03:56:19Z</time>
			</trkpt>
			<trkpt lat="19.325635" lon="98.436462">
				<ele>510.561964</ele>
				<time>2018-02-12T03:56:21Z</time>
			</trkpt>
			<trkpt lat="19.325990" lon="98.436467">
				<ele>509.252363</ele>
				<time>2018-02-12T03:56:23Z</time>
			</trkpt>
			<trkpt lat="19.326324" lon="98.436459">
				<ele>508.482157</ele>
				<time>2018-02-12T03:56:25Z</time>
			</trkpt>
			<trkpt lat="19.326654" lon="98.436452">
				<ele>508.116139</ele>
				<time>2018-02-12T03:56:27Z</time>
			</trkpt>
			<trkpt lat="19.326950" lon="98.436421">
				<ele>508.504004</ele>
				<time>2018-02-12T03:56:29Z</time>
			</trkpt>
			<trkpt lat="19.327219" lon="98.436351">
				<ele>508.823913</ele>
				<time>2018-02-12T03:56:31Z</time>
			</trkpt>
			<trkpt lat="19.327449" lon="98.436241">
				<ele>509.294160</ele>
				<time>2018-02-12T03:56:33Z</time>
			</trkpt>
			<trkpt lat="19.327686" lon="98.436077">
				<ele>508.877211</ele>
				<time>2018-02-12T03:56:35Z</time>
			</trkpt>
			<trkpt lat="19.327963" lon="98.435900">
				<ele>508.794591</ele>
				<time>2018-02-12T03:56:37Z</time>
			</trkpt>
			<trkpt lat="19.328273" lon="98.435708">
				<ele>508.031835</ele>
				<time>2018-02-12T03:56:39Z</time>
			</trkpt>
			<trkpt lat="19.328436" lon="98.435612">
				<ele>508.327654</ele>
				<time>2018-02-12T03:56:40Z</time>
			</trkpt>
			<trkpt lat="19.328601" lon="98.435511">
				<ele>509.582099</ele>
				<time>2018-02-12T03:56:41Z</time>
			</trkpt>
			<trkpt lat="19.328755" lon="98.435409">
				<ele>510.519244</ele>
				<time>2018-02-12T03:56:42Z</time>
			</trkpt>
			<trkpt lat="19.328922" lon="98.435297">
				<ele>512.020164</ele>
				<time>2018-02-12T03:56:43Z</time>
			</trkpt>
			<trkpt lat="19.329088" lon="98.435188">
				<ele>511.760847</ele>
				<time>2018-02-12T03:56:44Z</time>
			</trkpt>
			<trkpt lat="19.329251" lon="98.435079">
				<ele>514.051717</ele>
				<time>2018-02-12T03:56:45Z</time>
			</trkpt>
			<trkpt lat="19.329417" lon="98.434972">
				<ele>515.214437</ele>
				<time>2018-02-12T03:56:46Z</time>
			</trkpt>
			<trkpt lat="19.329573" lon="98.434864">
				<ele>516.216661</ele>
				<time>2018-02-12T03:56:47Z</time>
			</trkpt>
			<trkpt lat="19.329734" lon="98.434756">
				<ele>516.010409</ele>
				<time>2018-02-12T03:56:48Z</time>
			</trkpt>
			<trkpt lat="19.329904" lon="98.434645">
				<ele>517.282545</ele>
				<time>2018-02-12T03:56:49Z</time>
			</trkpt>
			<trkpt lat="19.330069" lon="98.434541">
				<ele>517.916158</ele>
				<time>2018-02-12T03:56:50Z</time>
			</trkpt>
			<trkpt lat="19.330237" lon="98.434432">
				<ele>519.042958</ele>
				<time>2018-02-12T03:56:51Z</time>
			</trkpt>
			<trkpt lat="19.330411" lon="98.434325">
				<ele>519.834736</ele>
				<time>2018-02-12T03:56:52Z</time>
			</trkpt>
			<trkpt lat="19.330575" lon="98.434218">
				<ele>520.241135</ele>
				<time>2018-02-12T03:56:53Z</time>
			</trkpt>
			<trkpt lat="19.330751" lon="98.434113">
				<ele>520.837093</ele>
				<time>2018-02-12T03:56:54Z</time>
			</trkpt>
			<trkpt lat="19.330929" lon="98.433999">
				<ele>521.379622</ele>
				<time>2018-02-12T03:56:55Z</time>
			</trkpt>
			<trkpt lat="19.331109" lon="98.433888">
				<ele>520.528262</ele>
				<time>2018-02-12T03:56:56Z</time>
			</trkpt>
			<trkpt lat="19.331303" lon="98.433766">
				<ele>519.352695</ele>
				<time>2018-02-12T03:56:57Z</time>
			</trkpt>
			<trkpt lat="19.331496" lon="98.433647">
				<ele>518.857990</ele>
				<time>2018-02-12T03:56:58Z</time>
			</trkpt>
			<trkpt lat="19.331680" lon="98.433524">
				<ele>517.698618</ele>
				<time>2018-02-12T03:56:59Z</time>
			</trkpt>
			<trkpt lat="19.331873" lon="98.433399">
				<ele>517.323904</ele>
				<time>2018-02-12T03:57:00Z</time>
			</trkpt>
			<trkpt lat="19.332062" lon="98.433279">
				<ele>518.241833</ele>
				<time>2018-02-12T03:57:01Z</time>
			</trkpt>
			<trkpt lat="19.332253" lon="98.433168">
				<ele>520.889537</ele>
				<time>2018-02-12T03:57:02Z</time>
			</trkpt>
			<trkpt lat="19.332429" lon="98.433054">
				<ele>522.363946</ele>
				<time>2018-02-12T03:57:03Z</time>
			</trkpt>
			<trkpt lat="19.332605" lon="98.432940">
				<ele>525.051930</ele>
				<time>2018-02-12T03:57:04Z</time>
			</trkpt>
			<trkpt lat="19.332771" lon="98.432844">
				<ele>526.425701</ele>
				<time>2018-02-12T03:57:05Z</time>
			</trkpt>
			<trkpt lat="19.332937" lon="98.432740">
				<ele>530.171419</ele>
				<time>2018-02-12T03:57:06Z</time>
			</trkpt>
			<trkpt lat="19.333099" lon="98.432642">
				<ele>532.219904</ele>
				<time>2018-02-12T03:57:07Z</time>
			</trkpt>
			<trkpt lat="19.333259" lon="98.432538">
				<ele>532.769683</ele>
				<time>2018-02-12T03:57:08Z</time>
			</trkpt>
			<trkpt lat="19.333557" lon="98.432337">
				<ele>536.143762</ele>
				<time>2018-02-12T03:57:10Z</time>
			</trkpt>
			<trkpt lat="19.333829" lon="98.432149">
				<ele>536.914668</ele>
				<time>2018-02-12T03:57:12Z</time>
			</trkpt>
			<trkpt lat="19.334103" lon="98.431969">
				<ele>539.338345</ele>
				<time>2018-02-12T03:57:14Z</time>
			</trkpt>
			<trkpt lat="19.334377" lon="98.431822">
				<ele>541.170597</ele>
				<time>2018-02-12T03:57:16Z</time>
			</trkpt>
			<trkpt lat="19.334637" lon="98.431739">
				<ele>543.422980</ele>
				<time>2018-02-12T03:57:18Z</time>
			</trkpt>
			<trkpt lat="19.334911" lon="98.431703">
				<ele>543.688984</ele>
				<time>2018-02-12T03:57:20Z</time>
			</trkpt>
			<trkpt lat="19.335220" lon="98.431680">
				<ele>544.552975</ele>
				<time>2018-02-12T03:57:22Z</time>
			</trkpt>
			<trkpt lat="19.335548" lon="98.431664">
				<ele>544.150509</ele>
				<time>2018-02-12T03:57:24Z</time>
			</trkpt>
			<trkpt lat="19.335850" lon="98.431656">
				<ele>543.842733</ele>
				<time>2018-02-12T03:57:26Z</time>
			</trkpt>
			<trkpt lat="19.336158" lon="98.431672">
				<ele>544.459015</ele>
				<time>2018-02-12T03:57:28Z</time>
			</trkpt>
			<trkpt lat="19.336487" lon="98.431722">
				<ele>543.842114</ele>
				<time>2018-02-12T03:57:30Z</time>
			</trkpt>
			<trkpt lat="19.336798" lon="98.431812">
				<ele>545.521407</ele>
				<time>2018-02-12T03:57:32Z</time>
			</trkpt>
			<trkpt lat="19.337074" lon="98.431932">
				<ele>547.952865</ele>
				<time>2018-02-12T03:57:34Z</time>
			</trkpt>
			<trkpt lat="19.337353" lon="98.432083">
				<ele>550.248101</ele>
				<time>2018-02-12T03:57:36Z</time>
			</trkpt>
			<trkpt lat="19.337646" lon="98.432273">
				<ele>552.447905</ele>
				<time>2018-02-12T03:57:38Z</time>
			</trkpt>
			<trkpt lat="19.337797" lon="98.432389">
				<ele>553.116831</ele>
				<time>2018-02-12T03:57:39Z</time>
			</trkpt>
			<trkpt lat="19.337959" lon="98.432514">
				<ele>553.365091</ele>
				<time>2018-02-12T03:57:40Z</time>
			</trkpt>
			<trkpt lat="19.338127" lon="98.432647">
				<ele>552.675872</ele>
				<time>2018-02-12T03:57:41Z</time>
			</trkpt>
			<trkpt lat="19.338291" lon="98.432779">
				<ele>551.449131</ele>
				<time>2018-02-12T03:57:42Z</time>
			</trkpt>
			<trkpt lat="19.338466" lon="98.432907">
				<ele>551.958727</ele>
				<time>2018-02-12T03:57:43Z</time>
			</trkpt>
			<trkpt lat="19.338629" lon="98.433034">
				<ele>550.857872</ele>
				<time>2018-02-12T03:57:44Z</time>
			</trkpt>
			<trkpt lat="19.338777" lon="98.433153">
				<ele>551.422192</ele>
				<time>2018-02-12T03:57:45Z</time>
			</trkpt>
			<trkpt lat="19.339078" lon="98.433312">
				<ele>551.990429</ele>
				<time>2018-02-12T03:57:47Z</time>
			</trkpt>
			<trkpt lat="19.339381" lon="98.433412">
				<ele>549.719235</ele>
				<time>2018-02-12T03:57:49Z</time>
			</trkpt>
			<trkpt lat="19.339714" lon="98.433420">
				<ele>546.707604</ele>
				<time>2018-02-12T03:57:51Z</time>
			</trkpt>
			<trkpt lat="19.339900" lon="98.433408">
				<ele>545.220387</ele>
				<time>2018-02-12T03:57:52Z</time>
			</trkpt>
			<trkpt lat="19.340100" lon="98.433391">
				<ele>541.460303</ele>
				<time>2018-02-12T03:57:53Z</time>
			</trkpt>
			<trkpt lat="19.340298" lon="98.433355">
				<ele>539.754685</ele>
				<time>2018-02-12T03:57:54Z</time>
			</trkpt>
			<trkpt lat="19.340499" lon="98.433336">
				<ele>538.492894</ele>
				<time>2018-02-12T03:57:55Z</time>
			</trkpt>
			<trkpt lat="19.340693" lon="98.433300">
				<ele>536.321842</ele>
				<time>2018-02-12T03:57:56Z</time>
			</trkpt>
			<trkpt lat="19.340890" lon="98.433271">
				<ele>534.211729</ele>
				<time>2018-02-12T03:57:57Z</time>
			</trkpt>
			<trkpt lat="19.341088" lon="98.433240">
				<ele>532.484776</ele>
				<time>2018-02-12T03:57:58Z</time>
			</trkpt>
			<trkpt lat="19.341283" lon="98.433207">
				<ele>530.603452</ele>
				<time>2018-02-12T03:57:59Z</time>
			</trkpt>
			<trkpt lat="19.341482" lon="98.433185">
				<ele>529.419575</ele>
				<time>2018-02-12T03:58:00Z</time>
			</trkpt>
			<trkpt lat="19.341675" lon="98.433158">
				<ele>528.168686</ele>
				<time>2018-02-12T03:58:01Z</time>
			</trkpt>
			<trkpt lat="19.341865" lon="98.433130">
				<ele>525.502839</ele>
				<time>2018-02-12T03:58:02Z</time>
			</trkpt>
			<trkpt lat="19.342054" lon="98.433108">
				<ele>523.735555</ele>
				<time>2018-02-12T03:58:03Z</time>
			</trkpt>
			<trkpt lat="19.342252" lon="98.433086">
				<ele>523.289114</ele>
				<time>2018-02-12T03:58:04Z</time>
			</trkpt>
			<trkpt lat="19.342436" lon="98.433059">
				<ele>522.974317</ele>
				<time>2018-02-12T03:58:05Z</time>
			</trkpt>
			<trkpt lat="19.342627" lon="98.433036">
				<ele>521.044229</ele>
				<time>2018-02-12T03:58:06Z</time>
			</trkpt>
			<trkpt lat="19.342817" lon="98.433013">
				<ele>519.099652</ele>
				<time>2018-02-12T03:58:07Z</time>
			</trkpt>
			<trkpt lat="19.343007" lon="98.432987">
				<ele>518.270358</ele>
				<time>2018-02-12T03:58:08Z</time>
			</trkpt>
			<trkpt lat="19.343204" lon="98.432961">
				<ele>514.398405</ele>
				<time>2018-02-12T03:58:09Z</time>
			</trkpt>
			<trkpt lat="19.343392" lon="98.432932">
				<ele>514.215185</ele>
				<time>2018-02-12T03:58:10Z</time>
			</trkpt>
			<trkpt lat="19.343584" lon="98.432905">
				<ele>512.946109</ele>
				<time>2018-02-12T03:58:11Z</time>
			</trkpt>
			<trkpt lat="19.343773" lon="98.432880">
				<ele>511.602447</ele>
				<time>2018-02-12T03:58:12Z</time>
			</trkpt>
			<trkpt lat="19.343964" lon="98.432855">
				<ele>510.636914</ele>
				<time>2018-02-12T03:58:13Z</time>
			</trkpt>
			<trkpt lat="19.344157" lon="98.432838">
				<ele>509.881795</ele>
				<time>2018-02-12T03:58:14Z</time>
			</trkpt>
			<trkpt lat="19.344515" lon="98.432783">
				<ele>509.141447</ele>
				<time>2018-02-12T03:58:16Z</time>
			</trkpt>
			<trkpt lat="19.344865" lon="98.432757">
				<ele>508.761571</ele>
				<time>2018-02-12T03:58:18Z</time>
			</trkpt>
			<trkpt lat="19.345190" lon="98.432784">
				<ele>510.589679</ele>
				<time>2018-02-12T03:58:20Z</time>
			</trkpt>
			<trkpt lat="19.345465" lon="98.432886">
				<ele>512.361337</ele>
				<time>2018-02-12T03:58:22Z</time>
			</trkpt>
			<trkpt lat="19.345741" lon="98.433033">
				<ele>513.497212</ele>
				<time>2018-02-12T03:58:24Z</time>
			</trkpt>
			<trkpt lat="19.346033" lon="98.433199">
				<ele>514.646576</ele>
				<time>2018-02-12T03:58:26Z</time>
			</trkpt>
			<trkpt lat="19.346334" lon="98.433377">
				<ele>515.385255</ele>
				<time>2018-02-12T03:58:28Z</time>
			</trkpt>
			<trkpt lat="19.346644" lon="98.433568">
				<ele>516.344090</ele>
				<time>2018-02-12T03:58:30Z</time>
			</trkpt>
			<trkpt lat="19.346941" lon="98.433749">
				<ele>514.599812</ele>
				<time>2018-02-12T03:58:32Z</time>
			</trkpt>
			<trkpt lat="19.347220" lon="98.433930">
				<ele>513.013697</ele>
				<time>2018-02-12T03:58:34Z</time>
			</trkpt>
			<trkpt lat="19.347470" lon="98.434077">
				<ele>513.061424</ele>
				<time>2018-02-12T03:58:36Z</time>
			</trkpt>
			<trkpt lat="19.347702" lon="98.434223">
				<ele>512.249744</ele>
				<time>2018-02-12T03:58:38Z</time>
			</trkpt>
			<trkpt lat="19.347940" lon="98.434362">
				<ele>512.053773</ele>
				<time>2018-02-12T03:58:40Z</time>
			</trkpt>
			<trkpt lat="19.348161" lon="98.434493">
				<ele>514.481506</ele>
				<time>2018-02-12T03:58:42Z</time>
			</trkpt>
			<trkpt lat="19.348389" lon="98.434617">
				<ele>513.658966</ele>
				<time>2018-02-12T03:58:44Z</time>
			</trkpt>
			<trkpt lat="19.348607" lon="98.434734">
				<ele>514.165712</ele>
				<time>2018-02-12T03:58:46Z</time>
			</trkpt>
			<trkpt lat="19.348808" lon="98.434828">
				<ele>513.058422</ele>
				<time>2018-02-12T03:58:48Z</time>
			</trkpt>
			<trkpt lat="19.349002" lon="98.434915">
				<ele>513.390786</ele>
				<time>2018-02-12T03:58:50Z</time>
			</trkpt>
			<trkpt lat="19.349236" lon="98.435006">
				<ele>513.664857</ele>
				<time>2018-02-12T03:58:53Z</time>
			</trkpt>
			<trkpt lat="19.349362" lon="98.435159">
				<ele>513.531233</ele>
				<time>2018-02-12T03:58:58Z</time>
			</trkpt>
			<trkpt lat="19.349247" lon="98.435319">
				<ele>515.721721</ele>
				<time>2018-02-12T04:01:56Z</time>
			</trkpt>
			<trkpt lat="19.349308" lon="98.435138">
				<ele>514.345659</ele>
				<time>2018-02-12T04:02:14Z</time>
			</trkpt>
			<trkpt lat="19.349501" lon="98.435071">
				<ele>513.951653</ele>
				<time>2018-02-12T04:02:19Z</time>
			</trkpt>
			<trkpt lat="19.349722" lon="98.435123">
				<ele>513.890887</ele>
				<time>2018-02-12T04:02:21Z</time>
			</trkpt>
			<trkpt lat="19.349976" lon="98.435198">
				<ele>512.907958</ele>
				<time>2018-02-12T04:02:23Z</time>
			</trkpt>
			<trkpt lat="19.350242" lon="98.435230">
				<ele>513.552735</ele>
				<time>2018-02-12T04:02:25Z</time>
			</trkpt>
			<trkpt lat="19.350456" lon="98.435268">
				<ele>513.746452</ele>
				<time>2018-02-12T04:02:27Z</time>
			</trkpt>
			<trkpt lat="19.350653" lon="98.435278">
				<ele>513.982329</ele>
				<time>2018-02-12T04:02:29Z</time>
			</trkpt>
			<trkpt lat="19.350852" lon="98.435298">
				<ele>512.541008</ele>
				<time>2018-02-12T04:02:32Z</time>
			</trkpt>
			<trkpt lat="19.350966" lon="98.435449">
				<ele>513.066246</ele>
				<time>2018-02-12T04:02:37Z</time>
			</trkpt>
			<trkpt lat="19.350945" lon="98.435719">
				<ele>510.523850</ele>
				<time>2018-02-12T04:02:40Z</time>
			</trkpt>
			<trkpt lat="19.350930" lon="98.435930">
				<ele>507.122827</ele>
				<time>2018-02-12T04:02:42Z</time>
			</trkpt>
			<trkpt lat="19.350942" lon="98.436153">
				<ele>506.538115</ele>
				<time>2018-02-12T04:02:44Z</time>
			</trkpt>
			<trkpt lat="19.350947" lon="98.436355">
				<ele>505.691540</ele>
				<time>2018-02-12T04:02:46Z</time>
			</trkpt>
			<trkpt lat="19.350958" lon="98.436594">
				<ele>504.646238</ele>
				<time>2018-02-12T04:02:49Z</time>
			</trkpt>
			<trkpt lat="19.350962" lon="98.436904">
				<ele>504.445516</ele>
				<time>2018-02-12T04:02:52Z</time>
			</trkpt>
			<trkpt lat="19.350962" lon="98.437155">
				<ele>503.745659</ele>
				<time>2018-02-12T04:02:54Z</time>
			</trkpt>
			<trkpt lat="19.350997" lon="98.437449">
				<ele>503.788162</ele>
				<time>2018-02-12T04:02:56Z</time>
			</trkpt>
			<trkpt lat="19.351002" lon="98.437746">
				<ele>504.521297</ele>
				<time>2018-02-12T04:02:58Z</time>
			</trkpt>
			<trkpt lat="19.350987" lon="98.438041">
				<ele>504.634061</ele>
				<time>2018-02-12T04:03:00Z</time>
			</trkpt>
			<trkpt lat="19.350936" lon="98.438315">
				<ele>504.088701</ele>
				<time>2018-02-12T04:03:02Z</time>
			</trkpt>
			<trkpt lat="19.350878" lon="98.438595">
				<ele>504.977860</ele>
				<time>2018-02-12T04:03:04Z</time>
			</trkpt>
			<trkpt lat="19.350845" lon="98.438816">
				<ele>504.971252</ele>
				<time>2018-02-12T04:03:06Z</time>
			</trkpt>
			<trkpt lat="19.350815" lon="98.439046">
				<ele>505.781850</ele>
				<time>2018-02-12T04:03:08Z</time>
			</trkpt>
			<trkpt lat="19.350792" lon="98.439291">
				<ele>504.575087</ele>
				<time>2018-02-12T04:03:10Z</time>
			</trkpt>
			<trkpt lat="19.350706" lon="98.439562">
				<ele>505.206898</ele>
				<time>2018-02-12T04:03:12Z</time>
			</trkpt>
			<trkpt lat="19.350656" lon="98.439832">
				<ele>503.762762</ele>
				<time>2018-02-12T04:03:15Z</time>
			</trkpt>
			<trkpt lat="19.350613" lon="98.440085">
				<ele>503.719540</ele>
				<time>2018-02-12T04:03:17Z</time>
			</trkpt>
			<trkpt lat="19.350590" lon="98.440307">
				<ele>505.718267</ele>
				<time>2018-02-12T04:03:19Z</time>
			</trkpt>
			<trkpt lat="19.350541" lon="98.440526">
				<ele>503.969699</ele>
				<time>2018-02-12T04:03:21Z</time>
			</trkpt>
			<trkpt lat="19.350503" lon="98.440769">
				<ele>503.152887</ele>
				<time>2018-02-12T04:03:23Z</time>
			</trkpt>
			<trkpt lat="19.350475" lon="98.440979">
				<ele>502.581690</ele>
				<time>2018-02-12T04:03:25Z</time>
			</trkpt>
			<trkpt lat="19.350411" lon="98.441187">
				<ele>505.359774</ele>
				<time>2018-02-12T04:03:28Z</time>
			</trkpt>
			<trkpt lat="19.350567" lon="98.441369">
				<ele>504.768528</ele>
				<time>2018-02-12T04:03:33Z</time>
			</trkpt>
			<trkpt lat="19.350759" lon="98.441452">
				<ele>504.165360</ele>
				<time>2018-02-12T04:03:35Z</time>
			</trkpt>
			<trkpt lat="19.350971" lon="98.441554">
				<ele>503.684506</ele>
				<time>2018-02-12T04:03:37Z</time>
			</trkpt>
			<trkpt lat="19.351190" lon="98.441669">
				<ele>503.379671</ele>
				<time>2018-02-12T04:03:39Z</time>
			</trkpt>
			<trkpt lat="19.351386" lon="98.441770">
				<ele>505.507549</ele>
				<time>2018-02-12T04:03:41Z</time>
			</trkpt>
			<trkpt lat="19.351571" lon="98.441866">
				<ele>505.014058</ele>
				<time>2018-02-12T04:03:43Z</time>
			</trkpt>
			<trkpt lat="19.351759" lon="98.441928">
				<ele>505.316932</ele>
				<time>2018-02-12T04:03:46Z</time>
			</trkpt>
			<trkpt lat="19.351934" lon="98.442011">
				<ele>505.355907</ele>
				<time>2018-02-12T04:03:50Z</time>
			</trkpt>
			<trkpt lat="19.352141" lon="98.442111">
				<ele>505.527255</ele>
				<time>2018-02-12T04:03:55Z</time>
			</trkpt>
			<trkpt lat="19.352321" lon="98.442165">
				<ele>507.201362</ele>
				<time>2018-02-12T04:04:00Z</time>
			</trkpt>
			<trkpt lat="19.352529" lon="98.442170">
				<ele>505.418738</ele>
				<time>2018-02-12T04:04:06Z</time>
			</trkpt>
			<trkpt lat="19.352711" lon="98.442191">
				<ele>506.848154</ele>
				<time>2018-02-12T04:04:17Z</time>
			</trkpt>
		</trkseg>
	</trk>
</gpx>
