<?xml version="1.0" encoding="UTF-8"?>
<gpx xmlns="http://www.topografix.com/GPX/1/1" version="1.1" creator="Minimalist GPS Tracker">
	<trk>
		<name>July 22, 2016 at 02:01:22 PDT</name>
		<trkseg>
			<trkpt lat="18.909479" lon="98.934356">
				<ele>335.346802</ele>
				<time>2016-07-22T09:01:26Z</time>
			</trkpt>
			<trkpt lat="18.909615" lon="98.934106">
				<ele>343.959717</ele>
				<time>2016-07-22T09:01:28Z</time>
			</trkpt>
			<trkpt lat="18.909656" lon="98.934181">
				<ele>322.737061</ele>
				<time>2016-07-22T09:01:35Z</time>
			</trkpt>
			<trkpt lat="18.909588" lon="98.933994">
				<ele>329.057251</ele>
				<time>2016-07-22T09:02:35Z</time>
			</trkpt>
			<trkpt lat="18.909404" lon="98.933914">
				<ele>330.329163</ele>
				<time>2016-07-22T09:02:40Z</time>
			</trkpt>
			<trkpt lat="18.909203" lon="98.933860">
				<ele>329.906311</ele>
				<time>2016-07-22T09:02:45Z</time>
			</trkpt>
			<trkpt lat="18.909049" lon="98.933708">
				<ele>331.236450</ele>
				<time>2016-07-22T09:02:52Z</time>
			</trkpt>
			<trkpt lat="18.908938" lon="98.933527">
				<ele>329.893311</ele>
				<time>2016-07-22T09:03:00Z</time>
			</trkpt>
			<trkpt lat="18.908928" lon="98.933323">
				<ele>333.455811</ele>
				<time>2016-07-22T09:03:08Z</time>
			</trkpt>
			<trkpt lat="18.909083" lon="98.933174">
				<ele>334.257324</ele>
				<time>2016-07-22T09:03:14Z</time>
			</trkpt>
			<trkpt lat="18.909228" lon="98.933023">
				<ele>334.807190</ele>
				<time>2016-07-22T09:03:18Z</time>
			</trkpt>
			<trkpt lat="18.909305" lon="98.932826">
				<ele>334.874512</ele>
				<time>2016-07-22T09:03:22Z</time>
			</trkpt>
			<trkpt lat="18.909272" lon="98.932610">
				<ele>333.807007</ele>
				<time>2016-07-22T09:03:29Z</time>
			</trkpt>
			<trkpt lat="18.909426" lon="98.932478">
				<ele>334.477417</ele>
				<time>2016-07-22T09:03:35Z</time>
			</trkpt>
			<trkpt lat="18.909459" lon="98.932261">
				<ele>334.815063</ele>
				<time>2016-07-22T09:03:39Z</time>
			</trkpt>
			<trkpt lat="18.909488" lon="98.932062">
				<ele>335.061523</ele>
				<time>2016-07-22T09:03:42Z</time>
			</trkpt>
			<trkpt lat="18.909525" lon="98.931828">
				<ele>335.960205</ele>
				<time>2016-07-22T09:03:45Z</time>
			</trkpt>
			<trkpt lat="18.909598" lon="98.931637">
				<ele>337.552979</ele>
				<time>2016-07-22T09:03:48Z</time>
			</trkpt>
			<trkpt lat="18.909751" lon="98.931490">
				<ele>337.694824</ele>
				<time>2016-07-22T09:03:51Z</time>
			</trkpt>
			<trkpt lat="18.909929" lon="98.931384">
				<ele>337.341797</ele>
				<time>2016-07-22T09:03:54Z</time>
			</trkpt>
			<trkpt lat="18.910126" lon="98.931271">
				<ele>336.865723</ele>
				<time>2016-07-22T09:03:57Z</time>
			</trkpt>
			<trkpt lat="18.910326" lon="98.931147">
				<ele>335.947510</ele>
				<time>2016-07-22T09:04:00Z</time>
			</trkpt>
			<trkpt lat="18.910469" lon="98.930994">
				<ele>335.755859</ele>
				<time>2016-07-22T09:04:03Z</time>
			</trkpt>
			<trkpt lat="18.910586" lon="98.930840">
				<ele>335.680542</ele>
				<time>2016-07-22T09:04:06Z</time>
			</trkpt>
			<trkpt lat="18.910741" lon="98.930699">
				<ele>333.659424</ele>
				<time>2016-07-22T09:04:09Z</time>
			</trkpt>
			<trkpt lat="18.910859" lon="98.930536">
				<ele>334.464355</ele>
				<time>2016-07-22T09:04:17Z</time>
			</trkpt>
			<trkpt lat="18.910789" lon="98.930310">
				<ele>334.464233</ele>
				<time>2016-07-22T09:04:21Z</time>
			</trkpt>
			<trkpt lat="18.910782" lon="98.930071">
				<ele>335.340088</ele>
				<time>2016-07-22T09:04:23Z</time>
			</trkpt>
			<trkpt lat="18.910781" lon="98.929841">
				<ele>333.168274</ele>
				<time>2016-07-22T09:04:25Z</time>
			</trkpt>
			<trkpt lat="18.910799" lon="98.929624">
				<ele>335.553284</ele>
				<time>2016-07-22T09:04:27Z</time>
			</trkpt>
			<trkpt lat="18.910828" lon="98.929347">
				<ele>334.600830</ele>
				<time>2016-07-22T09:04:30Z</time>
			</trkpt>
			<trkpt lat="18.910851" lon="98.929133">
				<ele>337.249634</ele>
				<time>2016-07-22T09:04:32Z</time>
			</trkpt>
			<trkpt lat="18.910912" lon="98.928931">
				<ele>333.388794</ele>
				<time>2016-07-22T09:04:34Z</time>
			</trkpt>
			<trkpt lat="18.910970" lon="98.928738">
				<ele>332.069580</ele>
				<time>2016-07-22T09:04:36Z</time>
			</trkpt>
			<trkpt lat="18.911066" lon="98.928468">
				<ele>333.009766</ele>
				<time>2016-07-22T09:04:39Z</time>
			</trkpt>
			<trkpt lat="18.911165" lon="98.928222">
				<ele>331.845825</ele>
				<time>2016-07-22T09:04:42Z</time>
			</trkpt>
			<trkpt lat="18.911280" lon="98.928021">
				<ele>331.139648</ele>
				<time>2016-07-22T09:04:45Z</time>
			</trkpt>
			<trkpt lat="18.911315" lon="98.927771">
				<ele>328.929810</ele>
				<time>2016-07-22T09:04:48Z</time>
			</trkpt>
			<trkpt lat="18.911332" lon="98.927492">
				<ele>327.035767</ele>
				<time>2016-07-22T09:04:51Z</time>
			</trkpt>
			<trkpt lat="18.911315" lon="98.927257">
				<ele>329.243774</ele>
				<time>2016-07-22T09:04:54Z</time>
			</trkpt>
			<trkpt lat="18.911361" lon="98.927073">
				<ele>328.701111</ele>
				<time>2016-07-22T09:04:56Z</time>
			</trkpt>
			<trkpt lat="18.911361" lon="98.926881">
				<ele>331.027100</ele>
				<time>2016-07-22T09:04:58Z</time>
			</trkpt>
			<trkpt lat="18.911271" lon="98.926606">
				<ele>333.892334</ele>
				<time>2016-07-22T09:05:01Z</time>
			</trkpt>
			<trkpt lat="18.911211" lon="98.926348">
				<ele>334.982056</ele>
				<time>2016-07-22T09:05:04Z</time>
			</trkpt>
			<trkpt lat="18.911215" lon="98.926151">
				<ele>333.278320</ele>
				<time>2016-07-22T09:05:06Z</time>
			</trkpt>
			<trkpt lat="18.911214" lon="98.925859">
				<ele>332.077637</ele>
				<time>2016-07-22T09:05:09Z</time>
			</trkpt>
			<trkpt lat="18.911235" lon="98.925588">
				<ele>330.731201</ele>
				<time>2016-07-22T09:05:12Z</time>
			</trkpt>
			<trkpt lat="18.911201" lon="98.925299">
				<ele>331.133179</ele>
				<time>2016-07-22T09:05:15Z</time>
			</trkpt>
			<trkpt lat="18.911192" lon="98.925102">
				<ele>331.216919</ele>
				<time>2016-07-22T09:05:17Z</time>
			</trkpt>
			<trkpt lat="18.911181" lon="98.924862">
				<ele>330.724121</ele>
				<time>2016-07-22T09:05:19Z</time>
			</trkpt>
			<trkpt lat="18.911164" lon="98.924619">
				<ele>330.463806</ele>
				<time>2016-07-22T09:05:21Z</time>
			</trkpt>
			<trkpt lat="18.911180" lon="98.924408">
				<ele>331.951172</ele>
				<time>2016-07-22T09:05:23Z</time>
			</trkpt>
			<trkpt lat="18.911170" lon="98.924169">
				<ele>334.256958</ele>
				<time>2016-07-22T09:05:26Z</time>
			</trkpt>
			<trkpt lat="18.911144" lon="98.923961">
				<ele>335.390808</ele>
				<time>2016-07-22T09:05:29Z</time>
			</trkpt>
			<trkpt lat="18.911110" lon="98.923702">
				<ele>338.731506</ele>
				<time>2016-07-22T09:05:32Z</time>
			</trkpt>
			<trkpt lat="18.911082" lon="98.923512">
				<ele>339.767944</ele>
				<time>2016-07-22T09:05:34Z</time>
			</trkpt>
			<trkpt lat="18.911056" lon="98.923297">
				<ele>341.949768</ele>
				<time>2016-07-22T09:05:36Z</time>
			</trkpt>
			<trkpt lat="18.911038" lon="98.923056">
				<ele>342.445435</ele>
				<time>2016-07-22T09:05:38Z</time>
			</trkpt>
			<trkpt lat="18.911024" lon="98.922806">
				<ele>342.775635</ele>
				<time>2016-07-22T09:05:40Z</time>
			</trkpt>
			<trkpt lat="18.910939" lon="98.922632">
				<ele>346.680176</ele>
				<time>2016-07-22T09:05:42Z</time>
			</trkpt>
			<trkpt lat="18.910967" lon="98.922360">
				<ele>343.872925</ele>
				<time>2016-07-22T09:05:44Z</time>
			</trkpt>
			<trkpt lat="18.910859" lon="98.922180">
				<ele>343.054749</ele>
				<time>2016-07-22T09:05:46Z</time>
			</trkpt>
			<trkpt lat="18.910802" lon="98.921882">
				<ele>342.954468</ele>
				<time>2016-07-22T09:05:49Z</time>
			</trkpt>
			<trkpt lat="18.910780" lon="98.921665">
				<ele>341.557373</ele>
				<time>2016-07-22T09:05:51Z</time>
			</trkpt>
			<trkpt lat="18.910718" lon="98.921427">
				<ele>339.899170</ele>
				<time>2016-07-22T09:05:54Z</time>
			</trkpt>
			<trkpt lat="18.910697" lon="98.921220">
				<ele>337.377625</ele>
				<time>2016-07-22T09:05:57Z</time>
			</trkpt>
			<trkpt lat="18.910503" lon="98.921218">
				<ele>338.801086</ele>
				<time>2016-07-22T09:06:01Z</time>
			</trkpt>
			<trkpt lat="18.910255" lon="98.921199">
				<ele>342.249756</ele>
				<time>2016-07-22T09:06:04Z</time>
			</trkpt>
			<trkpt lat="18.910042" lon="98.921178">
				<ele>342.590088</ele>
				<time>2016-07-22T09:06:06Z</time>
			</trkpt>
			<trkpt lat="18.909840" lon="98.921166">
				<ele>338.288574</ele>
				<time>2016-07-22T09:06:08Z</time>
			</trkpt>
			<trkpt lat="18.909615" lon="98.921164">
				<ele>339.694946</ele>
				<time>2016-07-22T09:06:10Z</time>
			</trkpt>
			<trkpt lat="18.909380" lon="98.921156">
				<ele>338.329712</ele>
				<time>2016-07-22T09:06:12Z</time>
			</trkpt>
			<trkpt lat="18.909132" lon="98.921142">
				<ele>335.312012</ele>
				<time>2016-07-22T09:06:14Z</time>
			</trkpt>
			<trkpt lat="18.908899" lon="98.921124">
				<ele>332.149780</ele>
				<time>2016-07-22T09:06:16Z</time>
			</trkpt>
			<trkpt lat="18.908659" lon="98.921113">
				<ele>329.388733</ele>
				<time>2016-07-22T09:06:18Z</time>
			</trkpt>
			<trkpt lat="18.908417" lon="98.921107">
				<ele>331.002441</ele>
				<time>2016-07-22T09:06:20Z</time>
			</trkpt>
			<trkpt lat="18.908170" lon="98.921105">
				<ele>328.550354</ele>
				<time>2016-07-22T09:06:22Z</time>
			</trkpt>
			<trkpt lat="18.907930" lon="98.921079">
				<ele>327.606445</ele>
				<time>2016-07-22T09:06:24Z</time>
			</trkpt>
			<trkpt lat="18.907728" lon="98.921027">
				<ele>326.955322</ele>
				<time>2016-07-22T09:06:26Z</time>
			</trkpt>
			<trkpt lat="18.907504" lon="98.920895">
				<ele>327.551636</ele>
				<time>2016-07-22T09:06:29Z</time>
			</trkpt>
			<trkpt lat="18.907425" lon="98.920693">
				<ele>329.034363</ele>
				<time>2016-07-22T09:06:32Z</time>
			</trkpt>
			<trkpt lat="18.907205" lon="98.920608">
				<ele>327.526001</ele>
				<time>2016-07-22T09:06:37Z</time>
			</trkpt>
			<trkpt lat="18.906940" lon="98.920625">
				<ele>328.583069</ele>
				<time>2016-07-22T09:06:40Z</time>
			</trkpt>
			<trkpt lat="18.906767" lon="98.920691">
				<ele>329.544067</ele>
				<time>2016-07-22T09:06:42Z</time>
			</trkpt>
			<trkpt lat="18.906603" lon="98.920786">
				<ele>327.955872</ele>
				<time>2016-07-22T09:06:44Z</time>
			</trkpt>
			<trkpt lat="18.906430" lon="98.920976">
				<ele>331.791748</ele>
				<time>2016-07-22T09:06:47Z</time>
			</trkpt>
			<trkpt lat="18.906280" lon="98.921097">
				<ele>333.206116</ele>
				<time>2016-07-22T09:06:49Z</time>
			</trkpt>
			<trkpt lat="18.906098" lon="98.921208">
				<ele>334.880981</ele>
				<time>2016-07-22T09:06:51Z</time>
			</trkpt>
			<trkpt lat="18.905881" lon="98.921295">
				<ele>337.435730</ele>
				<time>2016-07-22T09:06:53Z</time>
			</trkpt>
			<trkpt lat="18.905657" lon="98.921384">
				<ele>338.826538</ele>
				<time>2016-07-22T09:06:55Z</time>
			</trkpt>
			<trkpt lat="18.905449" lon="98.921475">
				<ele>341.668213</ele>
				<time>2016-07-22T09:06:57Z</time>
			</trkpt>
			<trkpt lat="18.905244" lon="98.921500">
				<ele>342.497192</ele>
				<time>2016-07-22T09:06:59Z</time>
			</trkpt>
			<trkpt lat="18.905059" lon="98.921494">
				<ele>342.215820</ele>
				<time>2016-07-22T09:07:01Z</time>
			</trkpt>
			<trkpt lat="18.904843" lon="98.921446">
				<ele>342.326050</ele>
				<time>2016-07-22T09:07:03Z</time>
			</trkpt>
			<trkpt lat="18.904654" lon="98.921401">
				<ele>344.871216</ele>
				<time>2016-07-22T09:07:05Z</time>
			</trkpt>
			<trkpt lat="18.904441" lon="98.921358">
				<ele>344.603516</ele>
				<time>2016-07-22T09:07:07Z</time>
			</trkpt>
			<trkpt lat="18.904209" lon="98.921316">
				<ele>343.848633</ele>
				<time>2016-07-22T09:07:09Z</time>
			</trkpt>
			<trkpt lat="18.903990" lon="98.921268">
				<ele>345.975647</ele>
				<time>2016-07-22T09:07:11Z</time>
			</trkpt>
			<trkpt lat="18.903767" lon="98.921181">
				<ele>349.462891</ele>
				<time>2016-07-22T09:07:13Z</time>
			</trkpt>
			<trkpt lat="18.903534" lon="98.921114">
				<ele>349.788208</ele>
				<time>2016-07-22T09:07:15Z</time>
			</trkpt>
			<trkpt lat="18.903300" lon="98.921070">
				<ele>349.674255</ele>
				<time>2016-07-22T09:07:17Z</time>
			</trkpt>
			<trkpt lat="18.903056" lon="98.921011">
				<ele>353.209961</ele>
				<time>2016-07-22T09:07:19Z</time>
			</trkpt>
			<trkpt lat="18.902854" lon="98.920978">
				<ele>354.171936</ele>
				<time>2016-07-22T09:07:21Z</time>
			</trkpt>
			<trkpt lat="18.902628" lon="98.920948">
				<ele>351.595459</ele>
				<time>2016-07-22T09:07:23Z</time>
			</trkpt>
			<trkpt lat="18.902430" lon="98.920911">
				<ele>350.312256</ele>
				<time>2016-07-22T09:07:25Z</time>
			</trkpt>
			<trkpt lat="18.902233" lon="98.920881">
				<ele>350.929932</ele>
				<time>2016-07-22T09:07:27Z</time>
			</trkpt>
			<trkpt lat="18.902034" lon="98.920840">
				<ele>349.869385</ele>
				<time>2016-07-22T09:07:29Z</time>
			</trkpt>
			<trkpt lat="18.901834" lon="98.920826">
				<ele>351.830200</ele>
				<time>2016-07-22T09:07:31Z</time>
			</trkpt>
			<trkpt lat="18.901557" lon="98.920766">
				<ele>352.732300</ele>
				<time>2016-07-22T09:07:34Z</time>
			</trkpt>
			<trkpt lat="18.901352" lon="98.920775">
				<ele>357.486816</ele>
				<time>2016-07-22T09:07:37Z</time>
			</trkpt>
			<trkpt lat="18.901201" lon="98.920896">
				<ele>356.328003</ele>
				<time>2016-07-22T09:07:40Z</time>
			</trkpt>
			<trkpt lat="18.900964" lon="98.921029">
				<ele>357.789490</ele>
				<time>2016-07-22T09:07:43Z</time>
			</trkpt>
			<trkpt lat="18.900780" lon="98.921135">
				<ele>358.012329</ele>
				<time>2016-07-22T09:07:46Z</time>
			</trkpt>
			<trkpt lat="18.900631" lon="98.921016">
				<ele>357.914307</ele>
				<time>2016-07-22T09:07:49Z</time>
			</trkpt>
			<trkpt lat="18.900479" lon="98.920802">
				<ele>361.650513</ele>
				<time>2016-07-22T09:07:52Z</time>
			</trkpt>
			<trkpt lat="18.900390" lon="98.920631">
				<ele>363.658325</ele>
				<time>2016-07-22T09:07:54Z</time>
			</trkpt>
			<trkpt lat="18.900285" lon="98.920445">
				<ele>363.544434</ele>
				<time>2016-07-22T09:07:56Z</time>
			</trkpt>
			<trkpt lat="18.900193" lon="98.920256">
				<ele>361.773193</ele>
				<time>2016-07-22T09:07:58Z</time>
			</trkpt>
			<trkpt lat="18.900077" lon="98.920057">
				<ele>363.930908</ele>
				<time>2016-07-22T09:08:00Z</time>
			</trkpt>
			<trkpt lat="18.899942" lon="98.919841">
				<ele>367.817017</ele>
				<time>2016-07-22T09:08:02Z</time>
			</trkpt>
			<trkpt lat="18.899850" lon="98.919621">
				<ele>370.849792</ele>
				<time>2016-07-22T09:08:04Z</time>
			</trkpt>
			<trkpt lat="18.899700" lon="98.919414">
				<ele>373.984009</ele>
				<time>2016-07-22T09:08:07Z</time>
			</trkpt>
			<trkpt lat="18.899583" lon="98.919264">
				<ele>373.158813</ele>
				<time>2016-07-22T09:08:09Z</time>
			</trkpt>
			<trkpt lat="18.899423" lon="98.919136">
				<ele>371.645874</ele>
				<time>2016-07-22T09:08:11Z</time>
			</trkpt>
			<trkpt lat="18.899266" lon="98.918990">
				<ele>372.358154</ele>
				<time>2016-07-22T09:08:13Z</time>
			</trkpt>
			<trkpt lat="18.899093" lon="98.918846">
				<ele>373.322083</ele>
				<time>2016-07-22T09:08:15Z</time>
			</trkpt>
			<trkpt lat="18.898891" lon="98.918722">
				<ele>375.630859</ele>
				<time>2016-07-22T09:08:17Z</time>
			</trkpt>
			<trkpt lat="18.898697" lon="98.918600">
				<ele>375.523560</ele>
				<time>2016-07-22T09:08:19Z</time>
			</trkpt>
			<trkpt lat="18.898476" lon="98.918443">
				<ele>375.997681</ele>
				<time>2016-07-22T09:08:22Z</time>
			</trkpt>
			<trkpt lat="18.898260" lon="98.918272">
				<ele>375.955811</ele>
				<time>2016-07-22T09:08:25Z</time>
			</trkpt>
			<trkpt lat="18.898086" lon="98.918167">
				<ele>376.466187</ele>
				<time>2016-07-22T09:08:27Z</time>
			</trkpt>
			<trkpt lat="18.897905" lon="98.918088">
				<ele>381.001465</ele>
				<time>2016-07-22T09:08:29Z</time>
			</trkpt>
			<trkpt lat="18.897733" lon="98.918005">
				<ele>379.756836</ele>
				<time>2016-07-22T09:08:31Z</time>
			</trkpt>
			<trkpt lat="18.897558" lon="98.917925">
				<ele>375.288391</ele>
				<time>2016-07-22T09:08:33Z</time>
			</trkpt>
			<trkpt lat="18.897351" lon="98.917845">
				<ele>375.639221</ele>
				<time>2016-07-22T09:08:35Z</time>
			</trkpt>
			<trkpt lat="18.897158" lon="98.917766">
				<ele>378.348755</ele>
				<time>2016-07-22T09:08:37Z</time>
			</trkpt>
			<trkpt lat="18.896946" lon="98.917717">
				<ele>379.515503</ele>
				<time>2016-07-22T09:08:39Z</time>
			</trkpt>
			<trkpt lat="18.896754" lon="98.917643">
				<ele>378.380249</ele>
				<time>2016-07-22T09:08:41Z</time>
			</trkpt>
			<trkpt lat="18.896550" lon="98.917574">
				<ele>381.382385</ele>
				<time>2016-07-22T09:08:43Z</time>
			</trkpt>
			<trkpt lat="18.896351" lon="98.917459">
				<ele>381.925232</ele>
				<time>2016-07-22T09:08:45Z</time>
			</trkpt>
			<trkpt lat="18.896161" lon="98.917399">
				<ele>384.268921</ele>
				<time>2016-07-22T09:08:47Z</time>
			</trkpt>
			<trkpt lat="18.895943" lon="98.917337">
				<ele>385.419434</ele>
				<time>2016-07-22T09:08:49Z</time>
			</trkpt>
			<trkpt lat="18.895741" lon="98.917281">
				<ele>386.509888</ele>
				<time>2016-07-22T09:08:51Z</time>
			</trkpt>
			<trkpt lat="18.895532" lon="98.917245">
				<ele>386.748169</ele>
				<time>2016-07-22T09:08:53Z</time>
			</trkpt>
			<trkpt lat="18.895325" lon="98.917216">
				<ele>385.156311</ele>
				<time>2016-07-22T09:08:55Z</time>
			</trkpt>
			<trkpt lat="18.895078" lon="98.917195">
				<ele>381.765198</ele>
				<time>2016-07-22T09:08:58Z</time>
			</trkpt>
			<trkpt lat="18.894854" lon="98.917200">
				<ele>382.417542</ele>
				<time>2016-07-22T09:09:01Z</time>
			</trkpt>
			<trkpt lat="18.894618" lon="98.917213">
				<ele>384.733276</ele>
				<time>2016-07-22T09:09:04Z</time>
			</trkpt>
			<trkpt lat="18.894407" lon="98.917149">
				<ele>388.462952</ele>
				<time>2016-07-22T09:09:07Z</time>
			</trkpt>
			<trkpt lat="18.894209" lon="98.917043">
				<ele>386.832031</ele>
				<time>2016-07-22T09:09:11Z</time>
			</trkpt>
			<trkpt lat="18.894091" lon="98.916849">
				<ele>382.888062</ele>
				<time>2016-07-22T09:09:15Z</time>
			</trkpt>
			<trkpt lat="18.894094" lon="98.916651">
				<ele>381.730591</ele>
				<time>2016-07-22T09:09:19Z</time>
			</trkpt>
			<trkpt lat="18.894281" lon="98.916521">
				<ele>385.947937</ele>
				<time>2016-07-22T09:09:24Z</time>
			</trkpt>
			<trkpt lat="18.894475" lon="98.916460">
				<ele>385.046631</ele>
				<time>2016-07-22T09:09:27Z</time>
			</trkpt>
			<trkpt lat="18.894662" lon="98.916407">
				<ele>386.169800</ele>
				<time>2016-07-22T09:09:32Z</time>
			</trkpt>
			<trkpt lat="18.894865" lon="98.916338">
				<ele>390.486511</ele>
				<time>2016-07-22T09:09:37Z</time>
			</trkpt>
			<trkpt lat="18.895005" lon="98.916196">
				<ele>395.695740</ele>
				<time>2016-07-22T09:09:43Z</time>
			</trkpt>
			<trkpt lat="18.895165" lon="98.916079">
				<ele>399.505127</ele>
				<time>2016-07-22T09:09:48Z</time>
			</trkpt>
			<trkpt lat="18.895282" lon="98.915922">
				<ele>402.952393</ele>
				<time>2016-07-22T09:09:53Z</time>
			</trkpt>
			<trkpt lat="18.895410" lon="98.915771">
				<ele>391.296997</ele>
				<time>2016-07-22T09:13:28Z</time>
			</trkpt>
			<trkpt lat="18.895353" lon="98.915954">
				<ele>397.054199</ele>
				<time>2016-07-22T09:15:00Z</time>
			</trkpt>
			<trkpt lat="18.895209" lon="98.916084">
				<ele>401.331055</ele>
				<time>2016-07-22T09:15:12Z</time>
			</trkpt>
			<trkpt lat="18.895069" lon="98.916254">
				<ele>400.351868</ele>
				<time>2016-07-22T09:15:22Z</time>
			</trkpt>
			<trkpt lat="18.894918" lon="98.916363">
				<ele>397.322388</ele>
				<time>2016-07-22T09:15:27Z</time>
			</trkpt>
			<trkpt lat="18.894703" lon="98.916407">
				<ele>393.205688</ele>
				<time>2016-07-22T09:15:32Z</time>
			</trkpt>
			<trkpt lat="18.894495" lon="98.916442">
				<ele>388.101990</ele>
				<time>2016-07-22T09:15:37Z</time>
			</trkpt>
			<trkpt lat="18.894317" lon="98.916518">
				<ele>391.430054</ele>
				<time>2016-07-22T09:15:40Z</time>
			</trkpt>
			<trkpt lat="18.894133" lon="98.916583">
				<ele>391.868042</ele>
				<time>2016-07-22T09:15:45Z</time>
			</trkpt>
			<trkpt lat="18.893987" lon="98.916444">
				<ele>390.879456</ele>
				<time>2016-07-22T09:15:53Z</time>
			</trkpt>
			<trkpt lat="18.893914" lon="98.916252">
				<ele>391.295532</ele>
				<time>2016-07-22T09:15:58Z</time>
			</trkpt>
			<trkpt lat="18.893973" lon="98.916035">
				<ele>388.447021</ele>
				<time>2016-07-22T09:16:03Z</time>
			</trkpt>
			<trkpt lat="18.894036" lon="98.915843">
				<ele>384.494141</ele>
				<time>2016-07-22T09:16:07Z</time>
			</trkpt>
			<trkpt lat="18.894127" lon="98.915678">
				<ele>383.170898</ele>
				<time>2016-07-22T09:16:10Z</time>
			</trkpt>
			<trkpt lat="18.894291" lon="98.915561">
				<ele>378.943787</ele>
				<time>2016-07-22T09:16:14Z</time>
			</trkpt>
			<trkpt lat="18.894519" lon="98.915480">
				<ele>376.104248</ele>
				<time>2016-07-22T09:16:18Z</time>
			</trkpt>
			<trkpt lat="18.894713" lon="98.915396">
				<ele>375.279053</ele>
				<time>2016-07-22T09:16:21Z</time>
			</trkpt>
			<trkpt lat="18.894920" lon="98.915263">
				<ele>375.854980</ele>
				<time>2016-07-22T09:16:24Z</time>
			</trkpt>
			<trkpt lat="18.895145" lon="98.915194">
				<ele>376.939453</ele>
				<time>2016-07-22T09:16:28Z</time>
			</trkpt>
			<trkpt lat="18.895331" lon="98.915136">
				<ele>375.450806</ele>
				<time>2016-07-22T09:16:31Z</time>
			</trkpt>
			<trkpt lat="18.895508" lon="98.915064">
				<ele>373.699463</ele>
				<time>2016-07-22T09:16:36Z</time>
			</trkpt>
			<trkpt lat="18.895337" lon="98.915179">
				<ele>377.204468</ele>
				<time>2016-07-22T09:18:50Z</time>
			</trkpt>
			<trkpt lat="18.895162" lon="98.915239">
				<ele>377.412292</ele>
				<time>2016-07-22T09:18:52Z</time>
			</trkpt>
			<trkpt lat="18.894951" lon="98.915317">
				<ele>376.619080</ele>
				<time>2016-07-22T09:18:55Z</time>
			</trkpt>
			<trkpt lat="18.894778" lon="98.915423">
				<ele>377.004578</ele>
				<time>2016-07-22T09:18:58Z</time>
			</trkpt>
			<trkpt lat="18.894622" lon="98.915528">
				<ele>376.908813</ele>
				<time>2016-07-22T09:19:01Z</time>
			</trkpt>
			<trkpt lat="18.894440" lon="98.915521">
				<ele>376.257751</ele>
				<time>2016-07-22T09:19:05Z</time>
			</trkpt>
			<trkpt lat="18.894287" lon="98.915307">
				<ele>376.075623</ele>
				<time>2016-07-22T09:19:08Z</time>
			</trkpt>
			<trkpt lat="18.894054" lon="98.915302">
				<ele>377.288452</ele>
				<time>2016-07-22T09:19:12Z</time>
			</trkpt>
			<trkpt lat="18.893841" lon="98.915330">
				<ele>378.443298</ele>
				<time>2016-07-22T09:19:15Z</time>
			</trkpt>
			<trkpt lat="18.893647" lon="98.915377">
				<ele>378.647461</ele>
				<time>2016-07-22T09:19:18Z</time>
			</trkpt>
			<trkpt lat="18.893463" lon="98.915422">
				<ele>379.873291</ele>
				<time>2016-07-22T09:19:21Z</time>
			</trkpt>
			<trkpt lat="18.893256" lon="98.915441">
				<ele>375.937744</ele>
				<time>2016-07-22T09:19:24Z</time>
			</trkpt>
			<trkpt lat="18.893067" lon="98.915461">
				<ele>380.223022</ele>
				<time>2016-07-22T09:19:27Z</time>
			</trkpt>
			<trkpt lat="18.892852" lon="98.915425">
				<ele>379.785400</ele>
				<time>2016-07-22T09:19:31Z</time>
			</trkpt>
			<trkpt lat="18.892643" lon="98.915311">
				<ele>386.830505</ele>
				<time>2016-07-22T09:19:35Z</time>
			</trkpt>
			<trkpt lat="18.892470" lon="98.915183">
				<ele>387.166382</ele>
				<time>2016-07-22T09:19:38Z</time>
			</trkpt>
			<trkpt lat="18.892327" lon="98.915061">
				<ele>389.909668</ele>
				<time>2016-07-22T09:19:41Z</time>
			</trkpt>
			<trkpt lat="18.892155" lon="98.914897">
				<ele>390.412964</ele>
				<time>2016-07-22T09:19:45Z</time>
			</trkpt>
			<trkpt lat="18.891972" lon="98.914867">
				<ele>393.516296</ele>
				<time>2016-07-22T09:19:48Z</time>
			</trkpt>
			<trkpt lat="18.891809" lon="98.914748">
				<ele>397.522644</ele>
				<time>2016-07-22T09:19:53Z</time>
			</trkpt>
			<trkpt lat="18.891678" lon="98.914598">
				<ele>397.921997</ele>
				<time>2016-07-22T09:19:57Z</time>
			</trkpt>
			<trkpt lat="18.891541" lon="98.914433">
				<ele>394.565979</ele>
				<time>2016-07-22T09:20:26Z</time>
			</trkpt>
			<trkpt lat="18.891442" lon="98.914240">
				<ele>399.933960</ele>
				<time>2016-07-22T09:20:32Z</time>
			</trkpt>
			<trkpt lat="18.891485" lon="98.914045">
				<ele>403.460449</ele>
				<time>2016-07-22T09:20:37Z</time>
			</trkpt>
			<trkpt lat="18.891585" lon="98.913851">
				<ele>409.784058</ele>
				<time>2016-07-22T09:20:42Z</time>
			</trkpt>
			<trkpt lat="18.891626" lon="98.913638">
				<ele>414.843262</ele>
				<time>2016-07-22T09:20:47Z</time>
			</trkpt>
			<trkpt lat="18.891664" lon="98.913434">
				<ele>415.860901</ele>
				<time>2016-07-22T09:20:49Z</time>
			</trkpt>
			<trkpt lat="18.891562" lon="98.913256">
				<ele>419.702820</ele>
				<time>2016-07-22T09:20:53Z</time>
			</trkpt>
			<trkpt lat="18.891438" lon="98.913112">
				<ele>424.546875</ele>
				<time>2016-07-22T09:20:57Z</time>
			</trkpt>
			<trkpt lat="18.891262" lon="98.913005">
				<ele>424.410461</ele>
				<time>2016-07-22T09:21:02Z</time>
			</trkpt>
			<trkpt lat="18.891102" lon="98.912892">
				<ele>431.582703</ele>
				<time>2016-07-22T09:21:07Z</time>
			</trkpt>
			<trkpt lat="18.890948" lon="98.912781">
				<ele>433.896790</ele>
				<time>2016-07-22T09:21:12Z</time>
			</trkpt>
			<trkpt lat="18.890763" lon="98.912668">
				<ele>437.374939</ele>
				<time>2016-07-22T09:21:17Z</time>
			</trkpt>
			<trkpt lat="18.890601" lon="98.912526">
				<ele>437.126343</ele>
				<time>2016-07-22T09:21:24Z</time>
			</trkpt>
			<trkpt lat="18.890511" lon="98.912308">
				<ele>441.647583</ele>
				<time>2016-07-22T09:21:29Z</time>
			</trkpt>
			<trkpt lat="18.890533" lon="98.912099">
				<ele>453.778137</ele>
				<time>2016-07-22T09:23:21Z</time>
			</trkpt>
			<trkpt lat="18.890627" lon="98.911917">
				<ele>451.252319</ele>
				<time>2016-07-22T09:23:24Z</time>
			</trkpt>
			<trkpt lat="18.890780" lon="98.911776">
				<ele>446.143921</ele>
				<time>2016-07-22T09:23:28Z</time>
			</trkpt>
			<trkpt lat="18.890774" lon="98.911535">
				<ele>446.884766</ele>
				<time>2016-07-22T09:23:34Z</time>
			</trkpt>
			<trkpt lat="18.890677" lon="98.911330">
				<ele>446.665222</ele>
				<time>2016-07-22T09:23:39Z</time>
			</trkpt>
			<trkpt lat="18.890657" lon="98.911127">
				<ele>446.338318</ele>
				<time>2016-07-22T09:23:42Z</time>
			</trkpt>
			<trkpt lat="18.890602" lon="98.910912">
				<ele>447.241272</ele>
				<time>2016-07-22T09:23:45Z</time>
			</trkpt>
			<trkpt lat="18.890532" lon="98.910712">
				<ele>444.556274</ele>
				<time>2016-07-22T09:23:50Z</time>
			</trkpt>
			<trkpt lat="18.890514" lon="98.910488">
				<ele>443.966064</ele>
				<time>2016-07-22T09:23:55Z</time>
			</trkpt>
			<trkpt lat="18.890542" lon="98.910265">
				<ele>437.981689</ele>
				<time>2016-07-22T09:24:02Z</time>
			</trkpt>
			<trkpt lat="18.890578" lon="98.910078">
				<ele>437.665894</ele>
				<time>2016-07-22T09:24:06Z</time>
			</trkpt>
			<trkpt lat="18.890381" lon="98.910060">
				<ele>444.542847</ele>
				<time>2016-07-22T09:24:20Z</time>
			</trkpt>
			<trkpt lat="18.890234" lon="98.910207">
				<ele>443.580933</ele>
				<time>2016-07-22T09:24:24Z</time>
			</trkpt>
			<trkpt lat="18.890075" lon="98.910360">
				<ele>445.288086</ele>
				<time>2016-07-22T09:24:28Z</time>
			</trkpt>
			<trkpt lat="18.889943" lon="98.910504">
				<ele>444.639160</ele>
				<time>2016-07-22T09:24:34Z</time>
			</trkpt>
			<trkpt lat="18.889819" lon="98.910662">
				<ele>442.239502</ele>
				<time>2016-07-22T09:24:39Z</time>
			</trkpt>
			<trkpt lat="18.889741" lon="98.910848">
				<ele>442.970947</ele>
				<time>2016-07-22T09:24:47Z</time>
			</trkpt>
			<trkpt lat="18.889632" lon="98.911015">
				<ele>441.604004</ele>
				<time>2016-07-22T09:25:12Z</time>
			</trkpt>
			<trkpt lat="18.889461" lon="98.911094">
				<ele>438.112854</ele>
				<time>2016-07-22T09:25:37Z</time>
			</trkpt>
			<trkpt lat="18.889283" lon="98.911173">
				<ele>436.286865</ele>
				<time>2016-07-22T09:27:14Z</time>
			</trkpt>
			<trkpt lat="18.889104" lon="98.911200">
				<ele>425.458984</ele>
				<time>2016-07-22T09:27:47Z</time>
			</trkpt>
			<trkpt lat="18.888914" lon="98.911223">
				<ele>422.967529</ele>
				<time>2016-07-22T09:28:01Z</time>
			</trkpt>
			<trkpt lat="18.888735" lon="98.911162">
				<ele>424.228760</ele>
				<time>2016-07-22T09:28:36Z</time>
			</trkpt>
			<trkpt lat="18.888918" lon="98.911190">
				<ele>424.908081</ele>
				<time>2016-07-22T09:31:32Z</time>
			</trkpt>
			<trkpt lat="18.889097" lon="98.911232">
				<ele>429.875488</ele>
				<time>2016-07-22T09:32:09Z</time>
			</trkpt>
			<trkpt lat="18.889278" lon="98.911178">
				<ele>425.420044</ele>
				<time>2016-07-22T09:32:29Z</time>
			</trkpt>
			<trkpt lat="18.889457" lon="98.911129">
				<ele>425.608398</ele>
				<time>2016-07-22T09:32:51Z</time>
			</trkpt>
			<trkpt lat="18.889573" lon="98.910944">
				<ele>434.363770</ele>
				<time>2016-07-22T09:34:09Z</time>
			</trkpt>
			<trkpt lat="18.889726" lon="98.910805">
				<ele>437.976685</ele>
				<time>2016-07-22T09:34:14Z</time>
			</trkpt>
			<trkpt lat="18.889827" lon="98.910566">
				<ele>437.610596</ele>
				<time>2016-07-22T09:34:19Z</time>
			</trkpt>
			<trkpt lat="18.889971" lon="98.910401">
				<ele>437.602539</ele>
				<time>2016-07-22T09:34:23Z</time>
			</trkpt>
			<trkpt lat="18.890135" lon="98.910251">
				<ele>434.949524</ele>
				<time>2016-07-22T09:34:29Z</time>
			</trkpt>
			<trkpt lat="18.890283" lon="98.910114">
				<ele>435.074768</ele>
				<time>2016-07-22T09:34:33Z</time>
			</trkpt>
			<trkpt lat="18.890447" lon="98.910014">
				<ele>436.711243</ele>
				<time>2016-07-22T09:34:37Z</time>
			</trkpt>
			<trkpt lat="18.890568" lon="98.909861">
				<ele>437.943359</ele>
				<time>2016-07-22T09:34:44Z</time>
			</trkpt>
			<trkpt lat="18.890650" lon="98.909668">
				<ele>437.541260</ele>
				<time>2016-07-22T09:34:52Z</time>
			</trkpt>
			<trkpt lat="18.890709" lon="98.909457">
				<ele>436.693665</ele>
				<time>2016-07-22T09:34:54Z</time>
			</trkpt>
			<trkpt lat="18.890772" lon="98.909274">
				<ele>435.503784</ele>
				<time>2016-07-22T09:34:57Z</time>
			</trkpt>
			<trkpt lat="18.890934" lon="98.909123">
				<ele>440.508057</ele>
				<time>2016-07-22T09:35:03Z</time>
			</trkpt>
			<trkpt lat="18.891068" lon="98.908966">
				<ele>444.544067</ele>
				<time>2016-07-22T09:35:10Z</time>
			</trkpt>
			<trkpt lat="18.891194" lon="98.908799">
				<ele>446.213379</ele>
				<time>2016-07-22T09:35:16Z</time>
			</trkpt>
			<trkpt lat="18.891344" lon="98.908679">
				<ele>449.461426</ele>
				<time>2016-07-22T09:35:21Z</time>
			</trkpt>
			<trkpt lat="18.891496" lon="98.908536">
				<ele>450.212341</ele>
				<time>2016-07-22T09:35:27Z</time>
			</trkpt>
			<trkpt lat="18.891590" lon="98.908363">
				<ele>453.390747</ele>
				<time>2016-07-22T09:35:30Z</time>
			</trkpt>
			<trkpt lat="18.891708" lon="98.908188">
				<ele>464.737671</ele>
				<time>2016-07-22T09:35:35Z</time>
			</trkpt>
			<trkpt lat="18.891844" lon="98.908027">
				<ele>468.978760</ele>
				<time>2016-07-22T09:35:41Z</time>
			</trkpt>
			<trkpt lat="18.891928" lon="98.907849">
				<ele>473.162842</ele>
				<time>2016-07-22T09:35:44Z</time>
			</trkpt>
			<trkpt lat="18.891963" lon="98.907662">
				<ele>475.213074</ele>
				<time>2016-07-22T09:35:48Z</time>
			</trkpt>
			<trkpt lat="18.892039" lon="98.907471">
				<ele>508.030029</ele>
				<time>2016-07-22T09:37:29Z</time>
			</trkpt>
			<trkpt lat="18.891967" lon="98.907289">
				<ele>502.686890</ele>
				<time>2016-07-22T09:37:36Z</time>
			</trkpt>
			<trkpt lat="18.891917" lon="98.907086">
				<ele>495.598633</ele>
				<time>2016-07-22T09:37:41Z</time>
			</trkpt>
			<trkpt lat="18.891861" lon="98.906880">
				<ele>494.404297</ele>
				<time>2016-07-22T09:37:47Z</time>
			</trkpt>
			<trkpt lat="18.891793" lon="98.906684">
				<ele>493.828125</ele>
				<time>2016-07-22T09:37:53Z</time>
			</trkpt>
			<trkpt lat="18.891732" lon="98.906487">
				<ele>494.594238</ele>
				<time>2016-07-22T09:37:59Z</time>
			</trkpt>
			<trkpt lat="18.891662" lon="98.906271">
				<ele>495.485596</ele>
				<time>2016-07-22T09:38:05Z</time>
			</trkpt>
			<trkpt lat="18.891592" lon="98.906088">
				<ele>485.907593</ele>
				<time>2016-07-22T09:38:12Z</time>
			</trkpt>
			<trkpt lat="18.891460" lon="98.905943">
				<ele>479.679077</ele>
				<time>2016-07-22T09:38:20Z</time>
			</trkpt>
			<trkpt lat="18.891316" lon="98.905792">
				<ele>479.855957</ele>
				<time>2016-07-22T09:38:30Z</time>
			</trkpt>
			<trkpt lat="18.891188" lon="98.905636">
				<ele>476.916748</ele>
				<time>2016-07-22T09:38:37Z</time>
			</trkpt>
			<trkpt lat="18.891058" lon="98.905476">
				<ele>475.221313</ele>
				<time>2016-07-22T09:38:42Z</time>
			</trkpt>
			<trkpt lat="18.891191" lon="98.905624">
				<ele>483.918335</ele>
				<time>2016-07-22T09:39:07Z</time>
			</trkpt>
			<trkpt lat="18.891379" lon="98.905591">
				<ele>482.914917</ele>
				<time>2016-07-22T09:39:24Z</time>
			</trkpt>
			<trkpt lat="18.891537" lon="98.905494">
				<ele>478.402954</ele>
				<time>2016-07-22T09:39:55Z</time>
			</trkpt>
			<trkpt lat="18.891636" lon="98.905334">
				<ele>475.040833</ele>
				<time>2016-07-22T09:40:01Z</time>
			</trkpt>
			<trkpt lat="18.891761" lon="98.905157">
				<ele>469.915527</ele>
				<time>2016-07-22T09:40:08Z</time>
			</trkpt>
			<trkpt lat="18.891930" lon="98.905068">
				<ele>465.898010</ele>
				<time>2016-07-22T09:40:15Z</time>
			</trkpt>
			<trkpt lat="18.892098" lon="98.904955">
				<ele>466.988770</ele>
				<time>2016-07-22T09:40:24Z</time>
			</trkpt>
			<trkpt lat="18.892276" lon="98.904878">
				<ele>469.072449</ele>
				<time>2016-07-22T09:40:31Z</time>
			</trkpt>
			<trkpt lat="18.892476" lon="98.904893">
				<ele>469.109497</ele>
				<time>2016-07-22T09:40:39Z</time>
			</trkpt>
			<trkpt lat="18.892658" lon="98.904887">
				<ele>463.338013</ele>
				<time>2016-07-22T09:40:45Z</time>
			</trkpt>
			<trkpt lat="18.892847" lon="98.904955">
				<ele>460.178223</ele>
				<time>2016-07-22T09:40:53Z</time>
			</trkpt>
			<trkpt lat="18.892649" lon="98.904931">
				<ele>458.752869</ele>
				<time>2016-07-22T09:41:07Z</time>
			</trkpt>
			<trkpt lat="18.892470" lon="98.904852">
				<ele>455.502441</ele>
				<time>2016-07-22T09:41:13Z</time>
			</trkpt>
			<trkpt lat="18.892674" lon="98.904913">
				<ele>463.057983</ele>
				<time>2016-07-22T09:41:30Z</time>
			</trkpt>
			<trkpt lat="18.892867" lon="98.904942">
				<ele>463.469971</ele>
				<time>2016-07-22T09:41:35Z</time>
			</trkpt>
			<trkpt lat="18.893009" lon="98.905075">
				<ele>464.066406</ele>
				<time>2016-07-22T09:41:40Z</time>
			</trkpt>
			<trkpt lat="18.893188" lon="98.905200">
				<ele>460.983887</ele>
				<time>2016-07-22T09:41:49Z</time>
			</trkpt>
			<trkpt lat="18.893366" lon="98.905275">
				<ele>458.794678</ele>
				<time>2016-07-22T09:41:55Z</time>
			</trkpt>
			<trkpt lat="18.893557" lon="98.905294">
				<ele>456.230774</ele>
				<time>2016-07-22T09:42:02Z</time>
			</trkpt>
			<trkpt lat="18.893751" lon="98.905309">
				<ele>464.335449</ele>
				<time>2016-07-22T09:42:09Z</time>
			</trkpt>
			<trkpt lat="18.893947" lon="98.905276">
				<ele>464.677734</ele>
				<time>2016-07-22T09:42:18Z</time>
			</trkpt>
			<trkpt lat="18.894148" lon="98.905294">
				<ele>461.642212</ele>
				<time>2016-07-22T09:42:27Z</time>
			</trkpt>
			<trkpt lat="18.894335" lon="98.905261">
				<ele>463.765625</ele>
				<time>2016-07-22T09:42:32Z</time>
			</trkpt>
			<trkpt lat="18.894529" lon="98.905211">
				<ele>459.833191</ele>
				<time>2016-07-22T09:42:39Z</time>
			</trkpt>
			<trkpt lat="18.894707" lon="98.905245">
				<ele>462.894104</ele>
				<time>2016-07-22T09:43:06Z</time>
			</trkpt>
			<trkpt lat="18.894891" lon="98.905320">
				<ele>460.928345</ele>
				<time>2016-07-22T09:43:14Z</time>
			</trkpt>
			<trkpt lat="18.895064" lon="98.905391">
				<ele>459.967957</ele>
				<time>2016-07-22T09:43:21Z</time>
			</trkpt>
			<trkpt lat="18.895268" lon="98.905395">
				<ele>456.257446</ele>
				<time>2016-07-22T09:43:27Z</time>
			</trkpt>
			<trkpt lat="18.895443" lon="98.905342">
				<ele>458.247437</ele>
				<time>2016-07-22T09:43:32Z</time>
			</trkpt>
			<trkpt lat="18.895618" lon="98.905281">
				<ele>455.701538</ele>
				<time>2016-07-22T09:43:36Z</time>
			</trkpt>
			<trkpt lat="18.895828" lon="98.905265">
				<ele>453.608521</ele>
				<time>2016-07-22T09:43:41Z</time>
			</trkpt>
			<trkpt lat="18.896020" lon="98.905286">
				<ele>455.473877</ele>
				<time>2016-07-22T09:43:46Z</time>
			</trkpt>
			<trkpt lat="18.896234" lon="98.905316">
				<ele>452.868286</ele>
				<time>2016-07-22T09:43:52Z</time>
			</trkpt>
			<trkpt lat="18.896438" lon="98.905272">
				<ele>449.052856</ele>
				<time>2016-07-22T09:43:58Z</time>
			</trkpt>
			<trkpt lat="18.896641" lon="98.905186">
				<ele>448.852966</ele>
				<time>2016-07-22T09:44:04Z</time>
			</trkpt>
			<trkpt lat="18.896812" lon="98.905283">
				<ele>443.694397</ele>
				<time>2016-07-22T09:44:11Z</time>
			</trkpt>
			<trkpt lat="18.896997" lon="98.905378">
				<ele>436.150940</ele>
				<time>2016-07-22T09:44:20Z</time>
			</trkpt>
			<trkpt lat="18.897217" lon="98.905403">
				<ele>430.761841</ele>
				<time>2016-07-22T09:44:25Z</time>
			</trkpt>
			<trkpt lat="18.897419" lon="98.905451">
				<ele>429.982788</ele>
				<time>2016-07-22T09:44:28Z</time>
			</trkpt>
			<trkpt lat="18.897608" lon="98.905465">
				<ele>429.499390</ele>
				<time>2016-07-22T09:44:32Z</time>
			</trkpt>
			<trkpt lat="18.897798" lon="98.905549">
				<ele>426.308105</ele>
				<time>2016-07-22T09:44:35Z</time>
			</trkpt>
			<trkpt lat="18.897960" lon="98.905639">
				<ele>422.831177</ele>
				<time>2016-07-22T09:44:39Z</time>
			</trkpt>
			<trkpt lat="18.898146" lon="98.905746">
				<ele>414.800354</ele>
				<time>2016-07-22T09:44:43Z</time>
			</trkpt>
			<trkpt lat="18.898283" lon="98.905877">
				<ele>414.036255</ele>
				<time>2016-07-22T09:44:49Z</time>
			</trkpt>
			<trkpt lat="18.898478" lon="98.905986">
				<ele>410.914185</ele>
				<time>2016-07-22T09:44:53Z</time>
			</trkpt>
			<trkpt lat="18.898659" lon="98.906123">
				<ele>407.428650</ele>
				<time>2016-07-22T09:44:56Z</time>
			</trkpt>
			<trkpt lat="18.898824" lon="98.906271">
				<ele>406.192444</ele>
				<time>2016-07-22T09:44:59Z</time>
			</trkpt>
			<trkpt lat="18.898979" lon="98.906442">
				<ele>404.284851</ele>
				<time>2016-07-22T09:45:02Z</time>
			</trkpt>
			<trkpt lat="18.899115" lon="98.906567">
				<ele>401.007812</ele>
				<time>2016-07-22T09:45:05Z</time>
			</trkpt>
			<trkpt lat="18.899288" lon="98.906666">
				<ele>399.608398</ele>
				<time>2016-07-22T09:45:08Z</time>
			</trkpt>
			<trkpt lat="18.899480" lon="98.906758">
				<ele>399.131104</ele>
				<time>2016-07-22T09:45:11Z</time>
			</trkpt>
			<trkpt lat="18.899656" lon="98.906826">
				<ele>394.371399</ele>
				<time>2016-07-22T09:45:14Z</time>
			</trkpt>
			<trkpt lat="18.899851" lon="98.906920">
				<ele>393.335754</ele>
				<time>2016-07-22T09:45:17Z</time>
			</trkpt>
			<trkpt lat="18.900020" lon="98.907043">
				<ele>387.788940</ele>
				<time>2016-07-22T09:45:20Z</time>
			</trkpt>
			<trkpt lat="18.900175" lon="98.907242">
				<ele>384.656982</ele>
				<time>2016-07-22T09:45:24Z</time>
			</trkpt>
			<trkpt lat="18.900285" lon="98.907445">
				<ele>378.654785</ele>
				<time>2016-07-22T09:45:28Z</time>
			</trkpt>
			<trkpt lat="18.900363" lon="98.907641">
				<ele>377.039185</ele>
				<time>2016-07-22T09:45:32Z</time>
			</trkpt>
			<trkpt lat="18.900515" lon="98.907768">
				<ele>371.430542</ele>
				<time>2016-07-22T09:45:37Z</time>
			</trkpt>
			<trkpt lat="18.900692" lon="98.907718">
				<ele>370.372131</ele>
				<time>2016-07-22T09:45:42Z</time>
			</trkpt>
			<trkpt lat="18.900867" lon="98.907665">
				<ele>370.608887</ele>
				<time>2016-07-22T09:45:46Z</time>
			</trkpt>
			<trkpt lat="18.901069" lon="98.907679">
				<ele>371.353577</ele>
				<time>2016-07-22T09:45:50Z</time>
			</trkpt>
			<trkpt lat="18.901283" lon="98.907716">
				<ele>369.816162</ele>
				<time>2016-07-22T09:45:54Z</time>
			</trkpt>
			<trkpt lat="18.901461" lon="98.907787">
				<ele>366.045044</ele>
				<time>2016-07-22T09:45:58Z</time>
			</trkpt>
			<trkpt lat="18.901630" lon="98.907942">
				<ele>362.265076</ele>
				<time>2016-07-22T09:46:03Z</time>
			</trkpt>
			<trkpt lat="18.901785" lon="98.908086">
				<ele>355.606812</ele>
				<time>2016-07-22T09:46:08Z</time>
			</trkpt>
			<trkpt lat="18.901809" lon="98.908285">
				<ele>357.601318</ele>
				<time>2016-07-22T09:46:13Z</time>
			</trkpt>
			<trkpt lat="18.901822" lon="98.908499">
				<ele>357.253052</ele>
				<time>2016-07-22T09:46:16Z</time>
			</trkpt>
			<trkpt lat="18.901917" lon="98.908717">
				<ele>357.837891</ele>
				<time>2016-07-22T09:46:19Z</time>
			</trkpt>
			<trkpt lat="18.902041" lon="98.908940">
				<ele>355.063232</ele>
				<time>2016-07-22T09:46:22Z</time>
			</trkpt>
			<trkpt lat="18.902110" lon="98.909144">
				<ele>355.323364</ele>
				<time>2016-07-22T09:46:25Z</time>
			</trkpt>
			<trkpt lat="18.902199" lon="98.909321">
				<ele>355.344849</ele>
				<time>2016-07-22T09:46:28Z</time>
			</trkpt>
			<trkpt lat="18.902328" lon="98.909506">
				<ele>357.116333</ele>
				<time>2016-07-22T09:46:32Z</time>
			</trkpt>
			<trkpt lat="18.902446" lon="98.909746">
				<ele>356.588257</ele>
				<time>2016-07-22T09:46:36Z</time>
			</trkpt>
			<trkpt lat="18.902443" lon="98.909991">
				<ele>358.063416</ele>
				<time>2016-07-22T09:46:39Z</time>
			</trkpt>
			<trkpt lat="18.902380" lon="98.910185">
				<ele>355.161377</ele>
				<time>2016-07-22T09:46:41Z</time>
			</trkpt>
			<trkpt lat="18.902334" lon="98.910448">
				<ele>355.667419</ele>
				<time>2016-07-22T09:46:44Z</time>
			</trkpt>
			<trkpt lat="18.902361" lon="98.910717">
				<ele>354.335632</ele>
				<time>2016-07-22T09:46:47Z</time>
			</trkpt>
			<trkpt lat="18.902425" lon="98.910970">
				<ele>351.953613</ele>
				<time>2016-07-22T09:46:50Z</time>
			</trkpt>
			<trkpt lat="18.902517" lon="98.911151">
				<ele>350.639465</ele>
				<time>2016-07-22T09:46:53Z</time>
			</trkpt>
			<trkpt lat="18.902635" lon="98.911305">
				<ele>351.185913</ele>
				<time>2016-07-22T09:46:55Z</time>
			</trkpt>
			<trkpt lat="18.902759" lon="98.911475">
				<ele>349.079834</ele>
				<time>2016-07-22T09:46:57Z</time>
			</trkpt>
			<trkpt lat="18.902886" lon="98.911654">
				<ele>349.849976</ele>
				<time>2016-07-22T09:46:59Z</time>
			</trkpt>
			<trkpt lat="18.903091" lon="98.911750">
				<ele>347.351440</ele>
				<time>2016-07-22T09:47:01Z</time>
			</trkpt>
			<trkpt lat="18.903278" lon="98.911876">
				<ele>352.076904</ele>
				<time>2016-07-22T09:47:03Z</time>
			</trkpt>
			<trkpt lat="18.903433" lon="98.912097">
				<ele>347.213013</ele>
				<time>2016-07-22T09:47:06Z</time>
			</trkpt>
			<trkpt lat="18.903597" lon="98.912267">
				<ele>344.573303</ele>
				<time>2016-07-22T09:47:09Z</time>
			</trkpt>
			<trkpt lat="18.903726" lon="98.912415">
				<ele>341.404053</ele>
				<time>2016-07-22T09:47:12Z</time>
			</trkpt>
			<trkpt lat="18.903856" lon="98.912626">
				<ele>337.580933</ele>
				<time>2016-07-22T09:47:15Z</time>
			</trkpt>
			<trkpt lat="18.903997" lon="98.912809">
				<ele>336.484741</ele>
				<time>2016-07-22T09:47:17Z</time>
			</trkpt>
			<trkpt lat="18.904150" lon="98.912964">
				<ele>338.913086</ele>
				<time>2016-07-22T09:47:19Z</time>
			</trkpt>
			<trkpt lat="18.904279" lon="98.913106">
				<ele>343.341675</ele>
				<time>2016-07-22T09:47:22Z</time>
			</trkpt>
			<trkpt lat="18.904464" lon="98.913158">
				<ele>349.316040</ele>
				<time>2016-07-22T09:47:28Z</time>
			</trkpt>
			<trkpt lat="18.904723" lon="98.913179">
				<ele>354.057129</ele>
				<time>2016-07-22T09:47:31Z</time>
			</trkpt>
			<trkpt lat="18.904950" lon="98.913207">
				<ele>357.087585</ele>
				<time>2016-07-22T09:47:33Z</time>
			</trkpt>
			<trkpt lat="18.905202" lon="98.913269">
				<ele>354.912354</ele>
				<time>2016-07-22T09:47:35Z</time>
			</trkpt>
			<trkpt lat="18.905444" lon="98.913328">
				<ele>355.752075</ele>
				<time>2016-07-22T09:47:37Z</time>
			</trkpt>
			<trkpt lat="18.905649" lon="98.913361">
				<ele>355.496643</ele>
				<time>2016-07-22T09:47:39Z</time>
			</trkpt>
			<trkpt lat="18.905907" lon="98.913416">
				<ele>355.128174</ele>
				<time>2016-07-22T09:47:41Z</time>
			</trkpt>
			<trkpt lat="18.906148" lon="98.913459">
				<ele>357.063965</ele>
				<time>2016-07-22T09:47:43Z</time>
			</trkpt>
			<trkpt lat="18.906355" lon="98.913491">
				<ele>358.510620</ele>
				<time>2016-07-22T09:47:45Z</time>
			</trkpt>
			<trkpt lat="18.906576" lon="98.913523">
				<ele>356.864807</ele>
				<time>2016-07-22T09:47:47Z</time>
			</trkpt>
			<trkpt lat="18.906791" lon="98.913538">
				<ele>356.419067</ele>
				<time>2016-07-22T09:47:49Z</time>
			</trkpt>
			<trkpt lat="18.907047" lon="98.913578">
				<ele>356.690063</ele>
				<time>2016-07-22T09:47:51Z</time>
			</trkpt>
			<trkpt lat="18.907269" lon="98.913632">
				<ele>352.508545</ele>
				<time>2016-07-22T09:47:53Z</time>
			</trkpt>
			<trkpt lat="18.907470" lon="98.913711">
				<ele>352.981750</ele>
				<time>2016-07-22T09:47:55Z</time>
			</trkpt>
			<trkpt lat="18.907708" lon="98.913797">
				<ele>347.950562</ele>
				<time>2016-07-22T09:47:58Z</time>
			</trkpt>
			<trkpt lat="18.907859" lon="98.913914">
				<ele>346.764587</ele>
				<time>2016-07-22T09:48:01Z</time>
			</trkpt>
			<trkpt lat="18.908046" lon="98.913983">
				<ele>345.890137</ele>
				<time>2016-07-22T09:48:03Z</time>
			</trkpt>
			<trkpt lat="18.908268" lon="98.913983">
				<ele>349.272217</ele>
				<time>2016-07-22T09:48:06Z</time>
			</trkpt>
			<trkpt lat="18.908457" lon="98.913864">
				<ele>345.414185</ele>
				<time>2016-07-22T09:48:10Z</time>
			</trkpt>
			<trkpt lat="18.908552" lon="98.913687">
				<ele>343.984131</ele>
				<time>2016-07-22T09:48:15Z</time>
			</trkpt>
			<trkpt lat="18.908477" lon="98.913455">
				<ele>343.520142</ele>
				<time>2016-07-22T09:48:18Z</time>
			</trkpt>
			<trkpt lat="18.908379" lon="98.913286">
				<ele>341.788330</ele>
				<time>2016-07-22T09:48:20Z</time>
			</trkpt>
			<trkpt lat="18.908213" lon="98.913030">
				<ele>339.710022</ele>
				<time>2016-07-22T09:48:23Z</time>
			</trkpt>
			<trkpt lat="18.908193" lon="98.912808">
				<ele>339.735962</ele>
				<time>2016-07-22T09:48:26Z</time>
			</trkpt>
			<trkpt lat="18.908194" lon="98.912613">
				<ele>338.588013</ele>
				<time>2016-07-22T09:48:28Z</time>
			</trkpt>
			<trkpt lat="18.908186" lon="98.912398">
				<ele>335.766846</ele>
				<time>2016-07-22T09:48:30Z</time>
			</trkpt>
			<trkpt lat="18.908201" lon="98.912166">
				<ele>335.305420</ele>
				<time>2016-07-22T09:48:32Z</time>
			</trkpt>
			<trkpt lat="18.908214" lon="98.911922">
				<ele>333.865967</ele>
				<time>2016-07-22T09:48:34Z</time>
			</trkpt>
			<trkpt lat="18.908245" lon="98.911662">
				<ele>334.232666</ele>
				<time>2016-07-22T09:48:36Z</time>
			</trkpt>
			<trkpt lat="18.908274" lon="98.911384">
				<ele>335.464966</ele>
				<time>2016-07-22T09:48:38Z</time>
			</trkpt>
			<trkpt lat="18.908305" lon="98.911091">
				<ele>337.715820</ele>
				<time>2016-07-22T09:48:40Z</time>
			</trkpt>
			<trkpt lat="18.908325" lon="98.910828">
				<ele>335.995544</ele>
				<time>2016-07-22T09:48:42Z</time>
			</trkpt>
			<trkpt lat="18.908350" lon="98.910556">
				<ele>335.326294</ele>
				<time>2016-07-22T09:48:44Z</time>
			</trkpt>
			<trkpt lat="18.908401" lon="98.910280">
				<ele>334.155884</ele>
				<time>2016-07-22T09:48:46Z</time>
			</trkpt>
			<trkpt lat="18.908388" lon="98.910014">
				<ele>331.238281</ele>
				<time>2016-07-22T09:48:48Z</time>
			</trkpt>
			<trkpt lat="18.908407" lon="98.909754">
				<ele>328.836975</ele>
				<time>2016-07-22T09:48:50Z</time>
			</trkpt>
			<trkpt lat="18.908432" lon="98.909492">
				<ele>331.418762</ele>
				<time>2016-07-22T09:48:52Z</time>
			</trkpt>
			<trkpt lat="18.908461" lon="98.909239">
				<ele>333.369568</ele>
				<time>2016-07-22T09:48:54Z</time>
			</trkpt>
			<trkpt lat="18.908492" lon="98.908993">
				<ele>333.232178</ele>
				<time>2016-07-22T09:48:56Z</time>
			</trkpt>
			<trkpt lat="18.908513" lon="98.908734">
				<ele>333.713013</ele>
				<time>2016-07-22T09:48:58Z</time>
			</trkpt>
			<trkpt lat="18.908546" lon="98.908497">
				<ele>334.778320</ele>
				<time>2016-07-22T09:49:00Z</time>
			</trkpt>
			<trkpt lat="18.908543" lon="98.908285">
				<ele>332.713257</ele>
				<time>2016-07-22T09:49:02Z</time>
			</trkpt>
			<trkpt lat="18.908556" lon="98.908054">
				<ele>331.932861</ele>
				<time>2016-07-22T09:49:04Z</time>
			</trkpt>
			<trkpt lat="18.908577" lon="98.907864">
				<ele>331.260498</ele>
				<time>2016-07-22T09:49:06Z</time>
			</trkpt>
			<trkpt lat="18.908568" lon="98.907662">
				<ele>329.751709</ele>
				<time>2016-07-22T09:49:09Z</time>
			</trkpt>
			<trkpt lat="18.908591" lon="98.907459">
				<ele>326.026123</ele>
				<time>2016-07-22T09:49:14Z</time>
			</trkpt>
			<trkpt lat="18.908515" lon="98.907234">
				<ele>327.827820</ele>
				<time>2016-07-22T09:49:18Z</time>
			</trkpt>
			<trkpt lat="18.908330" lon="98.907252">
				<ele>332.191406</ele>
				<time>2016-07-22T09:49:21Z</time>
			</trkpt>
			<trkpt lat="18.908100" lon="98.907226">
				<ele>333.553589</ele>
				<time>2016-07-22T09:49:24Z</time>
			</trkpt>
			<trkpt lat="18.907903" lon="98.907213">
				<ele>335.024292</ele>
				<time>2016-07-22T09:49:27Z</time>
			</trkpt>
			<trkpt lat="18.907690" lon="98.907126">
				<ele>338.876099</ele>
				<time>2016-07-22T09:49:30Z</time>
			</trkpt>
			<trkpt lat="18.907530" lon="98.907015">
				<ele>334.204346</ele>
				<time>2016-07-22T09:49:33Z</time>
			</trkpt>
			<trkpt lat="18.907602" lon="98.906793">
				<ele>339.430664</ele>
				<time>2016-07-22T09:49:37Z</time>
			</trkpt>
			<trkpt lat="18.907737" lon="98.906585">
				<ele>337.181824</ele>
				<time>2016-07-22T09:49:41Z</time>
			</trkpt>
			<trkpt lat="18.907819" lon="98.906403">
				<ele>338.475586</ele>
				<time>2016-07-22T09:49:46Z</time>
			</trkpt>
			<trkpt lat="18.907783" lon="98.906642">
				<ele>347.676025</ele>
				<time>2016-07-22T09:52:17Z</time>
			</trkpt>
			<trkpt lat="18.907683" lon="98.906822">
				<ele>346.132568</ele>
				<time>2016-07-22T09:52:21Z</time>
			</trkpt>
			<trkpt lat="18.907606" lon="98.906996">
				<ele>350.740112</ele>
				<time>2016-07-22T09:52:26Z</time>
			</trkpt>
			<trkpt lat="18.907748" lon="98.907124">
				<ele>348.534180</ele>
				<time>2016-07-22T09:52:31Z</time>
			</trkpt>
			<trkpt lat="18.907970" lon="98.907201">
				<ele>349.609497</ele>
				<time>2016-07-22T09:52:34Z</time>
			</trkpt>
			<trkpt lat="18.908215" lon="98.907212">
				<ele>348.492188</ele>
				<time>2016-07-22T09:52:37Z</time>
			</trkpt>
			<trkpt lat="18.908436" lon="98.907230">
				<ele>350.470825</ele>
				<time>2016-07-22T09:52:40Z</time>
			</trkpt>
			<trkpt lat="18.908642" lon="98.907218">
				<ele>348.693848</ele>
				<time>2016-07-22T09:52:45Z</time>
			</trkpt>
			<trkpt lat="18.908651" lon="98.906966">
				<ele>347.868774</ele>
				<time>2016-07-22T09:52:50Z</time>
			</trkpt>
			<trkpt lat="18.908694" lon="98.906704">
				<ele>350.348328</ele>
				<time>2016-07-22T09:52:53Z</time>
			</trkpt>
			<trkpt lat="18.908723" lon="98.906458">
				<ele>348.492432</ele>
				<time>2016-07-22T09:52:55Z</time>
			</trkpt>
			<trkpt lat="18.908780" lon="98.906232">
				<ele>348.345337</ele>
				<time>2016-07-22T09:52:57Z</time>
			</trkpt>
			<trkpt lat="18.908828" lon="98.906043">
				<ele>348.985535</ele>
				<time>2016-07-22T09:52:59Z</time>
			</trkpt>
			<trkpt lat="18.908871" lon="98.905858">
				<ele>346.414734</ele>
				<time>2016-07-22T09:53:02Z</time>
			</trkpt>
			<trkpt lat="18.909067" lon="98.905761">
				<ele>344.886597</ele>
				<time>2016-07-22T09:53:09Z</time>
			</trkpt>
			<trkpt lat="18.909267" lon="98.905780">
				<ele>346.020935</ele>
				<time>2016-07-22T09:53:11Z</time>
			</trkpt>
			<trkpt lat="18.909481" lon="98.905825">
				<ele>347.694397</ele>
				<time>2016-07-22T09:53:13Z</time>
			</trkpt>
			<trkpt lat="18.909730" lon="98.905852">
				<ele>348.227112</ele>
				<time>2016-07-22T09:53:16Z</time>
			</trkpt>
			<trkpt lat="18.909982" lon="98.905906">
				<ele>346.915771</ele>
				<time>2016-07-22T09:53:19Z</time>
			</trkpt>
			<trkpt lat="18.910189" lon="98.905937">
				<ele>345.632568</ele>
				<time>2016-07-22T09:53:21Z</time>
			</trkpt>
			<trkpt lat="18.910419" lon="98.905972">
				<ele>345.035156</ele>
				<time>2016-07-22T09:53:23Z</time>
			</trkpt>
			<trkpt lat="18.910643" lon="98.905967">
				<ele>343.130676</ele>
				<time>2016-07-22T09:53:25Z</time>
			</trkpt>
			<trkpt lat="18.910848" lon="98.905955">
				<ele>345.016418</ele>
				<time>2016-07-22T09:53:27Z</time>
			</trkpt>
			<trkpt lat="18.911069" lon="98.905937">
				<ele>343.696472</ele>
				<time>2016-07-22T09:53:29Z</time>
			</trkpt>
			<trkpt lat="18.911295" lon="98.905909">
				<ele>344.351685</ele>
				<time>2016-07-22T09:53:31Z</time>
			</trkpt>
			<trkpt lat="18.911528" lon="98.905871">
				<ele>343.901367</ele>
				<time>2016-07-22T09:53:33Z</time>
			</trkpt>
			<trkpt lat="18.911782" lon="98.905842">
				<ele>343.991455</ele>
				<time>2016-07-22T09:53:35Z</time>
			</trkpt>
			<trkpt lat="18.912022" lon="98.905818">
				<ele>344.247559</ele>
				<time>2016-07-22T09:53:37Z</time>
			</trkpt>
			<trkpt lat="18.912253" lon="98.905798">
				<ele>342.390503</ele>
				<time>2016-07-22T09:53:39Z</time>
			</trkpt>
			<trkpt lat="18.912467" lon="98.905774">
				<ele>342.302612</ele>
				<time>2016-07-22T09:53:41Z</time>
			</trkpt>
			<trkpt lat="18.912683" lon="98.905753">
				<ele>342.655151</ele>
				<time>2016-07-22T09:53:43Z</time>
			</trkpt>
			<trkpt lat="18.912897" lon="98.905738">
				<ele>343.985657</ele>
				<time>2016-07-22T09:53:45Z</time>
			</trkpt>
			<trkpt lat="18.913093" lon="98.905725">
				<ele>344.253540</ele>
				<time>2016-07-22T09:53:47Z</time>
			</trkpt>
			<trkpt lat="18.913282" lon="98.905720">
				<ele>345.356995</ele>
				<time>2016-07-22T09:53:49Z</time>
			</trkpt>
			<trkpt lat="18.913473" lon="98.905713">
				<ele>347.042725</ele>
				<time>2016-07-22T09:53:51Z</time>
			</trkpt>
			<trkpt lat="18.913741" lon="98.905684">
				<ele>345.449829</ele>
				<time>2016-07-22T09:53:54Z</time>
			</trkpt>
			<trkpt lat="18.913940" lon="98.905691">
				<ele>346.750244</ele>
				<time>2016-07-22T09:53:56Z</time>
			</trkpt>
			<trkpt lat="18.914133" lon="98.905711">
				<ele>346.064331</ele>
				<time>2016-07-22T09:53:58Z</time>
			</trkpt>
			<trkpt lat="18.914321" lon="98.905779">
				<ele>347.673767</ele>
				<time>2016-07-22T09:54:00Z</time>
			</trkpt>
			<trkpt lat="18.914524" lon="98.905882">
				<ele>345.031311</ele>
				<time>2016-07-22T09:54:02Z</time>
			</trkpt>
			<trkpt lat="18.914746" lon="98.906056">
				<ele>346.914917</ele>
				<time>2016-07-22T09:54:05Z</time>
			</trkpt>
			<trkpt lat="18.914937" lon="98.906290">
				<ele>346.360413</ele>
				<time>2016-07-22T09:54:08Z</time>
			</trkpt>
			<trkpt lat="18.915053" lon="98.906442">
				<ele>346.070557</ele>
				<time>2016-07-22T09:54:10Z</time>
			</trkpt>
			<trkpt lat="18.915125" lon="98.906686">
				<ele>347.378235</ele>
				<time>2016-07-22T09:54:13Z</time>
			</trkpt>
			<trkpt lat="18.915210" lon="98.906929">
				<ele>348.857056</ele>
				<time>2016-07-22T09:54:16Z</time>
			</trkpt>
			<trkpt lat="18.915268" lon="98.907193">
				<ele>350.761475</ele>
				<time>2016-07-22T09:54:19Z</time>
			</trkpt>
			<trkpt lat="18.915341" lon="98.907461">
				<ele>349.937744</ele>
				<time>2016-07-22T09:54:22Z</time>
			</trkpt>
			<trkpt lat="18.915401" lon="98.907661">
				<ele>350.178955</ele>
				<time>2016-07-22T09:54:24Z</time>
			</trkpt>
			<trkpt lat="18.915465" lon="98.907860">
				<ele>347.560547</ele>
				<time>2016-07-22T09:54:26Z</time>
			</trkpt>
			<trkpt lat="18.915553" lon="98.908105">
				<ele>348.778564</ele>
				<time>2016-07-22T09:54:29Z</time>
			</trkpt>
			<trkpt lat="18.915679" lon="98.908347">
				<ele>348.332153</ele>
				<time>2016-07-22T09:54:32Z</time>
			</trkpt>
			<trkpt lat="18.915894" lon="98.908523">
				<ele>351.192078</ele>
				<time>2016-07-22T09:54:35Z</time>
			</trkpt>
			<trkpt lat="18.916062" lon="98.908683">
				<ele>347.505127</ele>
				<time>2016-07-22T09:54:38Z</time>
			</trkpt>
			<trkpt lat="18.916252" lon="98.908859">
				<ele>345.892700</ele>
				<time>2016-07-22T09:54:41Z</time>
			</trkpt>
			<trkpt lat="18.916451" lon="98.908976">
				<ele>351.119995</ele>
				<time>2016-07-22T09:54:44Z</time>
			</trkpt>
			<trkpt lat="18.916654" lon="98.909101">
				<ele>349.352783</ele>
				<time>2016-07-22T09:54:47Z</time>
			</trkpt>
			<trkpt lat="18.916819" lon="98.909208">
				<ele>348.792603</ele>
				<time>2016-07-22T09:54:50Z</time>
			</trkpt>
			<trkpt lat="18.917011" lon="98.909163">
				<ele>344.165649</ele>
				<time>2016-07-22T09:55:31Z</time>
			</trkpt>
			<trkpt lat="18.917173" lon="98.908985">
				<ele>345.532715</ele>
				<time>2016-07-22T09:55:35Z</time>
			</trkpt>
			<trkpt lat="18.917369" lon="98.908861">
				<ele>344.187561</ele>
				<time>2016-07-22T09:55:39Z</time>
			</trkpt>
			<trkpt lat="18.917509" lon="98.908712">
				<ele>341.919983</ele>
				<time>2016-07-22T09:55:44Z</time>
			</trkpt>
			<trkpt lat="18.917659" lon="98.908606">
				<ele>339.757324</ele>
				<time>2016-07-22T09:55:52Z</time>
			</trkpt>
			<trkpt lat="18.917802" lon="98.908462">
				<ele>340.038574</ele>
				<time>2016-07-22T09:55:58Z</time>
			</trkpt>
			<trkpt lat="18.917935" lon="98.908301">
				<ele>341.613403</ele>
				<time>2016-07-22T09:56:03Z</time>
			</trkpt>
			<trkpt lat="18.918098" lon="98.908169">
				<ele>347.097839</ele>
				<time>2016-07-22T09:58:10Z</time>
			</trkpt>
			<trkpt lat="18.918269" lon="98.908051">
				<ele>348.696167</ele>
				<time>2016-07-22T09:58:13Z</time>
			</trkpt>
			<trkpt lat="18.918376" lon="98.907889">
				<ele>350.508667</ele>
				<time>2016-07-22T09:58:17Z</time>
			</trkpt>
			<trkpt lat="18.918374" lon="98.907613">
				<ele>348.496948</ele>
				<time>2016-07-22T09:58:20Z</time>
			</trkpt>
			<trkpt lat="18.918368" lon="98.907385">
				<ele>347.823059</ele>
				<time>2016-07-22T09:58:24Z</time>
			</trkpt>
			<trkpt lat="18.918388" lon="98.907157">
				<ele>352.010315</ele>
				<time>2016-07-22T09:58:27Z</time>
			</trkpt>
			<trkpt lat="18.918417" lon="98.906937">
				<ele>346.191406</ele>
				<time>2016-07-22T09:58:30Z</time>
			</trkpt>
			<trkpt lat="18.918455" lon="98.906726">
				<ele>344.000488</ele>
				<time>2016-07-22T09:58:33Z</time>
			</trkpt>
			<trkpt lat="18.918467" lon="98.906474">
				<ele>342.400146</ele>
				<time>2016-07-22T09:58:37Z</time>
			</trkpt>
			<trkpt lat="18.918473" lon="98.906270">
				<ele>344.159912</ele>
				<time>2016-07-22T09:58:40Z</time>
			</trkpt>
			<trkpt lat="18.918464" lon="98.906078">
				<ele>347.243530</ele>
				<time>2016-07-22T09:58:43Z</time>
			</trkpt>
			<trkpt lat="18.918418" lon="98.905892">
				<ele>345.558716</ele>
				<time>2016-07-22T09:58:46Z</time>
			</trkpt>
			<trkpt lat="18.918356" lon="98.905680">
				<ele>346.172974</ele>
				<time>2016-07-22T09:58:49Z</time>
			</trkpt>
			<trkpt lat="18.918303" lon="98.905495">
				<ele>348.077087</ele>
				<time>2016-07-22T09:58:52Z</time>
			</trkpt>
			<trkpt lat="18.918242" lon="98.905288">
				<ele>346.963684</ele>
				<time>2016-07-22T09:58:56Z</time>
			</trkpt>
			<trkpt lat="18.918177" lon="98.905067">
				<ele>345.795410</ele>
				<time>2016-07-22T09:59:01Z</time>
			</trkpt>
			<trkpt lat="18.918127" lon="98.904878">
				<ele>346.564209</ele>
				<time>2016-07-22T09:59:05Z</time>
			</trkpt>
			<trkpt lat="18.918143" lon="98.904680">
				<ele>349.145752</ele>
				<time>2016-07-22T09:59:09Z</time>
			</trkpt>
			<trkpt lat="18.918168" lon="98.904451">
				<ele>346.725098</ele>
				<time>2016-07-22T09:59:27Z</time>
			</trkpt>
			<trkpt lat="18.918234" lon="98.904249">
				<ele>343.528564</ele>
				<time>2016-07-22T09:59:32Z</time>
			</trkpt>
			<trkpt lat="18.918310" lon="98.904044">
				<ele>346.878235</ele>
				<time>2016-07-22T09:59:36Z</time>
			</trkpt>
			<trkpt lat="18.918404" lon="98.903837">
				<ele>346.995850</ele>
				<time>2016-07-22T09:59:40Z</time>
			</trkpt>
			<trkpt lat="18.918508" lon="98.903609">
				<ele>346.703186</ele>
				<time>2016-07-22T09:59:44Z</time>
			</trkpt>
			<trkpt lat="18.918502" lon="98.903411">
				<ele>347.362915</ele>
				<time>2016-07-22T09:59:47Z</time>
			</trkpt>
			<trkpt lat="18.918470" lon="98.903195">
				<ele>351.968994</ele>
				<time>2016-07-22T09:59:52Z</time>
			</trkpt>
			<trkpt lat="18.918450" lon="98.902987">
				<ele>353.499390</ele>
				<time>2016-07-22T09:59:56Z</time>
			</trkpt>
			<trkpt lat="18.918405" lon="98.902802">
				<ele>354.952881</ele>
				<time>2016-07-22T10:00:01Z</time>
			</trkpt>
			<trkpt lat="18.918356" lon="98.902619">
				<ele>354.424316</ele>
				<time>2016-07-22T10:00:06Z</time>
			</trkpt>
			<trkpt lat="18.918235" lon="98.902456">
				<ele>352.753296</ele>
				<time>2016-07-22T10:00:14Z</time>
			</trkpt>
			<trkpt lat="18.918102" lon="98.902325">
				<ele>357.718506</ele>
				<time>2016-07-22T10:00:25Z</time>
			</trkpt>
			<trkpt lat="18.917922" lon="98.902471">
				<ele>362.071289</ele>
				<time>2016-07-22T10:00:32Z</time>
			</trkpt>
			<trkpt lat="18.917675" lon="98.902548">
				<ele>362.118164</ele>
				<time>2016-07-22T10:00:36Z</time>
			</trkpt>
			<trkpt lat="18.917560" lon="98.902722">
				<ele>364.313721</ele>
				<time>2016-07-22T10:00:41Z</time>
			</trkpt>
			<trkpt lat="18.917377" lon="98.902882">
				<ele>361.474976</ele>
				<time>2016-07-22T10:00:45Z</time>
			</trkpt>
			<trkpt lat="18.917254" lon="98.903022">
				<ele>359.765747</ele>
				<time>2016-07-22T10:00:48Z</time>
			</trkpt>
			<trkpt lat="18.917098" lon="98.903214">
				<ele>361.580566</ele>
				<time>2016-07-22T10:00:52Z</time>
			</trkpt>
			<trkpt lat="18.916963" lon="98.903384">
				<ele>360.735474</ele>
				<time>2016-07-22T10:00:55Z</time>
			</trkpt>
			<trkpt lat="18.916887" lon="98.903582">
				<ele>364.336670</ele>
				<time>2016-07-22T10:00:58Z</time>
			</trkpt>
			<trkpt lat="18.916807" lon="98.903765">
				<ele>362.292358</ele>
				<time>2016-07-22T10:01:02Z</time>
			</trkpt>
			<trkpt lat="18.916715" lon="98.903959">
				<ele>355.822876</ele>
				<time>2016-07-22T10:01:08Z</time>
			</trkpt>
			<trkpt lat="18.916592" lon="98.904136">
				<ele>351.311584</ele>
				<time>2016-07-22T10:01:12Z</time>
			</trkpt>
			<trkpt lat="18.916485" lon="98.904320">
				<ele>347.986938</ele>
				<time>2016-07-22T10:01:17Z</time>
			</trkpt>
			<trkpt lat="18.916397" lon="98.904517">
				<ele>342.468018</ele>
				<time>2016-07-22T10:01:23Z</time>
			</trkpt>
			<trkpt lat="18.916321" lon="98.904733">
				<ele>342.573975</ele>
				<time>2016-07-22T10:01:27Z</time>
			</trkpt>
			<trkpt lat="18.916240" lon="98.904909">
				<ele>340.190002</ele>
				<time>2016-07-22T10:01:30Z</time>
			</trkpt>
			<trkpt lat="18.916116" lon="98.905101">
				<ele>339.197327</ele>
				<time>2016-07-22T10:01:33Z</time>
			</trkpt>
			<trkpt lat="18.916039" lon="98.905301">
				<ele>335.757568</ele>
				<time>2016-07-22T10:01:36Z</time>
			</trkpt>
			<trkpt lat="18.915907" lon="98.905535">
				<ele>334.465088</ele>
				<time>2016-07-22T10:01:39Z</time>
			</trkpt>
			<trkpt lat="18.915811" lon="98.905727">
				<ele>333.196594</ele>
				<time>2016-07-22T10:01:42Z</time>
			</trkpt>
			<trkpt lat="18.915725" lon="98.905902">
				<ele>332.221191</ele>
				<time>2016-07-22T10:01:45Z</time>
			</trkpt>
			<trkpt lat="18.915611" lon="98.906051">
				<ele>332.672485</ele>
				<time>2016-07-22T10:01:48Z</time>
			</trkpt>
			<trkpt lat="18.915496" lon="98.906227">
				<ele>333.863220</ele>
				<time>2016-07-22T10:01:52Z</time>
			</trkpt>
			<trkpt lat="18.915396" lon="98.906391">
				<ele>334.072388</ele>
				<time>2016-07-22T10:02:00Z</time>
			</trkpt>
			<trkpt lat="18.915472" lon="98.906192">
				<ele>332.606140</ele>
				<time>2016-07-22T10:02:57Z</time>
			</trkpt>
			<trkpt lat="18.915597" lon="98.906018">
				<ele>335.479309</ele>
				<time>2016-07-22T10:03:01Z</time>
			</trkpt>
			<trkpt lat="18.915721" lon="98.905801">
				<ele>338.117188</ele>
				<time>2016-07-22T10:03:05Z</time>
			</trkpt>
			<trkpt lat="18.915837" lon="98.905607">
				<ele>339.700806</ele>
				<time>2016-07-22T10:03:09Z</time>
			</trkpt>
			<trkpt lat="18.915910" lon="98.905428">
				<ele>341.025574</ele>
				<time>2016-07-22T10:03:12Z</time>
			</trkpt>
			<trkpt lat="18.916000" lon="98.905254">
				<ele>342.326416</ele>
				<time>2016-07-22T10:03:15Z</time>
			</trkpt>
			<trkpt lat="18.916106" lon="98.905070">
				<ele>343.591675</ele>
				<time>2016-07-22T10:03:18Z</time>
			</trkpt>
			<trkpt lat="18.916202" lon="98.904892">
				<ele>343.216309</ele>
				<time>2016-07-22T10:03:21Z</time>
			</trkpt>
			<trkpt lat="18.916311" lon="98.904684">
				<ele>346.386963</ele>
				<time>2016-07-22T10:03:25Z</time>
			</trkpt>
			<trkpt lat="18.916401" lon="98.904490">
				<ele>348.411926</ele>
				<time>2016-07-22T10:03:29Z</time>
			</trkpt>
			<trkpt lat="18.916512" lon="98.904282">
				<ele>351.070068</ele>
				<time>2016-07-22T10:03:34Z</time>
			</trkpt>
			<trkpt lat="18.916616" lon="98.904107">
				<ele>356.937012</ele>
				<time>2016-07-22T10:03:38Z</time>
			</trkpt>
			<trkpt lat="18.916711" lon="98.903916">
				<ele>359.247559</ele>
				<time>2016-07-22T10:03:42Z</time>
			</trkpt>
			<trkpt lat="18.916595" lon="98.903753">
				<ele>355.724854</ele>
				<time>2016-07-22T10:03:48Z</time>
			</trkpt>
			<trkpt lat="18.916405" lon="98.903659">
				<ele>355.033936</ele>
				<time>2016-07-22T10:03:51Z</time>
			</trkpt>
			<trkpt lat="18.916283" lon="98.903478">
				<ele>352.374512</ele>
				<time>2016-07-22T10:03:56Z</time>
			</trkpt>
			<trkpt lat="18.916244" lon="98.903275">
				<ele>357.198364</ele>
				<time>2016-07-22T10:04:00Z</time>
			</trkpt>
			<trkpt lat="18.916270" lon="98.903072">
				<ele>360.864624</ele>
				<time>2016-07-22T10:04:04Z</time>
			</trkpt>
			<trkpt lat="18.916262" lon="98.902851">
				<ele>361.953003</ele>
				<time>2016-07-22T10:04:09Z</time>
			</trkpt>
			<trkpt lat="18.916289" lon="98.902655">
				<ele>364.832153</ele>
				<time>2016-07-22T10:04:15Z</time>
			</trkpt>
			<trkpt lat="18.916288" lon="98.902429">
				<ele>366.183411</ele>
				<time>2016-07-22T10:04:21Z</time>
			</trkpt>
			<trkpt lat="18.916306" lon="98.902209">
				<ele>366.093262</ele>
				<time>2016-07-22T10:04:25Z</time>
			</trkpt>
			<trkpt lat="18.916318" lon="98.902013">
				<ele>369.020752</ele>
				<time>2016-07-22T10:04:29Z</time>
			</trkpt>
			<trkpt lat="18.916337" lon="98.901810">
				<ele>371.733826</ele>
				<time>2016-07-22T10:04:33Z</time>
			</trkpt>
			<trkpt lat="18.916314" lon="98.901613">
				<ele>372.295593</ele>
				<time>2016-07-22T10:04:37Z</time>
			</trkpt>
			<trkpt lat="18.916297" lon="98.901369">
				<ele>373.500977</ele>
				<time>2016-07-22T10:04:41Z</time>
			</trkpt>
			<trkpt lat="18.916246" lon="98.901175">
				<ele>376.652832</ele>
				<time>2016-07-22T10:04:45Z</time>
			</trkpt>
			<trkpt lat="18.916170" lon="98.900957">
				<ele>380.518921</ele>
				<time>2016-07-22T10:04:49Z</time>
			</trkpt>
			<trkpt lat="18.916097" lon="98.900779">
				<ele>383.274597</ele>
				<time>2016-07-22T10:04:53Z</time>
			</trkpt>
			<trkpt lat="18.915982" lon="98.900573">
				<ele>385.102295</ele>
				<time>2016-07-22T10:04:58Z</time>
			</trkpt>
			<trkpt lat="18.915895" lon="98.900370">
				<ele>386.037231</ele>
				<time>2016-07-22T10:05:02Z</time>
			</trkpt>
			<trkpt lat="18.915863" lon="98.900182">
				<ele>389.114990</ele>
				<time>2016-07-22T10:05:06Z</time>
			</trkpt>
			<trkpt lat="18.915847" lon="98.899985">
				<ele>397.071045</ele>
				<time>2016-07-22T10:05:12Z</time>
			</trkpt>
			<trkpt lat="18.915766" lon="98.899781">
				<ele>396.432983</ele>
				<time>2016-07-22T10:05:20Z</time>
			</trkpt>
			<trkpt lat="18.915653" lon="98.899608">
				<ele>394.536682</ele>
				<time>2016-07-22T10:05:25Z</time>
			</trkpt>
			<trkpt lat="18.915494" lon="98.899483">
				<ele>398.485107</ele>
				<time>2016-07-22T10:05:31Z</time>
			</trkpt>
			<trkpt lat="18.915415" lon="98.899308">
				<ele>397.354248</ele>
				<time>2016-07-22T10:05:36Z</time>
			</trkpt>
			<trkpt lat="18.915286" lon="98.899136">
				<ele>404.909119</ele>
				<time>2016-07-22T10:05:41Z</time>
			</trkpt>
			<trkpt lat="18.915162" lon="98.898976">
				<ele>402.918091</ele>
				<time>2016-07-22T10:05:48Z</time>
			</trkpt>
			<trkpt lat="18.914987" lon="98.898910">
				<ele>404.110840</ele>
				<time>2016-07-22T10:05:55Z</time>
			</trkpt>
			<trkpt lat="18.914793" lon="98.898886">
				<ele>404.236633</ele>
				<time>2016-07-22T10:06:01Z</time>
			</trkpt>
			<trkpt lat="18.914712" lon="98.899079">
				<ele>406.692261</ele>
				<time>2016-07-22T10:06:09Z</time>
			</trkpt>
			<trkpt lat="18.914831" lon="98.899231">
				<ele>415.811646</ele>
				<time>2016-07-22T10:06:20Z</time>
			</trkpt>
			<trkpt lat="18.914932" lon="98.899397">
				<ele>405.716125</ele>
				<time>2016-07-22T10:06:47Z</time>
			</trkpt>
			<trkpt lat="18.914998" lon="98.899591">
				<ele>407.873230</ele>
				<time>2016-07-22T10:07:21Z</time>
			</trkpt>
			<trkpt lat="18.915046" lon="98.899775">
				<ele>410.575867</ele>
				<time>2016-07-22T10:07:29Z</time>
			</trkpt>
			<trkpt lat="18.915026" lon="98.899978">
				<ele>413.115112</ele>
				<time>2016-07-22T10:07:35Z</time>
			</trkpt>
			<trkpt lat="18.915093" lon="98.900168">
				<ele>407.437744</ele>
				<time>2016-07-22T10:07:50Z</time>
			</trkpt>
			<trkpt lat="18.915166" lon="98.900352">
				<ele>398.373962</ele>
				<time>2016-07-22T10:07:58Z</time>
			</trkpt>
			<trkpt lat="18.915122" lon="98.900558">
				<ele>398.949463</ele>
				<time>2016-07-22T10:08:53Z</time>
			</trkpt>
			<trkpt lat="18.915035" lon="98.900725">
				<ele>395.814514</ele>
				<time>2016-07-22T10:09:23Z</time>
			</trkpt>
			<trkpt lat="18.915022" lon="98.900924">
				<ele>394.756348</ele>
				<time>2016-07-22T10:09:59Z</time>
			</trkpt>
			<trkpt lat="18.915020" lon="98.901117">
				<ele>390.055054</ele>
				<time>2016-07-22T10:11:16Z</time>
			</trkpt>
			<trkpt lat="18.914848" lon="98.901055">
				<ele>387.508850</ele>
				<time>2016-07-22T10:11:50Z</time>
			</trkpt>
			<trkpt lat="18.914658" lon="98.901034">
				<ele>387.551514</ele>
				<time>2016-07-22T10:12:01Z</time>
			</trkpt>
			<trkpt lat="18.914501" lon="98.900875">
				<ele>391.715576</ele>
				<time>2016-07-22T10:12:10Z</time>
			</trkpt>
			<trkpt lat="18.914318" lon="98.900785">
				<ele>394.650208</ele>
				<time>2016-07-22T10:12:17Z</time>
			</trkpt>
			<trkpt lat="18.914136" lon="98.900699">
				<ele>392.349854</ele>
				<time>2016-07-22T10:12:23Z</time>
			</trkpt>
			<trkpt lat="18.913954" lon="98.900752">
				<ele>391.121033</ele>
				<time>2016-07-22T10:12:34Z</time>
			</trkpt>
			<trkpt lat="18.913805" lon="98.900862">
				<ele>396.826538</ele>
				<time>2016-07-22T10:12:42Z</time>
			</trkpt>
			<trkpt lat="18.913618" lon="98.900895">
				<ele>386.358093</ele>
				<time>2016-07-22T10:12:49Z</time>
			</trkpt>
			<trkpt lat="18.913429" lon="98.900829">
				<ele>389.477417</ele>
				<time>2016-07-22T10:12:55Z</time>
			</trkpt>
			<trkpt lat="18.913203" lon="98.900861">
				<ele>403.305786</ele>
				<time>2016-07-22T10:14:42Z</time>
			</trkpt>
			<trkpt lat="18.913104" lon="98.900826">
				<ele>403.382263</ele>
				<time>2016-07-22T10:16:07Z</time>
			</trkpt>
			<trkpt lat="18.913104" lon="98.900826">
				<ele>403.364746</ele>
				<time>2016-07-22T10:16:10Z</time>
			</trkpt>
			<trkpt lat="18.913104" lon="98.900826">
				<ele>403.364746</ele>
				<time>2016-07-22T10:16:10Z</time>
			</trkpt>
			<trkpt lat="18.913104" lon="98.900826">
				<ele>403.364746</ele>
				<time>2016-07-22T10:16:10Z</time>
			</trkpt>
			<trkpt lat="18.913104" lon="98.900826">
				<ele>403.364746</ele>
				<time>2016-07-22T10:16:10Z</time>
			</trkpt>
			<trkpt lat="18.913104" lon="98.900826">
				<ele>404.867432</ele>
				<time>2016-07-22T10:16:31Z</time>
			</trkpt>
			<trkpt lat="18.913298" lon="98.900872">
				<ele>396.674377</ele>
				<time>2016-07-22T10:21:17Z</time>
			</trkpt>
			<trkpt lat="18.913469" lon="98.900937">
				<ele>399.322021</ele>
				<time>2016-07-22T10:21:26Z</time>
			</trkpt>
			<trkpt lat="18.913637" lon="98.900825">
				<ele>396.643433</ele>
				<time>2016-07-22T10:21:34Z</time>
			</trkpt>
			<trkpt lat="18.913802" lon="98.900691">
				<ele>395.102295</ele>
				<time>2016-07-22T10:21:39Z</time>
			</trkpt>
			<trkpt lat="18.913935" lon="98.900553">
				<ele>396.138062</ele>
				<time>2016-07-22T10:21:45Z</time>
			</trkpt>
			<trkpt lat="18.914123" lon="98.900566">
				<ele>396.863831</ele>
				<time>2016-07-22T10:21:52Z</time>
			</trkpt>
			<trkpt lat="18.914296" lon="98.900630">
				<ele>393.524780</ele>
				<time>2016-07-22T10:21:57Z</time>
			</trkpt>
			<trkpt lat="18.914451" lon="98.900766">
				<ele>396.454834</ele>
				<time>2016-07-22T10:22:03Z</time>
			</trkpt>
			<trkpt lat="18.914578" lon="98.900907">
				<ele>388.645813</ele>
				<time>2016-07-22T10:22:09Z</time>
			</trkpt>
			<trkpt lat="18.914748" lon="98.900984">
				<ele>389.380859</ele>
				<time>2016-07-22T10:22:16Z</time>
			</trkpt>
			<trkpt lat="18.914925" lon="98.901064">
				<ele>384.557129</ele>
				<time>2016-07-22T10:22:23Z</time>
			</trkpt>
			<trkpt lat="18.914993" lon="98.901258">
				<ele>381.148315</ele>
				<time>2016-07-22T10:22:30Z</time>
			</trkpt>
			<trkpt lat="18.915103" lon="98.901476">
				<ele>381.966248</ele>
				<time>2016-07-22T10:22:34Z</time>
			</trkpt>
			<trkpt lat="18.915264" lon="98.901662">
				<ele>383.457275</ele>
				<time>2016-07-22T10:22:38Z</time>
			</trkpt>
			<trkpt lat="18.915419" lon="98.901790">
				<ele>378.878662</ele>
				<time>2016-07-22T10:22:42Z</time>
			</trkpt>
			<trkpt lat="18.915603" lon="98.901878">
				<ele>376.638794</ele>
				<time>2016-07-22T10:22:46Z</time>
			</trkpt>
			<trkpt lat="18.915752" lon="98.902013">
				<ele>377.927856</ele>
				<time>2016-07-22T10:22:52Z</time>
			</trkpt>
			<trkpt lat="18.915838" lon="98.902189">
				<ele>376.505371</ele>
				<time>2016-07-22T10:22:57Z</time>
			</trkpt>
			<trkpt lat="18.915986" lon="98.902366">
				<ele>376.204224</ele>
				<time>2016-07-22T10:23:00Z</time>
			</trkpt>
			<trkpt lat="18.916147" lon="98.902534">
				<ele>375.880310</ele>
				<time>2016-07-22T10:23:03Z</time>
			</trkpt>
			<trkpt lat="18.916262" lon="98.902700">
				<ele>377.856323</ele>
				<time>2016-07-22T10:23:08Z</time>
			</trkpt>
			<trkpt lat="18.916307" lon="98.902490">
				<ele>381.778442</ele>
				<time>2016-07-22T10:23:15Z</time>
			</trkpt>
			<trkpt lat="18.916314" lon="98.902260">
				<ele>385.358765</ele>
				<time>2016-07-22T10:23:19Z</time>
			</trkpt>
			<trkpt lat="18.916345" lon="98.902063">
				<ele>384.575134</ele>
				<time>2016-07-22T10:23:22Z</time>
			</trkpt>
			<trkpt lat="18.916356" lon="98.901815">
				<ele>388.016357</ele>
				<time>2016-07-22T10:23:26Z</time>
			</trkpt>
			<trkpt lat="18.916347" lon="98.901553">
				<ele>384.198181</ele>
				<time>2016-07-22T10:23:29Z</time>
			</trkpt>
			<trkpt lat="18.916324" lon="98.901351">
				<ele>383.769958</ele>
				<time>2016-07-22T10:23:32Z</time>
			</trkpt>
			<trkpt lat="18.916251" lon="98.901168">
				<ele>386.509155</ele>
				<time>2016-07-22T10:23:35Z</time>
			</trkpt>
			<trkpt lat="18.916163" lon="98.900985">
				<ele>389.536255</ele>
				<time>2016-07-22T10:23:38Z</time>
			</trkpt>
			<trkpt lat="18.916048" lon="98.900801">
				<ele>392.859924</ele>
				<time>2016-07-22T10:23:42Z</time>
			</trkpt>
			<trkpt lat="18.915934" lon="98.900603">
				<ele>397.795410</ele>
				<time>2016-07-22T10:23:46Z</time>
			</trkpt>
			<trkpt lat="18.915897" lon="98.900347">
				<ele>397.525635</ele>
				<time>2016-07-22T10:23:49Z</time>
			</trkpt>
			<trkpt lat="18.915863" lon="98.900138">
				<ele>396.674072</ele>
				<time>2016-07-22T10:23:51Z</time>
			</trkpt>
			<trkpt lat="18.915848" lon="98.899915">
				<ele>395.541382</ele>
				<time>2016-07-22T10:23:55Z</time>
			</trkpt>
			<trkpt lat="18.915764" lon="98.899732">
				<ele>399.127869</ele>
				<time>2016-07-22T10:23:58Z</time>
			</trkpt>
			<trkpt lat="18.915614" lon="98.899566">
				<ele>403.333191</ele>
				<time>2016-07-22T10:24:02Z</time>
			</trkpt>
			<trkpt lat="18.915478" lon="98.899412">
				<ele>404.374023</ele>
				<time>2016-07-22T10:24:06Z</time>
			</trkpt>
			<trkpt lat="18.915358" lon="98.899262">
				<ele>405.648926</ele>
				<time>2016-07-22T10:24:10Z</time>
			</trkpt>
			<trkpt lat="18.915250" lon="98.899082">
				<ele>406.169556</ele>
				<time>2016-07-22T10:24:14Z</time>
			</trkpt>
			<trkpt lat="18.915149" lon="98.898889">
				<ele>407.998047</ele>
				<time>2016-07-22T10:24:18Z</time>
			</trkpt>
			<trkpt lat="18.915066" lon="98.898657">
				<ele>412.951294</ele>
				<time>2016-07-22T10:24:22Z</time>
			</trkpt>
			<trkpt lat="18.914993" lon="98.898475">
				<ele>413.899902</ele>
				<time>2016-07-22T10:24:25Z</time>
			</trkpt>
			<trkpt lat="18.914921" lon="98.898275">
				<ele>419.385986</ele>
				<time>2016-07-22T10:24:29Z</time>
			</trkpt>
			<trkpt lat="18.914930" lon="98.898007">
				<ele>419.258057</ele>
				<time>2016-07-22T10:24:32Z</time>
			</trkpt>
			<trkpt lat="18.915013" lon="98.897807">
				<ele>420.475586</ele>
				<time>2016-07-22T10:24:35Z</time>
			</trkpt>
			<trkpt lat="18.915226" lon="98.897697">
				<ele>424.317200</ele>
				<time>2016-07-22T10:24:38Z</time>
			</trkpt>
			<trkpt lat="18.915395" lon="98.897543">
				<ele>425.699280</ele>
				<time>2016-07-22T10:24:42Z</time>
			</trkpt>
			<trkpt lat="18.915525" lon="98.897407">
				<ele>426.577026</ele>
				<time>2016-07-22T10:24:46Z</time>
			</trkpt>
			<trkpt lat="18.915638" lon="98.897230">
				<ele>428.775879</ele>
				<time>2016-07-22T10:24:51Z</time>
			</trkpt>
			<trkpt lat="18.915837" lon="98.897118">
				<ele>429.345703</ele>
				<time>2016-07-22T10:24:56Z</time>
			</trkpt>
			<trkpt lat="18.916026" lon="98.897031">
				<ele>429.451965</ele>
				<time>2016-07-22T10:25:00Z</time>
			</trkpt>
			<trkpt lat="18.916205" lon="98.896971">
				<ele>430.458069</ele>
				<time>2016-07-22T10:25:05Z</time>
			</trkpt>
			<trkpt lat="18.916407" lon="98.896898">
				<ele>432.458618</ele>
				<time>2016-07-22T10:25:09Z</time>
			</trkpt>
			<trkpt lat="18.916437" lon="98.896695">
				<ele>438.486816</ele>
				<time>2016-07-22T10:25:28Z</time>
			</trkpt>
			<trkpt lat="18.916263" lon="98.896587">
				<ele>443.893311</ele>
				<time>2016-07-22T10:25:34Z</time>
			</trkpt>
			<trkpt lat="18.916081" lon="98.896557">
				<ele>450.576355</ele>
				<time>2016-07-22T10:25:40Z</time>
			</trkpt>
			<trkpt lat="18.915899" lon="98.896501">
				<ele>450.487915</ele>
				<time>2016-07-22T10:25:46Z</time>
			</trkpt>
			<trkpt lat="18.915707" lon="98.896412">
				<ele>455.401978</ele>
				<time>2016-07-22T10:25:52Z</time>
			</trkpt>
			<trkpt lat="18.915537" lon="98.896324">
				<ele>458.728149</ele>
				<time>2016-07-22T10:25:58Z</time>
			</trkpt>
			<trkpt lat="18.915412" lon="98.896179">
				<ele>464.845947</ele>
				<time>2016-07-22T10:26:30Z</time>
			</trkpt>
			<trkpt lat="18.915255" lon="98.896062">
				<ele>465.686035</ele>
				<time>2016-07-22T10:26:38Z</time>
			</trkpt>
			<trkpt lat="18.915071" lon="98.895985">
				<ele>470.107666</ele>
				<time>2016-07-22T10:26:46Z</time>
			</trkpt>
			<trkpt lat="18.914875" lon="98.895930">
				<ele>472.849182</ele>
				<time>2016-07-22T10:26:54Z</time>
			</trkpt>
			<trkpt lat="18.914670" lon="98.895896">
				<ele>475.937622</ele>
				<time>2016-07-22T10:27:01Z</time>
			</trkpt>
			<trkpt lat="18.914487" lon="98.895875">
				<ele>479.466309</ele>
				<time>2016-07-22T10:27:06Z</time>
			</trkpt>
			<trkpt lat="18.914296" lon="98.895810">
				<ele>476.215576</ele>
				<time>2016-07-22T10:27:11Z</time>
			</trkpt>
			<trkpt lat="18.914110" lon="98.895773">
				<ele>480.063232</ele>
				<time>2016-07-22T10:27:19Z</time>
			</trkpt>
			<trkpt lat="18.913929" lon="98.895770">
				<ele>486.445801</ele>
				<time>2016-07-22T10:27:31Z</time>
			</trkpt>
			<trkpt lat="18.913745" lon="98.895762">
				<ele>493.019043</ele>
				<time>2016-07-22T10:27:37Z</time>
			</trkpt>
			<trkpt lat="18.913556" lon="98.895724">
				<ele>496.250122</ele>
				<time>2016-07-22T10:27:43Z</time>
			</trkpt>
			<trkpt lat="18.913367" lon="98.895634">
				<ele>503.681274</ele>
				<time>2016-07-22T10:27:50Z</time>
			</trkpt>
			<trkpt lat="18.913177" lon="98.895538">
				<ele>504.945312</ele>
				<time>2016-07-22T10:27:54Z</time>
			</trkpt>
			<trkpt lat="18.913015" lon="98.895442">
				<ele>507.087280</ele>
				<time>2016-07-22T10:27:58Z</time>
			</trkpt>
			<trkpt lat="18.912852" lon="98.895305">
				<ele>507.287109</ele>
				<time>2016-07-22T10:28:02Z</time>
			</trkpt>
			<trkpt lat="18.912681" lon="98.895192">
				<ele>505.833740</ele>
				<time>2016-07-22T10:28:06Z</time>
			</trkpt>
			<trkpt lat="18.912531" lon="98.895061">
				<ele>504.731201</ele>
				<time>2016-07-22T10:28:10Z</time>
			</trkpt>
			<trkpt lat="18.912377" lon="98.894945">
				<ele>505.800598</ele>
				<time>2016-07-22T10:28:16Z</time>
			</trkpt>
			<trkpt lat="18.912206" lon="98.894834">
				<ele>510.754150</ele>
				<time>2016-07-22T10:28:21Z</time>
			</trkpt>
			<trkpt lat="18.912055" lon="98.894726">
				<ele>512.324646</ele>
				<time>2016-07-22T10:28:26Z</time>
			</trkpt>
			<trkpt lat="18.911891" lon="98.894595">
				<ele>514.527100</ele>
				<time>2016-07-22T10:28:32Z</time>
			</trkpt>
			<trkpt lat="18.911719" lon="98.894485">
				<ele>515.905212</ele>
				<time>2016-07-22T10:28:38Z</time>
			</trkpt>
			<trkpt lat="18.911561" lon="98.894352">
				<ele>517.677490</ele>
				<time>2016-07-22T10:28:44Z</time>
			</trkpt>
			<trkpt lat="18.911423" lon="98.894209">
				<ele>518.351929</ele>
				<time>2016-07-22T10:28:49Z</time>
			</trkpt>
			<trkpt lat="18.911252" lon="98.894051">
				<ele>520.156433</ele>
				<time>2016-07-22T10:28:54Z</time>
			</trkpt>
			<trkpt lat="18.911076" lon="98.893970">
				<ele>522.959229</ele>
				<time>2016-07-22T10:28:59Z</time>
			</trkpt>
			<trkpt lat="18.910902" lon="98.893866">
				<ele>528.363220</ele>
				<time>2016-07-22T10:29:05Z</time>
			</trkpt>
			<trkpt lat="18.910829" lon="98.893680">
				<ele>528.513062</ele>
				<time>2016-07-22T10:29:45Z</time>
			</trkpt>
			<trkpt lat="18.911023" lon="98.893584">
				<ele>526.912415</ele>
				<time>2016-07-22T10:31:05Z</time>
			</trkpt>
			<trkpt lat="18.911153" lon="98.893439">
				<ele>529.164246</ele>
				<time>2016-07-22T10:31:11Z</time>
			</trkpt>
			<trkpt lat="18.911196" lon="98.893234">
				<ele>529.388245</ele>
				<time>2016-07-22T10:31:18Z</time>
			</trkpt>
			<trkpt lat="18.911317" lon="98.893084">
				<ele>533.384277</ele>
				<time>2016-07-22T10:31:27Z</time>
			</trkpt>
			<trkpt lat="18.911506" lon="98.893082">
				<ele>537.368042</ele>
				<time>2016-07-22T10:31:36Z</time>
			</trkpt>
			<trkpt lat="18.911680" lon="98.893005">
				<ele>539.321411</ele>
				<time>2016-07-22T10:31:46Z</time>
			</trkpt>
			<trkpt lat="18.911877" lon="98.893044">
				<ele>542.516113</ele>
				<time>2016-07-22T10:31:54Z</time>
			</trkpt>
			<trkpt lat="18.912061" lon="98.893022">
				<ele>543.867188</ele>
				<time>2016-07-22T10:32:02Z</time>
			</trkpt>
			<trkpt lat="18.912260" lon="98.892949">
				<ele>548.065918</ele>
				<time>2016-07-22T10:32:09Z</time>
			</trkpt>
			<trkpt lat="18.912428" lon="98.892841">
				<ele>549.229797</ele>
				<time>2016-07-22T10:32:18Z</time>
			</trkpt>
			<trkpt lat="18.912594" lon="98.892755">
				<ele>550.111511</ele>
				<time>2016-07-22T10:32:24Z</time>
			</trkpt>
			<trkpt lat="18.912754" lon="98.892630">
				<ele>553.468079</ele>
				<time>2016-07-22T10:32:32Z</time>
			</trkpt>
			<trkpt lat="18.912906" lon="98.892487">
				<ele>552.856506</ele>
				<time>2016-07-22T10:32:39Z</time>
			</trkpt>
			<trkpt lat="18.913055" lon="98.892365">
				<ele>552.087769</ele>
				<time>2016-07-22T10:32:44Z</time>
			</trkpt>
			<trkpt lat="18.913241" lon="98.892407">
				<ele>557.198730</ele>
				<time>2016-07-22T10:32:50Z</time>
			</trkpt>
			<trkpt lat="18.913434" lon="98.892461">
				<ele>559.403076</ele>
				<time>2016-07-22T10:32:56Z</time>
			</trkpt>
			<trkpt lat="18.913618" lon="98.892380">
				<ele>557.332458</ele>
				<time>2016-07-22T10:33:02Z</time>
			</trkpt>
			<trkpt lat="18.913771" lon="98.892274">
				<ele>561.893311</ele>
				<time>2016-07-22T10:33:09Z</time>
			</trkpt>
			<trkpt lat="18.913984" lon="98.892256">
				<ele>568.186279</ele>
				<time>2016-07-22T10:33:16Z</time>
			</trkpt>
			<trkpt lat="18.914188" lon="98.892207">
				<ele>567.742676</ele>
				<time>2016-07-22T10:33:21Z</time>
			</trkpt>
			<trkpt lat="18.914358" lon="98.892105">
				<ele>558.192139</ele>
				<time>2016-07-22T10:33:27Z</time>
			</trkpt>
			<trkpt lat="18.914507" lon="98.891970">
				<ele>554.803833</ele>
				<time>2016-07-22T10:33:33Z</time>
			</trkpt>
			<trkpt lat="18.914685" lon="98.891866">
				<ele>557.088501</ele>
				<time>2016-07-22T10:33:40Z</time>
			</trkpt>
			<trkpt lat="18.914884" lon="98.891789">
				<ele>558.585388</ele>
				<time>2016-07-22T10:33:47Z</time>
			</trkpt>
			<trkpt lat="18.915078" lon="98.891703">
				<ele>561.257202</ele>
				<time>2016-07-22T10:33:54Z</time>
			</trkpt>
			<trkpt lat="18.915280" lon="98.891705">
				<ele>561.311035</ele>
				<time>2016-07-22T10:34:01Z</time>
			</trkpt>
			<trkpt lat="18.915465" lon="98.891659">
				<ele>553.143188</ele>
				<time>2016-07-22T10:34:12Z</time>
			</trkpt>
			<trkpt lat="18.915653" lon="98.891635">
				<ele>555.504883</ele>
				<time>2016-07-22T10:34:23Z</time>
			</trkpt>
			<trkpt lat="18.915842" lon="98.891603">
				<ele>549.585327</ele>
				<time>2016-07-22T10:34:32Z</time>
			</trkpt>
			<trkpt lat="18.915990" lon="98.891447">
				<ele>547.585938</ele>
				<time>2016-07-22T10:34:39Z</time>
			</trkpt>
			<trkpt lat="18.916150" lon="98.891354">
				<ele>546.441223</ele>
				<time>2016-07-22T10:34:46Z</time>
			</trkpt>
			<trkpt lat="18.916292" lon="98.891220">
				<ele>543.542358</ele>
				<time>2016-07-22T10:34:54Z</time>
			</trkpt>
			<trkpt lat="18.916239" lon="98.891035">
				<ele>537.436279</ele>
				<time>2016-07-22T10:35:01Z</time>
			</trkpt>
			<trkpt lat="18.916136" lon="98.890861">
				<ele>539.252563</ele>
				<time>2016-07-22T10:35:08Z</time>
			</trkpt>
			<trkpt lat="18.915987" lon="98.890734">
				<ele>545.660156</ele>
				<time>2016-07-22T10:35:21Z</time>
			</trkpt>
			<trkpt lat="18.915899" lon="98.890543">
				<ele>547.579041</ele>
				<time>2016-07-22T10:35:27Z</time>
			</trkpt>
			<trkpt lat="18.915737" lon="98.890425">
				<ele>547.951477</ele>
				<time>2016-07-22T10:35:37Z</time>
			</trkpt>
			<trkpt lat="18.915617" lon="98.890267">
				<ele>550.419312</ele>
				<time>2016-07-22T10:35:47Z</time>
			</trkpt>
			<trkpt lat="18.915809" lon="98.890202">
				<ele>560.063354</ele>
				<time>2016-07-22T10:35:56Z</time>
			</trkpt>
			<trkpt lat="18.915981" lon="98.890094">
				<ele>557.870056</ele>
				<time>2016-07-22T10:36:03Z</time>
			</trkpt>
			<trkpt lat="18.916142" lon="98.890009">
				<ele>561.277466</ele>
				<time>2016-07-22T10:36:07Z</time>
			</trkpt>
			<trkpt lat="18.916267" lon="98.889849">
				<ele>553.706299</ele>
				<time>2016-07-22T10:36:15Z</time>
			</trkpt>
			<trkpt lat="18.916258" lon="98.889637">
				<ele>548.490723</ele>
				<time>2016-07-22T10:36:23Z</time>
			</trkpt>
			<trkpt lat="18.916213" lon="98.889447">
				<ele>549.373718</ele>
				<time>2016-07-22T10:36:29Z</time>
			</trkpt>
			<trkpt lat="18.916130" lon="98.889265">
				<ele>545.742065</ele>
				<time>2016-07-22T10:36:36Z</time>
			</trkpt>
			<trkpt lat="18.915992" lon="98.889127">
				<ele>548.076477</ele>
				<time>2016-07-22T10:36:42Z</time>
			</trkpt>
			<trkpt lat="18.915919" lon="98.888947">
				<ele>562.636230</ele>
				<time>2016-07-22T10:37:02Z</time>
			</trkpt>
			<trkpt lat="18.916005" lon="98.888757">
				<ele>569.119141</ele>
				<time>2016-07-22T10:37:08Z</time>
			</trkpt>
			<trkpt lat="18.916057" lon="98.888552">
				<ele>573.021851</ele>
				<time>2016-07-22T10:37:14Z</time>
			</trkpt>
			<trkpt lat="18.916153" lon="98.888387">
				<ele>577.476318</ele>
				<time>2016-07-22T10:37:20Z</time>
			</trkpt>
			<trkpt lat="18.916242" lon="98.888176">
				<ele>577.812134</ele>
				<time>2016-07-22T10:37:26Z</time>
			</trkpt>
			<trkpt lat="18.916262" lon="98.887985">
				<ele>574.088989</ele>
				<time>2016-07-22T10:37:30Z</time>
			</trkpt>
			<trkpt lat="18.916303" lon="98.887798">
				<ele>578.250122</ele>
				<time>2016-07-22T10:37:36Z</time>
			</trkpt>
			<trkpt lat="18.916452" lon="98.887689">
				<ele>595.451904</ele>
				<time>2016-07-22T10:39:50Z</time>
			</trkpt>
			<trkpt lat="18.916492" lon="98.887485">
				<ele>595.379517</ele>
				<time>2016-07-22T10:41:43Z</time>
			</trkpt>
			<trkpt lat="18.916336" lon="98.887350">
				<ele>597.667480</ele>
				<time>2016-07-22T10:41:52Z</time>
			</trkpt>
			<trkpt lat="18.916156" lon="98.887267">
				<ele>595.647583</ele>
				<time>2016-07-22T10:42:12Z</time>
			</trkpt>
			<trkpt lat="18.916035" lon="98.887065">
				<ele>596.204468</ele>
				<time>2016-07-22T10:42:25Z</time>
			</trkpt>
			<trkpt lat="18.916069" lon="98.886874">
				<ele>606.653809</ele>
				<time>2016-07-22T10:42:42Z</time>
			</trkpt>
			<trkpt lat="18.916167" lon="98.886698">
				<ele>616.462402</ele>
				<time>2016-07-22T10:42:57Z</time>
			</trkpt>
			<trkpt lat="18.916318" lon="98.886559">
				<ele>614.919434</ele>
				<time>2016-07-22T10:43:07Z</time>
			</trkpt>
			<trkpt lat="18.916382" lon="98.886362">
				<ele>610.684082</ele>
				<time>2016-07-22T10:43:13Z</time>
			</trkpt>
			<trkpt lat="18.916345" lon="98.886163">
				<ele>610.351807</ele>
				<time>2016-07-22T10:43:22Z</time>
			</trkpt>
			<trkpt lat="18.916259" lon="98.885982">
				<ele>609.959961</ele>
				<time>2016-07-22T10:43:30Z</time>
			</trkpt>
			<trkpt lat="18.916128" lon="98.885838">
				<ele>606.539307</ele>
				<time>2016-07-22T10:43:39Z</time>
			</trkpt>
			<trkpt lat="18.916074" lon="98.885631">
				<ele>614.889893</ele>
				<time>2016-07-22T10:44:22Z</time>
			</trkpt>
			<trkpt lat="18.915966" lon="98.885469">
				<ele>612.842285</ele>
				<time>2016-07-22T10:44:30Z</time>
			</trkpt>
			<trkpt lat="18.915960" lon="98.885278">
				<ele>625.566162</ele>
				<time>2016-07-22T10:44:48Z</time>
			</trkpt>
			<trkpt lat="18.916122" lon="98.885183">
				<ele>634.138428</ele>
				<time>2016-07-22T10:46:02Z</time>
			</trkpt>
			<trkpt lat="18.916325" lon="98.885227">
				<ele>639.762695</ele>
				<time>2016-07-22T10:46:07Z</time>
			</trkpt>
			<trkpt lat="18.916518" lon="98.885192">
				<ele>643.159424</ele>
				<time>2016-07-22T10:46:12Z</time>
			</trkpt>
			<trkpt lat="18.916667" lon="98.885056">
				<ele>639.665405</ele>
				<time>2016-07-22T10:46:17Z</time>
			</trkpt>
			<trkpt lat="18.916870" lon="98.885125">
				<ele>639.756836</ele>
				<time>2016-07-22T10:46:23Z</time>
			</trkpt>
			<trkpt lat="18.917058" lon="98.885117">
				<ele>636.683350</ele>
				<time>2016-07-22T10:46:32Z</time>
			</trkpt>
			<trkpt lat="18.917239" lon="98.885001">
				<ele>632.441650</ele>
				<time>2016-07-22T10:46:43Z</time>
			</trkpt>
			<trkpt lat="18.917400" lon="98.884875">
				<ele>631.213379</ele>
				<time>2016-07-22T10:46:49Z</time>
			</trkpt>
			<trkpt lat="18.917568" lon="98.884755">
				<ele>626.083008</ele>
				<time>2016-07-22T10:46:55Z</time>
			</trkpt>
			<trkpt lat="18.917750" lon="98.884732">
				<ele>628.615479</ele>
				<time>2016-07-22T10:47:07Z</time>
			</trkpt>
			<trkpt lat="18.917946" lon="98.884757">
				<ele>626.540039</ele>
				<time>2016-07-22T10:47:17Z</time>
			</trkpt>
			<trkpt lat="18.918136" lon="98.884683">
				<ele>621.856445</ele>
				<time>2016-07-22T10:47:24Z</time>
			</trkpt>
			<trkpt lat="18.918302" lon="98.884593">
				<ele>620.324951</ele>
				<time>2016-07-22T10:47:35Z</time>
			</trkpt>
			<trkpt lat="18.918364" lon="98.884388">
				<ele>618.457520</ele>
				<time>2016-07-22T10:47:43Z</time>
			</trkpt>
			<trkpt lat="18.918472" lon="98.884230">
				<ele>616.115723</ele>
				<time>2016-07-22T10:47:50Z</time>
			</trkpt>
			<trkpt lat="18.918663" lon="98.884210">
				<ele>611.316040</ele>
				<time>2016-07-22T10:47:56Z</time>
			</trkpt>
			<trkpt lat="18.918778" lon="98.884041">
				<ele>608.538574</ele>
				<time>2016-07-22T10:48:06Z</time>
			</trkpt>
			<trkpt lat="18.918600" lon="98.883998">
				<ele>606.912598</ele>
				<time>2016-07-22T10:48:17Z</time>
			</trkpt>
			<trkpt lat="18.918432" lon="98.883911">
				<ele>606.908447</ele>
				<time>2016-07-22T10:49:22Z</time>
			</trkpt>
			<trkpt lat="18.918428" lon="98.883720">
				<ele>600.100830</ele>
				<time>2016-07-22T10:49:30Z</time>
			</trkpt>
			<trkpt lat="18.918399" lon="98.883531">
				<ele>598.369873</ele>
				<time>2016-07-22T10:49:39Z</time>
			</trkpt>
			<trkpt lat="18.918284" lon="98.883384">
				<ele>595.844360</ele>
				<time>2016-07-22T10:49:52Z</time>
			</trkpt>
			<trkpt lat="18.918220" lon="98.883203">
				<ele>595.405029</ele>
				<time>2016-07-22T10:50:04Z</time>
			</trkpt>
			<trkpt lat="18.918038" lon="98.883155">
				<ele>588.315063</ele>
				<time>2016-07-22T10:50:15Z</time>
			</trkpt>
			<trkpt lat="18.917868" lon="98.883062">
				<ele>584.733154</ele>
				<time>2016-07-22T10:50:25Z</time>
			</trkpt>
			<trkpt lat="18.917668" lon="98.883027">
				<ele>586.844482</ele>
				<time>2016-07-22T10:50:37Z</time>
			</trkpt>
			<trkpt lat="18.917472" lon="98.883042">
				<ele>582.765137</ele>
				<time>2016-07-22T10:50:46Z</time>
			</trkpt>
			<trkpt lat="18.917601" lon="98.882888">
				<ele>587.974121</ele>
				<time>2016-07-22T10:50:58Z</time>
			</trkpt>
			<trkpt lat="18.917756" lon="98.882784">
				<ele>589.658325</ele>
				<time>2016-07-22T10:51:12Z</time>
			</trkpt>
			<trkpt lat="18.917916" lon="98.882677">
				<ele>586.056763</ele>
				<time>2016-07-22T10:54:21Z</time>
			</trkpt>
			<trkpt lat="18.918042" lon="98.882816">
				<ele>583.761230</ele>
				<time>2016-07-22T10:54:30Z</time>
			</trkpt>
			<trkpt lat="18.918207" lon="98.882908">
				<ele>585.387573</ele>
				<time>2016-07-22T10:54:36Z</time>
			</trkpt>
			<trkpt lat="18.918417" lon="98.882942">
				<ele>581.842285</ele>
				<time>2016-07-22T10:55:23Z</time>
			</trkpt>
			<trkpt lat="18.918596" lon="98.882994">
				<ele>587.455811</ele>
				<time>2016-07-22T10:55:43Z</time>
			</trkpt>
			<trkpt lat="18.918792" lon="98.882969">
				<ele>582.074463</ele>
				<time>2016-07-22T10:59:48Z</time>
			</trkpt>
			<trkpt lat="18.918971" lon="98.883055">
				<ele>581.411743</ele>
				<time>2016-07-22T10:59:54Z</time>
			</trkpt>
			<trkpt lat="18.919085" lon="98.883210">
				<ele>589.055786</ele>
				<time>2016-07-22T11:00:17Z</time>
			</trkpt>
			<trkpt lat="18.919233" lon="98.883339">
				<ele>582.040039</ele>
				<time>2016-07-22T11:00:56Z</time>
			</trkpt>
			<trkpt lat="18.919368" lon="98.883467">
				<ele>579.117188</ele>
				<time>2016-07-22T11:01:03Z</time>
			</trkpt>
			<trkpt lat="18.919461" lon="98.883649">
				<ele>581.208008</ele>
				<time>2016-07-22T11:01:17Z</time>
			</trkpt>
			<trkpt lat="18.919571" lon="98.883806">
				<ele>574.020996</ele>
				<time>2016-07-22T11:01:25Z</time>
			</trkpt>
			<trkpt lat="18.919757" lon="98.883888">
				<ele>574.273193</ele>
				<time>2016-07-22T11:01:33Z</time>
			</trkpt>
			<trkpt lat="18.919937" lon="98.883869">
				<ele>574.836426</ele>
				<time>2016-07-22T11:01:40Z</time>
			</trkpt>
			<trkpt lat="18.920066" lon="98.884042">
				<ele>571.773193</ele>
				<time>2016-07-22T11:02:20Z</time>
			</trkpt>
			<trkpt lat="18.920258" lon="98.884168">
				<ele>567.269287</ele>
				<time>2016-07-22T11:05:12Z</time>
			</trkpt>
			<trkpt lat="18.920117" lon="98.884287">
				<ele>577.372559</ele>
				<time>2016-07-22T11:09:19Z</time>
			</trkpt>
			<trkpt lat="18.920165" lon="98.884479">
				<ele>575.754883</ele>
				<time>2016-07-22T11:09:30Z</time>
			</trkpt>
			<trkpt lat="18.920252" lon="98.884657">
				<ele>568.742188</ele>
				<time>2016-07-22T11:09:42Z</time>
			</trkpt>
			<trkpt lat="18.920389" lon="98.884802">
				<ele>561.495850</ele>
				<time>2016-07-22T11:09:50Z</time>
			</trkpt>
			<trkpt lat="18.920573" lon="98.884888">
				<ele>559.233459</ele>
				<time>2016-07-22T11:09:58Z</time>
			</trkpt>
			<trkpt lat="18.920651" lon="98.885093">
				<ele>554.909302</ele>
				<time>2016-07-22T11:10:08Z</time>
			</trkpt>
			<trkpt lat="18.920741" lon="98.885278">
				<ele>556.541443</ele>
				<time>2016-07-22T11:10:13Z</time>
			</trkpt>
			<trkpt lat="18.920897" lon="98.885447">
				<ele>557.576050</ele>
				<time>2016-07-22T11:10:18Z</time>
			</trkpt>
			<trkpt lat="18.921006" lon="98.885615">
				<ele>556.119141</ele>
				<time>2016-07-22T11:10:24Z</time>
			</trkpt>
			<trkpt lat="18.920949" lon="98.885819">
				<ele>565.468018</ele>
				<time>2016-07-22T11:10:30Z</time>
			</trkpt>
			<trkpt lat="18.920964" lon="98.886033">
				<ele>560.940918</ele>
				<time>2016-07-22T11:10:37Z</time>
			</trkpt>
			<trkpt lat="18.921059" lon="98.886208">
				<ele>551.173706</ele>
				<time>2016-07-22T11:10:42Z</time>
			</trkpt>
			<trkpt lat="18.921170" lon="98.886389">
				<ele>552.815369</ele>
				<time>2016-07-22T11:10:49Z</time>
			</trkpt>
			<trkpt lat="18.921183" lon="98.886589">
				<ele>555.166931</ele>
				<time>2016-07-22T11:10:57Z</time>
			</trkpt>
			<trkpt lat="18.921152" lon="98.886783">
				<ele>554.249939</ele>
				<time>2016-07-22T11:11:03Z</time>
			</trkpt>
			<trkpt lat="18.921169" lon="98.886979">
				<ele>551.244141</ele>
				<time>2016-07-22T11:11:09Z</time>
			</trkpt>
			<trkpt lat="18.921101" lon="98.887161">
				<ele>546.863159</ele>
				<time>2016-07-22T11:11:16Z</time>
			</trkpt>
			<trkpt lat="18.921040" lon="98.887354">
				<ele>544.959534</ele>
				<time>2016-07-22T11:11:23Z</time>
			</trkpt>
			<trkpt lat="18.921094" lon="98.887554">
				<ele>539.918213</ele>
				<time>2016-07-22T11:11:36Z</time>
			</trkpt>
			<trkpt lat="18.921123" lon="98.887765">
				<ele>533.501465</ele>
				<time>2016-07-22T11:11:44Z</time>
			</trkpt>
			<trkpt lat="18.921028" lon="98.887949">
				<ele>531.292236</ele>
				<time>2016-07-22T11:11:50Z</time>
			</trkpt>
			<trkpt lat="18.920926" lon="98.888115">
				<ele>529.165039</ele>
				<time>2016-07-22T11:11:57Z</time>
			</trkpt>
			<trkpt lat="18.920760" lon="98.888236">
				<ele>535.351074</ele>
				<time>2016-07-22T11:12:04Z</time>
			</trkpt>
			<trkpt lat="18.920658" lon="98.888404">
				<ele>532.408264</ele>
				<time>2016-07-22T11:12:13Z</time>
			</trkpt>
			<trkpt lat="18.920684" lon="98.888616">
				<ele>528.968750</ele>
				<time>2016-07-22T11:12:23Z</time>
			</trkpt>
			<trkpt lat="18.920696" lon="98.888812">
				<ele>520.868896</ele>
				<time>2016-07-22T11:12:32Z</time>
			</trkpt>
			<trkpt lat="18.920652" lon="98.889015">
				<ele>515.859741</ele>
				<time>2016-07-22T11:12:41Z</time>
			</trkpt>
			<trkpt lat="18.920711" lon="98.889197">
				<ele>508.609375</ele>
				<time>2016-07-22T11:12:52Z</time>
			</trkpt>
			<trkpt lat="18.920744" lon="98.889402">
				<ele>503.782349</ele>
				<time>2016-07-22T11:13:00Z</time>
			</trkpt>
			<trkpt lat="18.920771" lon="98.889608">
				<ele>507.489746</ele>
				<time>2016-07-22T11:13:10Z</time>
			</trkpt>
			<trkpt lat="18.920673" lon="98.889768">
				<ele>497.011841</ele>
				<time>2016-07-22T11:14:29Z</time>
			</trkpt>
			<trkpt lat="18.920608" lon="98.889950">
				<ele>496.975586</ele>
				<time>2016-07-22T11:14:37Z</time>
			</trkpt>
			<trkpt lat="18.920616" lon="98.890149">
				<ele>500.995483</ele>
				<time>2016-07-22T11:14:46Z</time>
			</trkpt>
			<trkpt lat="18.920614" lon="98.890353">
				<ele>497.554810</ele>
				<time>2016-07-22T11:14:53Z</time>
			</trkpt>
			<trkpt lat="18.920522" lon="98.890551">
				<ele>499.026794</ele>
				<time>2016-07-22T11:14:58Z</time>
			</trkpt>
			<trkpt lat="18.920439" lon="98.890735">
				<ele>493.702393</ele>
				<time>2016-07-22T11:15:03Z</time>
			</trkpt>
			<trkpt lat="18.920409" lon="98.890961">
				<ele>492.736938</ele>
				<time>2016-07-22T11:15:08Z</time>
			</trkpt>
			<trkpt lat="18.920408" lon="98.891165">
				<ele>493.953918</ele>
				<time>2016-07-22T11:15:14Z</time>
			</trkpt>
			<trkpt lat="18.920414" lon="98.891360">
				<ele>490.415283</ele>
				<time>2016-07-22T11:15:20Z</time>
			</trkpt>
			<trkpt lat="18.920425" lon="98.891586">
				<ele>481.800415</ele>
				<time>2016-07-22T11:16:07Z</time>
			</trkpt>
			<trkpt lat="18.920480" lon="98.891784">
				<ele>485.977173</ele>
				<time>2016-07-22T11:16:15Z</time>
			</trkpt>
			<trkpt lat="18.920534" lon="98.891966">
				<ele>473.603027</ele>
				<time>2016-07-22T11:16:33Z</time>
			</trkpt>
			<trkpt lat="18.920374" lon="98.891858">
				<ele>475.210815</ele>
				<time>2016-07-22T11:17:28Z</time>
			</trkpt>
			<trkpt lat="18.920193" lon="98.891757">
				<ele>472.116943</ele>
				<time>2016-07-22T11:17:56Z</time>
			</trkpt>
			<trkpt lat="18.920009" lon="98.891710">
				<ele>464.575378</ele>
				<time>2016-07-22T11:18:49Z</time>
			</trkpt>
			<trkpt lat="18.920191" lon="98.891735">
				<ele>469.821049</ele>
				<time>2016-07-22T11:33:50Z</time>
			</trkpt>
			<trkpt lat="18.920357" lon="98.891816">
				<ele>473.225956</ele>
				<time>2016-07-22T11:34:43Z</time>
			</trkpt>
			<trkpt lat="18.920444" lon="98.891991">
				<ele>473.908517</ele>
				<time>2016-07-22T11:37:14Z</time>
			</trkpt>
			<trkpt lat="18.920429" lon="98.892187">
				<ele>469.169281</ele>
				<time>2016-07-22T11:37:24Z</time>
			</trkpt>
			<trkpt lat="18.920439" lon="98.892410">
				<ele>465.841241</ele>
				<time>2016-07-22T11:37:31Z</time>
			</trkpt>
			<trkpt lat="18.920423" lon="98.892626">
				<ele>462.787316</ele>
				<time>2016-07-22T11:37:37Z</time>
			</trkpt>
			<trkpt lat="18.920505" lon="98.892799">
				<ele>460.984571</ele>
				<time>2016-07-22T11:37:45Z</time>
			</trkpt>
			<trkpt lat="18.920689" lon="98.892810">
				<ele>457.405916</ele>
				<time>2016-07-22T11:37:52Z</time>
			</trkpt>
			<trkpt lat="18.920700" lon="98.893020">
				<ele>455.001772</ele>
				<time>2016-07-22T11:38:05Z</time>
			</trkpt>
			<trkpt lat="18.920543" lon="98.893154">
				<ele>454.325239</ele>
				<time>2016-07-22T11:38:11Z</time>
			</trkpt>
			<trkpt lat="18.920411" lon="98.893311">
				<ele>450.702661</ele>
				<time>2016-07-22T11:38:20Z</time>
			</trkpt>
			<trkpt lat="18.920259" lon="98.893419">
				<ele>449.038952</ele>
				<time>2016-07-22T11:38:24Z</time>
			</trkpt>
			<trkpt lat="18.920199" lon="98.893600">
				<ele>448.039885</ele>
				<time>2016-07-22T11:38:27Z</time>
			</trkpt>
			<trkpt lat="18.920299" lon="98.893793">
				<ele>447.002950</ele>
				<time>2016-07-22T11:38:32Z</time>
			</trkpt>
			<trkpt lat="18.920461" lon="98.893879">
				<ele>445.658699</ele>
				<time>2016-07-22T11:38:39Z</time>
			</trkpt>
			<trkpt lat="18.920548" lon="98.894074">
				<ele>444.912972</ele>
				<time>2016-07-22T11:38:43Z</time>
			</trkpt>
			<trkpt lat="18.920459" lon="98.894260">
				<ele>445.386404</ele>
				<time>2016-07-22T11:38:49Z</time>
			</trkpt>
			<trkpt lat="18.920276" lon="98.894298">
				<ele>446.712448</ele>
				<time>2016-07-22T11:38:53Z</time>
			</trkpt>
			<trkpt lat="18.920238" lon="98.894503">
				<ele>447.103335</ele>
				<time>2016-07-22T11:38:58Z</time>
			</trkpt>
			<trkpt lat="18.920333" lon="98.894678">
				<ele>446.237309</ele>
				<time>2016-07-22T11:39:03Z</time>
			</trkpt>
			<trkpt lat="18.920294" lon="98.894872">
				<ele>446.608199</ele>
				<time>2016-07-22T11:39:09Z</time>
			</trkpt>
			<trkpt lat="18.920436" lon="98.895033">
				<ele>444.615083</ele>
				<time>2016-07-22T11:39:16Z</time>
			</trkpt>
			<trkpt lat="18.920556" lon="98.895202">
				<ele>442.058635</ele>
				<time>2016-07-22T11:39:23Z</time>
			</trkpt>
			<trkpt lat="18.920613" lon="98.895387">
				<ele>439.530117</ele>
				<time>2016-07-22T11:39:31Z</time>
			</trkpt>
			<trkpt lat="18.920616" lon="98.895598">
				<ele>438.384287</ele>
				<time>2016-07-22T11:39:38Z</time>
			</trkpt>
			<trkpt lat="18.920574" lon="98.895790">
				<ele>437.375076</ele>
				<time>2016-07-22T11:39:44Z</time>
			</trkpt>
			<trkpt lat="18.920416" lon="98.895913">
				<ele>432.807320</ele>
				<time>2016-07-22T11:39:52Z</time>
			</trkpt>
			<trkpt lat="18.920222" lon="98.895997">
				<ele>429.371509</ele>
				<time>2016-07-22T11:39:59Z</time>
			</trkpt>
			<trkpt lat="18.920067" lon="98.896112">
				<ele>426.836358</ele>
				<time>2016-07-22T11:40:06Z</time>
			</trkpt>
			<trkpt lat="18.919966" lon="98.896274">
				<ele>422.342439</ele>
				<time>2016-07-22T11:40:17Z</time>
			</trkpt>
			<trkpt lat="18.919881" lon="98.896447">
				<ele>419.967229</ele>
				<time>2016-07-22T11:40:25Z</time>
			</trkpt>
			<trkpt lat="18.919763" lon="98.896601">
				<ele>417.037071</ele>
				<time>2016-07-22T11:40:32Z</time>
			</trkpt>
			<trkpt lat="18.919637" lon="98.896774">
				<ele>415.084294</ele>
				<time>2016-07-22T11:40:39Z</time>
			</trkpt>
			<trkpt lat="18.919506" lon="98.896912">
				<ele>412.502604</ele>
				<time>2016-07-22T11:40:47Z</time>
			</trkpt>
			<trkpt lat="18.919362" lon="98.897031">
				<ele>408.287447</ele>
				<time>2016-07-22T11:40:55Z</time>
			</trkpt>
			<trkpt lat="18.919203" lon="98.897143">
				<ele>405.418048</ele>
				<time>2016-07-22T11:41:02Z</time>
			</trkpt>
			<trkpt lat="18.919130" lon="98.897342">
				<ele>402.827839</ele>
				<time>2016-07-22T11:41:09Z</time>
			</trkpt>
			<trkpt lat="18.919185" lon="98.897541">
				<ele>401.337481</ele>
				<time>2016-07-22T11:41:15Z</time>
			</trkpt>
			<trkpt lat="18.919304" lon="98.897696">
				<ele>399.870334</ele>
				<time>2016-07-22T11:41:23Z</time>
			</trkpt>
			<trkpt lat="18.919230" lon="98.897874">
				<ele>397.042453</ele>
				<time>2016-07-22T11:41:28Z</time>
			</trkpt>
			<trkpt lat="18.919145" lon="98.898052">
				<ele>397.230547</ele>
				<time>2016-07-22T11:41:32Z</time>
			</trkpt>
			<trkpt lat="18.919040" lon="98.898211">
				<ele>397.283108</ele>
				<time>2016-07-22T11:41:36Z</time>
			</trkpt>
			<trkpt lat="18.918945" lon="98.898408">
				<ele>395.268342</ele>
				<time>2016-07-22T11:41:40Z</time>
			</trkpt>
			<trkpt lat="18.918917" lon="98.898601">
				<ele>392.724068</ele>
				<time>2016-07-22T11:41:45Z</time>
			</trkpt>
			<trkpt lat="18.918996" lon="98.898834">
				<ele>390.781313</ele>
				<time>2016-07-22T11:41:50Z</time>
			</trkpt>
			<trkpt lat="18.919049" lon="98.899063">
				<ele>388.739334</ele>
				<time>2016-07-22T11:41:54Z</time>
			</trkpt>
			<trkpt lat="18.919068" lon="98.899283">
				<ele>386.974380</ele>
				<time>2016-07-22T11:41:58Z</time>
			</trkpt>
			<trkpt lat="18.919071" lon="98.899481">
				<ele>384.559871</ele>
				<time>2016-07-22T11:42:03Z</time>
			</trkpt>
			<trkpt lat="18.919066" lon="98.899690">
				<ele>382.117606</ele>
				<time>2016-07-22T11:42:08Z</time>
			</trkpt>
			<trkpt lat="18.918988" lon="98.899876">
				<ele>379.937736</ele>
				<time>2016-07-22T11:42:13Z</time>
			</trkpt>
			<trkpt lat="18.918960" lon="98.900083">
				<ele>378.897711</ele>
				<time>2016-07-22T11:42:18Z</time>
			</trkpt>
			<trkpt lat="18.918881" lon="98.900282">
				<ele>377.434294</ele>
				<time>2016-07-22T11:42:24Z</time>
			</trkpt>
			<trkpt lat="18.918780" lon="98.900441">
				<ele>375.562433</ele>
				<time>2016-07-22T11:42:30Z</time>
			</trkpt>
			<trkpt lat="18.918667" lon="98.900593">
				<ele>374.668560</ele>
				<time>2016-07-22T11:42:37Z</time>
			</trkpt>
			<trkpt lat="18.918495" lon="98.900706">
				<ele>374.587173</ele>
				<time>2016-07-22T11:42:42Z</time>
			</trkpt>
			<trkpt lat="18.918342" lon="98.900855">
				<ele>374.470333</ele>
				<time>2016-07-22T11:42:48Z</time>
			</trkpt>
			<trkpt lat="18.918210" lon="98.901032">
				<ele>375.349335</ele>
				<time>2016-07-22T11:43:47Z</time>
			</trkpt>
			<trkpt lat="18.918203" lon="98.901228">
				<ele>375.097855</ele>
				<time>2016-07-22T11:43:53Z</time>
			</trkpt>
			<trkpt lat="18.918187" lon="98.901439">
				<ele>374.133910</ele>
				<time>2016-07-22T11:43:59Z</time>
			</trkpt>
			<trkpt lat="18.918188" lon="98.901659">
				<ele>370.774034</ele>
				<time>2016-07-22T11:44:06Z</time>
			</trkpt>
			<trkpt lat="18.918230" lon="98.901879">
				<ele>367.670809</ele>
				<time>2016-07-22T11:44:11Z</time>
			</trkpt>
			<trkpt lat="18.918266" lon="98.902078">
				<ele>365.843084</ele>
				<time>2016-07-22T11:44:15Z</time>
			</trkpt>
			<trkpt lat="18.918308" lon="98.902302">
				<ele>364.294530</ele>
				<time>2016-07-22T11:44:20Z</time>
			</trkpt>
			<trkpt lat="18.918336" lon="98.902515">
				<ele>364.077850</ele>
				<time>2016-07-22T11:44:25Z</time>
			</trkpt>
			<trkpt lat="18.918391" lon="98.902716">
				<ele>363.898595</ele>
				<time>2016-07-22T11:44:29Z</time>
			</trkpt>
			<trkpt lat="18.918475" lon="98.902940">
				<ele>364.124782</ele>
				<time>2016-07-22T11:44:34Z</time>
			</trkpt>
			<trkpt lat="18.918513" lon="98.903147">
				<ele>364.591246</ele>
				<time>2016-07-22T11:45:34Z</time>
			</trkpt>
			<trkpt lat="18.918555" lon="98.903355">
				<ele>364.271733</ele>
				<time>2016-07-22T11:45:39Z</time>
			</trkpt>
			<trkpt lat="18.918577" lon="98.903589">
				<ele>363.272417</ele>
				<time>2016-07-22T11:45:44Z</time>
			</trkpt>
			<trkpt lat="18.918465" lon="98.903818">
				<ele>363.021247</ele>
				<time>2016-07-22T11:45:48Z</time>
			</trkpt>
			<trkpt lat="18.918385" lon="98.903989">
				<ele>363.665903</ele>
				<time>2016-07-22T11:45:51Z</time>
			</trkpt>
			<trkpt lat="18.918301" lon="98.904204">
				<ele>364.455792</ele>
				<time>2016-07-22T11:45:54Z</time>
			</trkpt>
			<trkpt lat="18.918213" lon="98.904420">
				<ele>365.675939</ele>
				<time>2016-07-22T11:45:58Z</time>
			</trkpt>
			<trkpt lat="18.918175" lon="98.904610">
				<ele>366.070846</ele>
				<time>2016-07-22T11:46:02Z</time>
			</trkpt>
			<trkpt lat="18.918161" lon="98.904801">
				<ele>365.452530</ele>
				<time>2016-07-22T11:46:07Z</time>
			</trkpt>
			<trkpt lat="18.918175" lon="98.904994">
				<ele>364.652987</ele>
				<time>2016-07-22T11:46:12Z</time>
			</trkpt>
			<trkpt lat="18.918264" lon="98.905197">
				<ele>364.216960</ele>
				<time>2016-07-22T11:46:16Z</time>
			</trkpt>
			<trkpt lat="18.918324" lon="98.905386">
				<ele>364.101461</ele>
				<time>2016-07-22T11:46:20Z</time>
			</trkpt>
			<trkpt lat="18.918363" lon="98.905573">
				<ele>364.469128</ele>
				<time>2016-07-22T11:46:24Z</time>
			</trkpt>
			<trkpt lat="18.918246" lon="98.905741">
				<ele>363.914040</ele>
				<time>2016-07-22T11:46:58Z</time>
			</trkpt>
			<trkpt lat="18.918151" lon="98.905940">
				<ele>362.961321</ele>
				<time>2016-07-22T11:47:03Z</time>
			</trkpt>
			<trkpt lat="18.918057" lon="98.906113">
				<ele>361.904524</ele>
				<time>2016-07-22T11:47:07Z</time>
			</trkpt>
			<trkpt lat="18.917911" lon="98.906240">
				<ele>360.738903</ele>
				<time>2016-07-22T11:47:14Z</time>
			</trkpt>
			<trkpt lat="18.917756" lon="98.906355">
				<ele>359.582772</ele>
				<time>2016-07-22T11:47:20Z</time>
			</trkpt>
			<trkpt lat="18.917542" lon="98.906371">
				<ele>357.959608</ele>
				<time>2016-07-22T11:47:26Z</time>
			</trkpt>
			<trkpt lat="18.917358" lon="98.906480">
				<ele>357.045771</ele>
				<time>2016-07-22T11:47:31Z</time>
			</trkpt>
			<trkpt lat="18.917161" lon="98.906609">
				<ele>356.818228</ele>
				<time>2016-07-22T11:47:37Z</time>
			</trkpt>
			<trkpt lat="18.917013" lon="98.906735">
				<ele>356.004037</ele>
				<time>2016-07-22T11:47:42Z</time>
			</trkpt>
			<trkpt lat="18.916804" lon="98.906732">
				<ele>355.361528</ele>
				<time>2016-07-22T11:47:48Z</time>
			</trkpt>
			<trkpt lat="18.916609" lon="98.906669">
				<ele>353.488556</ele>
				<time>2016-07-22T11:47:52Z</time>
			</trkpt>
			<trkpt lat="18.916415" lon="98.906608">
				<ele>352.978544</ele>
				<time>2016-07-22T11:47:57Z</time>
			</trkpt>
			<trkpt lat="18.916622" lon="98.906704">
				<ele>352.922386</ele>
				<time>2016-07-22T11:48:15Z</time>
			</trkpt>
			<trkpt lat="18.916831" lon="98.906774">
				<ele>355.256242</ele>
				<time>2016-07-22T11:48:19Z</time>
			</trkpt>
			<trkpt lat="18.917029" lon="98.906778">
				<ele>355.941147</ele>
				<time>2016-07-22T11:48:23Z</time>
			</trkpt>
			<trkpt lat="18.917164" lon="98.906638">
				<ele>356.162524</ele>
				<time>2016-07-22T11:48:26Z</time>
			</trkpt>
			<trkpt lat="18.917361" lon="98.906489">
				<ele>356.599355</ele>
				<time>2016-07-22T11:48:30Z</time>
			</trkpt>
			<trkpt lat="18.917566" lon="98.906382">
				<ele>357.111697</ele>
				<time>2016-07-22T11:48:34Z</time>
			</trkpt>
			<trkpt lat="18.917753" lon="98.906393">
				<ele>359.070639</ele>
				<time>2016-07-22T11:48:39Z</time>
			</trkpt>
			<trkpt lat="18.917916" lon="98.906261">
				<ele>361.196878</ele>
				<time>2016-07-22T11:48:44Z</time>
			</trkpt>
			<trkpt lat="18.918081" lon="98.906075">
				<ele>362.053519</ele>
				<time>2016-07-22T11:48:48Z</time>
			</trkpt>
			<trkpt lat="18.918181" lon="98.905892">
				<ele>363.206907</ele>
				<time>2016-07-22T11:48:52Z</time>
			</trkpt>
			<trkpt lat="18.918280" lon="98.905685">
				<ele>363.918861</ele>
				<time>2016-07-22T11:48:57Z</time>
			</trkpt>
			<trkpt lat="18.918437" lon="98.905849">
				<ele>363.543029</ele>
				<time>2016-07-22T11:49:06Z</time>
			</trkpt>
			<trkpt lat="18.918500" lon="98.906074">
				<ele>362.947654</ele>
				<time>2016-07-22T11:49:10Z</time>
			</trkpt>
			<trkpt lat="18.918492" lon="98.906298">
				<ele>362.891970</ele>
				<time>2016-07-22T11:49:14Z</time>
			</trkpt>
			<trkpt lat="18.918488" lon="98.906505">
				<ele>363.189725</ele>
				<time>2016-07-22T11:49:18Z</time>
			</trkpt>
			<trkpt lat="18.918477" lon="98.906764">
				<ele>363.007798</ele>
				<time>2016-07-22T11:49:22Z</time>
			</trkpt>
			<trkpt lat="18.918447" lon="98.906961">
				<ele>363.094252</ele>
				<time>2016-07-22T11:49:25Z</time>
			</trkpt>
			<trkpt lat="18.918413" lon="98.907168">
				<ele>362.706044</ele>
				<time>2016-07-22T11:49:28Z</time>
			</trkpt>
			<trkpt lat="18.918385" lon="98.907358">
				<ele>361.942228</ele>
				<time>2016-07-22T11:49:31Z</time>
			</trkpt>
			<trkpt lat="18.918392" lon="98.907574">
				<ele>361.179349</ele>
				<time>2016-07-22T11:49:34Z</time>
			</trkpt>
			<trkpt lat="18.918375" lon="98.907826">
				<ele>359.987598</ele>
				<time>2016-07-22T11:49:38Z</time>
			</trkpt>
			<trkpt lat="18.918336" lon="98.908048">
				<ele>358.718062</ele>
				<time>2016-07-22T11:49:42Z</time>
			</trkpt>
			<trkpt lat="18.918160" lon="98.908161">
				<ele>356.072487</ele>
				<time>2016-07-22T11:49:45Z</time>
			</trkpt>
			<trkpt lat="18.917994" lon="98.908262">
				<ele>355.581146</ele>
				<time>2016-07-22T11:49:48Z</time>
			</trkpt>
			<trkpt lat="18.917855" lon="98.908393">
				<ele>355.173091</ele>
				<time>2016-07-22T11:49:51Z</time>
			</trkpt>
			<trkpt lat="18.917720" lon="98.908558">
				<ele>355.099381</ele>
				<time>2016-07-22T11:49:54Z</time>
			</trkpt>
			<trkpt lat="18.917578" lon="98.908696">
				<ele>354.849719</ele>
				<time>2016-07-22T11:49:57Z</time>
			</trkpt>
			<trkpt lat="18.917413" lon="98.908853">
				<ele>354.978178</ele>
				<time>2016-07-22T11:50:00Z</time>
			</trkpt>
			<trkpt lat="18.917263" lon="98.909005">
				<ele>355.368327</ele>
				<time>2016-07-22T11:50:03Z</time>
			</trkpt>
			<trkpt lat="18.917111" lon="98.909163">
				<ele>356.616017</ele>
				<time>2016-07-22T11:50:06Z</time>
			</trkpt>
			<trkpt lat="18.917013" lon="98.909334">
				<ele>359.546088</ele>
				<time>2016-07-22T11:50:12Z</time>
			</trkpt>
			<trkpt lat="18.917092" lon="98.909510">
				<ele>358.935516</ele>
				<time>2016-07-22T11:50:16Z</time>
			</trkpt>
			<trkpt lat="18.917187" lon="98.909720">
				<ele>357.919141</ele>
				<time>2016-07-22T11:50:21Z</time>
			</trkpt>
			<trkpt lat="18.917311" lon="98.909901">
				<ele>357.517572</ele>
				<time>2016-07-22T11:50:25Z</time>
			</trkpt>
			<trkpt lat="18.917364" lon="98.910093">
				<ele>357.017246</ele>
				<time>2016-07-22T11:50:28Z</time>
			</trkpt>
			<trkpt lat="18.917447" lon="98.910288">
				<ele>356.008187</ele>
				<time>2016-07-22T11:50:31Z</time>
			</trkpt>
			<trkpt lat="18.917557" lon="98.910461">
				<ele>355.250363</ele>
				<time>2016-07-22T11:50:34Z</time>
			</trkpt>
			<trkpt lat="18.917639" lon="98.910646">
				<ele>354.315947</ele>
				<time>2016-07-22T11:50:37Z</time>
			</trkpt>
			<trkpt lat="18.917707" lon="98.910832">
				<ele>353.092279</ele>
				<time>2016-07-22T11:50:40Z</time>
			</trkpt>
			<trkpt lat="18.917786" lon="98.911019">
				<ele>352.062054</ele>
				<time>2016-07-22T11:50:43Z</time>
			</trkpt>
			<trkpt lat="18.917883" lon="98.911251">
				<ele>350.808287</ele>
				<time>2016-07-22T11:50:47Z</time>
			</trkpt>
			<trkpt lat="18.917956" lon="98.911460">
				<ele>350.459004</ele>
				<time>2016-07-22T11:50:50Z</time>
			</trkpt>
			<trkpt lat="18.918041" lon="98.911655">
				<ele>349.947703</ele>
				<time>2016-07-22T11:50:53Z</time>
			</trkpt>
			<trkpt lat="18.918147" lon="98.911840">
				<ele>349.956819</ele>
				<time>2016-07-22T11:50:57Z</time>
			</trkpt>
			<trkpt lat="18.918184" lon="98.912075">
				<ele>349.985280</ele>
				<time>2016-07-22T11:51:11Z</time>
			</trkpt>
			<trkpt lat="18.918256" lon="98.912319">
				<ele>350.030805</ele>
				<time>2016-07-22T11:51:14Z</time>
			</trkpt>
			<trkpt lat="18.918334" lon="98.912506">
				<ele>349.948225</ele>
				<time>2016-07-22T11:51:16Z</time>
			</trkpt>
			<trkpt lat="18.918417" lon="98.912748">
				<ele>349.676041</ele>
				<time>2016-07-22T11:51:19Z</time>
			</trkpt>
			<trkpt lat="18.918515" lon="98.912941">
				<ele>350.098640</ele>
				<time>2016-07-22T11:51:23Z</time>
			</trkpt>
			<trkpt lat="18.918567" lon="98.913137">
				<ele>350.368449</ele>
				<time>2016-07-22T11:51:36Z</time>
			</trkpt>
			<trkpt lat="18.918669" lon="98.913324">
				<ele>350.401739</ele>
				<time>2016-07-22T11:51:38Z</time>
			</trkpt>
			<trkpt lat="18.918723" lon="98.913506">
				<ele>350.989183</ele>
				<time>2016-07-22T11:51:40Z</time>
			</trkpt>
			<trkpt lat="18.918784" lon="98.913728">
				<ele>352.042501</ele>
				<time>2016-07-22T11:51:42Z</time>
			</trkpt>
			<trkpt lat="18.918872" lon="98.913972">
				<ele>352.840037</ele>
				<time>2016-07-22T11:51:44Z</time>
			</trkpt>
			<trkpt lat="18.918903" lon="98.914198">
				<ele>353.022748</ele>
				<time>2016-07-22T11:51:46Z</time>
			</trkpt>
			<trkpt lat="18.918950" lon="98.914409">
				<ele>353.838530</ele>
				<time>2016-07-22T11:51:48Z</time>
			</trkpt>
			<trkpt lat="18.919010" lon="98.914694">
				<ele>354.409377</ele>
				<time>2016-07-22T11:51:51Z</time>
			</trkpt>
			<trkpt lat="18.919052" lon="98.914887">
				<ele>354.809944</ele>
				<time>2016-07-22T11:51:53Z</time>
			</trkpt>
			<trkpt lat="18.919106" lon="98.915155">
				<ele>355.114828</ele>
				<time>2016-07-22T11:51:56Z</time>
			</trkpt>
			<trkpt lat="18.919201" lon="98.915358">
				<ele>355.955726</ele>
				<time>2016-07-22T11:51:58Z</time>
			</trkpt>
			<trkpt lat="18.919269" lon="98.915560">
				<ele>356.326522</ele>
				<time>2016-07-22T11:52:00Z</time>
			</trkpt>
			<trkpt lat="18.919359" lon="98.915775">
				<ele>356.440558</ele>
				<time>2016-07-22T11:52:02Z</time>
			</trkpt>
			<trkpt lat="18.919459" lon="98.915964">
				<ele>356.213631</ele>
				<time>2016-07-22T11:52:04Z</time>
			</trkpt>
			<trkpt lat="18.919542" lon="98.916152">
				<ele>356.166209</ele>
				<time>2016-07-22T11:52:06Z</time>
			</trkpt>
			<trkpt lat="18.919620" lon="98.916347">
				<ele>355.891947</ele>
				<time>2016-07-22T11:52:08Z</time>
			</trkpt>
			<trkpt lat="18.919758" lon="98.916515">
				<ele>355.838317</ele>
				<time>2016-07-22T11:52:10Z</time>
			</trkpt>
			<trkpt lat="18.919907" lon="98.916672">
				<ele>356.496024</ele>
				<time>2016-07-22T11:52:12Z</time>
			</trkpt>
			<trkpt lat="18.920072" lon="98.916838">
				<ele>356.517262</ele>
				<time>2016-07-22T11:52:14Z</time>
			</trkpt>
			<trkpt lat="18.920222" lon="98.917004">
				<ele>356.881567</ele>
				<time>2016-07-22T11:52:16Z</time>
			</trkpt>
			<trkpt lat="18.920377" lon="98.917159">
				<ele>357.814166</ele>
				<time>2016-07-22T11:52:18Z</time>
			</trkpt>
			<trkpt lat="18.920541" lon="98.917322">
				<ele>358.362621</ele>
				<time>2016-07-22T11:52:20Z</time>
			</trkpt>
			<trkpt lat="18.920739" lon="98.917547">
				<ele>359.732830</ele>
				<time>2016-07-22T11:52:23Z</time>
			</trkpt>
			<trkpt lat="18.920856" lon="98.917761">
				<ele>360.763776</ele>
				<time>2016-07-22T11:52:25Z</time>
			</trkpt>
			<trkpt lat="18.920956" lon="98.918021">
				<ele>361.350178</ele>
				<time>2016-07-22T11:52:27Z</time>
			</trkpt>
			<trkpt lat="18.920956" lon="98.918278">
				<ele>362.491761</ele>
				<time>2016-07-22T11:52:29Z</time>
			</trkpt>
			<trkpt lat="18.920949" lon="98.918609">
				<ele>362.693534</ele>
				<time>2016-07-22T11:52:31Z</time>
			</trkpt>
			<trkpt lat="18.920941" lon="98.918904">
				<ele>362.545469</ele>
				<time>2016-07-22T11:52:33Z</time>
			</trkpt>
			<trkpt lat="18.920924" lon="98.919174">
				<ele>362.335533</ele>
				<time>2016-07-22T11:52:35Z</time>
			</trkpt>
			<trkpt lat="18.920800" lon="98.919436">
				<ele>362.013298</ele>
				<time>2016-07-22T11:52:38Z</time>
			</trkpt>
			<trkpt lat="18.920645" lon="98.919560">
				<ele>361.654469</ele>
				<time>2016-07-22T11:52:39Z</time>
			</trkpt>
			<trkpt lat="18.920508" lon="98.919804">
				<ele>360.950152</ele>
				<time>2016-07-22T11:52:41Z</time>
			</trkpt>
			<trkpt lat="18.920363" lon="98.920080">
				<ele>359.122221</ele>
				<time>2016-07-22T11:52:43Z</time>
			</trkpt>
			<trkpt lat="18.920320" lon="98.920357">
				<ele>357.306867</ele>
				<time>2016-07-22T11:52:45Z</time>
			</trkpt>
			<trkpt lat="18.920344" lon="98.920689">
				<ele>355.749710</ele>
				<time>2016-07-22T11:52:47Z</time>
			</trkpt>
			<trkpt lat="18.920449" lon="98.920989">
				<ele>354.024364</ele>
				<time>2016-07-22T11:52:49Z</time>
			</trkpt>
			<trkpt lat="18.920546" lon="98.921261">
				<ele>352.568472</ele>
				<time>2016-07-22T11:52:51Z</time>
			</trkpt>
			<trkpt lat="18.920610" lon="98.921558">
				<ele>351.628259</ele>
				<time>2016-07-22T11:52:53Z</time>
			</trkpt>
			<trkpt lat="18.920612" lon="98.921877">
				<ele>350.591607</ele>
				<time>2016-07-22T11:52:55Z</time>
			</trkpt>
			<trkpt lat="18.920570" lon="98.922168">
				<ele>350.350044</ele>
				<time>2016-07-22T11:52:57Z</time>
			</trkpt>
			<trkpt lat="18.920600" lon="98.922434">
				<ele>350.199760</ele>
				<time>2016-07-22T11:52:59Z</time>
			</trkpt>
			<trkpt lat="18.920764" lon="98.922637">
				<ele>350.133162</ele>
				<time>2016-07-22T11:53:01Z</time>
			</trkpt>
			<trkpt lat="18.920960" lon="98.922796">
				<ele>350.382619</ele>
				<time>2016-07-22T11:53:03Z</time>
			</trkpt>
			<trkpt lat="18.921185" lon="98.922913">
				<ele>350.171344</ele>
				<time>2016-07-22T11:53:05Z</time>
			</trkpt>
			<trkpt lat="18.921441" lon="98.923002">
				<ele>350.603972</ele>
				<time>2016-07-22T11:53:07Z</time>
			</trkpt>
			<trkpt lat="18.921721" lon="98.923089">
				<ele>350.362374</ele>
				<time>2016-07-22T11:53:09Z</time>
			</trkpt>
			<trkpt lat="18.921994" lon="98.923172">
				<ele>350.206400</ele>
				<time>2016-07-22T11:53:11Z</time>
			</trkpt>
			<trkpt lat="18.922184" lon="98.923303">
				<ele>350.535819</ele>
				<time>2016-07-22T11:53:13Z</time>
			</trkpt>
			<trkpt lat="18.922268" lon="98.923490">
				<ele>350.263661</ele>
				<time>2016-07-22T11:53:15Z</time>
			</trkpt>
			<trkpt lat="18.922356" lon="98.923720">
				<ele>350.453028</ele>
				<time>2016-07-22T11:53:17Z</time>
			</trkpt>
			<trkpt lat="18.922388" lon="98.924020">
				<ele>349.907169</ele>
				<time>2016-07-22T11:53:20Z</time>
			</trkpt>
			<trkpt lat="18.922324" lon="98.924260">
				<ele>350.247004</ele>
				<time>2016-07-22T11:53:22Z</time>
			</trkpt>
			<trkpt lat="18.922172" lon="98.924532">
				<ele>350.705862</ele>
				<time>2016-07-22T11:53:24Z</time>
			</trkpt>
			<trkpt lat="18.922055" lon="98.924894">
				<ele>351.027993</ele>
				<time>2016-07-22T11:53:26Z</time>
			</trkpt>
			<trkpt lat="18.921919" lon="98.925259">
				<ele>351.616889</ele>
				<time>2016-07-22T11:53:28Z</time>
			</trkpt>
			<trkpt lat="18.921905" lon="98.925530">
				<ele>351.856585</ele>
				<time>2016-07-22T11:53:30Z</time>
			</trkpt>
			<trkpt lat="18.921897" lon="98.925803">
				<ele>352.392274</ele>
				<time>2016-07-22T11:53:32Z</time>
			</trkpt>
			<trkpt lat="18.921823" lon="98.926091">
				<ele>353.077778</ele>
				<time>2016-07-22T11:53:34Z</time>
			</trkpt>
			<trkpt lat="18.921770" lon="98.926356">
				<ele>353.169240</ele>
				<time>2016-07-22T11:53:36Z</time>
			</trkpt>
			<trkpt lat="18.921698" lon="98.926612">
				<ele>352.785874</ele>
				<time>2016-07-22T11:53:38Z</time>
			</trkpt>
			<trkpt lat="18.921580" lon="98.926941">
				<ele>352.074673</ele>
				<time>2016-07-22T11:53:40Z</time>
			</trkpt>
			<trkpt lat="18.921423" lon="98.927199">
				<ele>352.130030</ele>
				<time>2016-07-22T11:53:42Z</time>
			</trkpt>
			<trkpt lat="18.921282" lon="98.927429">
				<ele>352.193450</ele>
				<time>2016-07-22T11:53:44Z</time>
			</trkpt>
			<trkpt lat="18.921114" lon="98.927682">
				<ele>352.423767</ele>
				<time>2016-07-22T11:53:46Z</time>
			</trkpt>
			<trkpt lat="18.920963" lon="98.927935">
				<ele>352.097839</ele>
				<time>2016-07-22T11:53:48Z</time>
			</trkpt>
			<trkpt lat="18.920821" lon="98.928213">
				<ele>352.257553</ele>
				<time>2016-07-22T11:53:50Z</time>
			</trkpt>
			<trkpt lat="18.920686" lon="98.928440">
				<ele>352.696168</ele>
				<time>2016-07-22T11:53:52Z</time>
			</trkpt>
			<trkpt lat="18.920558" lon="98.928684">
				<ele>353.901495</ele>
				<time>2016-07-22T11:53:54Z</time>
			</trkpt>
			<trkpt lat="18.920436" lon="98.928936">
				<ele>354.539503</ele>
				<time>2016-07-22T11:53:56Z</time>
			</trkpt>
			<trkpt lat="18.920308" lon="98.929174">
				<ele>355.042174</ele>
				<time>2016-07-22T11:53:58Z</time>
			</trkpt>
			<trkpt lat="18.920159" lon="98.929358">
				<ele>354.506829</ele>
				<time>2016-07-22T11:54:00Z</time>
			</trkpt>
			<trkpt lat="18.920025" lon="98.929690">
				<ele>354.076880</ele>
				<time>2016-07-22T11:54:02Z</time>
			</trkpt>
			<trkpt lat="18.919904" lon="98.929966">
				<ele>353.476519</ele>
				<time>2016-07-22T11:54:04Z</time>
			</trkpt>
			<trkpt lat="18.919743" lon="98.930276">
				<ele>352.431485</ele>
				<time>2016-07-22T11:54:06Z</time>
			</trkpt>
			<trkpt lat="18.919579" lon="98.930571">
				<ele>349.831814</ele>
				<time>2016-07-22T11:54:08Z</time>
			</trkpt>
			<trkpt lat="18.919487" lon="98.930736">
				<ele>349.840805</ele>
				<time>2016-07-22T11:54:09Z</time>
			</trkpt>
			<trkpt lat="18.919407" lon="98.930906">
				<ele>348.913688</ele>
				<time>2016-07-22T11:54:10Z</time>
			</trkpt>
			<trkpt lat="18.919311" lon="98.931101">
				<ele>347.976218</ele>
				<time>2016-07-22T11:54:11Z</time>
			</trkpt>
			<trkpt lat="18.919204" lon="98.931289">
				<ele>347.903077</ele>
				<time>2016-07-22T11:54:12Z</time>
			</trkpt>
			<trkpt lat="18.919106" lon="98.931478">
				<ele>347.342173</ele>
				<time>2016-07-22T11:54:13Z</time>
			</trkpt>
			<trkpt lat="18.919013" lon="98.931655">
				<ele>345.900580</ele>
				<time>2016-07-22T11:54:14Z</time>
			</trkpt>
			<trkpt lat="18.918923" lon="98.931840">
				<ele>344.858491</ele>
				<time>2016-07-22T11:54:15Z</time>
			</trkpt>
			<trkpt lat="18.918769" lon="98.932144">
				<ele>344.431673</ele>
				<time>2016-07-22T11:54:17Z</time>
			</trkpt>
			<trkpt lat="18.918649" lon="98.932421">
				<ele>345.498813</ele>
				<time>2016-07-22T11:54:19Z</time>
			</trkpt>
			<trkpt lat="18.918579" lon="98.932610">
				<ele>344.399783</ele>
				<time>2016-07-22T11:54:20Z</time>
			</trkpt>
			<trkpt lat="18.918522" lon="98.932939">
				<ele>344.266632</ele>
				<time>2016-07-22T11:54:22Z</time>
			</trkpt>
			<trkpt lat="18.918505" lon="98.933283">
				<ele>344.022995</ele>
				<time>2016-07-22T11:54:24Z</time>
			</trkpt>
			<trkpt lat="18.918528" lon="98.933656">
				<ele>343.154730</ele>
				<time>2016-07-22T11:54:26Z</time>
			</trkpt>
			<trkpt lat="18.918547" lon="98.933847">
				<ele>342.305687</ele>
				<time>2016-07-22T11:54:27Z</time>
			</trkpt>
			<trkpt lat="18.918568" lon="98.934037">
				<ele>342.517050</ele>
				<time>2016-07-22T11:54:28Z</time>
			</trkpt>
			<trkpt lat="18.918592" lon="98.934228">
				<ele>342.306982</ele>
				<time>2016-07-22T11:54:29Z</time>
			</trkpt>
			<trkpt lat="18.918628" lon="98.934423">
				<ele>342.839965</ele>
				<time>2016-07-22T11:54:30Z</time>
			</trkpt>
			<trkpt lat="18.918661" lon="98.934621">
				<ele>342.273528</ele>
				<time>2016-07-22T11:54:31Z</time>
			</trkpt>
			<trkpt lat="18.918688" lon="98.934823">
				<ele>342.273528</ele>
				<time>2016-07-22T11:54:32Z</time>
			</trkpt>
			<trkpt lat="18.918751" lon="98.935193">
				<ele>342.544267</ele>
				<time>2016-07-22T11:54:34Z</time>
			</trkpt>
			<trkpt lat="18.918813" lon="98.935381">
				<ele>342.423185</ele>
				<time>2016-07-22T11:54:35Z</time>
			</trkpt>
			<trkpt lat="18.918963" lon="98.935715">
				<ele>342.233105</ele>
				<time>2016-07-22T11:54:37Z</time>
			</trkpt>
			<trkpt lat="18.919178" lon="98.936027">
				<ele>343.032339</ele>
				<time>2016-07-22T11:54:39Z</time>
			</trkpt>
			<trkpt lat="18.919390" lon="98.936281">
				<ele>344.683548</ele>
				<time>2016-07-22T11:54:41Z</time>
			</trkpt>
			<trkpt lat="18.919609" lon="98.936529">
				<ele>346.328389</ele>
				<time>2016-07-22T11:54:43Z</time>
			</trkpt>
			<trkpt lat="18.919754" lon="98.936646">
				<ele>346.903796</ele>
				<time>2016-07-22T11:54:44Z</time>
			</trkpt>
			<trkpt lat="18.919999" lon="98.936881">
				<ele>346.976747</ele>
				<time>2016-07-22T11:54:46Z</time>
			</trkpt>
			<trkpt lat="18.920143" lon="98.937001">
				<ele>347.329929</ele>
				<time>2016-07-22T11:54:47Z</time>
			</trkpt>
			<trkpt lat="18.920394" lon="98.937247">
				<ele>346.273902</ele>
				<time>2016-07-22T11:54:49Z</time>
			</trkpt>
			<trkpt lat="18.920643" lon="98.937500">
				<ele>345.412877</ele>
				<time>2016-07-22T11:54:51Z</time>
			</trkpt>
			<trkpt lat="18.920875" lon="98.937752">
				<ele>343.264534</ele>
				<time>2016-07-22T11:54:53Z</time>
			</trkpt>
			<trkpt lat="18.921145" lon="98.937996">
				<ele>341.616712</ele>
				<time>2016-07-22T11:54:55Z</time>
			</trkpt>
			<trkpt lat="18.921295" lon="98.938119">
				<ele>340.491024</ele>
				<time>2016-07-22T11:54:56Z</time>
			</trkpt>
			<trkpt lat="18.921537" lon="98.938343">
				<ele>339.208888</ele>
				<time>2016-07-22T11:54:58Z</time>
			</trkpt>
			<trkpt lat="18.921772" lon="98.938568">
				<ele>338.121842</ele>
				<time>2016-07-22T11:55:00Z</time>
			</trkpt>
			<trkpt lat="18.921966" lon="98.938767">
				<ele>336.591093</ele>
				<time>2016-07-22T11:55:02Z</time>
			</trkpt>
			<trkpt lat="18.922142" lon="98.938964">
				<ele>334.846248</ele>
				<time>2016-07-22T11:55:04Z</time>
			</trkpt>
			<trkpt lat="18.922362" lon="98.939157">
				<ele>333.656471</ele>
				<time>2016-07-22T11:55:06Z</time>
			</trkpt>
			<trkpt lat="18.922589" lon="98.939362">
				<ele>332.021094</ele>
				<time>2016-07-22T11:55:08Z</time>
			</trkpt>
			<trkpt lat="18.922777" lon="98.939536">
				<ele>331.942518</ele>
				<time>2016-07-22T11:55:10Z</time>
			</trkpt>
			<trkpt lat="18.922946" lon="98.939678">
				<ele>331.297319</ele>
				<time>2016-07-22T11:55:12Z</time>
			</trkpt>
			<trkpt lat="18.923142" lon="98.939827">
				<ele>331.634986</ele>
				<time>2016-07-22T11:55:15Z</time>
			</trkpt>
			<trkpt lat="18.923287" lon="98.939955">
				<ele>331.859582</ele>
				<time>2016-07-22T11:55:25Z</time>
			</trkpt>
			<trkpt lat="18.923333" lon="98.940162">
				<ele>331.381703</ele>
				<time>2016-07-22T11:55:47Z</time>
			</trkpt>
			<trkpt lat="18.923169" lon="98.940278">
				<ele>331.477240</ele>
				<time>2016-07-22T11:55:50Z</time>
			</trkpt>
			<trkpt lat="18.923006" lon="98.940396">
				<ele>331.164596</ele>
				<time>2016-07-22T11:55:52Z</time>
			</trkpt>
			<trkpt lat="18.922791" lon="98.940540">
				<ele>331.200576</ele>
				<time>2016-07-22T11:55:55Z</time>
			</trkpt>
			<trkpt lat="18.922560" lon="98.940680">
				<ele>331.453769</ele>
				<time>2016-07-22T11:55:58Z</time>
			</trkpt>
			<trkpt lat="18.922399" lon="98.940791">
				<ele>331.501407</ele>
				<time>2016-07-22T11:56:00Z</time>
			</trkpt>
			<trkpt lat="18.922170" lon="98.940939">
				<ele>331.184868</ele>
				<time>2016-07-22T11:56:03Z</time>
			</trkpt>
			<trkpt lat="18.921999" lon="98.941046">
				<ele>330.874294</ele>
				<time>2016-07-22T11:56:05Z</time>
			</trkpt>
			<trkpt lat="18.921845" lon="98.941153">
				<ele>331.303557</ele>
				<time>2016-07-22T11:56:07Z</time>
			</trkpt>
			<trkpt lat="18.921615" lon="98.941304">
				<ele>331.328482</ele>
				<time>2016-07-22T11:56:10Z</time>
			</trkpt>
			<trkpt lat="18.921452" lon="98.941441">
				<ele>331.240258</ele>
				<time>2016-07-22T11:56:13Z</time>
			</trkpt>
			<trkpt lat="18.921534" lon="98.941652">
				<ele>331.080058</ele>
				<time>2016-07-22T11:56:19Z</time>
			</trkpt>
			<trkpt lat="18.921584" lon="98.941836">
				<ele>331.375948</ele>
				<time>2016-07-22T11:57:20Z</time>
			</trkpt>
			<trkpt lat="18.921574" lon="98.941868">
				<ele>331.380789</ele>
				<time>2016-07-22T12:01:29Z</time>
			</trkpt>
			<trkpt lat="18.921574" lon="98.941868">
				<ele>331.380789</ele>
				<time>2016-07-22T12:01:29Z</time>
			</trkpt>
			<trkpt lat="18.921574" lon="98.941868">
				<ele>331.380789</ele>
				<time>2016-07-22T12:01:29Z</time>
			</trkpt>
			<trkpt lat="18.921574" lon="98.941868">
				<ele>331.380789</ele>
				<time>2016-07-22T12:01:29Z</time>
			</trkpt>
			<trkpt lat="18.921574" lon="98.941868">
				<ele>331.380789</ele>
				<time>2016-07-22T12:01:29Z</time>
			</trkpt>
			<trkpt lat="18.921593" lon="98.941873">
				<ele>327.819985</ele>
				<time>2016-07-22T13:37:57Z</time>
			</trkpt>
			<trkpt lat="18.921593" lon="98.941873">
				<ele>327.819985</ele>
				<time>2016-07-22T13:37:57Z</time>
			</trkpt>
			<trkpt lat="18.921593" lon="98.941873">
				<ele>327.819985</ele>
				<time>2016-07-22T13:37:57Z</time>
			</trkpt>
			<trkpt lat="18.921593" lon="98.941873">
				<ele>327.819985</ele>
				<time>2016-07-22T13:37:57Z</time>
			</trkpt>
			<trkpt lat="18.921593" lon="98.941873">
				<ele>327.819985</ele>
				<time>2016-07-22T13:37:57Z</time>
			</trkpt>
			<trkpt lat="18.921517" lon="98.941700">
				<ele>325.117903</ele>
				<time>2016-07-22T14:04:06Z</time>
			</trkpt>
			<trkpt lat="18.921466" lon="98.941504">
				<ele>325.649800</ele>
				<time>2016-07-22T14:04:19Z</time>
			</trkpt>
			<trkpt lat="18.921231" lon="98.941577">
				<ele>325.521984</ele>
				<time>2016-07-22T14:04:23Z</time>
			</trkpt>
			<trkpt lat="18.921069" lon="98.941675">
				<ele>325.361926</ele>
				<time>2016-07-22T14:04:25Z</time>
			</trkpt>
			<trkpt lat="18.920800" lon="98.941806">
				<ele>324.920760</ele>
				<time>2016-07-22T14:04:28Z</time>
			</trkpt>
			<trkpt lat="18.920626" lon="98.941922">
				<ele>324.928547</ele>
				<time>2016-07-22T14:04:30Z</time>
			</trkpt>
			<trkpt lat="18.920445" lon="98.942015">
				<ele>324.968787</ele>
				<time>2016-07-22T14:04:32Z</time>
			</trkpt>
			<trkpt lat="18.920253" lon="98.942145">
				<ele>324.968686</ele>
				<time>2016-07-22T14:04:34Z</time>
			</trkpt>
			<trkpt lat="18.920081" lon="98.942270">
				<ele>324.918990</ele>
				<time>2016-07-22T14:04:36Z</time>
			</trkpt>
			<trkpt lat="18.919867" lon="98.942369">
				<ele>324.933847</ele>
				<time>2016-07-22T14:04:38Z</time>
			</trkpt>
			<trkpt lat="18.919704" lon="98.942466">
				<ele>324.890309</ele>
				<time>2016-07-22T14:04:40Z</time>
			</trkpt>
			<trkpt lat="18.919456" lon="98.942595">
				<ele>324.758367</ele>
				<time>2016-07-22T14:04:43Z</time>
			</trkpt>
			<trkpt lat="18.919265" lon="98.942701">
				<ele>324.882301</ele>
				<time>2016-07-22T14:04:45Z</time>
			</trkpt>
			<trkpt lat="18.919079" lon="98.942830">
				<ele>325.387997</ele>
				<time>2016-07-22T14:04:48Z</time>
			</trkpt>
			<trkpt lat="18.919021" lon="98.943017">
				<ele>326.156340</ele>
				<time>2016-07-22T14:04:54Z</time>
			</trkpt>
			<trkpt lat="18.918837" lon="98.943031">
				<ele>325.514407</ele>
				<time>2016-07-22T14:05:17Z</time>
			</trkpt>
			<trkpt lat="18.918675" lon="98.943121">
				<ele>325.036952</ele>
				<time>2016-07-22T14:07:55Z</time>
			</trkpt>
			<trkpt lat="18.918444" lon="98.943275">
				<ele>325.190567</ele>
				<time>2016-07-22T14:07:57Z</time>
			</trkpt>
			<trkpt lat="18.918235" lon="98.943414">
				<ele>324.289972</ele>
				<time>2016-07-22T14:07:59Z</time>
			</trkpt>
			<trkpt lat="18.918022" lon="98.943535">
				<ele>324.021263</ele>
				<time>2016-07-22T14:08:01Z</time>
			</trkpt>
			<trkpt lat="18.917728" lon="98.943698">
				<ele>324.611770</ele>
				<time>2016-07-22T14:08:03Z</time>
			</trkpt>
			<trkpt lat="18.917488" lon="98.943855">
				<ele>324.780362</ele>
				<time>2016-07-22T14:08:05Z</time>
			</trkpt>
			<trkpt lat="18.917249" lon="98.943977">
				<ele>324.756011</ele>
				<time>2016-07-22T14:08:07Z</time>
			</trkpt>
			<trkpt lat="18.917009" lon="98.944090">
				<ele>324.709262</ele>
				<time>2016-07-22T14:08:09Z</time>
			</trkpt>
			<trkpt lat="18.916775" lon="98.944162">
				<ele>325.755208</ele>
				<time>2016-07-22T14:08:11Z</time>
			</trkpt>
			<trkpt lat="18.916557" lon="98.944323">
				<ele>325.240566</ele>
				<time>2016-07-22T14:08:13Z</time>
			</trkpt>
			<trkpt lat="18.916364" lon="98.944465">
				<ele>326.134221</ele>
				<time>2016-07-22T14:08:15Z</time>
			</trkpt>
			<trkpt lat="18.916173" lon="98.944515">
				<ele>326.163177</ele>
				<time>2016-07-22T14:08:17Z</time>
			</trkpt>
			<trkpt lat="18.916020" lon="98.944625">
				<ele>326.563670</ele>
				<time>2016-07-22T14:08:19Z</time>
			</trkpt>
			<trkpt lat="18.915868" lon="98.944728">
				<ele>327.175441</ele>
				<time>2016-07-22T14:08:22Z</time>
			</trkpt>
			<trkpt lat="18.915988" lon="98.944565">
				<ele>326.908588</ele>
				<time>2016-07-22T14:08:33Z</time>
			</trkpt>
			<trkpt lat="18.916225" lon="98.944445">
				<ele>326.292900</ele>
				<time>2016-07-22T14:08:35Z</time>
			</trkpt>
			<trkpt lat="18.916399" lon="98.944383">
				<ele>326.239667</ele>
				<time>2016-07-22T14:08:36Z</time>
			</trkpt>
			<trkpt lat="18.916619" lon="98.944245">
				<ele>325.813600</ele>
				<time>2016-07-22T14:08:38Z</time>
			</trkpt>
			<trkpt lat="18.916853" lon="98.944119">
				<ele>325.487542</ele>
				<time>2016-07-22T14:08:40Z</time>
			</trkpt>
			<trkpt lat="18.917088" lon="98.943998">
				<ele>325.427704</ele>
				<time>2016-07-22T14:08:42Z</time>
			</trkpt>
			<trkpt lat="18.917201" lon="98.943843">
				<ele>325.330131</ele>
				<time>2016-07-22T14:08:46Z</time>
			</trkpt>
			<trkpt lat="18.917129" lon="98.943652">
				<ele>326.349768</ele>
				<time>2016-07-22T14:08:50Z</time>
			</trkpt>
			<trkpt lat="18.916968" lon="98.943537">
				<ele>326.884408</ele>
				<time>2016-07-22T14:11:08Z</time>
			</trkpt>
			<trkpt lat="18.916765" lon="98.943435">
				<ele>326.765272</ele>
				<time>2016-07-22T14:12:27Z</time>
			</trkpt>
			<trkpt lat="18.916559" lon="98.943369">
				<ele>327.385237</ele>
				<time>2016-07-22T14:12:31Z</time>
			</trkpt>
			<trkpt lat="18.916441" lon="98.943149">
				<ele>327.773018</ele>
				<time>2016-07-22T14:12:34Z</time>
			</trkpt>
			<trkpt lat="18.916305" lon="98.942975">
				<ele>328.408384</ele>
				<time>2016-07-22T14:12:37Z</time>
			</trkpt>
			<trkpt lat="18.916149" lon="98.942809">
				<ele>329.148190</ele>
				<time>2016-07-22T14:12:41Z</time>
			</trkpt>
			<trkpt lat="18.915979" lon="98.942882">
				<ele>329.302624</ele>
				<time>2016-07-22T14:12:44Z</time>
			</trkpt>
			<trkpt lat="18.915779" lon="98.942996">
				<ele>329.218922</ele>
				<time>2016-07-22T14:12:47Z</time>
			</trkpt>
			<trkpt lat="18.915575" lon="98.943064">
				<ele>329.472242</ele>
				<time>2016-07-22T14:12:50Z</time>
			</trkpt>
			<trkpt lat="18.915408" lon="98.942937">
				<ele>329.760412</ele>
				<time>2016-07-22T14:12:54Z</time>
			</trkpt>
			<trkpt lat="18.915333" lon="98.942763">
				<ele>330.759323</ele>
				<time>2016-07-22T14:12:57Z</time>
			</trkpt>
			<trkpt lat="18.915426" lon="98.942984">
				<ele>330.054783</ele>
				<time>2016-07-22T14:14:10Z</time>
			</trkpt>
			<trkpt lat="18.915376" lon="98.943195">
				<ele>329.706566</ele>
				<time>2016-07-22T14:14:16Z</time>
			</trkpt>
			<trkpt lat="18.915192" lon="98.943261">
				<ele>329.411471</ele>
				<time>2016-07-22T14:14:20Z</time>
			</trkpt>
			<trkpt lat="18.915020" lon="98.943321">
				<ele>330.284644</ele>
				<time>2016-07-22T14:14:25Z</time>
			</trkpt>
			<trkpt lat="18.914933" lon="98.943142">
				<ele>328.755819</ele>
				<time>2016-07-22T14:15:53Z</time>
			</trkpt>
			<trkpt lat="18.914873" lon="98.942937">
				<ele>327.903859</ele>
				<time>2016-07-22T14:15:56Z</time>
			</trkpt>
			<trkpt lat="18.914811" lon="98.942740">
				<ele>327.572758</ele>
				<time>2016-07-22T14:15:58Z</time>
			</trkpt>
			<trkpt lat="18.914760" lon="98.942525">
				<ele>327.796142</ele>
				<time>2016-07-22T14:16:00Z</time>
			</trkpt>
			<trkpt lat="18.914677" lon="98.942297">
				<ele>328.868865</ele>
				<time>2016-07-22T14:16:02Z</time>
			</trkpt>
			<trkpt lat="18.914601" lon="98.942044">
				<ele>326.934772</ele>
				<time>2016-07-22T14:16:04Z</time>
			</trkpt>
			<trkpt lat="18.914519" lon="98.941793">
				<ele>328.697158</ele>
				<time>2016-07-22T14:16:06Z</time>
			</trkpt>
			<trkpt lat="18.914453" lon="98.941541">
				<ele>329.869411</ele>
				<time>2016-07-22T14:16:08Z</time>
			</trkpt>
			<trkpt lat="18.914390" lon="98.941317">
				<ele>332.720925</ele>
				<time>2016-07-22T14:16:11Z</time>
			</trkpt>
			<trkpt lat="18.914327" lon="98.941074">
				<ele>333.675703</ele>
				<time>2016-07-22T14:16:14Z</time>
			</trkpt>
			<trkpt lat="18.914270" lon="98.940851">
				<ele>332.013449</ele>
				<time>2016-07-22T14:16:16Z</time>
			</trkpt>
			<trkpt lat="18.914175" lon="98.940581">
				<ele>332.855612</ele>
				<time>2016-07-22T14:16:19Z</time>
			</trkpt>
			<trkpt lat="18.914124" lon="98.940389">
				<ele>332.993691</ele>
				<time>2016-07-22T14:16:21Z</time>
			</trkpt>
			<trkpt lat="18.914043" lon="98.940190">
				<ele>332.804682</ele>
				<time>2016-07-22T14:16:23Z</time>
			</trkpt>
			<trkpt lat="18.913982" lon="98.939946">
				<ele>332.838098</ele>
				<time>2016-07-22T14:16:25Z</time>
			</trkpt>
			<trkpt lat="18.913915" lon="98.939696">
				<ele>333.138785</ele>
				<time>2016-07-22T14:16:27Z</time>
			</trkpt>
			<trkpt lat="18.913826" lon="98.939435">
				<ele>333.566888</ele>
				<time>2016-07-22T14:16:29Z</time>
			</trkpt>
			<trkpt lat="18.913716" lon="98.939211">
				<ele>333.859347</ele>
				<time>2016-07-22T14:16:31Z</time>
			</trkpt>
			<trkpt lat="18.913612" lon="98.938955">
				<ele>333.725872</ele>
				<time>2016-07-22T14:16:33Z</time>
			</trkpt>
			<trkpt lat="18.913514" lon="98.938695">
				<ele>334.388957</ele>
				<time>2016-07-22T14:16:35Z</time>
			</trkpt>
			<trkpt lat="18.913409" lon="98.938427">
				<ele>334.988892</ele>
				<time>2016-07-22T14:16:37Z</time>
			</trkpt>
			<trkpt lat="18.913315" lon="98.938139">
				<ele>335.746980</ele>
				<time>2016-07-22T14:16:39Z</time>
			</trkpt>
			<trkpt lat="18.913212" lon="98.937919">
				<ele>338.370602</ele>
				<time>2016-07-22T14:16:41Z</time>
			</trkpt>
			<trkpt lat="18.913111" lon="98.937668">
				<ele>339.445116</ele>
				<time>2016-07-22T14:16:43Z</time>
			</trkpt>
			<trkpt lat="18.912996" lon="98.937481">
				<ele>339.670782</ele>
				<time>2016-07-22T14:16:45Z</time>
			</trkpt>
			<trkpt lat="18.912899" lon="98.937291">
				<ele>339.461451</ele>
				<time>2016-07-22T14:16:47Z</time>
			</trkpt>
			<trkpt lat="18.912811" lon="98.937088">
				<ele>339.532049</ele>
				<time>2016-07-22T14:16:49Z</time>
			</trkpt>
			<trkpt lat="18.912716" lon="98.936845">
				<ele>339.360112</ele>
				<time>2016-07-22T14:16:51Z</time>
			</trkpt>
			<trkpt lat="18.912627" lon="98.936642">
				<ele>339.969401</ele>
				<time>2016-07-22T14:16:53Z</time>
			</trkpt>
			<trkpt lat="18.912519" lon="98.936411">
				<ele>340.853916</ele>
				<time>2016-07-22T14:16:56Z</time>
			</trkpt>
			<trkpt lat="18.912367" lon="98.936289">
				<ele>341.166108</ele>
				<time>2016-07-22T14:16:59Z</time>
			</trkpt>
			<trkpt lat="18.912152" lon="98.936308">
				<ele>338.936425</ele>
				<time>2016-07-22T14:17:02Z</time>
			</trkpt>
			<trkpt lat="18.911948" lon="98.936353">
				<ele>336.710930</ele>
				<time>2016-07-22T14:17:05Z</time>
			</trkpt>
			<trkpt lat="18.911718" lon="98.936351">
				<ele>335.674732</ele>
				<time>2016-07-22T14:17:08Z</time>
			</trkpt>
			<trkpt lat="18.911469" lon="98.936348">
				<ele>335.134520</ele>
				<time>2016-07-22T14:17:10Z</time>
			</trkpt>
			<trkpt lat="18.911272" lon="98.936326">
				<ele>334.296794</ele>
				<time>2016-07-22T14:17:12Z</time>
			</trkpt>
			<trkpt lat="18.911017" lon="98.936292">
				<ele>332.457374</ele>
				<time>2016-07-22T14:17:15Z</time>
			</trkpt>
			<trkpt lat="18.910821" lon="98.936320">
				<ele>331.309213</ele>
				<time>2016-07-22T14:17:18Z</time>
			</trkpt>
			<trkpt lat="18.910558" lon="98.936256">
				<ele>331.131039</ele>
				<time>2016-07-22T14:17:22Z</time>
			</trkpt>
			<trkpt lat="18.910390" lon="98.936163">
				<ele>330.545931</ele>
				<time>2016-07-22T14:17:25Z</time>
			</trkpt>
			<trkpt lat="18.910412" lon="98.935952">
				<ele>330.043680</ele>
				<time>2016-07-22T14:17:28Z</time>
			</trkpt>
			<trkpt lat="18.910442" lon="98.935749">
				<ele>329.918650</ele>
				<time>2016-07-22T14:17:31Z</time>
			</trkpt>
			<trkpt lat="18.910396" lon="98.935559">
				<ele>329.312628</ele>
				<time>2016-07-22T14:17:35Z</time>
			</trkpt>
			<trkpt lat="18.910258" lon="98.935395">
				<ele>328.732686</ele>
				<time>2016-07-22T14:17:38Z</time>
			</trkpt>
			<trkpt lat="18.910156" lon="98.935140">
				<ele>328.147797</ele>
				<time>2016-07-22T14:17:41Z</time>
			</trkpt>
			<trkpt lat="18.910116" lon="98.934939">
				<ele>327.437040</ele>
				<time>2016-07-22T14:17:45Z</time>
			</trkpt>
			<trkpt lat="18.910063" lon="98.934725">
				<ele>327.212325</ele>
				<time>2016-07-22T14:17:48Z</time>
			</trkpt>
			<trkpt lat="18.909989" lon="98.934523">
				<ele>326.878921</ele>
				<time>2016-07-22T14:17:52Z</time>
			</trkpt>
			<trkpt lat="18.909885" lon="98.934334">
				<ele>327.709740</ele>
				<time>2016-07-22T14:17:56Z</time>
			</trkpt>
			<trkpt lat="18.909742" lon="98.934212">
				<ele>328.252377</ele>
				<time>2016-07-22T14:18:03Z</time>
			</trkpt>
			<trkpt lat="18.909553" lon="98.934215">
				<ele>330.347342</ele>
				<time>2016-07-22T14:33:01Z</time>
			</trkpt>
			<trkpt lat="18.909585" lon="98.934246">
				<ele>320.135254</ele>
				<time>2016-07-23T00:53:56Z</time>
			</trkpt>
			<trkpt lat="18.909585" lon="98.934246">
				<ele>320.133057</ele>
				<time>2016-07-23T00:54:10Z</time>
			</trkpt>
		</trkseg>
	</trk>
</gpx>
