<?xml version="1.0" encoding="UTF-8"?>
<gpx xmlns="http://www.topografix.com/GPX/1/1" version="1.1" creator="Minimalist GPS Tracker">
	<trk>
		<name>Moto to doi Pui </name>
		<trkseg>
			<trkpt lat="18.922037" lon="98.940494">
				<ele>315.585293</ele>
				<time>2018-12-16T02:31:07Z</time>
			</trkpt>
			<trkpt lat="18.922229" lon="98.940690">
				<ele>317.706387</ele>
				<time>2018-12-16T02:32:02Z</time>
			</trkpt>
			<trkpt lat="18.922242" lon="98.940687">
				<ele>317.697842</ele>
				<time>2018-12-16T02:32:02Z</time>
			</trkpt>
			<trkpt lat="18.922356" lon="98.940649">
				<ele>324.841152</ele>
				<time>2018-12-16T02:32:10Z</time>
			</trkpt>
			<trkpt lat="18.922528" lon="98.940562">
				<ele>323.486660</ele>
				<time>2018-12-16T02:32:14Z</time>
			</trkpt>
			<trkpt lat="18.922689" lon="98.940439">
				<ele>323.846218</ele>
				<time>2018-12-16T02:32:17Z</time>
			</trkpt>
			<trkpt lat="18.922873" lon="98.940325">
				<ele>324.477749</ele>
				<time>2018-12-16T02:32:21Z</time>
			</trkpt>
			<trkpt lat="18.922953" lon="98.940119">
				<ele>324.230068</ele>
				<time>2018-12-16T02:32:25Z</time>
			</trkpt>
			<trkpt lat="18.922936" lon="98.939928">
				<ele>324.659023</ele>
				<time>2018-12-16T02:32:28Z</time>
			</trkpt>
			<trkpt lat="18.922785" lon="98.939748">
				<ele>325.014004</ele>
				<time>2018-12-16T02:32:31Z</time>
			</trkpt>
			<trkpt lat="18.922651" lon="98.939609">
				<ele>325.127529</ele>
				<time>2018-12-16T02:32:33Z</time>
			</trkpt>
			<trkpt lat="18.922470" lon="98.939423">
				<ele>326.136806</ele>
				<time>2018-12-16T02:32:36Z</time>
			</trkpt>
			<trkpt lat="18.922291" lon="98.939244">
				<ele>327.156155</ele>
				<time>2018-12-16T02:32:39Z</time>
			</trkpt>
			<trkpt lat="18.922114" lon="98.939066">
				<ele>327.756557</ele>
				<time>2018-12-16T02:32:42Z</time>
			</trkpt>
			<trkpt lat="18.921975" lon="98.938927">
				<ele>328.590054</ele>
				<time>2018-12-16T02:32:44Z</time>
			</trkpt>
			<trkpt lat="18.921836" lon="98.938789">
				<ele>329.704800</ele>
				<time>2018-12-16T02:32:46Z</time>
			</trkpt>
			<trkpt lat="18.921681" lon="98.938619">
				<ele>331.494656</ele>
				<time>2018-12-16T02:32:49Z</time>
			</trkpt>
			<trkpt lat="18.921537" lon="98.938504">
				<ele>332.935329</ele>
				<time>2018-12-16T02:32:53Z</time>
			</trkpt>
			<trkpt lat="18.921399" lon="98.938351">
				<ele>331.861233</ele>
				<time>2018-12-16T02:33:29Z</time>
			</trkpt>
			<trkpt lat="18.921233" lon="98.938176">
				<ele>334.631435</ele>
				<time>2018-12-16T02:33:37Z</time>
			</trkpt>
			<trkpt lat="18.921093" lon="98.938033">
				<ele>334.412319</ele>
				<time>2018-12-16T02:33:40Z</time>
			</trkpt>
			<trkpt lat="18.920891" lon="98.937849">
				<ele>336.366604</ele>
				<time>2018-12-16T02:33:43Z</time>
			</trkpt>
			<trkpt lat="18.920742" lon="98.937709">
				<ele>337.552822</ele>
				<time>2018-12-16T02:33:45Z</time>
			</trkpt>
			<trkpt lat="18.920581" lon="98.937552">
				<ele>338.605190</ele>
				<time>2018-12-16T02:33:47Z</time>
			</trkpt>
			<trkpt lat="18.920401" lon="98.937371">
				<ele>339.287014</ele>
				<time>2018-12-16T02:33:49Z</time>
			</trkpt>
			<trkpt lat="18.920233" lon="98.937202">
				<ele>339.280117</ele>
				<time>2018-12-16T02:33:51Z</time>
			</trkpt>
			<trkpt lat="18.920047" lon="98.937016">
				<ele>339.821804</ele>
				<time>2018-12-16T02:33:53Z</time>
			</trkpt>
			<trkpt lat="18.919858" lon="98.936826">
				<ele>340.554775</ele>
				<time>2018-12-16T02:33:55Z</time>
			</trkpt>
			<trkpt lat="18.919647" lon="98.936611">
				<ele>340.663418</ele>
				<time>2018-12-16T02:33:57Z</time>
			</trkpt>
			<trkpt lat="18.919426" lon="98.936384">
				<ele>341.129116</ele>
				<time>2018-12-16T02:33:59Z</time>
			</trkpt>
			<trkpt lat="18.919211" lon="98.936160">
				<ele>340.346889</ele>
				<time>2018-12-16T02:34:01Z</time>
			</trkpt>
			<trkpt lat="18.919016" lon="98.935913">
				<ele>340.195766</ele>
				<time>2018-12-16T02:34:03Z</time>
			</trkpt>
			<trkpt lat="18.918844" lon="98.935630">
				<ele>339.347256</ele>
				<time>2018-12-16T02:34:05Z</time>
			</trkpt>
			<trkpt lat="18.918706" lon="98.935304">
				<ele>339.178555</ele>
				<time>2018-12-16T02:34:07Z</time>
			</trkpt>
			<trkpt lat="18.918607" lon="98.934983">
				<ele>339.675137</ele>
				<time>2018-12-16T02:34:09Z</time>
			</trkpt>
			<trkpt lat="18.918533" lon="98.934643">
				<ele>339.921841</ele>
				<time>2018-12-16T02:34:11Z</time>
			</trkpt>
			<trkpt lat="18.918473" lon="98.934312">
				<ele>340.228786</ele>
				<time>2018-12-16T02:34:13Z</time>
			</trkpt>
			<trkpt lat="18.918416" lon="98.933981">
				<ele>340.005703</ele>
				<time>2018-12-16T02:34:15Z</time>
			</trkpt>
			<trkpt lat="18.918382" lon="98.933628">
				<ele>340.948086</ele>
				<time>2018-12-16T02:34:17Z</time>
			</trkpt>
			<trkpt lat="18.918371" lon="98.933298">
				<ele>340.142178</ele>
				<time>2018-12-16T02:34:19Z</time>
			</trkpt>
			<trkpt lat="18.918401" lon="98.932969">
				<ele>339.645412</ele>
				<time>2018-12-16T02:34:21Z</time>
			</trkpt>
			<trkpt lat="18.918463" lon="98.932685">
				<ele>339.681728</ele>
				<time>2018-12-16T02:34:23Z</time>
			</trkpt>
			<trkpt lat="18.918524" lon="98.932496">
				<ele>338.869106</ele>
				<time>2018-12-16T02:34:24Z</time>
			</trkpt>
			<trkpt lat="18.918662" lon="98.932197">
				<ele>339.496914</ele>
				<time>2018-12-16T02:34:26Z</time>
			</trkpt>
			<trkpt lat="18.918817" lon="98.931912">
				<ele>339.589565</ele>
				<time>2018-12-16T02:34:28Z</time>
			</trkpt>
			<trkpt lat="18.918957" lon="98.931607">
				<ele>340.955166</ele>
				<time>2018-12-16T02:34:30Z</time>
			</trkpt>
			<trkpt lat="18.919109" lon="98.931309">
				<ele>340.688198</ele>
				<time>2018-12-16T02:34:32Z</time>
			</trkpt>
			<trkpt lat="18.919259" lon="98.930997">
				<ele>341.791836</ele>
				<time>2018-12-16T02:34:34Z</time>
			</trkpt>
			<trkpt lat="18.919412" lon="98.930689">
				<ele>342.716030</ele>
				<time>2018-12-16T02:34:36Z</time>
			</trkpt>
			<trkpt lat="18.919566" lon="98.930390">
				<ele>343.442165</ele>
				<time>2018-12-16T02:34:38Z</time>
			</trkpt>
			<trkpt lat="18.919716" lon="98.930094">
				<ele>345.538052</ele>
				<time>2018-12-16T02:34:40Z</time>
			</trkpt>
			<trkpt lat="18.919861" lon="98.929802">
				<ele>347.120754</ele>
				<time>2018-12-16T02:34:42Z</time>
			</trkpt>
			<trkpt lat="18.920012" lon="98.929494">
				<ele>347.692593</ele>
				<time>2018-12-16T02:34:44Z</time>
			</trkpt>
			<trkpt lat="18.920171" lon="98.929186">
				<ele>347.443569</ele>
				<time>2018-12-16T02:34:46Z</time>
			</trkpt>
			<trkpt lat="18.920337" lon="98.928880">
				<ele>347.799465</ele>
				<time>2018-12-16T02:34:48Z</time>
			</trkpt>
			<trkpt lat="18.920487" lon="98.928560">
				<ele>348.582546</ele>
				<time>2018-12-16T02:34:50Z</time>
			</trkpt>
			<trkpt lat="18.920638" lon="98.928233">
				<ele>347.020229</ele>
				<time>2018-12-16T02:34:52Z</time>
			</trkpt>
			<trkpt lat="18.920786" lon="98.927898">
				<ele>347.484341</ele>
				<time>2018-12-16T02:34:54Z</time>
			</trkpt>
			<trkpt lat="18.920995" lon="98.927604">
				<ele>345.804409</ele>
				<time>2018-12-16T02:34:56Z</time>
			</trkpt>
			<trkpt lat="18.921094" lon="98.927442">
				<ele>345.601467</ele>
				<time>2018-12-16T02:34:57Z</time>
			</trkpt>
			<trkpt lat="18.921197" lon="98.927283">
				<ele>345.326992</ele>
				<time>2018-12-16T02:34:58Z</time>
			</trkpt>
			<trkpt lat="18.921408" lon="98.926988">
				<ele>346.347988</ele>
				<time>2018-12-16T02:35:00Z</time>
			</trkpt>
			<trkpt lat="18.921513" lon="98.926829">
				<ele>347.318691</ele>
				<time>2018-12-16T02:35:01Z</time>
			</trkpt>
			<trkpt lat="18.921662" lon="98.926496">
				<ele>347.059414</ele>
				<time>2018-12-16T02:35:03Z</time>
			</trkpt>
			<trkpt lat="18.921747" lon="98.926168">
				<ele>346.167111</ele>
				<time>2018-12-16T02:35:05Z</time>
			</trkpt>
			<trkpt lat="18.921807" lon="98.925784">
				<ele>345.829682</ele>
				<time>2018-12-16T02:35:07Z</time>
			</trkpt>
			<trkpt lat="18.921829" lon="98.925580">
				<ele>346.987453</ele>
				<time>2018-12-16T02:35:08Z</time>
			</trkpt>
			<trkpt lat="18.921861" lon="98.925382">
				<ele>347.048672</ele>
				<time>2018-12-16T02:35:09Z</time>
			</trkpt>
			<trkpt lat="18.921934" lon="98.925024">
				<ele>344.902554</ele>
				<time>2018-12-16T02:35:11Z</time>
			</trkpt>
			<trkpt lat="18.921981" lon="98.924840">
				<ele>345.191966</ele>
				<time>2018-12-16T02:35:12Z</time>
			</trkpt>
			<trkpt lat="18.922092" lon="98.924485">
				<ele>343.649380</ele>
				<time>2018-12-16T02:35:14Z</time>
			</trkpt>
			<trkpt lat="18.922202" lon="98.924174">
				<ele>343.816189</ele>
				<time>2018-12-16T02:35:16Z</time>
			</trkpt>
			<trkpt lat="18.922260" lon="98.923872">
				<ele>343.398403</ele>
				<time>2018-12-16T02:35:18Z</time>
			</trkpt>
			<trkpt lat="18.922228" lon="98.923594">
				<ele>343.281704</ele>
				<time>2018-12-16T02:35:20Z</time>
			</trkpt>
			<trkpt lat="18.922085" lon="98.923369">
				<ele>342.588100</ele>
				<time>2018-12-16T02:35:22Z</time>
			</trkpt>
			<trkpt lat="18.921863" lon="98.923219">
				<ele>343.360256</ele>
				<time>2018-12-16T02:35:24Z</time>
			</trkpt>
			<trkpt lat="18.921594" lon="98.923127">
				<ele>343.855068</ele>
				<time>2018-12-16T02:35:26Z</time>
			</trkpt>
			<trkpt lat="18.921291" lon="98.923046">
				<ele>343.653713</ele>
				<time>2018-12-16T02:35:28Z</time>
			</trkpt>
			<trkpt lat="18.921007" lon="98.922944">
				<ele>342.436123</ele>
				<time>2018-12-16T02:35:30Z</time>
			</trkpt>
			<trkpt lat="18.920762" lon="98.922808">
				<ele>342.566982</ele>
				<time>2018-12-16T02:35:32Z</time>
			</trkpt>
			<trkpt lat="18.920598" lon="98.922621">
				<ele>342.682339</ele>
				<time>2018-12-16T02:35:34Z</time>
			</trkpt>
			<trkpt lat="18.920507" lon="98.922398">
				<ele>343.002773</ele>
				<time>2018-12-16T02:35:36Z</time>
			</trkpt>
			<trkpt lat="18.920489" lon="98.922139">
				<ele>343.519802</ele>
				<time>2018-12-16T02:35:38Z</time>
			</trkpt>
			<trkpt lat="18.920516" lon="98.921868">
				<ele>343.674282</ele>
				<time>2018-12-16T02:35:40Z</time>
			</trkpt>
			<trkpt lat="18.920520" lon="98.921575">
				<ele>344.991238</ele>
				<time>2018-12-16T02:35:42Z</time>
			</trkpt>
			<trkpt lat="18.920457" lon="98.921271">
				<ele>345.824795</ele>
				<time>2018-12-16T02:35:44Z</time>
			</trkpt>
			<trkpt lat="18.920364" lon="98.920975">
				<ele>348.089931</ele>
				<time>2018-12-16T02:35:46Z</time>
			</trkpt>
			<trkpt lat="18.920275" lon="98.920698">
				<ele>349.841640</ele>
				<time>2018-12-16T02:35:48Z</time>
			</trkpt>
			<trkpt lat="18.920230" lon="98.920445">
				<ele>351.394863</ele>
				<time>2018-12-16T02:35:50Z</time>
			</trkpt>
			<trkpt lat="18.920235" lon="98.920168">
				<ele>352.530605</ele>
				<time>2018-12-16T02:35:52Z</time>
			</trkpt>
			<trkpt lat="18.920309" lon="98.919889">
				<ele>354.801479</ele>
				<time>2018-12-16T02:35:54Z</time>
			</trkpt>
			<trkpt lat="18.920443" lon="98.919630">
				<ele>356.020351</ele>
				<time>2018-12-16T02:35:56Z</time>
			</trkpt>
			<trkpt lat="18.920621" lon="98.919422">
				<ele>356.370327</ele>
				<time>2018-12-16T02:35:58Z</time>
			</trkpt>
			<trkpt lat="18.920773" lon="98.919205">
				<ele>357.074184</ele>
				<time>2018-12-16T02:36:00Z</time>
			</trkpt>
			<trkpt lat="18.920853" lon="98.918963">
				<ele>357.996059</ele>
				<time>2018-12-16T02:36:02Z</time>
			</trkpt>
			<trkpt lat="18.920851" lon="98.918666">
				<ele>357.898830</ele>
				<time>2018-12-16T02:36:04Z</time>
			</trkpt>
			<trkpt lat="18.920844" lon="98.918367">
				<ele>357.800259</ele>
				<time>2018-12-16T02:36:06Z</time>
			</trkpt>
			<trkpt lat="18.920833" lon="98.918091">
				<ele>358.583828</ele>
				<time>2018-12-16T02:36:08Z</time>
			</trkpt>
			<trkpt lat="18.920777" lon="98.917833">
				<ele>358.630825</ele>
				<time>2018-12-16T02:36:10Z</time>
			</trkpt>
			<trkpt lat="18.920654" lon="98.917587">
				<ele>357.411343</ele>
				<time>2018-12-16T02:36:12Z</time>
			</trkpt>
			<trkpt lat="18.920484" lon="98.917381">
				<ele>356.182095</ele>
				<time>2018-12-16T02:36:14Z</time>
			</trkpt>
			<trkpt lat="18.920306" lon="98.917196">
				<ele>356.186733</ele>
				<time>2018-12-16T02:36:16Z</time>
			</trkpt>
			<trkpt lat="18.920113" lon="98.917024">
				<ele>355.153286</ele>
				<time>2018-12-16T02:36:18Z</time>
			</trkpt>
			<trkpt lat="18.919921" lon="98.916821">
				<ele>353.969936</ele>
				<time>2018-12-16T02:36:20Z</time>
			</trkpt>
			<trkpt lat="18.919726" lon="98.916636">
				<ele>353.298611</ele>
				<time>2018-12-16T02:36:22Z</time>
			</trkpt>
			<trkpt lat="18.919562" lon="98.916417">
				<ele>352.870449</ele>
				<time>2018-12-16T02:36:24Z</time>
			</trkpt>
			<trkpt lat="18.919428" lon="98.916158">
				<ele>352.780972</ele>
				<time>2018-12-16T02:36:26Z</time>
			</trkpt>
			<trkpt lat="18.919294" lon="98.915871">
				<ele>353.207851</ele>
				<time>2018-12-16T02:36:28Z</time>
			</trkpt>
			<trkpt lat="18.919172" lon="98.915575">
				<ele>353.165371</ele>
				<time>2018-12-16T02:36:30Z</time>
			</trkpt>
			<trkpt lat="18.919067" lon="98.915275">
				<ele>353.468533</ele>
				<time>2018-12-16T02:36:32Z</time>
			</trkpt>
			<trkpt lat="18.918994" lon="98.915014">
				<ele>352.675137</ele>
				<time>2018-12-16T02:36:34Z</time>
			</trkpt>
			<trkpt lat="18.918927" lon="98.914765">
				<ele>352.242764</ele>
				<time>2018-12-16T02:36:36Z</time>
			</trkpt>
			<trkpt lat="18.918872" lon="98.914496">
				<ele>352.145473</ele>
				<time>2018-12-16T02:36:38Z</time>
			</trkpt>
			<trkpt lat="18.918801" lon="98.914217">
				<ele>350.710293</ele>
				<time>2018-12-16T02:36:40Z</time>
			</trkpt>
			<trkpt lat="18.918728" lon="98.913926">
				<ele>350.200710</ele>
				<time>2018-12-16T02:36:42Z</time>
			</trkpt>
			<trkpt lat="18.918645" lon="98.913640">
				<ele>349.464077</ele>
				<time>2018-12-16T02:36:44Z</time>
			</trkpt>
			<trkpt lat="18.918548" lon="98.913342">
				<ele>349.325405</ele>
				<time>2018-12-16T02:36:46Z</time>
			</trkpt>
			<trkpt lat="18.918439" lon="98.913040">
				<ele>348.627407</ele>
				<time>2018-12-16T02:36:48Z</time>
			</trkpt>
			<trkpt lat="18.918323" lon="98.912740">
				<ele>348.046291</ele>
				<time>2018-12-16T02:36:50Z</time>
			</trkpt>
			<trkpt lat="18.918211" lon="98.912443">
				<ele>347.112759</ele>
				<time>2018-12-16T02:36:52Z</time>
			</trkpt>
			<trkpt lat="18.918095" lon="98.912138">
				<ele>346.520535</ele>
				<time>2018-12-16T02:36:54Z</time>
			</trkpt>
			<trkpt lat="18.917976" lon="98.911819">
				<ele>346.903774</ele>
				<time>2018-12-16T02:36:56Z</time>
			</trkpt>
			<trkpt lat="18.917840" lon="98.911480">
				<ele>347.207607</ele>
				<time>2018-12-16T02:36:58Z</time>
			</trkpt>
			<trkpt lat="18.917725" lon="98.911160">
				<ele>348.398952</ele>
				<time>2018-12-16T02:37:00Z</time>
			</trkpt>
			<trkpt lat="18.917630" lon="98.910864">
				<ele>347.512112</ele>
				<time>2018-12-16T02:37:02Z</time>
			</trkpt>
			<trkpt lat="18.917530" lon="98.910609">
				<ele>348.537563</ele>
				<time>2018-12-16T02:37:04Z</time>
			</trkpt>
			<trkpt lat="18.917433" lon="98.910392">
				<ele>348.563320</ele>
				<time>2018-12-16T02:37:06Z</time>
			</trkpt>
			<trkpt lat="18.917347" lon="98.910197">
				<ele>348.641140</ele>
				<time>2018-12-16T02:37:08Z</time>
			</trkpt>
			<trkpt lat="18.917239" lon="98.909965">
				<ele>349.330410</ele>
				<time>2018-12-16T02:37:11Z</time>
			</trkpt>
			<trkpt lat="18.917117" lon="98.909740">
				<ele>349.864956</ele>
				<time>2018-12-16T02:37:14Z</time>
			</trkpt>
			<trkpt lat="18.917004" lon="98.909510">
				<ele>351.050869</ele>
				<time>2018-12-16T02:37:17Z</time>
			</trkpt>
			<trkpt lat="18.916945" lon="98.909285">
				<ele>350.475918</ele>
				<time>2018-12-16T02:37:21Z</time>
			</trkpt>
			<trkpt lat="18.917054" lon="98.909107">
				<ele>349.698025</ele>
				<time>2018-12-16T02:37:25Z</time>
			</trkpt>
			<trkpt lat="18.917245" lon="98.908935">
				<ele>348.025967</ele>
				<time>2018-12-16T02:37:28Z</time>
			</trkpt>
			<trkpt lat="18.917447" lon="98.908762">
				<ele>347.485073</ele>
				<time>2018-12-16T02:37:31Z</time>
			</trkpt>
			<trkpt lat="18.917638" lon="98.908600">
				<ele>350.334006</ele>
				<time>2018-12-16T02:37:34Z</time>
			</trkpt>
			<trkpt lat="18.917782" lon="98.908447">
				<ele>349.333661</ele>
				<time>2018-12-16T02:37:37Z</time>
			</trkpt>
			<trkpt lat="18.917960" lon="98.908250">
				<ele>349.202894</ele>
				<time>2018-12-16T02:37:40Z</time>
			</trkpt>
			<trkpt lat="18.918121" lon="98.908137">
				<ele>349.831228</ele>
				<time>2018-12-16T02:37:42Z</time>
			</trkpt>
			<trkpt lat="18.918295" lon="98.907985">
				<ele>349.491787</ele>
				<time>2018-12-16T02:37:45Z</time>
			</trkpt>
			<trkpt lat="18.918341" lon="98.907752">
				<ele>350.287258</ele>
				<time>2018-12-16T02:37:48Z</time>
			</trkpt>
			<trkpt lat="18.918355" lon="98.907558">
				<ele>350.286648</ele>
				<time>2018-12-16T02:37:50Z</time>
			</trkpt>
			<trkpt lat="18.918375" lon="98.907283">
				<ele>350.909267</ele>
				<time>2018-12-16T02:37:53Z</time>
			</trkpt>
			<trkpt lat="18.918417" lon="98.906998">
				<ele>352.232204</ele>
				<time>2018-12-16T02:37:56Z</time>
			</trkpt>
			<trkpt lat="18.918438" lon="98.906757">
				<ele>352.495937</ele>
				<time>2018-12-16T02:37:59Z</time>
			</trkpt>
			<trkpt lat="18.918440" lon="98.906565">
				<ele>352.331142</ele>
				<time>2018-12-16T02:38:02Z</time>
			</trkpt>
			<trkpt lat="18.918441" lon="98.906349">
				<ele>352.288845</ele>
				<time>2018-12-16T02:38:05Z</time>
			</trkpt>
			<trkpt lat="18.918437" lon="98.906105">
				<ele>353.732265</ele>
				<time>2018-12-16T02:38:08Z</time>
			</trkpt>
			<trkpt lat="18.918371" lon="98.905828">
				<ele>354.143642</ele>
				<time>2018-12-16T02:38:11Z</time>
			</trkpt>
			<trkpt lat="18.918303" lon="98.905588">
				<ele>354.992153</ele>
				<time>2018-12-16T02:38:14Z</time>
			</trkpt>
			<trkpt lat="18.918244" lon="98.905343">
				<ele>354.772427</ele>
				<time>2018-12-16T02:38:17Z</time>
			</trkpt>
			<trkpt lat="18.918161" lon="98.905088">
				<ele>355.552700</ele>
				<time>2018-12-16T02:38:20Z</time>
			</trkpt>
			<trkpt lat="18.918113" lon="98.904847">
				<ele>357.062466</ele>
				<time>2018-12-16T02:38:23Z</time>
			</trkpt>
			<trkpt lat="18.918131" lon="98.904594">
				<ele>357.170376</ele>
				<time>2018-12-16T02:38:26Z</time>
			</trkpt>
			<trkpt lat="18.918192" lon="98.904367">
				<ele>357.014431</ele>
				<time>2018-12-16T02:38:29Z</time>
			</trkpt>
			<trkpt lat="18.918257" lon="98.904131">
				<ele>356.403957</ele>
				<time>2018-12-16T02:38:32Z</time>
			</trkpt>
			<trkpt lat="18.918320" lon="98.903929">
				<ele>356.046474</ele>
				<time>2018-12-16T02:38:35Z</time>
			</trkpt>
			<trkpt lat="18.918406" lon="98.903718">
				<ele>357.013454</ele>
				<time>2018-12-16T02:38:38Z</time>
			</trkpt>
			<trkpt lat="18.918480" lon="98.903528">
				<ele>356.226406</ele>
				<time>2018-12-16T02:38:41Z</time>
			</trkpt>
			<trkpt lat="18.918484" lon="98.903300">
				<ele>356.832302</ele>
				<time>2018-12-16T02:38:45Z</time>
			</trkpt>
			<trkpt lat="18.918449" lon="98.903055">
				<ele>357.644131</ele>
				<time>2018-12-16T02:38:48Z</time>
			</trkpt>
			<trkpt lat="18.918397" lon="98.902829">
				<ele>358.318203</ele>
				<time>2018-12-16T02:38:51Z</time>
			</trkpt>
			<trkpt lat="18.918329" lon="98.902593">
				<ele>359.002834</ele>
				<time>2018-12-16T02:38:55Z</time>
			</trkpt>
			<trkpt lat="18.918279" lon="98.902409">
				<ele>359.896755</ele>
				<time>2018-12-16T02:39:00Z</time>
			</trkpt>
			<trkpt lat="18.918096" lon="98.902387">
				<ele>362.135464</ele>
				<time>2018-12-16T02:39:08Z</time>
			</trkpt>
			<trkpt lat="18.917909" lon="98.902376">
				<ele>356.438064</ele>
				<time>2018-12-16T02:40:11Z</time>
			</trkpt>
			<trkpt lat="18.917693" lon="98.902425">
				<ele>358.971559</ele>
				<time>2018-12-16T02:40:15Z</time>
			</trkpt>
			<trkpt lat="18.917490" lon="98.902546">
				<ele>361.574629</ele>
				<time>2018-12-16T02:40:19Z</time>
			</trkpt>
			<trkpt lat="18.917403" lon="98.902718">
				<ele>361.258660</ele>
				<time>2018-12-16T02:40:22Z</time>
			</trkpt>
			<trkpt lat="18.917299" lon="98.902889">
				<ele>360.626795</ele>
				<time>2018-12-16T02:40:25Z</time>
			</trkpt>
			<trkpt lat="18.917177" lon="98.903081">
				<ele>361.771755</ele>
				<time>2018-12-16T02:40:28Z</time>
			</trkpt>
			<trkpt lat="18.917068" lon="98.903258">
				<ele>360.426723</ele>
				<time>2018-12-16T02:40:31Z</time>
			</trkpt>
			<trkpt lat="18.916959" lon="98.903453">
				<ele>359.200405</ele>
				<time>2018-12-16T02:40:34Z</time>
			</trkpt>
			<trkpt lat="18.916862" lon="98.903632">
				<ele>358.167080</ele>
				<time>2018-12-16T02:40:37Z</time>
			</trkpt>
			<trkpt lat="18.916744" lon="98.903811">
				<ele>357.896328</ele>
				<time>2018-12-16T02:40:42Z</time>
			</trkpt>
			<trkpt lat="18.916562" lon="98.903758">
				<ele>362.373379</ele>
				<time>2018-12-16T02:40:48Z</time>
			</trkpt>
			<trkpt lat="18.916381" lon="98.903639">
				<ele>362.921413</ele>
				<time>2018-12-16T02:40:52Z</time>
			</trkpt>
			<trkpt lat="18.916293" lon="98.903440">
				<ele>363.900600</ele>
				<time>2018-12-16T02:40:56Z</time>
			</trkpt>
			<trkpt lat="18.916268" lon="98.903248">
				<ele>366.072353</ele>
				<time>2018-12-16T02:40:59Z</time>
			</trkpt>
			<trkpt lat="18.916274" lon="98.903041">
				<ele>367.658291</ele>
				<time>2018-12-16T02:41:02Z</time>
			</trkpt>
			<trkpt lat="18.916213" lon="98.902837">
				<ele>371.238918</ele>
				<time>2018-12-16T02:41:06Z</time>
			</trkpt>
			<trkpt lat="18.916072" lon="98.902705">
				<ele>371.245937</ele>
				<time>2018-12-16T02:41:09Z</time>
			</trkpt>
			<trkpt lat="18.915913" lon="98.902569">
				<ele>373.226040</ele>
				<time>2018-12-16T02:41:15Z</time>
			</trkpt>
			<trkpt lat="18.915840" lon="98.902380">
				<ele>373.655666</ele>
				<time>2018-12-16T02:41:20Z</time>
			</trkpt>
			<trkpt lat="18.915928" lon="98.902593">
				<ele>373.336514</ele>
				<time>2018-12-16T02:41:44Z</time>
			</trkpt>
			<trkpt lat="18.916084" lon="98.902744">
				<ele>374.150051</ele>
				<time>2018-12-16T02:41:48Z</time>
			</trkpt>
			<trkpt lat="18.916229" lon="98.902878">
				<ele>372.057949</ele>
				<time>2018-12-16T02:41:53Z</time>
			</trkpt>
			<trkpt lat="18.916296" lon="98.902683">
				<ele>376.665493</ele>
				<time>2018-12-16T02:42:16Z</time>
			</trkpt>
			<trkpt lat="18.916180" lon="98.902529">
				<ele>377.352261</ele>
				<time>2018-12-16T02:42:24Z</time>
			</trkpt>
			<trkpt lat="18.916051" lon="98.902381">
				<ele>376.961636</ele>
				<time>2018-12-16T02:42:30Z</time>
			</trkpt>
			<trkpt lat="18.915916" lon="98.902238">
				<ele>375.923733</ele>
				<time>2018-12-16T02:42:35Z</time>
			</trkpt>
			<trkpt lat="18.915774" lon="98.902045">
				<ele>379.240200</ele>
				<time>2018-12-16T02:42:40Z</time>
			</trkpt>
			<trkpt lat="18.915611" lon="98.901945">
				<ele>380.451504</ele>
				<time>2018-12-16T02:42:44Z</time>
			</trkpt>
			<trkpt lat="18.915457" lon="98.901841">
				<ele>381.907436</ele>
				<time>2018-12-16T02:42:49Z</time>
			</trkpt>
			<trkpt lat="18.915289" lon="98.901749">
				<ele>383.870388</ele>
				<time>2018-12-16T02:42:57Z</time>
			</trkpt>
			<trkpt lat="18.915093" lon="98.901783">
				<ele>383.116055</ele>
				<time>2018-12-16T02:43:07Z</time>
			</trkpt>
			<trkpt lat="18.914933" lon="98.901687">
				<ele>381.131680</ele>
				<time>2018-12-16T02:43:17Z</time>
			</trkpt>
			<trkpt lat="18.914786" lon="98.901562">
				<ele>380.267422</ele>
				<time>2018-12-16T02:43:26Z</time>
			</trkpt>
			<trkpt lat="18.914596" lon="98.901540">
				<ele>379.191860</ele>
				<time>2018-12-16T02:43:33Z</time>
			</trkpt>
			<trkpt lat="18.914430" lon="98.901619">
				<ele>378.161587</ele>
				<time>2018-12-16T02:43:40Z</time>
			</trkpt>
			<trkpt lat="18.914228" lon="98.901675">
				<ele>379.687771</ele>
				<time>2018-12-16T02:43:47Z</time>
			</trkpt>
			<trkpt lat="18.914031" lon="98.901688">
				<ele>381.937344</ele>
				<time>2018-12-16T02:43:53Z</time>
			</trkpt>
			<trkpt lat="18.913833" lon="98.901701">
				<ele>384.699062</ele>
				<time>2018-12-16T02:43:59Z</time>
			</trkpt>
			<trkpt lat="18.913646" lon="98.901754">
				<ele>385.086269</ele>
				<time>2018-12-16T02:44:05Z</time>
			</trkpt>
			<trkpt lat="18.913450" lon="98.901768">
				<ele>383.497890</ele>
				<time>2018-12-16T02:44:11Z</time>
			</trkpt>
			<trkpt lat="18.913265" lon="98.901750">
				<ele>385.266689</ele>
				<time>2018-12-16T02:44:16Z</time>
			</trkpt>
			<trkpt lat="18.913066" lon="98.901700">
				<ele>384.545742</ele>
				<time>2018-12-16T02:44:24Z</time>
			</trkpt>
			<trkpt lat="18.912887" lon="98.901677">
				<ele>385.079556</ele>
				<time>2018-12-16T02:44:31Z</time>
			</trkpt>
			<trkpt lat="18.912699" lon="98.901701">
				<ele>384.792019</ele>
				<time>2018-12-16T02:44:36Z</time>
			</trkpt>
			<trkpt lat="18.912527" lon="98.901812">
				<ele>382.614529</ele>
				<time>2018-12-16T02:44:42Z</time>
			</trkpt>
			<trkpt lat="18.912377" lon="98.901957">
				<ele>378.158047</ele>
				<time>2018-12-16T02:44:48Z</time>
			</trkpt>
			<trkpt lat="18.912401" lon="98.902149">
				<ele>372.364223</ele>
				<time>2018-12-16T02:44:57Z</time>
			</trkpt>
			<trkpt lat="18.912489" lon="98.902327">
				<ele>373.450283</ele>
				<time>2018-12-16T02:45:05Z</time>
			</trkpt>
			<trkpt lat="18.912383" lon="98.902532">
				<ele>361.936367</ele>
				<time>2018-12-16T02:45:15Z</time>
			</trkpt>
			<trkpt lat="18.912366" lon="98.902759">
				<ele>369.489529</ele>
				<time>2018-12-16T02:45:19Z</time>
			</trkpt>
			<trkpt lat="18.912375" lon="98.902956">
				<ele>371.691311</ele>
				<time>2018-12-16T02:45:23Z</time>
			</trkpt>
			<trkpt lat="18.912460" lon="98.903150">
				<ele>374.377407</ele>
				<time>2018-12-16T02:45:26Z</time>
			</trkpt>
			<trkpt lat="18.912468" lon="98.903358">
				<ele>377.798367</ele>
				<time>2018-12-16T02:45:37Z</time>
			</trkpt>
			<trkpt lat="18.912295" lon="98.903279">
				<ele>379.943950</ele>
				<time>2018-12-16T02:45:48Z</time>
			</trkpt>
			<trkpt lat="18.912096" lon="98.903290">
				<ele>382.727993</ele>
				<time>2018-12-16T02:45:57Z</time>
			</trkpt>
			<trkpt lat="18.911957" lon="98.903412">
				<ele>382.872768</ele>
				<time>2018-12-16T02:46:04Z</time>
			</trkpt>
			<trkpt lat="18.911804" lon="98.903526">
				<ele>373.109831</ele>
				<time>2018-12-16T02:46:11Z</time>
			</trkpt>
			<trkpt lat="18.911655" lon="98.903641">
				<ele>371.900967</ele>
				<time>2018-12-16T02:46:17Z</time>
			</trkpt>
			<trkpt lat="18.911487" lon="98.903722">
				<ele>367.342739</ele>
				<time>2018-12-16T02:46:27Z</time>
			</trkpt>
			<trkpt lat="18.911312" lon="98.903672">
				<ele>367.038993</ele>
				<time>2018-12-16T02:46:33Z</time>
			</trkpt>
			<trkpt lat="18.911168" lon="98.903475">
				<ele>368.824778</ele>
				<time>2018-12-16T02:46:36Z</time>
			</trkpt>
			<trkpt lat="18.910998" lon="98.903356">
				<ele>369.220056</ele>
				<time>2018-12-16T02:46:39Z</time>
			</trkpt>
			<trkpt lat="18.910813" lon="98.903261">
				<ele>373.292869</ele>
				<time>2018-12-16T02:46:42Z</time>
			</trkpt>
			<trkpt lat="18.910607" lon="98.903165">
				<ele>374.332198</ele>
				<time>2018-12-16T02:46:46Z</time>
			</trkpt>
			<trkpt lat="18.910411" lon="98.903235">
				<ele>373.856691</ele>
				<time>2018-12-16T02:46:52Z</time>
			</trkpt>
			<trkpt lat="18.910256" lon="98.903368">
				<ele>374.650870</ele>
				<time>2018-12-16T02:46:58Z</time>
			</trkpt>
			<trkpt lat="18.910219" lon="98.903558">
				<ele>372.895229</ele>
				<time>2018-12-16T02:47:06Z</time>
			</trkpt>
			<trkpt lat="18.910218" lon="98.903750">
				<ele>370.124857</ele>
				<time>2018-12-16T02:47:14Z</time>
			</trkpt>
			<trkpt lat="18.910225" lon="98.903954">
				<ele>367.891323</ele>
				<time>2018-12-16T02:47:20Z</time>
			</trkpt>
			<trkpt lat="18.910251" lon="98.904147">
				<ele>368.970702</ele>
				<time>2018-12-16T02:47:26Z</time>
			</trkpt>
			<trkpt lat="18.910288" lon="98.904339">
				<ele>367.450761</ele>
				<time>2018-12-16T02:47:31Z</time>
			</trkpt>
			<trkpt lat="18.910284" lon="98.904559">
				<ele>366.191446</ele>
				<time>2018-12-16T02:47:37Z</time>
			</trkpt>
			<trkpt lat="18.910272" lon="98.904763">
				<ele>363.797279</ele>
				<time>2018-12-16T02:47:43Z</time>
			</trkpt>
			<trkpt lat="18.910091" lon="98.904736">
				<ele>357.151324</ele>
				<time>2018-12-16T02:53:48Z</time>
			</trkpt>
			<trkpt lat="18.910205" lon="98.904885">
				<ele>358.650638</ele>
				<time>2018-12-16T02:55:55Z</time>
			</trkpt>
			<trkpt lat="18.910299" lon="98.905066">
				<ele>354.727146</ele>
				<time>2018-12-16T02:57:06Z</time>
			</trkpt>
			<trkpt lat="18.910295" lon="98.905268">
				<ele>357.575222</ele>
				<time>2018-12-16T02:57:12Z</time>
			</trkpt>
			<trkpt lat="18.910294" lon="98.905464">
				<ele>356.108120</ele>
				<time>2018-12-16T02:57:18Z</time>
			</trkpt>
			<trkpt lat="18.910293" lon="98.905675">
				<ele>354.086025</ele>
				<time>2018-12-16T02:57:25Z</time>
			</trkpt>
			<trkpt lat="18.910433" lon="98.905807">
				<ele>350.817715</ele>
				<time>2018-12-16T02:57:41Z</time>
			</trkpt>
			<trkpt lat="18.910629" lon="98.905808">
				<ele>350.261805</ele>
				<time>2018-12-16T02:57:45Z</time>
			</trkpt>
			<trkpt lat="18.910848" lon="98.905758">
				<ele>348.661859</ele>
				<time>2018-12-16T02:57:49Z</time>
			</trkpt>
			<trkpt lat="18.911051" lon="98.905679">
				<ele>350.648159</ele>
				<time>2018-12-16T02:57:54Z</time>
			</trkpt>
			<trkpt lat="18.911235" lon="98.905581">
				<ele>349.044277</ele>
				<time>2018-12-16T02:58:00Z</time>
			</trkpt>
			<trkpt lat="18.911419" lon="98.905498">
				<ele>348.347195</ele>
				<time>2018-12-16T02:58:06Z</time>
			</trkpt>
			<trkpt lat="18.911624" lon="98.905405">
				<ele>349.526638</ele>
				<time>2018-12-16T02:58:11Z</time>
			</trkpt>
			<trkpt lat="18.911837" lon="98.905359">
				<ele>349.381802</ele>
				<time>2018-12-16T02:58:14Z</time>
			</trkpt>
			<trkpt lat="18.912016" lon="98.905302">
				<ele>349.416164</ele>
				<time>2018-12-16T02:58:16Z</time>
			</trkpt>
			<trkpt lat="18.912206" lon="98.905222">
				<ele>349.855556</ele>
				<time>2018-12-16T02:58:20Z</time>
			</trkpt>
			<trkpt lat="18.912427" lon="98.905281">
				<ele>348.967175</ele>
				<time>2018-12-16T02:58:26Z</time>
			</trkpt>
			<trkpt lat="18.912634" lon="98.905381">
				<ele>347.895956</ele>
				<time>2018-12-16T02:58:29Z</time>
			</trkpt>
			<trkpt lat="18.912902" lon="98.905396">
				<ele>349.832195</ele>
				<time>2018-12-16T02:58:32Z</time>
			</trkpt>
			<trkpt lat="18.913093" lon="98.905398">
				<ele>349.405461</ele>
				<time>2018-12-16T02:58:35Z</time>
			</trkpt>
			<trkpt lat="18.913278" lon="98.905386">
				<ele>349.881192</ele>
				<time>2018-12-16T02:58:37Z</time>
			</trkpt>
			<trkpt lat="18.913461" lon="98.905375">
				<ele>349.250027</ele>
				<time>2018-12-16T02:58:39Z</time>
			</trkpt>
			<trkpt lat="18.913696" lon="98.905360">
				<ele>348.798428</ele>
				<time>2018-12-16T02:58:42Z</time>
			</trkpt>
			<trkpt lat="18.913915" lon="98.905346">
				<ele>348.184658</ele>
				<time>2018-12-16T02:58:46Z</time>
			</trkpt>
			<trkpt lat="18.914113" lon="98.905356">
				<ele>347.919888</ele>
				<time>2018-12-16T02:58:48Z</time>
			</trkpt>
			<trkpt lat="18.914270" lon="98.905482">
				<ele>347.071926</ele>
				<time>2018-12-16T02:58:51Z</time>
			</trkpt>
			<trkpt lat="18.914434" lon="98.905658">
				<ele>345.853237</ele>
				<time>2018-12-16T02:58:55Z</time>
			</trkpt>
			<trkpt lat="18.914558" lon="98.905867">
				<ele>345.259487</ele>
				<time>2018-12-16T02:59:00Z</time>
			</trkpt>
			<trkpt lat="18.914719" lon="98.905974">
				<ele>345.701809</ele>
				<time>2018-12-16T02:59:02Z</time>
			</trkpt>
			<trkpt lat="18.914857" lon="98.906134">
				<ele>345.216274</ele>
				<time>2018-12-16T02:59:04Z</time>
			</trkpt>
			<trkpt lat="18.914988" lon="98.906340">
				<ele>345.136929</ele>
				<time>2018-12-16T02:59:06Z</time>
			</trkpt>
			<trkpt lat="18.915096" lon="98.906557">
				<ele>345.237576</ele>
				<time>2018-12-16T02:59:08Z</time>
			</trkpt>
			<trkpt lat="18.915186" lon="98.906802">
				<ele>345.245083</ele>
				<time>2018-12-16T02:59:10Z</time>
			</trkpt>
			<trkpt lat="18.915264" lon="98.907051">
				<ele>345.716640</ele>
				<time>2018-12-16T02:59:12Z</time>
			</trkpt>
			<trkpt lat="18.915333" lon="98.907295">
				<ele>346.219082</ele>
				<time>2018-12-16T02:59:14Z</time>
			</trkpt>
			<trkpt lat="18.915397" lon="98.907538">
				<ele>345.954189</ele>
				<time>2018-12-16T02:59:16Z</time>
			</trkpt>
			<trkpt lat="18.915453" lon="98.907769">
				<ele>346.794399</ele>
				<time>2018-12-16T02:59:18Z</time>
			</trkpt>
			<trkpt lat="18.915518" lon="98.908000">
				<ele>346.953457</ele>
				<time>2018-12-16T02:59:20Z</time>
			</trkpt>
			<trkpt lat="18.915607" lon="98.908204">
				<ele>346.699551</ele>
				<time>2018-12-16T02:59:22Z</time>
			</trkpt>
			<trkpt lat="18.915736" lon="98.908383">
				<ele>346.473110</ele>
				<time>2018-12-16T02:59:24Z</time>
			</trkpt>
			<trkpt lat="18.915914" lon="98.908541">
				<ele>346.151943</ele>
				<time>2018-12-16T02:59:26Z</time>
			</trkpt>
			<trkpt lat="18.916092" lon="98.908691">
				<ele>346.364162</ele>
				<time>2018-12-16T02:59:28Z</time>
			</trkpt>
			<trkpt lat="18.916274" lon="98.908830">
				<ele>346.745571</ele>
				<time>2018-12-16T02:59:30Z</time>
			</trkpt>
			<trkpt lat="18.916454" lon="98.908954">
				<ele>347.284328</ele>
				<time>2018-12-16T02:59:32Z</time>
			</trkpt>
			<trkpt lat="18.916639" lon="98.909046">
				<ele>348.080410</ele>
				<time>2018-12-16T02:59:34Z</time>
			</trkpt>
			<trkpt lat="18.916818" lon="98.909156">
				<ele>348.874905</ele>
				<time>2018-12-16T02:59:36Z</time>
			</trkpt>
			<trkpt lat="18.916960" lon="98.909298">
				<ele>349.236721</ele>
				<time>2018-12-16T02:59:38Z</time>
			</trkpt>
			<trkpt lat="18.917075" lon="98.909476">
				<ele>348.805996</ele>
				<time>2018-12-16T02:59:40Z</time>
			</trkpt>
			<trkpt lat="18.917158" lon="98.909658">
				<ele>348.591885</ele>
				<time>2018-12-16T02:59:42Z</time>
			</trkpt>
			<trkpt lat="18.917241" lon="98.909854">
				<ele>348.572475</ele>
				<time>2018-12-16T02:59:44Z</time>
			</trkpt>
			<trkpt lat="18.917319" lon="98.910045">
				<ele>347.529995</ele>
				<time>2018-12-16T02:59:46Z</time>
			</trkpt>
			<trkpt lat="18.917406" lon="98.910223">
				<ele>346.827724</ele>
				<time>2018-12-16T02:59:48Z</time>
			</trkpt>
			<trkpt lat="18.917481" lon="98.910397">
				<ele>346.040005</ele>
				<time>2018-12-16T02:59:50Z</time>
			</trkpt>
			<trkpt lat="18.917561" lon="98.910569">
				<ele>344.707302</ele>
				<time>2018-12-16T02:59:52Z</time>
			</trkpt>
			<trkpt lat="18.917678" lon="98.910823">
				<ele>343.059902</ele>
				<time>2018-12-16T02:59:55Z</time>
			</trkpt>
			<trkpt lat="18.917776" lon="98.911076">
				<ele>342.428188</ele>
				<time>2018-12-16T02:59:58Z</time>
			</trkpt>
			<trkpt lat="18.917879" lon="98.911312">
				<ele>342.069302</ele>
				<time>2018-12-16T03:00:01Z</time>
			</trkpt>
			<trkpt lat="18.917957" lon="98.911536">
				<ele>342.090115</ele>
				<time>2018-12-16T03:00:04Z</time>
			</trkpt>
			<trkpt lat="18.918031" lon="98.911738">
				<ele>340.958340</ele>
				<time>2018-12-16T03:00:07Z</time>
			</trkpt>
			<trkpt lat="18.918118" lon="98.911976">
				<ele>340.576138</ele>
				<time>2018-12-16T03:00:10Z</time>
			</trkpt>
			<trkpt lat="18.918200" lon="98.912166">
				<ele>339.493984</ele>
				<time>2018-12-16T03:00:13Z</time>
			</trkpt>
			<trkpt lat="18.918389" lon="98.912206">
				<ele>344.628506</ele>
				<time>2018-12-16T03:03:47Z</time>
			</trkpt>
			<trkpt lat="18.918192" lon="98.912155">
				<ele>343.279502</ele>
				<time>2018-12-16T03:12:22Z</time>
			</trkpt>
			<trkpt lat="18.918097" lon="98.911959">
				<ele>345.706436</ele>
				<time>2018-12-16T03:12:25Z</time>
			</trkpt>
			<trkpt lat="18.918003" lon="98.911738">
				<ele>344.749662</ele>
				<time>2018-12-16T03:12:27Z</time>
			</trkpt>
			<trkpt lat="18.917904" lon="98.911462">
				<ele>345.054375</ele>
				<time>2018-12-16T03:12:29Z</time>
			</trkpt>
			<trkpt lat="18.917791" lon="98.911176">
				<ele>345.961034</ele>
				<time>2018-12-16T03:12:31Z</time>
			</trkpt>
			<trkpt lat="18.917684" lon="98.910902">
				<ele>346.901087</ele>
				<time>2018-12-16T03:12:33Z</time>
			</trkpt>
			<trkpt lat="18.917564" lon="98.910630">
				<ele>347.356391</ele>
				<time>2018-12-16T03:12:35Z</time>
			</trkpt>
			<trkpt lat="18.917463" lon="98.910381">
				<ele>350.486289</ele>
				<time>2018-12-16T03:12:37Z</time>
			</trkpt>
			<trkpt lat="18.917347" lon="98.910155">
				<ele>350.485778</ele>
				<time>2018-12-16T03:12:39Z</time>
			</trkpt>
			<trkpt lat="18.917243" lon="98.909937">
				<ele>351.775974</ele>
				<time>2018-12-16T03:12:41Z</time>
			</trkpt>
			<trkpt lat="18.917159" lon="98.909762">
				<ele>351.747806</ele>
				<time>2018-12-16T03:12:43Z</time>
			</trkpt>
			<trkpt lat="18.917046" lon="98.909529">
				<ele>349.791042</ele>
				<time>2018-12-16T03:12:46Z</time>
			</trkpt>
			<trkpt lat="18.916951" lon="98.909322">
				<ele>349.977139</ele>
				<time>2018-12-16T03:12:50Z</time>
			</trkpt>
			<trkpt lat="18.917066" lon="98.909147">
				<ele>349.563625</ele>
				<time>2018-12-16T03:12:54Z</time>
			</trkpt>
			<trkpt lat="18.917233" lon="98.908994">
				<ele>348.805630</ele>
				<time>2018-12-16T03:12:57Z</time>
			</trkpt>
			<trkpt lat="18.917374" lon="98.908873">
				<ele>348.159389</ele>
				<time>2018-12-16T03:12:59Z</time>
			</trkpt>
			<trkpt lat="18.917566" lon="98.908702">
				<ele>346.996548</ele>
				<time>2018-12-16T03:13:02Z</time>
			</trkpt>
			<trkpt lat="18.917718" lon="98.908552">
				<ele>345.110195</ele>
				<time>2018-12-16T03:13:04Z</time>
			</trkpt>
			<trkpt lat="18.917869" lon="98.908382">
				<ele>345.700771</ele>
				<time>2018-12-16T03:13:07Z</time>
			</trkpt>
			<trkpt lat="18.918045" lon="98.908203">
				<ele>345.950832</ele>
				<time>2018-12-16T03:13:11Z</time>
			</trkpt>
			<trkpt lat="18.918225" lon="98.908087">
				<ele>347.299648</ele>
				<time>2018-12-16T03:13:14Z</time>
			</trkpt>
			<trkpt lat="18.918398" lon="98.907945">
				<ele>347.726345</ele>
				<time>2018-12-16T03:13:17Z</time>
			</trkpt>
			<trkpt lat="18.918377" lon="98.907711">
				<ele>348.824429</ele>
				<time>2018-12-16T03:13:21Z</time>
			</trkpt>
			<trkpt lat="18.918554" lon="98.907662">
				<ele>350.737759</ele>
				<time>2018-12-16T03:13:26Z</time>
			</trkpt>
			<trkpt lat="18.918779" lon="98.907639">
				<ele>350.146084</ele>
				<time>2018-12-16T03:13:29Z</time>
			</trkpt>
			<trkpt lat="18.918978" lon="98.907546">
				<ele>350.271694</ele>
				<time>2018-12-16T03:13:32Z</time>
			</trkpt>
			<trkpt lat="18.919022" lon="98.907306">
				<ele>351.835842</ele>
				<time>2018-12-16T03:13:35Z</time>
			</trkpt>
			<trkpt lat="18.919022" lon="98.907105">
				<ele>352.701260</ele>
				<time>2018-12-16T03:13:37Z</time>
			</trkpt>
			<trkpt lat="18.919043" lon="98.906886">
				<ele>354.029934</ele>
				<time>2018-12-16T03:13:39Z</time>
			</trkpt>
			<trkpt lat="18.919097" lon="98.906646">
				<ele>355.120815</ele>
				<time>2018-12-16T03:13:42Z</time>
			</trkpt>
			<trkpt lat="18.919217" lon="98.906378">
				<ele>355.592739</ele>
				<time>2018-12-16T03:13:45Z</time>
			</trkpt>
			<trkpt lat="18.919294" lon="98.906200">
				<ele>356.311123</ele>
				<time>2018-12-16T03:13:47Z</time>
			</trkpt>
			<trkpt lat="18.919384" lon="98.906000">
				<ele>356.669827</ele>
				<time>2018-12-16T03:13:50Z</time>
			</trkpt>
			<trkpt lat="18.919506" lon="98.905844">
				<ele>359.061123</ele>
				<time>2018-12-16T03:13:55Z</time>
			</trkpt>
			<trkpt lat="18.919695" lon="98.905809">
				<ele>360.904629</ele>
				<time>2018-12-16T03:13:58Z</time>
			</trkpt>
			<trkpt lat="18.919944" lon="98.905769">
				<ele>362.052578</ele>
				<time>2018-12-16T03:14:01Z</time>
			</trkpt>
			<trkpt lat="18.920141" lon="98.905653">
				<ele>365.719753</ele>
				<time>2018-12-16T03:14:04Z</time>
			</trkpt>
			<trkpt lat="18.920233" lon="98.905481">
				<ele>368.393581</ele>
				<time>2018-12-16T03:14:07Z</time>
			</trkpt>
			<trkpt lat="18.920259" lon="98.905282">
				<ele>372.164639</ele>
				<time>2018-12-16T03:14:10Z</time>
			</trkpt>
			<trkpt lat="18.920201" lon="98.905045">
				<ele>377.900173</ele>
				<time>2018-12-16T03:14:14Z</time>
			</trkpt>
			<trkpt lat="18.920168" lon="98.904804">
				<ele>384.195950</ele>
				<time>2018-12-16T03:14:17Z</time>
			</trkpt>
			<trkpt lat="18.920163" lon="98.904575">
				<ele>384.614346</ele>
				<time>2018-12-16T03:14:20Z</time>
			</trkpt>
			<trkpt lat="18.920202" lon="98.904389">
				<ele>383.863308</ele>
				<time>2018-12-16T03:14:22Z</time>
			</trkpt>
			<trkpt lat="18.920264" lon="98.904171">
				<ele>384.467373</ele>
				<time>2018-12-16T03:14:24Z</time>
			</trkpt>
			<trkpt lat="18.920314" lon="98.903954">
				<ele>386.292568</ele>
				<time>2018-12-16T03:14:26Z</time>
			</trkpt>
			<trkpt lat="18.920368" lon="98.903733">
				<ele>389.269619</ele>
				<time>2018-12-16T03:14:28Z</time>
			</trkpt>
			<trkpt lat="18.920397" lon="98.903515">
				<ele>400.321865</ele>
				<time>2018-12-16T03:14:30Z</time>
			</trkpt>
			<trkpt lat="18.920430" lon="98.903309">
				<ele>403.701870</ele>
				<time>2018-12-16T03:14:32Z</time>
			</trkpt>
			<trkpt lat="18.920564" lon="98.903144">
				<ele>404.483425</ele>
				<time>2018-12-16T03:14:34Z</time>
			</trkpt>
			<trkpt lat="18.920684" lon="98.902882">
				<ele>406.213894</ele>
				<time>2018-12-16T03:14:37Z</time>
			</trkpt>
			<trkpt lat="18.920797" lon="98.902689">
				<ele>407.180019</ele>
				<time>2018-12-16T03:14:39Z</time>
			</trkpt>
			<trkpt lat="18.920913" lon="98.902478">
				<ele>411.496670</ele>
				<time>2018-12-16T03:14:41Z</time>
			</trkpt>
			<trkpt lat="18.920966" lon="98.902229">
				<ele>416.346889</ele>
				<time>2018-12-16T03:14:45Z</time>
			</trkpt>
			<trkpt lat="18.920963" lon="98.902015">
				<ele>416.557583</ele>
				<time>2018-12-16T03:14:47Z</time>
			</trkpt>
			<trkpt lat="18.920954" lon="98.901669">
				<ele>415.688564</ele>
				<time>2018-12-16T03:14:50Z</time>
			</trkpt>
			<trkpt lat="18.920949" lon="98.901450">
				<ele>416.270962</ele>
				<time>2018-12-16T03:14:53Z</time>
			</trkpt>
			<trkpt lat="18.920952" lon="98.901234">
				<ele>423.854946</ele>
				<time>2018-12-16T03:14:57Z</time>
			</trkpt>
			<trkpt lat="18.921006" lon="98.901047">
				<ele>432.587368</ele>
				<time>2018-12-16T03:15:04Z</time>
			</trkpt>
			<trkpt lat="18.921195" lon="98.901072">
				<ele>438.751389</ele>
				<time>2018-12-16T03:15:48Z</time>
			</trkpt>
			<trkpt lat="18.921106" lon="98.901259">
				<ele>436.565734</ele>
				<time>2018-12-16T03:15:53Z</time>
			</trkpt>
			<trkpt lat="18.920943" lon="98.901397">
				<ele>436.137778</ele>
				<time>2018-12-16T03:15:57Z</time>
			</trkpt>
			<trkpt lat="18.920942" lon="98.901638">
				<ele>433.374652</ele>
				<time>2018-12-16T03:16:03Z</time>
			</trkpt>
			<trkpt lat="18.920959" lon="98.901851">
				<ele>431.400616</ele>
				<time>2018-12-16T03:16:06Z</time>
			</trkpt>
			<trkpt lat="18.920964" lon="98.902077">
				<ele>429.348577</ele>
				<time>2018-12-16T03:16:09Z</time>
			</trkpt>
			<trkpt lat="18.920963" lon="98.902312">
				<ele>426.862584</ele>
				<time>2018-12-16T03:16:13Z</time>
			</trkpt>
			<trkpt lat="18.920863" lon="98.902581">
				<ele>422.967944</ele>
				<time>2018-12-16T03:16:17Z</time>
			</trkpt>
			<trkpt lat="18.920734" lon="98.902794">
				<ele>421.923061</ele>
				<time>2018-12-16T03:16:20Z</time>
			</trkpt>
			<trkpt lat="18.920638" lon="98.902970">
				<ele>420.288601</ele>
				<time>2018-12-16T03:16:23Z</time>
			</trkpt>
			<trkpt lat="18.920550" lon="98.903185">
				<ele>417.128750</ele>
				<time>2018-12-16T03:16:26Z</time>
			</trkpt>
			<trkpt lat="18.920478" lon="98.903411">
				<ele>413.834805</ele>
				<time>2018-12-16T03:16:30Z</time>
			</trkpt>
			<trkpt lat="18.920421" lon="98.903605">
				<ele>411.361294</ele>
				<time>2018-12-16T03:16:33Z</time>
			</trkpt>
			<trkpt lat="18.920359" lon="98.903827">
				<ele>409.171535</ele>
				<time>2018-12-16T03:16:36Z</time>
			</trkpt>
			<trkpt lat="18.920303" lon="98.904034">
				<ele>405.919765</ele>
				<time>2018-12-16T03:16:38Z</time>
			</trkpt>
			<trkpt lat="18.920247" lon="98.904245">
				<ele>402.227688</ele>
				<time>2018-12-16T03:16:40Z</time>
			</trkpt>
			<trkpt lat="18.920193" lon="98.904493">
				<ele>395.371548</ele>
				<time>2018-12-16T03:16:43Z</time>
			</trkpt>
			<trkpt lat="18.920165" lon="98.904689">
				<ele>391.241726</ele>
				<time>2018-12-16T03:16:46Z</time>
			</trkpt>
			<trkpt lat="18.920161" lon="98.904931">
				<ele>389.904873</ele>
				<time>2018-12-16T03:16:50Z</time>
			</trkpt>
			<trkpt lat="18.920191" lon="98.905180">
				<ele>388.684353</ele>
				<time>2018-12-16T03:16:54Z</time>
			</trkpt>
			<trkpt lat="18.920216" lon="98.905438">
				<ele>386.571011</ele>
				<time>2018-12-16T03:16:57Z</time>
			</trkpt>
			<trkpt lat="18.920189" lon="98.905652">
				<ele>382.951504</ele>
				<time>2018-12-16T03:17:01Z</time>
			</trkpt>
			<trkpt lat="18.920018" lon="98.905729">
				<ele>379.268948</ele>
				<time>2018-12-16T03:17:04Z</time>
			</trkpt>
			<trkpt lat="18.919791" lon="98.905773">
				<ele>375.483242</ele>
				<time>2018-12-16T03:17:07Z</time>
			</trkpt>
			<trkpt lat="18.919600" lon="98.905810">
				<ele>369.164272</ele>
				<time>2018-12-16T03:17:10Z</time>
			</trkpt>
			<trkpt lat="18.919444" lon="98.905693">
				<ele>366.277798</ele>
				<time>2018-12-16T03:17:18Z</time>
			</trkpt>
			<trkpt lat="18.919380" lon="98.905453">
				<ele>366.907192</ele>
				<time>2018-12-16T03:17:22Z</time>
			</trkpt>
			<trkpt lat="18.919307" lon="98.905241">
				<ele>366.538845</ele>
				<time>2018-12-16T03:17:25Z</time>
			</trkpt>
			<trkpt lat="18.919220" lon="98.905038">
				<ele>365.456875</ele>
				<time>2018-12-16T03:17:28Z</time>
			</trkpt>
			<trkpt lat="18.919087" lon="98.904835">
				<ele>363.401089</ele>
				<time>2018-12-16T03:17:31Z</time>
			</trkpt>
			<trkpt lat="18.918931" lon="98.904714">
				<ele>362.700222</ele>
				<time>2018-12-16T03:17:34Z</time>
			</trkpt>
			<trkpt lat="18.918741" lon="98.904611">
				<ele>361.749966</ele>
				<time>2018-12-16T03:17:38Z</time>
			</trkpt>
			<trkpt lat="18.918534" lon="98.904589">
				<ele>360.882168</ele>
				<time>2018-12-16T03:17:42Z</time>
			</trkpt>
			<trkpt lat="18.918341" lon="98.904550">
				<ele>359.298611</ele>
				<time>2018-12-16T03:17:46Z</time>
			</trkpt>
			<trkpt lat="18.918253" lon="98.904370">
				<ele>358.309170</ele>
				<time>2018-12-16T03:17:54Z</time>
			</trkpt>
			<trkpt lat="18.918395" lon="98.904222">
				<ele>357.733059</ele>
				<time>2018-12-16T03:17:57Z</time>
			</trkpt>
			<trkpt lat="18.918460" lon="98.904027">
				<ele>357.849331</ele>
				<time>2018-12-16T03:18:00Z</time>
			</trkpt>
			<trkpt lat="18.918550" lon="98.903813">
				<ele>357.957912</ele>
				<time>2018-12-16T03:18:04Z</time>
			</trkpt>
			<trkpt lat="18.918657" lon="98.903593">
				<ele>357.703091</ele>
				<time>2018-12-16T03:18:07Z</time>
			</trkpt>
			<trkpt lat="18.918691" lon="98.903313">
				<ele>358.125820</ele>
				<time>2018-12-16T03:18:12Z</time>
			</trkpt>
			<trkpt lat="18.918665" lon="98.903099">
				<ele>358.771450</ele>
				<time>2018-12-16T03:18:15Z</time>
			</trkpt>
			<trkpt lat="18.918615" lon="98.902841">
				<ele>358.045986</ele>
				<time>2018-12-16T03:18:19Z</time>
			</trkpt>
			<trkpt lat="18.918575" lon="98.902638">
				<ele>358.324184</ele>
				<time>2018-12-16T03:18:22Z</time>
			</trkpt>
			<trkpt lat="18.918535" lon="98.902437">
				<ele>358.413296</ele>
				<time>2018-12-16T03:18:25Z</time>
			</trkpt>
			<trkpt lat="18.918495" lon="98.902201">
				<ele>360.358242</ele>
				<time>2018-12-16T03:18:31Z</time>
			</trkpt>
			<trkpt lat="18.918470" lon="98.901937">
				<ele>360.864346</ele>
				<time>2018-12-16T03:18:34Z</time>
			</trkpt>
			<trkpt lat="18.918451" lon="98.901732">
				<ele>361.568935</ele>
				<time>2018-12-16T03:18:37Z</time>
			</trkpt>
			<trkpt lat="18.918407" lon="98.901269">
				<ele>364.351955</ele>
				<time>2018-12-16T03:18:45Z</time>
			</trkpt>
			<trkpt lat="18.918419" lon="98.901057">
				<ele>366.422390</ele>
				<time>2018-12-16T03:19:05Z</time>
			</trkpt>
			<trkpt lat="18.918482" lon="98.900819">
				<ele>368.531216</ele>
				<time>2018-12-16T03:19:12Z</time>
			</trkpt>
			<trkpt lat="18.918621" lon="98.900677">
				<ele>373.143032</ele>
				<time>2018-12-16T03:19:22Z</time>
			</trkpt>
			<trkpt lat="18.918742" lon="98.900520">
				<ele>373.861416</ele>
				<time>2018-12-16T03:19:26Z</time>
			</trkpt>
			<trkpt lat="18.918806" lon="98.900309">
				<ele>375.382168</ele>
				<time>2018-12-16T03:19:30Z</time>
			</trkpt>
			<trkpt lat="18.918909" lon="98.900133">
				<ele>375.589870</ele>
				<time>2018-12-16T03:19:36Z</time>
			</trkpt>
			<trkpt lat="18.919008" lon="98.899937">
				<ele>373.630825</ele>
				<time>2018-12-16T03:19:42Z</time>
			</trkpt>
			<trkpt lat="18.919094" lon="98.899719">
				<ele>377.383572</ele>
				<time>2018-12-16T03:19:46Z</time>
			</trkpt>
			<trkpt lat="18.919091" lon="98.899512">
				<ele>378.330898</ele>
				<time>2018-12-16T03:19:50Z</time>
			</trkpt>
			<trkpt lat="18.919064" lon="98.899295">
				<ele>378.987759</ele>
				<time>2018-12-16T03:19:54Z</time>
			</trkpt>
			<trkpt lat="18.919042" lon="98.899100">
				<ele>384.436550</ele>
				<time>2018-12-16T03:19:58Z</time>
			</trkpt>
			<trkpt lat="18.919002" lon="98.898836">
				<ele>383.819302</ele>
				<time>2018-12-16T03:20:02Z</time>
			</trkpt>
			<trkpt lat="18.918951" lon="98.898649">
				<ele>387.296474</ele>
				<time>2018-12-16T03:20:06Z</time>
			</trkpt>
			<trkpt lat="18.918935" lon="98.898404">
				<ele>387.980556</ele>
				<time>2018-12-16T03:20:10Z</time>
			</trkpt>
			<trkpt lat="18.919020" lon="98.898184">
				<ele>380.173916</ele>
				<time>2018-12-16T03:20:15Z</time>
			</trkpt>
			<trkpt lat="18.919140" lon="98.898004">
				<ele>383.782558</ele>
				<time>2018-12-16T03:20:19Z</time>
			</trkpt>
			<trkpt lat="18.919245" lon="98.897840">
				<ele>387.694057</ele>
				<time>2018-12-16T03:20:23Z</time>
			</trkpt>
			<trkpt lat="18.919314" lon="98.897645">
				<ele>394.018398</ele>
				<time>2018-12-16T03:20:28Z</time>
			</trkpt>
			<trkpt lat="18.919148" lon="98.897518">
				<ele>395.372585</ele>
				<time>2018-12-16T03:20:34Z</time>
			</trkpt>
			<trkpt lat="18.919108" lon="98.897331">
				<ele>394.852871</ele>
				<time>2018-12-16T03:20:43Z</time>
			</trkpt>
			<trkpt lat="18.919040" lon="98.897152">
				<ele>397.903530</ele>
				<time>2018-12-16T03:20:53Z</time>
			</trkpt>
			<trkpt lat="18.919021" lon="98.896929">
				<ele>396.875866</ele>
				<time>2018-12-16T03:20:58Z</time>
			</trkpt>
			<trkpt lat="18.919062" lon="98.896711">
				<ele>396.457851</ele>
				<time>2018-12-16T03:21:07Z</time>
			</trkpt>
			<trkpt lat="18.919154" lon="98.896500">
				<ele>399.653164</ele>
				<time>2018-12-16T03:21:12Z</time>
			</trkpt>
			<trkpt lat="18.919147" lon="98.896295">
				<ele>404.043240</ele>
				<time>2018-12-16T03:21:17Z</time>
			</trkpt>
			<trkpt lat="18.919086" lon="98.896111">
				<ele>404.639980</ele>
				<time>2018-12-16T03:21:22Z</time>
			</trkpt>
			<trkpt lat="18.919037" lon="98.895895">
				<ele>406.911404</ele>
				<time>2018-12-16T03:21:27Z</time>
			</trkpt>
			<trkpt lat="18.918998" lon="98.895695">
				<ele>407.965542</ele>
				<time>2018-12-16T03:21:32Z</time>
			</trkpt>
			<trkpt lat="18.918976" lon="98.895500">
				<ele>409.101284</ele>
				<time>2018-12-16T03:21:37Z</time>
			</trkpt>
			<trkpt lat="18.918952" lon="98.895303">
				<ele>411.646328</ele>
				<time>2018-12-16T03:21:54Z</time>
			</trkpt>
			<trkpt lat="18.918873" lon="98.895096">
				<ele>419.509121</ele>
				<time>2018-12-16T03:25:54Z</time>
			</trkpt>
			<trkpt lat="18.918899" lon="98.894898">
				<ele>422.134121</ele>
				<time>2018-12-16T03:25:58Z</time>
			</trkpt>
			<trkpt lat="18.918929" lon="98.895106">
				<ele>418.466640</ele>
				<time>2018-12-16T03:26:31Z</time>
			</trkpt>
			<trkpt lat="18.918959" lon="98.895309">
				<ele>417.897427</ele>
				<time>2018-12-16T03:26:34Z</time>
			</trkpt>
			<trkpt lat="18.918966" lon="98.895505">
				<ele>416.935207</ele>
				<time>2018-12-16T03:26:40Z</time>
			</trkpt>
			<trkpt lat="18.919006" lon="98.895692">
				<ele>414.571438</ele>
				<time>2018-12-16T03:26:43Z</time>
			</trkpt>
			<trkpt lat="18.919036" lon="98.895882">
				<ele>414.667324</ele>
				<time>2018-12-16T03:26:47Z</time>
			</trkpt>
			<trkpt lat="18.919083" lon="98.896109">
				<ele>415.193020</ele>
				<time>2018-12-16T03:26:52Z</time>
			</trkpt>
			<trkpt lat="18.919114" lon="98.896315">
				<ele>415.245876</ele>
				<time>2018-12-16T03:26:57Z</time>
			</trkpt>
			<trkpt lat="18.919084" lon="98.896529">
				<ele>414.008755</ele>
				<time>2018-12-16T03:27:03Z</time>
			</trkpt>
			<trkpt lat="18.919005" lon="98.896721">
				<ele>411.567959</ele>
				<time>2018-12-16T03:27:08Z</time>
			</trkpt>
			<trkpt lat="18.918992" lon="98.896931">
				<ele>409.995449</ele>
				<time>2018-12-16T03:27:12Z</time>
			</trkpt>
			<trkpt lat="18.919000" lon="98.897135">
				<ele>409.638943</ele>
				<time>2018-12-16T03:27:15Z</time>
			</trkpt>
			<trkpt lat="18.919222" lon="98.897131">
				<ele>409.057827</ele>
				<time>2018-12-16T03:27:35Z</time>
			</trkpt>
			<trkpt lat="18.919389" lon="98.896995">
				<ele>408.576260</ele>
				<time>2018-12-16T03:27:39Z</time>
			</trkpt>
			<trkpt lat="18.919506" lon="98.896833">
				<ele>408.701565</ele>
				<time>2018-12-16T03:27:43Z</time>
			</trkpt>
			<trkpt lat="18.919563" lon="98.896639">
				<ele>414.525600</ele>
				<time>2018-12-16T03:27:46Z</time>
			</trkpt>
			<trkpt lat="18.919678" lon="98.896449">
				<ele>416.997280</ele>
				<time>2018-12-16T03:27:50Z</time>
			</trkpt>
			<trkpt lat="18.919858" lon="98.896300">
				<ele>418.955288</ele>
				<time>2018-12-16T03:27:54Z</time>
			</trkpt>
			<trkpt lat="18.920034" lon="98.896177">
				<ele>420.621731</ele>
				<time>2018-12-16T03:27:59Z</time>
			</trkpt>
			<trkpt lat="18.920198" lon="98.896061">
				<ele>424.543301</ele>
				<time>2018-12-16T03:28:04Z</time>
			</trkpt>
			<trkpt lat="18.920359" lon="98.895937">
				<ele>429.033352</ele>
				<time>2018-12-16T03:28:11Z</time>
			</trkpt>
			<trkpt lat="18.920505" lon="98.895788">
				<ele>429.710293</ele>
				<time>2018-12-16T03:28:16Z</time>
			</trkpt>
			<trkpt lat="18.920578" lon="98.895592">
				<ele>429.363491</ele>
				<time>2018-12-16T03:28:22Z</time>
			</trkpt>
			<trkpt lat="18.920529" lon="98.895393">
				<ele>431.936489</ele>
				<time>2018-12-16T03:28:27Z</time>
			</trkpt>
			<trkpt lat="18.920395" lon="98.895197">
				<ele>433.732632</ele>
				<time>2018-12-16T03:28:34Z</time>
			</trkpt>
			<trkpt lat="18.920267" lon="98.895055">
				<ele>433.924160</ele>
				<time>2018-12-16T03:28:39Z</time>
			</trkpt>
			<trkpt lat="18.920227" lon="98.894861">
				<ele>434.968227</ele>
				<time>2018-12-16T03:28:43Z</time>
			</trkpt>
			<trkpt lat="18.920214" lon="98.894642">
				<ele>437.398098</ele>
				<time>2018-12-16T03:28:51Z</time>
			</trkpt>
			<trkpt lat="18.920187" lon="98.894403">
				<ele>441.703895</ele>
				<time>2018-12-16T03:28:55Z</time>
			</trkpt>
			<trkpt lat="18.920319" lon="98.894233">
				<ele>440.433071</ele>
				<time>2018-12-16T03:28:58Z</time>
			</trkpt>
			<trkpt lat="18.920443" lon="98.894082">
				<ele>440.673244</ele>
				<time>2018-12-16T03:29:00Z</time>
			</trkpt>
			<trkpt lat="18.920394" lon="98.893858">
				<ele>445.816738</ele>
				<time>2018-12-16T03:29:07Z</time>
			</trkpt>
			<trkpt lat="18.920326" lon="98.893681">
				<ele>448.192776</ele>
				<time>2018-12-16T03:29:11Z</time>
			</trkpt>
			<trkpt lat="18.920373" lon="98.893489">
				<ele>448.091702</ele>
				<time>2018-12-16T03:29:16Z</time>
			</trkpt>
			<trkpt lat="18.920486" lon="98.893309">
				<ele>447.921230</ele>
				<time>2018-12-16T03:29:22Z</time>
			</trkpt>
			<trkpt lat="18.920615" lon="98.893170">
				<ele>454.590786</ele>
				<time>2018-12-16T03:29:31Z</time>
			</trkpt>
			<trkpt lat="18.920799" lon="98.893210">
				<ele>451.238542</ele>
				<time>2018-12-16T03:30:53Z</time>
			</trkpt>
			<trkpt lat="18.920743" lon="98.892987">
				<ele>453.915717</ele>
				<time>2018-12-16T03:30:57Z</time>
			</trkpt>
			<trkpt lat="18.920588" lon="98.892882">
				<ele>457.037342</ele>
				<time>2018-12-16T03:31:01Z</time>
			</trkpt>
			<trkpt lat="18.920422" lon="98.892742">
				<ele>462.984402</ele>
				<time>2018-12-16T03:31:06Z</time>
			</trkpt>
			<trkpt lat="18.920423" lon="98.892537">
				<ele>464.775112</ele>
				<time>2018-12-16T03:31:11Z</time>
			</trkpt>
			<trkpt lat="18.920424" lon="98.892338">
				<ele>464.783413</ele>
				<time>2018-12-16T03:31:15Z</time>
			</trkpt>
			<trkpt lat="18.920461" lon="98.892150">
				<ele>466.281216</ele>
				<time>2018-12-16T03:31:20Z</time>
			</trkpt>
			<trkpt lat="18.920487" lon="98.891932">
				<ele>482.463711</ele>
				<time>2018-12-16T03:31:24Z</time>
			</trkpt>
			<trkpt lat="18.920486" lon="98.891718">
				<ele>483.925259</ele>
				<time>2018-12-16T03:31:28Z</time>
			</trkpt>
			<trkpt lat="18.920447" lon="98.891525">
				<ele>486.028042</ele>
				<time>2018-12-16T03:31:32Z</time>
			</trkpt>
			<trkpt lat="18.920431" lon="98.891314">
				<ele>486.081326</ele>
				<time>2018-12-16T03:31:37Z</time>
			</trkpt>
			<trkpt lat="18.920438" lon="98.891089">
				<ele>489.604702</ele>
				<time>2018-12-16T03:31:43Z</time>
			</trkpt>
			<trkpt lat="18.920461" lon="98.890871">
				<ele>489.101528</ele>
				<time>2018-12-16T03:31:45Z</time>
			</trkpt>
			<trkpt lat="18.920525" lon="98.890692">
				<ele>489.911098</ele>
				<time>2018-12-16T03:31:49Z</time>
			</trkpt>
			<trkpt lat="18.920628" lon="98.890496">
				<ele>491.190945</ele>
				<time>2018-12-16T03:31:56Z</time>
			</trkpt>
			<trkpt lat="18.920644" lon="98.890299">
				<ele>495.372890</ele>
				<time>2018-12-16T03:32:02Z</time>
			</trkpt>
			<trkpt lat="18.920669" lon="98.889949">
				<ele>497.731106</ele>
				<time>2018-12-16T03:32:06Z</time>
			</trkpt>
			<trkpt lat="18.920731" lon="98.889722">
				<ele>503.191555</ele>
				<time>2018-12-16T03:32:09Z</time>
			</trkpt>
			<trkpt lat="18.920770" lon="98.889536">
				<ele>505.270840</ele>
				<time>2018-12-16T03:32:15Z</time>
			</trkpt>
			<trkpt lat="18.920779" lon="98.889317">
				<ele>509.124599</ele>
				<time>2018-12-16T03:32:21Z</time>
			</trkpt>
			<trkpt lat="18.920704" lon="98.889121">
				<ele>511.292446</ele>
				<time>2018-12-16T03:32:29Z</time>
			</trkpt>
			<trkpt lat="18.920766" lon="98.888939">
				<ele>514.583096</ele>
				<time>2018-12-16T03:32:35Z</time>
			</trkpt>
			<trkpt lat="18.920733" lon="98.888726">
				<ele>519.202785</ele>
				<time>2018-12-16T03:32:40Z</time>
			</trkpt>
			<trkpt lat="18.920713" lon="98.888536">
				<ele>521.294704</ele>
				<time>2018-12-16T03:32:45Z</time>
			</trkpt>
			<trkpt lat="18.920782" lon="98.888345">
				<ele>526.019253</ele>
				<time>2018-12-16T03:32:52Z</time>
			</trkpt>
			<trkpt lat="18.920906" lon="98.888192">
				<ele>528.241482</ele>
				<time>2018-12-16T03:32:58Z</time>
			</trkpt>
			<trkpt lat="18.921017" lon="98.888035">
				<ele>530.035244</ele>
				<time>2018-12-16T03:33:03Z</time>
			</trkpt>
			<trkpt lat="18.921149" lon="98.887899">
				<ele>530.968227</ele>
				<time>2018-12-16T03:33:08Z</time>
			</trkpt>
			<trkpt lat="18.921155" lon="98.887690">
				<ele>534.076870</ele>
				<time>2018-12-16T03:33:15Z</time>
			</trkpt>
			<trkpt lat="18.921076" lon="98.887504">
				<ele>538.725674</ele>
				<time>2018-12-16T03:33:21Z</time>
			</trkpt>
			<trkpt lat="18.921119" lon="98.887301">
				<ele>541.510830</ele>
				<time>2018-12-16T03:33:29Z</time>
			</trkpt>
			<trkpt lat="18.921133" lon="98.887095">
				<ele>553.779507</ele>
				<time>2018-12-16T03:34:05Z</time>
			</trkpt>
			<trkpt lat="18.921219" lon="98.886909">
				<ele>545.266569</ele>
				<time>2018-12-16T03:34:12Z</time>
			</trkpt>
			<trkpt lat="18.921177" lon="98.886707">
				<ele>556.945278</ele>
				<time>2018-12-16T03:34:22Z</time>
			</trkpt>
			<trkpt lat="18.921099" lon="98.886497">
				<ele>558.488979</ele>
				<time>2018-12-16T03:34:30Z</time>
			</trkpt>
			<trkpt lat="18.921032" lon="98.886284">
				<ele>558.958889</ele>
				<time>2018-12-16T03:34:35Z</time>
			</trkpt>
			<trkpt lat="18.921060" lon="98.886092">
				<ele>561.270840</ele>
				<time>2018-12-16T03:34:42Z</time>
			</trkpt>
			<trkpt lat="18.921053" lon="98.885879">
				<ele>564.294277</ele>
				<time>2018-12-16T03:34:48Z</time>
			</trkpt>
			<trkpt lat="18.920947" lon="98.885721">
				<ele>566.271694</ele>
				<time>2018-12-16T03:34:53Z</time>
			</trkpt>
			<trkpt lat="18.920837" lon="98.885569">
				<ele>571.022305</ele>
				<time>2018-12-16T03:35:01Z</time>
			</trkpt>
			<trkpt lat="18.920712" lon="98.885415">
				<ele>570.931606</ele>
				<time>2018-12-16T03:36:58Z</time>
			</trkpt>
			<trkpt lat="18.920672" lon="98.885229">
				<ele>569.966640</ele>
				<time>2018-12-16T03:39:15Z</time>
			</trkpt>
			<trkpt lat="18.920640" lon="98.885041">
				<ele>567.541836</ele>
				<time>2018-12-16T03:41:26Z</time>
			</trkpt>
			<trkpt lat="18.920473" lon="98.884952">
				<ele>558.673006</ele>
				<time>2018-12-16T03:46:37Z</time>
			</trkpt>
			<trkpt lat="18.920348" lon="98.884804">
				<ele>562.759748</ele>
				<time>2018-12-16T03:46:54Z</time>
			</trkpt>
			<trkpt lat="18.920236" lon="98.884653">
				<ele>562.710888</ele>
				<time>2018-12-16T03:47:12Z</time>
			</trkpt>
			<trkpt lat="18.920200" lon="98.884462">
				<ele>576.857388</ele>
				<time>2018-12-16T03:47:36Z</time>
			</trkpt>
			<trkpt lat="18.920162" lon="98.884271">
				<ele>569.599893</ele>
				<time>2018-12-16T03:50:25Z</time>
			</trkpt>
			<trkpt lat="18.920203" lon="98.884465">
				<ele>564.695193</ele>
				<time>2018-12-16T03:50:58Z</time>
			</trkpt>
			<trkpt lat="18.920272" lon="98.884650">
				<ele>564.961909</ele>
				<time>2018-12-16T03:58:43Z</time>
			</trkpt>
			<trkpt lat="18.920377" lon="98.884823">
				<ele>564.484427</ele>
				<time>2018-12-16T04:08:36Z</time>
			</trkpt>
			<trkpt lat="18.920490" lon="98.884980">
				<ele>566.119868</ele>
				<time>2018-12-16T04:08:46Z</time>
			</trkpt>
			<trkpt lat="18.920666" lon="98.885062">
				<ele>575.884609</ele>
				<time>2018-12-16T04:09:10Z</time>
			</trkpt>
			<trkpt lat="18.920699" lon="98.885252">
				<ele>575.208340</ele>
				<time>2018-12-16T04:09:22Z</time>
			</trkpt>
			<trkpt lat="18.920769" lon="98.885434">
				<ele>574.014858</ele>
				<time>2018-12-16T04:09:29Z</time>
			</trkpt>
			<trkpt lat="18.920876" lon="98.885605">
				<ele>574.209316</ele>
				<time>2018-12-16T04:09:42Z</time>
			</trkpt>
			<trkpt lat="18.920976" lon="98.885776">
				<ele>573.787441</ele>
				<time>2018-12-16T04:09:48Z</time>
			</trkpt>
			<trkpt lat="18.920991" lon="98.885974">
				<ele>572.741787</ele>
				<time>2018-12-16T04:09:55Z</time>
			</trkpt>
			<trkpt lat="18.920987" lon="98.886171">
				<ele>573.167324</ele>
				<time>2018-12-16T04:10:02Z</time>
			</trkpt>
			<trkpt lat="18.921014" lon="98.886384">
				<ele>572.745693</ele>
				<time>2018-12-16T04:10:11Z</time>
			</trkpt>
			<trkpt lat="18.921100" lon="98.886557">
				<ele>570.883999</ele>
				<time>2018-12-16T04:10:18Z</time>
			</trkpt>
			<trkpt lat="18.921157" lon="98.886763">
				<ele>571.003017</ele>
				<time>2018-12-16T04:10:26Z</time>
			</trkpt>
			<trkpt lat="18.921162" lon="98.886975">
				<ele>567.717861</ele>
				<time>2018-12-16T04:10:35Z</time>
			</trkpt>
			<trkpt lat="18.921122" lon="98.887174">
				<ele>547.817742</ele>
				<time>2018-12-16T04:10:45Z</time>
			</trkpt>
			<trkpt lat="18.921060" lon="98.887370">
				<ele>542.500255</ele>
				<time>2018-12-16T04:10:55Z</time>
			</trkpt>
			<trkpt lat="18.921061" lon="98.887574">
				<ele>539.132953</ele>
				<time>2018-12-16T04:11:04Z</time>
			</trkpt>
			<trkpt lat="18.921128" lon="98.887751">
				<ele>554.986538</ele>
				<time>2018-12-16T04:11:11Z</time>
			</trkpt>
			<trkpt lat="18.921036" lon="98.887932">
				<ele>552.853176</ele>
				<time>2018-12-16T04:11:22Z</time>
			</trkpt>
			<trkpt lat="18.920912" lon="98.888086">
				<ele>551.712368</ele>
				<time>2018-12-16T04:11:29Z</time>
			</trkpt>
			<trkpt lat="18.920765" lon="98.888218">
				<ele>550.952969</ele>
				<time>2018-12-16T04:11:37Z</time>
			</trkpt>
			<trkpt lat="18.920630" lon="98.888368">
				<ele>550.677822</ele>
				<time>2018-12-16T04:11:44Z</time>
			</trkpt>
			<trkpt lat="18.920608" lon="98.888567">
				<ele>523.925150</ele>
				<time>2018-12-16T04:11:54Z</time>
			</trkpt>
			<trkpt lat="18.920663" lon="98.888751">
				<ele>518.831692</ele>
				<time>2018-12-16T04:11:59Z</time>
			</trkpt>
			<trkpt lat="18.920688" lon="98.888953">
				<ele>515.721102</ele>
				<time>2018-12-16T04:12:06Z</time>
			</trkpt>
			<trkpt lat="18.920650" lon="98.889154">
				<ele>540.374966</ele>
				<time>2018-12-16T04:12:14Z</time>
			</trkpt>
			<trkpt lat="18.920665" lon="98.889351">
				<ele>536.359219</ele>
				<time>2018-12-16T04:12:25Z</time>
			</trkpt>
			<trkpt lat="18.920657" lon="98.889547">
				<ele>533.305386</ele>
				<time>2018-12-16T04:12:34Z</time>
			</trkpt>
			<trkpt lat="18.920639" lon="98.889747">
				<ele>529.588955</ele>
				<time>2018-12-16T04:12:42Z</time>
			</trkpt>
			<trkpt lat="18.920567" lon="98.889938">
				<ele>527.586880</ele>
				<time>2018-12-16T04:12:49Z</time>
			</trkpt>
			<trkpt lat="18.920550" lon="98.890159">
				<ele>525.324612</ele>
				<time>2018-12-16T04:12:55Z</time>
			</trkpt>
			<trkpt lat="18.920541" lon="98.890364">
				<ele>524.053066</ele>
				<time>2018-12-16T04:13:00Z</time>
			</trkpt>
			<trkpt lat="18.920476" lon="98.890542">
				<ele>495.715965</ele>
				<time>2018-12-16T04:13:18Z</time>
			</trkpt>
			<trkpt lat="18.920395" lon="98.890727">
				<ele>511.567975</ele>
				<time>2018-12-16T04:16:19Z</time>
			</trkpt>
			<trkpt lat="18.920382" lon="98.890932">
				<ele>498.596157</ele>
				<time>2018-12-16T04:16:26Z</time>
			</trkpt>
			<trkpt lat="18.920360" lon="98.891137">
				<ele>494.832790</ele>
				<time>2018-12-16T04:16:34Z</time>
			</trkpt>
			<trkpt lat="18.920371" lon="98.891339">
				<ele>495.006069</ele>
				<time>2018-12-16T04:16:41Z</time>
			</trkpt>
			<trkpt lat="18.920368" lon="98.891530">
				<ele>494.318813</ele>
				<time>2018-12-16T04:16:46Z</time>
			</trkpt>
			<trkpt lat="18.920445" lon="98.891709">
				<ele>498.171220</ele>
				<time>2018-12-16T04:17:18Z</time>
			</trkpt>
			<trkpt lat="18.920482" lon="98.891896">
				<ele>493.022976</ele>
				<time>2018-12-16T04:17:27Z</time>
			</trkpt>
			<trkpt lat="18.920519" lon="98.892091">
				<ele>486.794072</ele>
				<time>2018-12-16T04:18:31Z</time>
			</trkpt>
			<trkpt lat="18.920485" lon="98.892294">
				<ele>480.324083</ele>
				<time>2018-12-16T04:20:50Z</time>
			</trkpt>
			<trkpt lat="18.920463" lon="98.892483">
				<ele>476.805890</ele>
				<time>2018-12-16T04:21:00Z</time>
			</trkpt>
			<trkpt lat="18.920510" lon="98.892678">
				<ele>469.935791</ele>
				<time>2018-12-16T04:21:14Z</time>
			</trkpt>
			<trkpt lat="18.920669" lon="98.892796">
				<ele>467.102256</ele>
				<time>2018-12-16T04:21:29Z</time>
			</trkpt>
			<trkpt lat="18.920763" lon="98.892978">
				<ele>464.630673</ele>
				<time>2018-12-16T04:21:38Z</time>
			</trkpt>
			<trkpt lat="18.920638" lon="98.893120">
				<ele>461.262851</ele>
				<time>2018-12-16T04:22:20Z</time>
			</trkpt>
			<trkpt lat="18.920518" lon="98.893272">
				<ele>460.127218</ele>
				<time>2018-12-16T04:22:30Z</time>
			</trkpt>
			<trkpt lat="18.920369" lon="98.893401">
				<ele>456.921332</ele>
				<time>2018-12-16T04:22:36Z</time>
			</trkpt>
			<trkpt lat="18.920323" lon="98.893595">
				<ele>455.172322</ele>
				<time>2018-12-16T04:22:46Z</time>
			</trkpt>
			<trkpt lat="18.920430" lon="98.893753">
				<ele>454.706884</ele>
				<time>2018-12-16T04:22:51Z</time>
			</trkpt>
			<trkpt lat="18.920536" lon="98.893946">
				<ele>455.255835</ele>
				<time>2018-12-16T04:22:57Z</time>
			</trkpt>
			<trkpt lat="18.920497" lon="98.894151">
				<ele>454.526284</ele>
				<time>2018-12-16T04:23:06Z</time>
			</trkpt>
			<trkpt lat="18.920343" lon="98.894254">
				<ele>455.688986</ele>
				<time>2018-12-16T04:23:11Z</time>
			</trkpt>
			<trkpt lat="18.920299" lon="98.894452">
				<ele>457.570051</ele>
				<time>2018-12-16T04:23:15Z</time>
			</trkpt>
			<trkpt lat="18.920319" lon="98.894675">
				<ele>457.078233</ele>
				<time>2018-12-16T04:23:20Z</time>
			</trkpt>
			<trkpt lat="18.920333" lon="98.894883">
				<ele>455.220242</ele>
				<time>2018-12-16T04:23:27Z</time>
			</trkpt>
			<trkpt lat="18.920454" lon="98.895033">
				<ele>458.211131</ele>
				<time>2018-12-16T04:23:31Z</time>
			</trkpt>
			<trkpt lat="18.920562" lon="98.895202">
				<ele>453.264314</ele>
				<time>2018-12-16T04:23:36Z</time>
			</trkpt>
			<trkpt lat="18.920585" lon="98.895405">
				<ele>442.109463</ele>
				<time>2018-12-16T04:23:46Z</time>
			</trkpt>
			<trkpt lat="18.920596" lon="98.895599">
				<ele>435.209499</ele>
				<time>2018-12-16T04:23:51Z</time>
			</trkpt>
			<trkpt lat="18.920498" lon="98.895766">
				<ele>431.606167</ele>
				<time>2018-12-16T04:24:00Z</time>
			</trkpt>
			<trkpt lat="18.920371" lon="98.895905">
				<ele>440.265945</ele>
				<time>2018-12-16T04:24:07Z</time>
			</trkpt>
			<trkpt lat="18.920232" lon="98.896052">
				<ele>436.351952</ele>
				<time>2018-12-16T04:24:15Z</time>
			</trkpt>
			<trkpt lat="18.920087" lon="98.896199">
				<ele>435.803168</ele>
				<time>2018-12-16T04:24:22Z</time>
			</trkpt>
			<trkpt lat="18.919949" lon="98.896343">
				<ele>424.072598</ele>
				<time>2018-12-16T04:24:27Z</time>
			</trkpt>
			<trkpt lat="18.919822" lon="98.896479">
				<ele>422.592983</ele>
				<time>2018-12-16T04:24:32Z</time>
			</trkpt>
			<trkpt lat="18.919670" lon="98.896613">
				<ele>415.692043</ele>
				<time>2018-12-16T04:24:37Z</time>
			</trkpt>
			<trkpt lat="18.919567" lon="98.896787">
				<ele>412.100063</ele>
				<time>2018-12-16T04:24:43Z</time>
			</trkpt>
			<trkpt lat="18.919478" lon="98.896955">
				<ele>411.557156</ele>
				<time>2018-12-16T04:24:51Z</time>
			</trkpt>
			<trkpt lat="18.919301" lon="98.897080">
				<ele>407.509121</ele>
				<time>2018-12-16T04:24:57Z</time>
			</trkpt>
			<trkpt lat="18.919150" lon="98.897190">
				<ele>397.594692</ele>
				<time>2018-12-16T04:25:05Z</time>
			</trkpt>
			<trkpt lat="18.919103" lon="98.897401">
				<ele>412.719655</ele>
				<time>2018-12-16T04:25:11Z</time>
			</trkpt>
			<trkpt lat="18.919246" lon="98.897542">
				<ele>397.710049</ele>
				<time>2018-12-16T04:25:17Z</time>
			</trkpt>
			<trkpt lat="18.919227" lon="98.897750">
				<ele>406.438974</ele>
				<time>2018-12-16T04:25:25Z</time>
			</trkpt>
			<trkpt lat="18.919152" lon="98.897925">
				<ele>405.507669</ele>
				<time>2018-12-16T04:25:29Z</time>
			</trkpt>
			<trkpt lat="18.919045" lon="98.898097">
				<ele>407.790345</ele>
				<time>2018-12-16T04:25:33Z</time>
			</trkpt>
			<trkpt lat="18.918904" lon="98.898288">
				<ele>405.283690</ele>
				<time>2018-12-16T04:25:37Z</time>
			</trkpt>
			<trkpt lat="18.918883" lon="98.898488">
				<ele>403.036595</ele>
				<time>2018-12-16T04:25:41Z</time>
			</trkpt>
			<trkpt lat="18.918898" lon="98.898719">
				<ele>401.525252</ele>
				<time>2018-12-16T04:25:45Z</time>
			</trkpt>
			<trkpt lat="18.918943" lon="98.898910">
				<ele>399.346212</ele>
				<time>2018-12-16T04:25:48Z</time>
			</trkpt>
			<trkpt lat="18.918960" lon="98.899136">
				<ele>397.722351</ele>
				<time>2018-12-16T04:25:52Z</time>
			</trkpt>
			<trkpt lat="18.918990" lon="98.899346">
				<ele>396.225276</ele>
				<time>2018-12-16T04:25:56Z</time>
			</trkpt>
			<trkpt lat="18.919012" lon="98.899538">
				<ele>393.309242</ele>
				<time>2018-12-16T04:26:01Z</time>
			</trkpt>
			<trkpt lat="18.919012" lon="98.899745">
				<ele>390.596074</ele>
				<time>2018-12-16T04:26:07Z</time>
			</trkpt>
			<trkpt lat="18.918989" lon="98.899997">
				<ele>388.510182</ele>
				<time>2018-12-16T04:26:12Z</time>
			</trkpt>
			<trkpt lat="18.918943" lon="98.900198">
				<ele>374.251125</ele>
				<time>2018-12-16T04:26:18Z</time>
			</trkpt>
			<trkpt lat="18.918854" lon="98.900365">
				<ele>372.012539</ele>
				<time>2018-12-16T04:26:25Z</time>
			</trkpt>
			<trkpt lat="18.918738" lon="98.900526">
				<ele>372.482510</ele>
				<time>2018-12-16T04:26:28Z</time>
			</trkpt>
			<trkpt lat="18.918602" lon="98.900702">
				<ele>368.134731</ele>
				<time>2018-12-16T04:26:32Z</time>
			</trkpt>
			<trkpt lat="18.918469" lon="98.900841">
				<ele>381.850359</ele>
				<time>2018-12-16T04:26:41Z</time>
			</trkpt>
			<trkpt lat="18.918424" lon="98.901028">
				<ele>377.718778</ele>
				<time>2018-12-16T04:26:44Z</time>
			</trkpt>
			<trkpt lat="18.918407" lon="98.901229">
				<ele>374.641381</ele>
				<time>2018-12-16T04:26:50Z</time>
			</trkpt>
			<trkpt lat="18.918175" lon="98.901362">
				<ele>366.261828</ele>
				<time>2018-12-16T04:29:13Z</time>
			</trkpt>
			<trkpt lat="18.918407" lon="98.901266">
				<ele>367.135255</ele>
				<time>2018-12-16T04:29:14Z</time>
			</trkpt>
			<trkpt lat="18.918175" lon="98.901362">
				<ele>368.313177</ele>
				<time>2018-12-16T04:29:15Z</time>
			</trkpt>
			<trkpt lat="18.918407" lon="98.901266">
				<ele>368.256964</ele>
				<time>2018-12-16T04:29:17Z</time>
			</trkpt>
			<trkpt lat="18.918175" lon="98.901362">
				<ele>359.591885</ele>
				<time>2018-12-16T04:29:18Z</time>
			</trkpt>
			<trkpt lat="18.918022" lon="98.901261">
				<ele>359.198640</ele>
				<time>2018-12-16T04:30:58Z</time>
			</trkpt>
			<trkpt lat="18.918037" lon="98.901069">
				<ele>360.217129</ele>
				<time>2018-12-16T04:37:34Z</time>
			</trkpt>
			<trkpt lat="18.918067" lon="98.900880">
				<ele>361.950222</ele>
				<time>2018-12-16T04:37:57Z</time>
			</trkpt>
			<trkpt lat="18.918109" lon="98.901066">
				<ele>362.462185</ele>
				<time>2018-12-16T04:43:18Z</time>
			</trkpt>
			<trkpt lat="18.918180" lon="98.901242">
				<ele>366.053677</ele>
				<time>2018-12-16T04:43:37Z</time>
			</trkpt>
			<trkpt lat="18.918172" lon="98.901453">
				<ele>361.373221</ele>
				<time>2018-12-16T04:46:01Z</time>
			</trkpt>
			<trkpt lat="18.918191" lon="98.901648">
				<ele>360.035052</ele>
				<time>2018-12-16T04:46:07Z</time>
			</trkpt>
			<trkpt lat="18.918225" lon="98.901841">
				<ele>363.255825</ele>
				<time>2018-12-16T04:46:12Z</time>
			</trkpt>
			<trkpt lat="18.918301" lon="98.902063">
				<ele>361.763577</ele>
				<time>2018-12-16T04:46:16Z</time>
			</trkpt>
			<trkpt lat="18.918371" lon="98.902286">
				<ele>361.575100</ele>
				<time>2018-12-16T04:46:20Z</time>
			</trkpt>
			<trkpt lat="18.918406" lon="98.902538">
				<ele>360.569363</ele>
				<time>2018-12-16T04:46:25Z</time>
			</trkpt>
			<trkpt lat="18.918483" lon="98.902774">
				<ele>361.129238</ele>
				<time>2018-12-16T04:46:28Z</time>
			</trkpt>
			<trkpt lat="18.918501" lon="98.903021">
				<ele>359.966946</ele>
				<time>2018-12-16T04:46:31Z</time>
			</trkpt>
			<trkpt lat="18.918534" lon="98.903208">
				<ele>359.791592</ele>
				<time>2018-12-16T04:46:34Z</time>
			</trkpt>
			<trkpt lat="18.918529" lon="98.903399">
				<ele>359.646389</ele>
				<time>2018-12-16T04:46:39Z</time>
			</trkpt>
			<trkpt lat="18.918522" lon="98.903654">
				<ele>358.416348</ele>
				<time>2018-12-16T04:46:42Z</time>
			</trkpt>
			<trkpt lat="18.918459" lon="98.903833">
				<ele>358.022427</ele>
				<time>2018-12-16T04:46:45Z</time>
			</trkpt>
			<trkpt lat="18.918338" lon="98.904032">
				<ele>356.161221</ele>
				<time>2018-12-16T04:46:49Z</time>
			</trkpt>
			<trkpt lat="18.918264" lon="98.904243">
				<ele>354.907497</ele>
				<time>2018-12-16T04:46:52Z</time>
			</trkpt>
			<trkpt lat="18.918209" lon="98.904441">
				<ele>354.528408</ele>
				<time>2018-12-16T04:46:55Z</time>
			</trkpt>
			<trkpt lat="18.918181" lon="98.904672">
				<ele>354.214199</ele>
				<time>2018-12-16T04:46:58Z</time>
			</trkpt>
			<trkpt lat="18.918256" lon="98.904852">
				<ele>353.517788</ele>
				<time>2018-12-16T04:47:01Z</time>
			</trkpt>
			<trkpt lat="18.918304" lon="98.905081">
				<ele>353.203457</ele>
				<time>2018-12-16T04:47:04Z</time>
			</trkpt>
			<trkpt lat="18.918359" lon="98.905323">
				<ele>353.222866</ele>
				<time>2018-12-16T04:47:07Z</time>
			</trkpt>
			<trkpt lat="18.918407" lon="98.905537">
				<ele>352.692532</ele>
				<time>2018-12-16T04:47:10Z</time>
			</trkpt>
			<trkpt lat="18.918477" lon="98.905773">
				<ele>352.543056</ele>
				<time>2018-12-16T04:47:13Z</time>
			</trkpt>
			<trkpt lat="18.918530" lon="98.906025">
				<ele>352.042324</ele>
				<time>2018-12-16T04:47:16Z</time>
			</trkpt>
			<trkpt lat="18.918545" lon="98.906296">
				<ele>351.310146</ele>
				<time>2018-12-16T04:47:19Z</time>
			</trkpt>
			<trkpt lat="18.918529" lon="98.906510">
				<ele>351.683559</ele>
				<time>2018-12-16T04:47:22Z</time>
			</trkpt>
			<trkpt lat="18.918508" lon="98.906745">
				<ele>349.990749</ele>
				<time>2018-12-16T04:47:25Z</time>
			</trkpt>
			<trkpt lat="18.918487" lon="98.906987">
				<ele>350.376675</ele>
				<time>2018-12-16T04:47:28Z</time>
			</trkpt>
			<trkpt lat="18.918463" lon="98.907264">
				<ele>350.431850</ele>
				<time>2018-12-16T04:47:31Z</time>
			</trkpt>
			<trkpt lat="18.918446" lon="98.907454">
				<ele>349.451626</ele>
				<time>2018-12-16T04:47:33Z</time>
			</trkpt>
			<trkpt lat="18.918428" lon="98.907655">
				<ele>348.817471</ele>
				<time>2018-12-16T04:47:36Z</time>
			</trkpt>
			<trkpt lat="18.918366" lon="98.907850">
				<ele>348.523525</ele>
				<time>2018-12-16T04:47:38Z</time>
			</trkpt>
			<trkpt lat="18.918289" lon="98.908031">
				<ele>348.820156</ele>
				<time>2018-12-16T04:47:42Z</time>
			</trkpt>
			<trkpt lat="18.918118" lon="98.908169">
				<ele>348.463467</ele>
				<time>2018-12-16T04:47:45Z</time>
			</trkpt>
			<trkpt lat="18.917946" lon="98.908327">
				<ele>347.337551</ele>
				<time>2018-12-16T04:47:47Z</time>
			</trkpt>
			<trkpt lat="18.917814" lon="98.908472">
				<ele>346.369717</ele>
				<time>2018-12-16T04:47:49Z</time>
			</trkpt>
			<trkpt lat="18.917681" lon="98.908604">
				<ele>345.105007</ele>
				<time>2018-12-16T04:47:51Z</time>
			</trkpt>
			<trkpt lat="18.917508" lon="98.908754">
				<ele>344.932217</ele>
				<time>2018-12-16T04:47:53Z</time>
			</trkpt>
			<trkpt lat="18.917355" lon="98.908883">
				<ele>344.868130</ele>
				<time>2018-12-16T04:47:55Z</time>
			</trkpt>
			<trkpt lat="18.917209" lon="98.909004">
				<ele>344.925991</ele>
				<time>2018-12-16T04:47:57Z</time>
			</trkpt>
			<trkpt lat="18.917040" lon="98.909143">
				<ele>343.933010</ele>
				<time>2018-12-16T04:48:00Z</time>
			</trkpt>
			<trkpt lat="18.916862" lon="98.909251">
				<ele>350.072150</ele>
				<time>2018-12-16T04:48:16Z</time>
			</trkpt>
			<trkpt lat="18.916631" lon="98.909099">
				<ele>350.256327</ele>
				<time>2018-12-16T04:48:19Z</time>
			</trkpt>
			<trkpt lat="18.916393" lon="98.908976">
				<ele>347.820669</ele>
				<time>2018-12-16T04:48:21Z</time>
			</trkpt>
			<trkpt lat="18.916162" lon="98.908815">
				<ele>346.466102</ele>
				<time>2018-12-16T04:48:23Z</time>
			</trkpt>
			<trkpt lat="18.915942" lon="98.908624">
				<ele>345.565888</ele>
				<time>2018-12-16T04:48:25Z</time>
			</trkpt>
			<trkpt lat="18.915744" lon="98.908456">
				<ele>345.239656</ele>
				<time>2018-12-16T04:48:27Z</time>
			</trkpt>
			<trkpt lat="18.915601" lon="98.908262">
				<ele>344.759320</ele>
				<time>2018-12-16T04:48:29Z</time>
			</trkpt>
			<trkpt lat="18.915481" lon="98.907993">
				<ele>344.898810</ele>
				<time>2018-12-16T04:48:31Z</time>
			</trkpt>
			<trkpt lat="18.915406" lon="98.907719">
				<ele>343.740710</ele>
				<time>2018-12-16T04:48:33Z</time>
			</trkpt>
			<trkpt lat="18.915333" lon="98.907438">
				<ele>341.869228</ele>
				<time>2018-12-16T04:48:35Z</time>
			</trkpt>
			<trkpt lat="18.915250" lon="98.907164">
				<ele>341.977139</ele>
				<time>2018-12-16T04:48:37Z</time>
			</trkpt>
			<trkpt lat="18.915176" lon="98.906881">
				<ele>341.161465</ele>
				<time>2018-12-16T04:48:39Z</time>
			</trkpt>
			<trkpt lat="18.915081" lon="98.906669">
				<ele>340.742214</ele>
				<time>2018-12-16T04:48:41Z</time>
			</trkpt>
			<trkpt lat="18.914995" lon="98.906475">
				<ele>340.892788</ele>
				<time>2018-12-16T04:48:42Z</time>
			</trkpt>
			<trkpt lat="18.914829" lon="98.906217">
				<ele>340.818203</ele>
				<time>2018-12-16T04:48:44Z</time>
			</trkpt>
			<trkpt lat="18.914654" lon="98.906039">
				<ele>340.464687</ele>
				<time>2018-12-16T04:48:46Z</time>
			</trkpt>
			<trkpt lat="18.914415" lon="98.905874">
				<ele>340.918301</ele>
				<time>2018-12-16T04:48:48Z</time>
			</trkpt>
			<trkpt lat="18.914217" lon="98.905795">
				<ele>341.667995</ele>
				<time>2018-12-16T04:48:50Z</time>
			</trkpt>
			<trkpt lat="18.913886" lon="98.905763">
				<ele>341.009914</ele>
				<time>2018-12-16T04:48:52Z</time>
			</trkpt>
			<trkpt lat="18.913619" lon="98.905749">
				<ele>342.315884</ele>
				<time>2018-12-16T04:48:54Z</time>
			</trkpt>
			<trkpt lat="18.913325" lon="98.905771">
				<ele>343.326260</ele>
				<time>2018-12-16T04:48:56Z</time>
			</trkpt>
			<trkpt lat="18.913034" lon="98.905793">
				<ele>343.165981</ele>
				<time>2018-12-16T04:48:58Z</time>
			</trkpt>
			<trkpt lat="18.912743" lon="98.905816">
				<ele>343.807522</ele>
				<time>2018-12-16T04:49:00Z</time>
			</trkpt>
			<trkpt lat="18.912437" lon="98.905840">
				<ele>343.848110</ele>
				<time>2018-12-16T04:49:02Z</time>
			</trkpt>
			<trkpt lat="18.912148" lon="98.905862">
				<ele>344.817715</ele>
				<time>2018-12-16T04:49:04Z</time>
			</trkpt>
			<trkpt lat="18.911892" lon="98.905888">
				<ele>345.806606</ele>
				<time>2018-12-16T04:49:06Z</time>
			</trkpt>
			<trkpt lat="18.911588" lon="98.905920">
				<ele>345.127895</ele>
				<time>2018-12-16T04:49:08Z</time>
			</trkpt>
			<trkpt lat="18.911248" lon="98.905949">
				<ele>343.752895</ele>
				<time>2018-12-16T04:49:10Z</time>
			</trkpt>
			<trkpt lat="18.910956" lon="98.905988">
				<ele>343.364468</ele>
				<time>2018-12-16T04:49:12Z</time>
			</trkpt>
			<trkpt lat="18.910638" lon="98.906016">
				<ele>344.401455</ele>
				<time>2018-12-16T04:49:14Z</time>
			</trkpt>
			<trkpt lat="18.910347" lon="98.906022">
				<ele>345.940945</ele>
				<time>2018-12-16T04:49:16Z</time>
			</trkpt>
			<trkpt lat="18.910017" lon="98.905974">
				<ele>345.579311</ele>
				<time>2018-12-16T04:49:18Z</time>
			</trkpt>
			<trkpt lat="18.909691" lon="98.905939">
				<ele>345.359158</ele>
				<time>2018-12-16T04:49:20Z</time>
			</trkpt>
			<trkpt lat="18.909371" lon="98.905884">
				<ele>345.070461</ele>
				<time>2018-12-16T04:49:22Z</time>
			</trkpt>
			<trkpt lat="18.909111" lon="98.905850">
				<ele>345.401821</ele>
				<time>2018-12-16T04:49:24Z</time>
			</trkpt>
			<trkpt lat="18.908915" lon="98.905773">
				<ele>347.368130</ele>
				<time>2018-12-16T04:49:26Z</time>
			</trkpt>
			<trkpt lat="18.908649" lon="98.905563">
				<ele>349.419888</ele>
				<time>2018-12-16T04:49:28Z</time>
			</trkpt>
			<trkpt lat="18.908496" lon="98.905328">
				<ele>351.558926</ele>
				<time>2018-12-16T04:49:30Z</time>
			</trkpt>
			<trkpt lat="18.908349" lon="98.905103">
				<ele>353.923916</ele>
				<time>2018-12-16T04:49:32Z</time>
			</trkpt>
			<trkpt lat="18.908210" lon="98.904899">
				<ele>357.170620</ele>
				<time>2018-12-16T04:49:34Z</time>
			</trkpt>
			<trkpt lat="18.908044" lon="98.904706">
				<ele>359.605495</ele>
				<time>2018-12-16T04:49:36Z</time>
			</trkpt>
			<trkpt lat="18.907923" lon="98.904526">
				<ele>361.052029</ele>
				<time>2018-12-16T04:49:38Z</time>
			</trkpt>
			<trkpt lat="18.907817" lon="98.904315">
				<ele>361.550991</ele>
				<time>2018-12-16T04:49:40Z</time>
			</trkpt>
			<trkpt lat="18.907730" lon="98.904121">
				<ele>362.453457</ele>
				<time>2018-12-16T04:49:42Z</time>
			</trkpt>
			<trkpt lat="18.907637" lon="98.903912">
				<ele>363.440639</ele>
				<time>2018-12-16T04:49:44Z</time>
			</trkpt>
			<trkpt lat="18.907551" lon="98.903686">
				<ele>364.861538</ele>
				<time>2018-12-16T04:49:46Z</time>
			</trkpt>
			<trkpt lat="18.907453" lon="98.903437">
				<ele>366.593716</ele>
				<time>2018-12-16T04:49:48Z</time>
			</trkpt>
			<trkpt lat="18.907367" lon="98.903184">
				<ele>369.903164</ele>
				<time>2018-12-16T04:49:50Z</time>
			</trkpt>
			<trkpt lat="18.907339" lon="98.902903">
				<ele>375.196499</ele>
				<time>2018-12-16T04:49:52Z</time>
			</trkpt>
			<trkpt lat="18.907382" lon="98.902609">
				<ele>376.675808</ele>
				<time>2018-12-16T04:49:54Z</time>
			</trkpt>
			<trkpt lat="18.907466" lon="98.902368">
				<ele>379.113003</ele>
				<time>2018-12-16T04:49:56Z</time>
			</trkpt>
			<trkpt lat="18.907557" lon="98.902064">
				<ele>380.742031</ele>
				<time>2018-12-16T04:49:58Z</time>
			</trkpt>
			<trkpt lat="18.907647" lon="98.901747">
				<ele>384.765591</ele>
				<time>2018-12-16T04:50:00Z</time>
			</trkpt>
			<trkpt lat="18.907760" lon="98.901420">
				<ele>389.546230</ele>
				<time>2018-12-16T04:50:02Z</time>
			</trkpt>
			<trkpt lat="18.907827" lon="98.901175">
				<ele>391.074429</ele>
				<time>2018-12-16T04:50:04Z</time>
			</trkpt>
			<trkpt lat="18.907974" lon="98.901022">
				<ele>390.665127</ele>
				<time>2018-12-16T04:50:06Z</time>
			</trkpt>
			<trkpt lat="18.908307" lon="98.900924">
				<ele>393.375942</ele>
				<time>2018-12-16T04:50:10Z</time>
			</trkpt>
			<trkpt lat="18.908699" lon="98.900978">
				<ele>398.008022</ele>
				<time>2018-12-16T04:50:13Z</time>
			</trkpt>
			<trkpt lat="18.908842" lon="98.901189">
				<ele>399.140163</ele>
				<time>2018-12-16T04:50:15Z</time>
			</trkpt>
			<trkpt lat="18.908756" lon="98.901482">
				<ele>395.789089</ele>
				<time>2018-12-16T04:50:18Z</time>
			</trkpt>
			<trkpt lat="18.908635" lon="98.901714">
				<ele>393.492886</ele>
				<time>2018-12-16T04:50:21Z</time>
			</trkpt>
			<trkpt lat="18.908715" lon="98.901937">
				<ele>392.120693</ele>
				<time>2018-12-16T04:50:24Z</time>
			</trkpt>
			<trkpt lat="18.908909" lon="98.901929">
				<ele>391.671597</ele>
				<time>2018-12-16T04:50:27Z</time>
			</trkpt>
			<trkpt lat="18.909073" lon="98.901808">
				<ele>392.323086</ele>
				<time>2018-12-16T04:50:29Z</time>
			</trkpt>
			<trkpt lat="18.909198" lon="98.901631">
				<ele>394.076809</ele>
				<time>2018-12-16T04:50:31Z</time>
			</trkpt>
			<trkpt lat="18.909349" lon="98.901406">
				<ele>397.285732</ele>
				<time>2018-12-16T04:50:34Z</time>
			</trkpt>
			<trkpt lat="18.909510" lon="98.901247">
				<ele>396.268215</ele>
				<time>2018-12-16T04:50:37Z</time>
			</trkpt>
			<trkpt lat="18.909697" lon="98.901108">
				<ele>399.773830</ele>
				<time>2018-12-16T04:50:40Z</time>
			</trkpt>
			<trkpt lat="18.909857" lon="98.900925">
				<ele>403.341579</ele>
				<time>2018-12-16T04:50:43Z</time>
			</trkpt>
			<trkpt lat="18.909845" lon="98.900632">
				<ele>403.057461</ele>
				<time>2018-12-16T04:50:46Z</time>
			</trkpt>
			<trkpt lat="18.909698" lon="98.900504">
				<ele>405.572720</ele>
				<time>2018-12-16T04:50:48Z</time>
			</trkpt>
			<trkpt lat="18.909429" lon="98.900337">
				<ele>408.936733</ele>
				<time>2018-12-16T04:50:51Z</time>
			</trkpt>
			<trkpt lat="18.909193" lon="98.900268">
				<ele>414.057827</ele>
				<time>2018-12-16T04:50:53Z</time>
			</trkpt>
			<trkpt lat="18.908953" lon="98.900211">
				<ele>415.308743</ele>
				<time>2018-12-16T04:50:55Z</time>
			</trkpt>
			<trkpt lat="18.908697" lon="98.900121">
				<ele>417.515713</ele>
				<time>2018-12-16T04:50:57Z</time>
			</trkpt>
			<trkpt lat="18.908524" lon="98.900017">
				<ele>416.552212</ele>
				<time>2018-12-16T04:50:59Z</time>
			</trkpt>
			<trkpt lat="18.908391" lon="98.899857">
				<ele>420.707607</ele>
				<time>2018-12-16T04:51:01Z</time>
			</trkpt>
			<trkpt lat="18.908253" lon="98.899672">
				<ele>421.473721</ele>
				<time>2018-12-16T04:51:03Z</time>
			</trkpt>
			<trkpt lat="18.908091" lon="98.899459">
				<ele>422.063564</ele>
				<time>2018-12-16T04:51:05Z</time>
			</trkpt>
			<trkpt lat="18.907946" lon="98.899245">
				<ele>422.086880</ele>
				<time>2018-12-16T04:51:07Z</time>
			</trkpt>
			<trkpt lat="18.907802" lon="98.899044">
				<ele>423.744839</ele>
				<time>2018-12-16T04:51:09Z</time>
			</trkpt>
			<trkpt lat="18.907703" lon="98.898837">
				<ele>422.676601</ele>
				<time>2018-12-16T04:51:11Z</time>
			</trkpt>
			<trkpt lat="18.907665" lon="98.898611">
				<ele>421.710476</ele>
				<time>2018-12-16T04:51:13Z</time>
			</trkpt>
			<trkpt lat="18.907636" lon="98.898392">
				<ele>427.811489</ele>
				<time>2018-12-16T04:51:15Z</time>
			</trkpt>
			<trkpt lat="18.907634" lon="98.898174">
				<ele>428.368496</ele>
				<time>2018-12-16T04:51:17Z</time>
			</trkpt>
			<trkpt lat="18.907638" lon="98.897967">
				<ele>424.427578</ele>
				<time>2018-12-16T04:51:19Z</time>
			</trkpt>
			<trkpt lat="18.907678" lon="98.897734">
				<ele>436.692318</ele>
				<time>2018-12-16T04:51:21Z</time>
			</trkpt>
			<trkpt lat="18.907762" lon="98.897524">
				<ele>438.127402</ele>
				<time>2018-12-16T04:51:23Z</time>
			</trkpt>
			<trkpt lat="18.907891" lon="98.897320">
				<ele>424.519375</ele>
				<time>2018-12-16T04:51:25Z</time>
			</trkpt>
			<trkpt lat="18.908059" lon="98.897088">
				<ele>426.133877</ele>
				<time>2018-12-16T04:51:28Z</time>
			</trkpt>
			<trkpt lat="18.908174" lon="98.896900">
				<ele>428.127041</ele>
				<time>2018-12-16T04:51:30Z</time>
			</trkpt>
			<trkpt lat="18.908241" lon="98.896651">
				<ele>431.747280</ele>
				<time>2018-12-16T04:51:32Z</time>
			</trkpt>
			<trkpt lat="18.908277" lon="98.896434">
				<ele>433.829556</ele>
				<time>2018-12-16T04:51:34Z</time>
			</trkpt>
			<trkpt lat="18.908268" lon="98.896233">
				<ele>436.747646</ele>
				<time>2018-12-16T04:51:36Z</time>
			</trkpt>
			<trkpt lat="18.908166" lon="98.896058">
				<ele>440.147427</ele>
				<time>2018-12-16T04:51:38Z</time>
			</trkpt>
			<trkpt lat="18.908027" lon="98.895915">
				<ele>443.100185</ele>
				<time>2018-12-16T04:51:40Z</time>
			</trkpt>
			<trkpt lat="18.907895" lon="98.895774">
				<ele>446.601772</ele>
				<time>2018-12-16T04:51:43Z</time>
			</trkpt>
			<trkpt lat="18.907808" lon="98.895571">
				<ele>452.129726</ele>
				<time>2018-12-16T04:51:46Z</time>
			</trkpt>
			<trkpt lat="18.907871" lon="98.895363">
				<ele>453.335293</ele>
				<time>2018-12-16T04:51:49Z</time>
			</trkpt>
			<trkpt lat="18.908103" lon="98.895165">
				<ele>457.220791</ele>
				<time>2018-12-16T04:51:53Z</time>
			</trkpt>
			<trkpt lat="18.908282" lon="98.895084">
				<ele>457.156460</ele>
				<time>2018-12-16T04:51:55Z</time>
			</trkpt>
			<trkpt lat="18.908501" lon="98.894978">
				<ele>457.342312</ele>
				<time>2018-12-16T04:51:58Z</time>
			</trkpt>
			<trkpt lat="18.908661" lon="98.894805">
				<ele>459.269192</ele>
				<time>2018-12-16T04:52:01Z</time>
			</trkpt>
			<trkpt lat="18.908720" lon="98.894625">
				<ele>461.358669</ele>
				<time>2018-12-16T04:52:03Z</time>
			</trkpt>
			<trkpt lat="18.908658" lon="98.894342">
				<ele>464.529079</ele>
				<time>2018-12-16T04:52:06Z</time>
			</trkpt>
			<trkpt lat="18.908563" lon="98.894130">
				<ele>465.027431</ele>
				<time>2018-12-16T04:52:08Z</time>
			</trkpt>
			<trkpt lat="18.908429" lon="98.893943">
				<ele>466.460964</ele>
				<time>2018-12-16T04:52:10Z</time>
			</trkpt>
			<trkpt lat="18.908240" lon="98.893756">
				<ele>468.960903</ele>
				<time>2018-12-16T04:52:12Z</time>
			</trkpt>
			<trkpt lat="18.908033" lon="98.893572">
				<ele>469.646206</ele>
				<time>2018-12-16T04:52:14Z</time>
			</trkpt>
			<trkpt lat="18.907921" lon="98.893423">
				<ele>471.909451</ele>
				<time>2018-12-16T04:52:16Z</time>
			</trkpt>
			<trkpt lat="18.907886" lon="98.893121">
				<ele>475.307400</ele>
				<time>2018-12-16T04:52:18Z</time>
			</trkpt>
			<trkpt lat="18.907970" lon="98.892928">
				<ele>476.679409</ele>
				<time>2018-12-16T04:52:20Z</time>
			</trkpt>
			<trkpt lat="18.908103" lon="98.892676">
				<ele>480.105679</ele>
				<time>2018-12-16T04:52:23Z</time>
			</trkpt>
			<trkpt lat="18.908131" lon="98.892441">
				<ele>481.416775</ele>
				<time>2018-12-16T04:52:25Z</time>
			</trkpt>
			<trkpt lat="18.908060" lon="98.892203">
				<ele>483.100796</ele>
				<time>2018-12-16T04:52:27Z</time>
			</trkpt>
			<trkpt lat="18.907957" lon="98.891940">
				<ele>483.266079</ele>
				<time>2018-12-16T04:52:29Z</time>
			</trkpt>
			<trkpt lat="18.907863" lon="98.891686">
				<ele>484.653774</ele>
				<time>2018-12-16T04:52:31Z</time>
			</trkpt>
			<trkpt lat="18.907788" lon="98.891423">
				<ele>486.521145</ele>
				<time>2018-12-16T04:52:33Z</time>
			</trkpt>
			<trkpt lat="18.907823" lon="98.891154">
				<ele>486.675137</ele>
				<time>2018-12-16T04:52:35Z</time>
			</trkpt>
			<trkpt lat="18.907941" lon="98.890942">
				<ele>489.226406</ele>
				<time>2018-12-16T04:52:37Z</time>
			</trkpt>
			<trkpt lat="18.908080" lon="98.890727">
				<ele>490.294033</ele>
				<time>2018-12-16T04:52:39Z</time>
			</trkpt>
			<trkpt lat="18.908209" lon="98.890463">
				<ele>490.442348</ele>
				<time>2018-12-16T04:52:41Z</time>
			</trkpt>
			<trkpt lat="18.908201" lon="98.890211">
				<ele>492.601894</ele>
				<time>2018-12-16T04:52:43Z</time>
			</trkpt>
			<trkpt lat="18.908071" lon="98.890003">
				<ele>492.850613</ele>
				<time>2018-12-16T04:52:45Z</time>
			</trkpt>
			<trkpt lat="18.907918" lon="98.889862">
				<ele>491.907314</ele>
				<time>2018-12-16T04:52:46Z</time>
			</trkpt>
			<trkpt lat="18.907706" lon="98.889672">
				<ele>495.964199</ele>
				<time>2018-12-16T04:52:48Z</time>
			</trkpt>
			<trkpt lat="18.907502" lon="98.889491">
				<ele>499.030239</ele>
				<time>2018-12-16T04:52:50Z</time>
			</trkpt>
			<trkpt lat="18.907281" lon="98.889302">
				<ele>500.620571</ele>
				<time>2018-12-16T04:52:52Z</time>
			</trkpt>
			<trkpt lat="18.907052" lon="98.889104">
				<ele>501.726040</ele>
				<time>2018-12-16T04:52:54Z</time>
			</trkpt>
			<trkpt lat="18.906818" lon="98.888927">
				<ele>500.795681</ele>
				<time>2018-12-16T04:52:56Z</time>
			</trkpt>
			<trkpt lat="18.906585" lon="98.888763">
				<ele>502.552639</ele>
				<time>2018-12-16T04:52:58Z</time>
			</trkpt>
			<trkpt lat="18.906345" lon="98.888598">
				<ele>504.215420</ele>
				<time>2018-12-16T04:53:00Z</time>
			</trkpt>
			<trkpt lat="18.906122" lon="98.888447">
				<ele>505.984585</ele>
				<time>2018-12-16T04:53:02Z</time>
			</trkpt>
			<trkpt lat="18.905936" lon="98.888307">
				<ele>508.934658</ele>
				<time>2018-12-16T04:53:04Z</time>
			</trkpt>
			<trkpt lat="18.905707" lon="98.888192">
				<ele>508.942959</ele>
				<time>2018-12-16T04:53:06Z</time>
			</trkpt>
			<trkpt lat="18.905457" lon="98.888110">
				<ele>510.705532</ele>
				<time>2018-12-16T04:53:08Z</time>
			</trkpt>
			<trkpt lat="18.905204" lon="98.888094">
				<ele>511.045498</ele>
				<time>2018-12-16T04:53:10Z</time>
			</trkpt>
			<trkpt lat="18.904934" lon="98.888185">
				<ele>513.707485</ele>
				<time>2018-12-16T04:53:12Z</time>
			</trkpt>
			<trkpt lat="18.904725" lon="98.888326">
				<ele>515.740383</ele>
				<time>2018-12-16T04:53:14Z</time>
			</trkpt>
			<trkpt lat="18.904582" lon="98.888454">
				<ele>519.381069</ele>
				<time>2018-12-16T04:53:16Z</time>
			</trkpt>
			<trkpt lat="18.904312" lon="98.888501">
				<ele>521.437832</ele>
				<time>2018-12-16T04:53:19Z</time>
			</trkpt>
			<trkpt lat="18.904092" lon="98.888372">
				<ele>524.602139</ele>
				<time>2018-12-16T04:53:22Z</time>
			</trkpt>
			<trkpt lat="18.903924" lon="98.888255">
				<ele>526.901277</ele>
				<time>2018-12-16T04:53:24Z</time>
			</trkpt>
			<trkpt lat="18.903715" lon="98.888113">
				<ele>526.133144</ele>
				<time>2018-12-16T04:53:26Z</time>
			</trkpt>
			<trkpt lat="18.903499" lon="98.887953">
				<ele>525.974589</ele>
				<time>2018-12-16T04:53:28Z</time>
			</trkpt>
			<trkpt lat="18.903271" lon="98.887806">
				<ele>527.338731</ele>
				<time>2018-12-16T04:53:30Z</time>
			</trkpt>
			<trkpt lat="18.903066" lon="98.887674">
				<ele>526.905867</ele>
				<time>2018-12-16T04:53:32Z</time>
			</trkpt>
			<trkpt lat="18.902862" lon="98.887524">
				<ele>523.795979</ele>
				<time>2018-12-16T04:53:34Z</time>
			</trkpt>
			<trkpt lat="18.902682" lon="98.887344">
				<ele>521.488122</ele>
				<time>2018-12-16T04:53:36Z</time>
			</trkpt>
			<trkpt lat="18.902519" lon="98.887154">
				<ele>518.684415</ele>
				<time>2018-12-16T04:53:38Z</time>
			</trkpt>
			<trkpt lat="18.902332" lon="98.886892">
				<ele>514.278053</ele>
				<time>2018-12-16T04:53:40Z</time>
			</trkpt>
			<trkpt lat="18.902168" lon="98.886634">
				<ele>510.621530</ele>
				<time>2018-12-16T04:53:42Z</time>
			</trkpt>
			<trkpt lat="18.902005" lon="98.886372">
				<ele>509.879420</ele>
				<time>2018-12-16T04:53:44Z</time>
			</trkpt>
			<trkpt lat="18.901827" lon="98.886136">
				<ele>510.433404</ele>
				<time>2018-12-16T04:53:46Z</time>
			</trkpt>
			<trkpt lat="18.901698" lon="98.885893">
				<ele>510.566686</ele>
				<time>2018-12-16T04:53:48Z</time>
			</trkpt>
			<trkpt lat="18.901558" lon="98.885658">
				<ele>509.681112</ele>
				<time>2018-12-16T04:53:50Z</time>
			</trkpt>
			<trkpt lat="18.901473" lon="98.885454">
				<ele>510.200312</ele>
				<time>2018-12-16T04:53:52Z</time>
			</trkpt>
			<trkpt lat="18.901404" lon="98.885241">
				<ele>511.189358</ele>
				<time>2018-12-16T04:53:54Z</time>
			</trkpt>
			<trkpt lat="18.901335" lon="98.885032">
				<ele>512.485648</ele>
				<time>2018-12-16T04:53:56Z</time>
			</trkpt>
			<trkpt lat="18.901272" lon="98.884832">
				<ele>522.150478</ele>
				<time>2018-12-16T04:53:58Z</time>
			</trkpt>
			<trkpt lat="18.901191" lon="98.884558">
				<ele>523.960171</ele>
				<time>2018-12-16T04:54:01Z</time>
			</trkpt>
			<trkpt lat="18.901140" lon="98.884363">
				<ele>523.950710</ele>
				<time>2018-12-16T04:54:03Z</time>
			</trkpt>
			<trkpt lat="18.901086" lon="98.884149">
				<ele>524.990322</ele>
				<time>2018-12-16T04:54:05Z</time>
			</trkpt>
			<trkpt lat="18.901100" lon="98.883862">
				<ele>524.677151</ele>
				<time>2018-12-16T04:54:08Z</time>
			</trkpt>
			<trkpt lat="18.901188" lon="98.883669">
				<ele>522.493801</ele>
				<time>2018-12-16T04:54:10Z</time>
			</trkpt>
			<trkpt lat="18.901305" lon="98.883497">
				<ele>521.432217</ele>
				<time>2018-12-16T04:54:12Z</time>
			</trkpt>
			<trkpt lat="18.901421" lon="98.883326">
				<ele>522.026089</ele>
				<time>2018-12-16T04:54:14Z</time>
			</trkpt>
			<trkpt lat="18.901532" lon="98.883107">
				<ele>521.954983</ele>
				<time>2018-12-16T04:54:17Z</time>
			</trkpt>
			<trkpt lat="18.901515" lon="98.882870">
				<ele>520.384243</ele>
				<time>2018-12-16T04:54:20Z</time>
			</trkpt>
			<trkpt lat="18.901401" lon="98.882655">
				<ele>522.012295</ele>
				<time>2018-12-16T04:54:23Z</time>
			</trkpt>
			<trkpt lat="18.901266" lon="98.882497">
				<ele>520.230190</ele>
				<time>2018-12-16T04:54:27Z</time>
			</trkpt>
			<trkpt lat="18.901137" lon="98.882351">
				<ele>520.116543</ele>
				<time>2018-12-16T04:54:31Z</time>
			</trkpt>
			<trkpt lat="18.900992" lon="98.882147">
				<ele>519.929165</ele>
				<time>2018-12-16T04:54:35Z</time>
			</trkpt>
			<trkpt lat="18.900840" lon="98.881931">
				<ele>519.308559</ele>
				<time>2018-12-16T04:54:38Z</time>
			</trkpt>
			<trkpt lat="18.900714" lon="98.881661">
				<ele>518.935390</ele>
				<time>2018-12-16T04:54:40Z</time>
			</trkpt>
			<trkpt lat="18.900640" lon="98.881418">
				<ele>519.587124</ele>
				<time>2018-12-16T04:54:42Z</time>
			</trkpt>
			<trkpt lat="18.900600" lon="98.881180">
				<ele>521.624966</ele>
				<time>2018-12-16T04:54:44Z</time>
			</trkpt>
			<trkpt lat="18.900547" lon="98.880939">
				<ele>523.587612</ele>
				<time>2018-12-16T04:54:46Z</time>
			</trkpt>
			<trkpt lat="18.900487" lon="98.880711">
				<ele>527.013149</ele>
				<time>2018-12-16T04:54:48Z</time>
			</trkpt>
			<trkpt lat="18.900398" lon="98.880510">
				<ele>528.033840</ele>
				<time>2018-12-16T04:54:50Z</time>
			</trkpt>
			<trkpt lat="18.900274" lon="98.880309">
				<ele>528.477077</ele>
				<time>2018-12-16T04:54:52Z</time>
			</trkpt>
			<trkpt lat="18.900130" lon="98.880145">
				<ele>530.345730</ele>
				<time>2018-12-16T04:54:54Z</time>
			</trkpt>
			<trkpt lat="18.899947" lon="98.879891">
				<ele>531.364712</ele>
				<time>2018-12-16T04:54:56Z</time>
			</trkpt>
			<trkpt lat="18.899887" lon="98.879642">
				<ele>532.137844</ele>
				<time>2018-12-16T04:54:58Z</time>
			</trkpt>
			<trkpt lat="18.899844" lon="98.879346">
				<ele>531.883144</ele>
				<time>2018-12-16T04:55:00Z</time>
			</trkpt>
			<trkpt lat="18.899822" lon="98.879032">
				<ele>530.872158</ele>
				<time>2018-12-16T04:55:02Z</time>
			</trkpt>
			<trkpt lat="18.899807" lon="98.878747">
				<ele>531.768398</ele>
				<time>2018-12-16T04:55:04Z</time>
			</trkpt>
			<trkpt lat="18.899788" lon="98.878479">
				<ele>533.026211</ele>
				<time>2018-12-16T04:55:06Z</time>
			</trkpt>
			<trkpt lat="18.899768" lon="98.878238">
				<ele>533.690212</ele>
				<time>2018-12-16T04:55:08Z</time>
			</trkpt>
			<trkpt lat="18.899749" lon="98.878002">
				<ele>533.654873</ele>
				<time>2018-12-16T04:55:10Z</time>
			</trkpt>
			<trkpt lat="18.899755" lon="98.877783">
				<ele>531.719204</ele>
				<time>2018-12-16T04:55:12Z</time>
			</trkpt>
			<trkpt lat="18.899847" lon="98.877484">
				<ele>531.990444</ele>
				<time>2018-12-16T04:55:14Z</time>
			</trkpt>
			<trkpt lat="18.899930" lon="98.877221">
				<ele>532.566372</ele>
				<time>2018-12-16T04:55:16Z</time>
			</trkpt>
			<trkpt lat="18.900024" lon="98.876920">
				<ele>532.856472</ele>
				<time>2018-12-16T04:55:18Z</time>
			</trkpt>
			<trkpt lat="18.900057" lon="98.876624">
				<ele>533.225796</ele>
				<time>2018-12-16T04:55:20Z</time>
			</trkpt>
			<trkpt lat="18.900077" lon="98.876327">
				<ele>534.434536</ele>
				<time>2018-12-16T04:55:22Z</time>
			</trkpt>
			<trkpt lat="18.900079" lon="98.876060">
				<ele>534.721584</ele>
				<time>2018-12-16T04:55:23Z</time>
			</trkpt>
			<trkpt lat="18.900053" lon="98.875796">
				<ele>534.693813</ele>
				<time>2018-12-16T04:55:25Z</time>
			</trkpt>
			<trkpt lat="18.899987" lon="98.875551">
				<ele>534.866909</ele>
				<time>2018-12-16T04:55:27Z</time>
			</trkpt>
			<trkpt lat="18.899890" lon="98.875290">
				<ele>535.038052</ele>
				<time>2018-12-16T04:55:29Z</time>
			</trkpt>
			<trkpt lat="18.899783" lon="98.875015">
				<ele>536.201443</ele>
				<time>2018-12-16T04:55:31Z</time>
			</trkpt>
			<trkpt lat="18.899669" lon="98.874744">
				<ele>536.961514</ele>
				<time>2018-12-16T04:55:33Z</time>
			</trkpt>
			<trkpt lat="18.899548" lon="98.874473">
				<ele>537.735806</ele>
				<time>2018-12-16T04:55:35Z</time>
			</trkpt>
			<trkpt lat="18.899427" lon="98.874185">
				<ele>538.144497</ele>
				<time>2018-12-16T04:55:37Z</time>
			</trkpt>
			<trkpt lat="18.899376" lon="98.873870">
				<ele>538.715298</ele>
				<time>2018-12-16T04:55:39Z</time>
			</trkpt>
			<trkpt lat="18.899366" lon="98.873556">
				<ele>538.747646</ele>
				<time>2018-12-16T04:55:41Z</time>
			</trkpt>
			<trkpt lat="18.899398" lon="98.873224">
				<ele>538.857327</ele>
				<time>2018-12-16T04:55:43Z</time>
			</trkpt>
			<trkpt lat="18.899464" lon="98.872950">
				<ele>538.679775</ele>
				<time>2018-12-16T04:55:45Z</time>
			</trkpt>
			<trkpt lat="18.899583" lon="98.872723">
				<ele>539.364712</ele>
				<time>2018-12-16T04:55:47Z</time>
			</trkpt>
			<trkpt lat="18.899681" lon="98.872491">
				<ele>540.982632</ele>
				<time>2018-12-16T04:55:49Z</time>
			</trkpt>
			<trkpt lat="18.899782" lon="98.872271">
				<ele>541.438076</ele>
				<time>2018-12-16T04:55:51Z</time>
			</trkpt>
			<trkpt lat="18.899885" lon="98.872069">
				<ele>541.170132</ele>
				<time>2018-12-16T04:55:53Z</time>
			</trkpt>
			<trkpt lat="18.900015" lon="98.871888">
				<ele>542.003139</ele>
				<time>2018-12-16T04:55:55Z</time>
			</trkpt>
			<trkpt lat="18.900157" lon="98.871695">
				<ele>543.019375</ele>
				<time>2018-12-16T04:55:58Z</time>
			</trkpt>
			<trkpt lat="18.900290" lon="98.871559">
				<ele>543.199961</ele>
				<time>2018-12-16T04:56:28Z</time>
			</trkpt>
			<trkpt lat="18.900227" lon="98.871378">
				<ele>546.433681</ele>
				<time>2018-12-16T05:00:39Z</time>
			</trkpt>
			<trkpt lat="18.900235" lon="98.871578">
				<ele>548.010464</ele>
				<time>2018-12-16T06:19:15Z</time>
			</trkpt>
			<trkpt lat="18.900388" lon="98.871467">
				<ele>552.365340</ele>
				<time>2018-12-16T06:24:00Z</time>
			</trkpt>
			<trkpt lat="18.900472" lon="98.871283">
				<ele>552.958584</ele>
				<time>2018-12-16T06:24:03Z</time>
			</trkpt>
			<trkpt lat="18.900537" lon="98.871071">
				<ele>554.579133</ele>
				<time>2018-12-16T06:24:06Z</time>
			</trkpt>
			<trkpt lat="18.900553" lon="98.870845">
				<ele>554.487291</ele>
				<time>2018-12-16T06:24:08Z</time>
			</trkpt>
			<trkpt lat="18.900545" lon="98.870594">
				<ele>557.603802</ele>
				<time>2018-12-16T06:24:10Z</time>
			</trkpt>
			<trkpt lat="18.900531" lon="98.870366">
				<ele>550.728359</ele>
				<time>2018-12-16T06:24:12Z</time>
			</trkpt>
			<trkpt lat="18.900387" lon="98.870075">
				<ele>547.964687</ele>
				<time>2018-12-16T06:24:15Z</time>
			</trkpt>
			<trkpt lat="18.900256" lon="98.869923">
				<ele>550.547207</ele>
				<time>2018-12-16T06:24:17Z</time>
			</trkpt>
			<trkpt lat="18.900131" lon="98.869710">
				<ele>554.156765</ele>
				<time>2018-12-16T06:24:19Z</time>
			</trkpt>
			<trkpt lat="18.900119" lon="98.869516">
				<ele>555.502407</ele>
				<time>2018-12-16T06:24:21Z</time>
			</trkpt>
			<trkpt lat="18.900152" lon="98.869275">
				<ele>556.956203</ele>
				<time>2018-12-16T06:24:23Z</time>
			</trkpt>
			<trkpt lat="18.900188" lon="98.869089">
				<ele>557.399136</ele>
				<time>2018-12-16T06:24:25Z</time>
			</trkpt>
			<trkpt lat="18.900236" lon="98.868812">
				<ele>559.891262</ele>
				<time>2018-12-16T06:24:28Z</time>
			</trkpt>
			<trkpt lat="18.900201" lon="98.868575">
				<ele>563.129848</ele>
				<time>2018-12-16T06:24:31Z</time>
			</trkpt>
			<trkpt lat="18.900118" lon="98.868381">
				<ele>566.424526</ele>
				<time>2018-12-16T06:24:33Z</time>
			</trkpt>
			<trkpt lat="18.900014" lon="98.868167">
				<ele>569.087490</ele>
				<time>2018-12-16T06:24:35Z</time>
			</trkpt>
			<trkpt lat="18.899912" lon="98.867909">
				<ele>571.870693</ele>
				<time>2018-12-16T06:24:37Z</time>
			</trkpt>
			<trkpt lat="18.899893" lon="98.867671">
				<ele>571.760708</ele>
				<time>2018-12-16T06:24:39Z</time>
			</trkpt>
			<trkpt lat="18.899913" lon="98.867384">
				<ele>571.810024</ele>
				<time>2018-12-16T06:24:41Z</time>
			</trkpt>
			<trkpt lat="18.899929" lon="98.867134">
				<ele>571.864101</ele>
				<time>2018-12-16T06:24:43Z</time>
			</trkpt>
			<trkpt lat="18.899887" lon="98.866941">
				<ele>570.380825</ele>
				<time>2018-12-16T06:24:45Z</time>
			</trkpt>
			<trkpt lat="18.899757" lon="98.866718">
				<ele>571.957851</ele>
				<time>2018-12-16T06:24:47Z</time>
			</trkpt>
			<trkpt lat="18.899638" lon="98.866515">
				<ele>570.998257</ele>
				<time>2018-12-16T06:24:49Z</time>
			</trkpt>
			<trkpt lat="18.899575" lon="98.866247">
				<ele>571.751064</ele>
				<time>2018-12-16T06:24:51Z</time>
			</trkpt>
			<trkpt lat="18.899534" lon="98.865994">
				<ele>573.604092</ele>
				<time>2018-12-16T06:24:53Z</time>
			</trkpt>
			<trkpt lat="18.899466" lon="98.865809">
				<ele>574.899502</ele>
				<time>2018-12-16T06:24:55Z</time>
			</trkpt>
			<trkpt lat="18.899401" lon="98.865631">
				<ele>576.046230</ele>
				<time>2018-12-16T06:24:57Z</time>
			</trkpt>
			<trkpt lat="18.899338" lon="98.865424">
				<ele>577.688198</ele>
				<time>2018-12-16T06:24:59Z</time>
			</trkpt>
			<trkpt lat="18.899279" lon="98.865202">
				<ele>579.225674</ele>
				<time>2018-12-16T06:25:01Z</time>
			</trkpt>
			<trkpt lat="18.899259" lon="98.864963">
				<ele>580.051357</ele>
				<time>2018-12-16T06:25:03Z</time>
			</trkpt>
			<trkpt lat="18.899291" lon="98.864740">
				<ele>581.174892</ele>
				<time>2018-12-16T06:25:05Z</time>
			</trkpt>
			<trkpt lat="18.899311" lon="98.864517">
				<ele>581.941250</ele>
				<time>2018-12-16T06:25:07Z</time>
			</trkpt>
			<trkpt lat="18.899315" lon="98.864276">
				<ele>583.139980</ele>
				<time>2018-12-16T06:25:09Z</time>
			</trkpt>
			<trkpt lat="18.899289" lon="98.864064">
				<ele>583.705654</ele>
				<time>2018-12-16T06:25:11Z</time>
			</trkpt>
			<trkpt lat="18.899232" lon="98.863881">
				<ele>586.027554</ele>
				<time>2018-12-16T06:25:13Z</time>
			</trkpt>
			<trkpt lat="18.899185" lon="98.863651">
				<ele>586.479092</ele>
				<time>2018-12-16T06:25:16Z</time>
			</trkpt>
			<trkpt lat="18.899156" lon="98.863410">
				<ele>588.701504</ele>
				<time>2018-12-16T06:25:19Z</time>
			</trkpt>
			<trkpt lat="18.899096" lon="98.863155">
				<ele>589.372890</ele>
				<time>2018-12-16T06:25:22Z</time>
			</trkpt>
			<trkpt lat="18.899046" lon="98.862965">
				<ele>590.749599</ele>
				<time>2018-12-16T06:25:24Z</time>
			</trkpt>
			<trkpt lat="18.898955" lon="98.862780">
				<ele>590.108242</ele>
				<time>2018-12-16T06:25:26Z</time>
			</trkpt>
			<trkpt lat="18.898892" lon="98.862596">
				<ele>591.489834</ele>
				<time>2018-12-16T06:25:28Z</time>
			</trkpt>
			<trkpt lat="18.898902" lon="98.862403">
				<ele>593.567226</ele>
				<time>2018-12-16T06:25:30Z</time>
			</trkpt>
			<trkpt lat="18.898952" lon="98.862211">
				<ele>594.063076</ele>
				<time>2018-12-16T06:25:32Z</time>
			</trkpt>
			<trkpt lat="18.899058" lon="98.862020">
				<ele>593.641567</ele>
				<time>2018-12-16T06:25:34Z</time>
			</trkpt>
			<trkpt lat="18.899185" lon="98.861804">
				<ele>595.587368</ele>
				<time>2018-12-16T06:25:36Z</time>
			</trkpt>
			<trkpt lat="18.899248" lon="98.861540">
				<ele>596.008999</ele>
				<time>2018-12-16T06:25:38Z</time>
			</trkpt>
			<trkpt lat="18.899276" lon="98.861242">
				<ele>598.165371</ele>
				<time>2018-12-16T06:25:40Z</time>
			</trkpt>
			<trkpt lat="18.899286" lon="98.860944">
				<ele>598.047695</ele>
				<time>2018-12-16T06:25:42Z</time>
			</trkpt>
			<trkpt lat="18.899303" lon="98.860662">
				<ele>599.529018</ele>
				<time>2018-12-16T06:25:44Z</time>
			</trkpt>
			<trkpt lat="18.899285" lon="98.860429">
				<ele>598.837490</ele>
				<time>2018-12-16T06:25:46Z</time>
			</trkpt>
			<trkpt lat="18.899167" lon="98.860231">
				<ele>598.977627</ele>
				<time>2018-12-16T06:25:48Z</time>
			</trkpt>
			<trkpt lat="18.898950" lon="98.860050">
				<ele>598.144497</ele>
				<time>2018-12-16T06:25:50Z</time>
			</trkpt>
			<trkpt lat="18.898756" lon="98.859889">
				<ele>599.400478</ele>
				<time>2018-12-16T06:25:52Z</time>
			</trkpt>
			<trkpt lat="18.898665" lon="98.859628">
				<ele>600.931606</ele>
				<time>2018-12-16T06:25:54Z</time>
			</trkpt>
			<trkpt lat="18.898637" lon="98.859287">
				<ele>603.108486</ele>
				<time>2018-12-16T06:25:56Z</time>
			</trkpt>
			<trkpt lat="18.898614" lon="98.858937">
				<ele>605.131191</ele>
				<time>2018-12-16T06:25:58Z</time>
			</trkpt>
			<trkpt lat="18.898589" lon="98.858685">
				<ele>609.178066</ele>
				<time>2018-12-16T06:26:00Z</time>
			</trkpt>
			<trkpt lat="18.898618" lon="98.858454">
				<ele>610.864834</ele>
				<time>2018-12-16T06:26:02Z</time>
			</trkpt>
			<trkpt lat="18.898719" lon="98.858245">
				<ele>611.675869</ele>
				<time>2018-12-16T06:26:04Z</time>
			</trkpt>
			<trkpt lat="18.898882" lon="98.858050">
				<ele>612.084194</ele>
				<time>2018-12-16T06:26:06Z</time>
			</trkpt>
			<trkpt lat="18.898957" lon="98.857770">
				<ele>613.453945</ele>
				<time>2018-12-16T06:26:08Z</time>
			</trkpt>
			<trkpt lat="18.898920" lon="98.857480">
				<ele>615.285976</ele>
				<time>2018-12-16T06:26:10Z</time>
			</trkpt>
			<trkpt lat="18.898926" lon="98.857167">
				<ele>616.914883</ele>
				<time>2018-12-16T06:26:12Z</time>
			</trkpt>
			<trkpt lat="18.899031" lon="98.856883">
				<ele>617.335049</ele>
				<time>2018-12-16T06:26:14Z</time>
			</trkpt>
			<trkpt lat="18.899196" lon="98.856585">
				<ele>618.806362</ele>
				<time>2018-12-16T06:26:16Z</time>
			</trkpt>
			<trkpt lat="18.899352" lon="98.856308">
				<ele>618.207241</ele>
				<time>2018-12-16T06:26:18Z</time>
			</trkpt>
			<trkpt lat="18.899470" lon="98.856003">
				<ele>618.723354</ele>
				<time>2018-12-16T06:26:20Z</time>
			</trkpt>
			<trkpt lat="18.899482" lon="98.855622">
				<ele>619.657803</ele>
				<time>2018-12-16T06:26:22Z</time>
			</trkpt>
			<trkpt lat="18.899478" lon="98.855262">
				<ele>622.339565</ele>
				<time>2018-12-16T06:26:24Z</time>
			</trkpt>
			<trkpt lat="18.899460" lon="98.854982">
				<ele>626.183926</ele>
				<time>2018-12-16T06:26:26Z</time>
			</trkpt>
			<trkpt lat="18.899396" lon="98.854724">
				<ele>626.858730</ele>
				<time>2018-12-16T06:26:28Z</time>
			</trkpt>
			<trkpt lat="18.899258" lon="98.854551">
				<ele>626.609341</ele>
				<time>2018-12-16T06:26:30Z</time>
			</trkpt>
			<trkpt lat="18.899026" lon="98.854393">
				<ele>630.277309</ele>
				<time>2018-12-16T06:26:32Z</time>
			</trkpt>
			<trkpt lat="18.898793" lon="98.854221">
				<ele>632.047451</ele>
				<time>2018-12-16T06:26:34Z</time>
			</trkpt>
			<trkpt lat="18.898535" lon="98.854068">
				<ele>632.585049</ele>
				<time>2018-12-16T06:26:36Z</time>
			</trkpt>
			<trkpt lat="18.898269" lon="98.853954">
				<ele>633.114101</ele>
				<time>2018-12-16T06:26:38Z</time>
			</trkpt>
			<trkpt lat="18.898039" lon="98.853828">
				<ele>634.593571</ele>
				<time>2018-12-16T06:26:40Z</time>
			</trkpt>
			<trkpt lat="18.897907" lon="98.853625">
				<ele>638.854735</ele>
				<time>2018-12-16T06:26:42Z</time>
			</trkpt>
			<trkpt lat="18.897850" lon="98.853408">
				<ele>640.864160</ele>
				<time>2018-12-16T06:26:45Z</time>
			</trkpt>
			<trkpt lat="18.897991" lon="98.853088">
				<ele>643.347724</ele>
				<time>2018-12-16T06:26:47Z</time>
			</trkpt>
			<trkpt lat="18.898158" lon="98.852740">
				<ele>645.374428</ele>
				<time>2018-12-16T06:26:49Z</time>
			</trkpt>
			<trkpt lat="18.898225" lon="98.852564">
				<ele>646.757432</ele>
				<time>2018-12-16T06:26:50Z</time>
			</trkpt>
			<trkpt lat="18.898278" lon="98.852376">
				<ele>647.423755</ele>
				<time>2018-12-16T06:26:51Z</time>
			</trkpt>
			<trkpt lat="18.898364" lon="98.852029">
				<ele>651.178163</ele>
				<time>2018-12-16T06:26:53Z</time>
			</trkpt>
			<trkpt lat="18.898401" lon="98.851837">
				<ele>653.059527</ele>
				<time>2018-12-16T06:26:54Z</time>
			</trkpt>
			<trkpt lat="18.898399" lon="98.851503">
				<ele>654.629584</ele>
				<time>2018-12-16T06:26:56Z</time>
			</trkpt>
			<trkpt lat="18.898286" lon="98.851158">
				<ele>656.317723</ele>
				<time>2018-12-16T06:26:58Z</time>
			</trkpt>
			<trkpt lat="18.898022" lon="98.851039">
				<ele>657.316552</ele>
				<time>2018-12-16T06:27:00Z</time>
			</trkpt>
			<trkpt lat="18.897891" lon="98.850849">
				<ele>655.750405</ele>
				<time>2018-12-16T06:27:02Z</time>
			</trkpt>
			<trkpt lat="18.897870" lon="98.850636">
				<ele>657.175567</ele>
				<time>2018-12-16T06:27:04Z</time>
			</trkpt>
			<trkpt lat="18.897981" lon="98.850394">
				<ele>656.104977</ele>
				<time>2018-12-16T06:27:06Z</time>
			</trkpt>
			<trkpt lat="18.898203" lon="98.850153">
				<ele>656.967175</ele>
				<time>2018-12-16T06:27:08Z</time>
			</trkpt>
			<trkpt lat="18.898344" lon="98.850015">
				<ele>657.346204</ele>
				<time>2018-12-16T06:27:09Z</time>
			</trkpt>
			<trkpt lat="18.898599" lon="98.849798">
				<ele>656.482702</ele>
				<time>2018-12-16T06:27:11Z</time>
			</trkpt>
			<trkpt lat="18.898786" lon="98.849547">
				<ele>656.105248</ele>
				<time>2018-12-16T06:27:13Z</time>
			</trkpt>
			<trkpt lat="18.898960" lon="98.849270">
				<ele>655.902815</ele>
				<time>2018-12-16T06:27:15Z</time>
			</trkpt>
			<trkpt lat="18.899052" lon="98.848996">
				<ele>655.857187</ele>
				<time>2018-12-16T06:27:17Z</time>
			</trkpt>
			<trkpt lat="18.899033" lon="98.848663">
				<ele>656.565499</ele>
				<time>2018-12-16T06:27:19Z</time>
			</trkpt>
			<trkpt lat="18.898981" lon="98.848361">
				<ele>657.575324</ele>
				<time>2018-12-16T06:27:21Z</time>
			</trkpt>
			<trkpt lat="18.898918" lon="98.848035">
				<ele>661.288716</ele>
				<time>2018-12-16T06:27:23Z</time>
			</trkpt>
			<trkpt lat="18.898857" lon="98.847785">
				<ele>663.243774</ele>
				<time>2018-12-16T06:27:25Z</time>
			</trkpt>
			<trkpt lat="18.898797" lon="98.847597">
				<ele>666.919865</ele>
				<time>2018-12-16T06:27:27Z</time>
			</trkpt>
			<trkpt lat="18.898571" lon="98.847441">
				<ele>668.804020</ele>
				<time>2018-12-16T06:27:29Z</time>
			</trkpt>
			<trkpt lat="18.898366" lon="98.847377">
				<ele>672.173283</ele>
				<time>2018-12-16T06:27:31Z</time>
			</trkpt>
			<trkpt lat="18.898179" lon="98.847254">
				<ele>675.085880</ele>
				<time>2018-12-16T06:27:33Z</time>
			</trkpt>
			<trkpt lat="18.897981" lon="98.847106">
				<ele>674.910099</ele>
				<time>2018-12-16T06:27:35Z</time>
			</trkpt>
			<trkpt lat="18.897795" lon="98.846887">
				<ele>675.355412</ele>
				<time>2018-12-16T06:27:38Z</time>
			</trkpt>
			<trkpt lat="18.897665" lon="98.846720">
				<ele>676.837345</ele>
				<time>2018-12-16T06:27:40Z</time>
			</trkpt>
			<trkpt lat="18.897541" lon="98.846549">
				<ele>679.199162</ele>
				<time>2018-12-16T06:27:42Z</time>
			</trkpt>
			<trkpt lat="18.897461" lon="98.846352">
				<ele>684.459904</ele>
				<time>2018-12-16T06:27:44Z</time>
			</trkpt>
			<trkpt lat="18.897484" lon="98.846090">
				<ele>691.237247</ele>
				<time>2018-12-16T06:27:47Z</time>
			</trkpt>
			<trkpt lat="18.897620" lon="98.845835">
				<ele>695.462833</ele>
				<time>2018-12-16T06:27:49Z</time>
			</trkpt>
			<trkpt lat="18.897771" lon="98.845709">
				<ele>698.450993</ele>
				<time>2018-12-16T06:27:51Z</time>
			</trkpt>
			<trkpt lat="18.897935" lon="98.845536">
				<ele>698.182072</ele>
				<time>2018-12-16T06:27:53Z</time>
			</trkpt>
			<trkpt lat="18.897925" lon="98.845278">
				<ele>700.550968</ele>
				<time>2018-12-16T06:27:56Z</time>
			</trkpt>
			<trkpt lat="18.897677" lon="98.845084">
				<ele>704.624210</ele>
				<time>2018-12-16T06:27:59Z</time>
			</trkpt>
			<trkpt lat="18.897497" lon="98.845017">
				<ele>705.796574</ele>
				<time>2018-12-16T06:28:01Z</time>
			</trkpt>
			<trkpt lat="18.897306" lon="98.844956">
				<ele>710.094669</ele>
				<time>2018-12-16T06:28:03Z</time>
			</trkpt>
			<trkpt lat="18.897065" lon="98.844762">
				<ele>714.932804</ele>
				<time>2018-12-16T06:28:06Z</time>
			</trkpt>
			<trkpt lat="18.896948" lon="98.844586">
				<ele>718.577579</ele>
				<time>2018-12-16T06:28:08Z</time>
			</trkpt>
			<trkpt lat="18.896840" lon="98.844386">
				<ele>720.310734</ele>
				<time>2018-12-16T06:28:10Z</time>
			</trkpt>
			<trkpt lat="18.896762" lon="98.844194">
				<ele>720.933048</ele>
				<time>2018-12-16T06:28:12Z</time>
			</trkpt>
			<trkpt lat="18.896680" lon="98.843975">
				<ele>724.320255</ele>
				<time>2018-12-16T06:28:14Z</time>
			</trkpt>
			<trkpt lat="18.896602" lon="98.843761">
				<ele>726.977116</ele>
				<time>2018-12-16T06:28:16Z</time>
			</trkpt>
			<trkpt lat="18.896523" lon="98.843583">
				<ele>728.508121</ele>
				<time>2018-12-16T06:28:18Z</time>
			</trkpt>
			<trkpt lat="18.896342" lon="98.843400">
				<ele>730.336857</ele>
				<time>2018-12-16T06:28:20Z</time>
			</trkpt>
			<trkpt lat="18.896255" lon="98.843206">
				<ele>730.576359</ele>
				<time>2018-12-16T06:28:22Z</time>
			</trkpt>
			<trkpt lat="18.896188" lon="98.843013">
				<ele>732.452579</ele>
				<time>2018-12-16T06:28:24Z</time>
			</trkpt>
			<trkpt lat="18.896090" lon="98.842848">
				<ele>733.897404</ele>
				<time>2018-12-16T06:28:26Z</time>
			</trkpt>
			<trkpt lat="18.895942" lon="98.842705">
				<ele>734.692814</ele>
				<time>2018-12-16T06:28:28Z</time>
			</trkpt>
			<trkpt lat="18.895690" lon="98.842557">
				<ele>734.626652</ele>
				<time>2018-12-16T06:28:30Z</time>
			</trkpt>
			<trkpt lat="18.895519" lon="98.842444">
				<ele>738.248234</ele>
				<time>2018-12-16T06:28:32Z</time>
			</trkpt>
			<trkpt lat="18.895382" lon="98.842299">
				<ele>738.777531</ele>
				<time>2018-12-16T06:28:34Z</time>
			</trkpt>
			<trkpt lat="18.895247" lon="98.842116">
				<ele>740.002140</ele>
				<time>2018-12-16T06:28:36Z</time>
			</trkpt>
			<trkpt lat="18.895202" lon="98.841932">
				<ele>738.285831</ele>
				<time>2018-12-16T06:28:37Z</time>
			</trkpt>
			<trkpt lat="18.895136" lon="98.841671">
				<ele>736.686100</ele>
				<time>2018-12-16T06:28:39Z</time>
			</trkpt>
			<trkpt lat="18.895065" lon="98.841431">
				<ele>735.878117</ele>
				<time>2018-12-16T06:28:41Z</time>
			</trkpt>
			<trkpt lat="18.895012" lon="98.841167">
				<ele>738.111759</ele>
				<time>2018-12-16T06:28:43Z</time>
			</trkpt>
			<trkpt lat="18.895032" lon="98.840911">
				<ele>738.252506</ele>
				<time>2018-12-16T06:28:45Z</time>
			</trkpt>
			<trkpt lat="18.895125" lon="98.840622">
				<ele>737.462833</ele>
				<time>2018-12-16T06:28:47Z</time>
			</trkpt>
			<trkpt lat="18.895262" lon="98.840375">
				<ele>718.839734</ele>
				<time>2018-12-16T06:28:49Z</time>
			</trkpt>
			<trkpt lat="18.895375" lon="98.840089">
				<ele>719.434349</ele>
				<time>2018-12-16T06:28:51Z</time>
			</trkpt>
			<trkpt lat="18.895395" lon="98.839799">
				<ele>721.588709</ele>
				<time>2018-12-16T06:28:53Z</time>
			</trkpt>
			<trkpt lat="18.895353" lon="98.839501">
				<ele>721.097005</ele>
				<time>2018-12-16T06:28:55Z</time>
			</trkpt>
			<trkpt lat="18.895294" lon="98.839207">
				<ele>734.592228</ele>
				<time>2018-12-16T06:28:57Z</time>
			</trkpt>
			<trkpt lat="18.895222" lon="98.838917">
				<ele>724.799073</ele>
				<time>2018-12-16T06:28:59Z</time>
			</trkpt>
			<trkpt lat="18.895151" lon="98.838623">
				<ele>727.928718</ele>
				<time>2018-12-16T06:29:01Z</time>
			</trkpt>
			<trkpt lat="18.895069" lon="98.838355">
				<ele>729.509941</ele>
				<time>2018-12-16T06:29:03Z</time>
			</trkpt>
			<trkpt lat="18.894939" lon="98.838142">
				<ele>729.937606</ele>
				<time>2018-12-16T06:29:05Z</time>
			</trkpt>
			<trkpt lat="18.894827" lon="98.837938">
				<ele>731.797633</ele>
				<time>2018-12-16T06:29:07Z</time>
			</trkpt>
			<trkpt lat="18.894701" lon="98.837774">
				<ele>734.062884</ele>
				<time>2018-12-16T06:29:09Z</time>
			</trkpt>
			<trkpt lat="18.894578" lon="98.837608">
				<ele>735.037163</ele>
				<time>2018-12-16T06:29:11Z</time>
			</trkpt>
			<trkpt lat="18.894459" lon="98.837433">
				<ele>741.190861</ele>
				<time>2018-12-16T06:29:13Z</time>
			</trkpt>
			<trkpt lat="18.894353" lon="98.837272">
				<ele>742.837833</ele>
				<time>2018-12-16T06:29:15Z</time>
			</trkpt>
			<trkpt lat="18.894161" lon="98.837081">
				<ele>742.785831</ele>
				<time>2018-12-16T06:29:18Z</time>
			</trkpt>
			<trkpt lat="18.893949" lon="98.836982">
				<ele>744.099552</ele>
				<time>2018-12-16T06:29:21Z</time>
			</trkpt>
			<trkpt lat="18.893779" lon="98.836880">
				<ele>744.295353</ele>
				<time>2018-12-16T06:29:23Z</time>
			</trkpt>
			<trkpt lat="18.893645" lon="98.836749">
				<ele>744.998722</ele>
				<time>2018-12-16T06:29:25Z</time>
			</trkpt>
			<trkpt lat="18.893501" lon="98.836525">
				<ele>746.314152</ele>
				<time>2018-12-16T06:29:27Z</time>
			</trkpt>
			<trkpt lat="18.893399" lon="98.836302">
				<ele>743.927799</ele>
				<time>2018-12-16T06:29:30Z</time>
			</trkpt>
			<trkpt lat="18.893304" lon="98.836074">
				<ele>744.584904</ele>
				<time>2018-12-16T06:29:33Z</time>
			</trkpt>
			<trkpt lat="18.893227" lon="98.835891">
				<ele>743.955753</ele>
				<time>2018-12-16T06:29:36Z</time>
			</trkpt>
			<trkpt lat="18.893129" lon="98.835650">
				<ele>743.629704</ele>
				<time>2018-12-16T06:29:39Z</time>
			</trkpt>
			<trkpt lat="18.893054" lon="98.835477">
				<ele>744.694645</ele>
				<time>2018-12-16T06:29:41Z</time>
			</trkpt>
			<trkpt lat="18.892964" lon="98.835304">
				<ele>744.197330</ele>
				<time>2018-12-16T06:29:43Z</time>
			</trkpt>
			<trkpt lat="18.892869" lon="98.835114">
				<ele>742.895939</ele>
				<time>2018-12-16T06:29:45Z</time>
			</trkpt>
			<trkpt lat="18.892770" lon="98.834921">
				<ele>742.675724</ele>
				<time>2018-12-16T06:29:47Z</time>
			</trkpt>
			<trkpt lat="18.892666" lon="98.834715">
				<ele>743.207706</ele>
				<time>2018-12-16T06:29:49Z</time>
			</trkpt>
			<trkpt lat="18.892570" lon="98.834524">
				<ele>741.824894</ele>
				<time>2018-12-16T06:29:51Z</time>
			</trkpt>
			<trkpt lat="18.892469" lon="98.834331">
				<ele>741.479923</ele>
				<time>2018-12-16T06:29:53Z</time>
			</trkpt>
			<trkpt lat="18.892369" lon="98.834138">
				<ele>741.348331</ele>
				<time>2018-12-16T06:29:55Z</time>
			</trkpt>
			<trkpt lat="18.892273" lon="98.833948">
				<ele>741.938419</ele>
				<time>2018-12-16T06:29:57Z</time>
			</trkpt>
			<trkpt lat="18.892173" lon="98.833752">
				<ele>741.847599</ele>
				<time>2018-12-16T06:29:59Z</time>
			</trkpt>
			<trkpt lat="18.892065" lon="98.833550">
				<ele>740.841618</ele>
				<time>2018-12-16T06:30:01Z</time>
			</trkpt>
			<trkpt lat="18.891954" lon="98.833359">
				<ele>745.535954</ele>
				<time>2018-12-16T06:30:03Z</time>
			</trkpt>
			<trkpt lat="18.891819" lon="98.833181">
				<ele>746.224430</ele>
				<time>2018-12-16T06:30:05Z</time>
			</trkpt>
			<trkpt lat="18.891649" lon="98.833038">
				<ele>748.844303</ele>
				<time>2018-12-16T06:30:07Z</time>
			</trkpt>
			<trkpt lat="18.891460" lon="98.832909">
				<ele>749.294865</ele>
				<time>2018-12-16T06:30:09Z</time>
			</trkpt>
			<trkpt lat="18.891266" lon="98.832781">
				<ele>750.919132</ele>
				<time>2018-12-16T06:30:11Z</time>
			</trkpt>
			<trkpt lat="18.891116" lon="98.832660">
				<ele>750.803288</ele>
				<time>2018-12-16T06:30:13Z</time>
			</trkpt>
			<trkpt lat="18.890968" lon="98.832546">
				<ele>751.017521</ele>
				<time>2018-12-16T06:30:15Z</time>
			</trkpt>
			<trkpt lat="18.890813" lon="98.832412">
				<ele>752.151066</ele>
				<time>2018-12-16T06:30:17Z</time>
			</trkpt>
			<trkpt lat="18.890654" lon="98.832266">
				<ele>751.780704</ele>
				<time>2018-12-16T06:30:19Z</time>
			</trkpt>
			<trkpt lat="18.890509" lon="98.832112">
				<ele>749.619572</ele>
				<time>2018-12-16T06:30:21Z</time>
			</trkpt>
			<trkpt lat="18.890356" lon="98.831951">
				<ele>749.722599</ele>
				<time>2018-12-16T06:30:23Z</time>
			</trkpt>
			<trkpt lat="18.890178" lon="98.831807">
				<ele>749.034611</ele>
				<time>2018-12-16T06:30:25Z</time>
			</trkpt>
			<trkpt lat="18.889992" lon="98.831679">
				<ele>748.597843</ele>
				<time>2018-12-16T06:30:27Z</time>
			</trkpt>
			<trkpt lat="18.889813" lon="98.831536">
				<ele>748.926212</ele>
				<time>2018-12-16T06:30:29Z</time>
			</trkpt>
			<trkpt lat="18.889666" lon="98.831380">
				<ele>748.280216</ele>
				<time>2018-12-16T06:30:31Z</time>
			</trkpt>
			<trkpt lat="18.889517" lon="98.831216">
				<ele>746.603703</ele>
				<time>2018-12-16T06:30:33Z</time>
			</trkpt>
			<trkpt lat="18.889383" lon="98.831035">
				<ele>746.630802</ele>
				<time>2018-12-16T06:30:35Z</time>
			</trkpt>
			<trkpt lat="18.889225" lon="98.830861">
				<ele>747.339787</ele>
				<time>2018-12-16T06:30:37Z</time>
			</trkpt>
			<trkpt lat="18.889073" lon="98.830668">
				<ele>744.274601</ele>
				<time>2018-12-16T06:30:39Z</time>
			</trkpt>
			<trkpt lat="18.888900" lon="98.830469">
				<ele>744.695866</ele>
				<time>2018-12-16T06:30:41Z</time>
			</trkpt>
			<trkpt lat="18.888731" lon="98.830278">
				<ele>744.962955</ele>
				<time>2018-12-16T06:30:43Z</time>
			</trkpt>
			<trkpt lat="18.888575" lon="98.830100">
				<ele>744.874699</ele>
				<time>2018-12-16T06:30:45Z</time>
			</trkpt>
			<trkpt lat="18.888411" lon="98.829918">
				<ele>745.998234</ele>
				<time>2018-12-16T06:30:47Z</time>
			</trkpt>
			<trkpt lat="18.888252" lon="98.829750">
				<ele>746.009464</ele>
				<time>2018-12-16T06:30:49Z</time>
			</trkpt>
			<trkpt lat="18.888134" lon="98.829601">
				<ele>745.673283</ele>
				<time>2018-12-16T06:30:51Z</time>
			</trkpt>
			<trkpt lat="18.887984" lon="98.829441">
				<ele>745.724308</ele>
				<time>2018-12-16T06:30:53Z</time>
			</trkpt>
			<trkpt lat="18.887835" lon="98.829268">
				<ele>746.672550</ele>
				<time>2018-12-16T06:30:55Z</time>
			</trkpt>
			<trkpt lat="18.887709" lon="98.829123">
				<ele>746.441349</ele>
				<time>2018-12-16T06:30:57Z</time>
			</trkpt>
			<trkpt lat="18.887540" lon="98.828943">
				<ele>747.051823</ele>
				<time>2018-12-16T06:31:00Z</time>
			</trkpt>
			<trkpt lat="18.887425" lon="98.828759">
				<ele>747.557804</ele>
				<time>2018-12-16T06:31:03Z</time>
			</trkpt>
			<trkpt lat="18.887423" lon="98.828490">
				<ele>747.770695</ele>
				<time>2018-12-16T06:31:06Z</time>
			</trkpt>
			<trkpt lat="18.887479" lon="98.828235">
				<ele>748.237247</ele>
				<time>2018-12-16T06:31:09Z</time>
			</trkpt>
			<trkpt lat="18.887493" lon="98.828029">
				<ele>746.934513</ele>
				<time>2018-12-16T06:31:11Z</time>
			</trkpt>
			<trkpt lat="18.887471" lon="98.827799">
				<ele>748.035099</ele>
				<time>2018-12-16T06:31:13Z</time>
			</trkpt>
			<trkpt lat="18.887361" lon="98.827603">
				<ele>749.488468</ele>
				<time>2018-12-16T06:31:15Z</time>
			</trkpt>
			<trkpt lat="18.887204" lon="98.827507">
				<ele>747.442814</ele>
				<time>2018-12-16T06:31:17Z</time>
			</trkpt>
			<trkpt lat="18.887015" lon="98.827387">
				<ele>748.010197</ele>
				<time>2018-12-16T06:31:19Z</time>
			</trkpt>
			<trkpt lat="18.886822" lon="98.827262">
				<ele>748.858829</ele>
				<time>2018-12-16T06:31:21Z</time>
			</trkpt>
			<trkpt lat="18.886639" lon="98.827157">
				<ele>749.673405</ele>
				<time>2018-12-16T06:31:23Z</time>
			</trkpt>
			<trkpt lat="18.886447" lon="98.827059">
				<ele>750.537174</ele>
				<time>2018-12-16T06:31:25Z</time>
			</trkpt>
			<trkpt lat="18.886256" lon="98.826983">
				<ele>744.738514</ele>
				<time>2018-12-16T06:31:27Z</time>
			</trkpt>
			<trkpt lat="18.886016" lon="98.826936">
				<ele>744.976653</ele>
				<time>2018-12-16T06:31:29Z</time>
			</trkpt>
			<trkpt lat="18.885839" lon="98.826812">
				<ele>745.956643</ele>
				<time>2018-12-16T06:31:31Z</time>
			</trkpt>
			<trkpt lat="18.885672" lon="98.826691">
				<ele>747.023258</ele>
				<time>2018-12-16T06:31:33Z</time>
			</trkpt>
			<trkpt lat="18.885510" lon="98.826568">
				<ele>746.017033</ele>
				<time>2018-12-16T06:31:35Z</time>
			</trkpt>
			<trkpt lat="18.885379" lon="98.826340">
				<ele>748.125919</ele>
				<time>2018-12-16T06:31:38Z</time>
			</trkpt>
			<trkpt lat="18.885346" lon="98.826099">
				<ele>749.769718</ele>
				<time>2018-12-16T06:31:40Z</time>
			</trkpt>
			<trkpt lat="18.885318" lon="98.825883">
				<ele>751.204166</ele>
				<time>2018-12-16T06:31:42Z</time>
			</trkpt>
			<trkpt lat="18.885273" lon="98.825595">
				<ele>752.369694</ele>
				<time>2018-12-16T06:31:45Z</time>
			</trkpt>
			<trkpt lat="18.885194" lon="98.825338">
				<ele>753.053410</ele>
				<time>2018-12-16T06:31:48Z</time>
			</trkpt>
			<trkpt lat="18.885038" lon="98.825178">
				<ele>752.478092</ele>
				<time>2018-12-16T06:31:51Z</time>
			</trkpt>
			<trkpt lat="18.884855" lon="98.825080">
				<ele>752.670353</ele>
				<time>2018-12-16T06:31:53Z</time>
			</trkpt>
			<trkpt lat="18.884656" lon="98.824994">
				<ele>753.117130</ele>
				<time>2018-12-16T06:31:55Z</time>
			</trkpt>
			<trkpt lat="18.884449" lon="98.824905">
				<ele>753.379459</ele>
				<time>2018-12-16T06:31:57Z</time>
			</trkpt>
			<trkpt lat="18.884251" lon="98.824820">
				<ele>754.066837</ele>
				<time>2018-12-16T06:31:59Z</time>
			</trkpt>
			<trkpt lat="18.884042" lon="98.824730">
				<ele>755.723331</ele>
				<time>2018-12-16T06:32:01Z</time>
			</trkpt>
			<trkpt lat="18.883841" lon="98.824644">
				<ele>755.296452</ele>
				<time>2018-12-16T06:32:03Z</time>
			</trkpt>
			<trkpt lat="18.883641" lon="98.824558">
				<ele>752.090519</ele>
				<time>2018-12-16T06:32:05Z</time>
			</trkpt>
			<trkpt lat="18.883431" lon="98.824469">
				<ele>752.322697</ele>
				<time>2018-12-16T06:32:07Z</time>
			</trkpt>
			<trkpt lat="18.883227" lon="98.824383">
				<ele>751.567326</ele>
				<time>2018-12-16T06:32:09Z</time>
			</trkpt>
			<trkpt lat="18.883005" lon="98.824291">
				<ele>751.264591</ele>
				<time>2018-12-16T06:32:11Z</time>
			</trkpt>
			<trkpt lat="18.882794" lon="98.824208">
				<ele>750.933781</ele>
				<time>2018-12-16T06:32:13Z</time>
			</trkpt>
			<trkpt lat="18.882574" lon="98.824125">
				<ele>750.282658</ele>
				<time>2018-12-16T06:32:15Z</time>
			</trkpt>
			<trkpt lat="18.882361" lon="98.824048">
				<ele>750.086002</ele>
				<time>2018-12-16T06:32:17Z</time>
			</trkpt>
			<trkpt lat="18.882150" lon="98.823994">
				<ele>750.329044</ele>
				<time>2018-12-16T06:32:19Z</time>
			</trkpt>
			<trkpt lat="18.881870" lon="98.823942">
				<ele>750.161320</ele>
				<time>2018-12-16T06:32:22Z</time>
			</trkpt>
			<trkpt lat="18.881664" lon="98.823890">
				<ele>750.032780</ele>
				<time>2018-12-16T06:32:24Z</time>
			</trkpt>
			<trkpt lat="18.881438" lon="98.823824">
				<ele>750.755802</ele>
				<time>2018-12-16T06:32:26Z</time>
			</trkpt>
			<trkpt lat="18.881212" lon="98.823758">
				<ele>751.215275</ele>
				<time>2018-12-16T06:32:28Z</time>
			</trkpt>
			<trkpt lat="18.881001" lon="98.823697">
				<ele>754.660321</ele>
				<time>2018-12-16T06:32:30Z</time>
			</trkpt>
			<trkpt lat="18.880774" lon="98.823649">
				<ele>755.927310</ele>
				<time>2018-12-16T06:32:32Z</time>
			</trkpt>
			<trkpt lat="18.880557" lon="98.823628">
				<ele>755.862761</ele>
				<time>2018-12-16T06:32:34Z</time>
			</trkpt>
			<trkpt lat="18.880327" lon="98.823626">
				<ele>756.393154</ele>
				<time>2018-12-16T06:32:36Z</time>
			</trkpt>
			<trkpt lat="18.880101" lon="98.823609">
				<ele>756.227755</ele>
				<time>2018-12-16T06:32:38Z</time>
			</trkpt>
			<trkpt lat="18.879821" lon="98.823556">
				<ele>754.537540</ele>
				<time>2018-12-16T06:32:40Z</time>
			</trkpt>
			<trkpt lat="18.879563" lon="98.823503">
				<ele>756.127872</ele>
				<time>2018-12-16T06:32:42Z</time>
			</trkpt>
			<trkpt lat="18.879322" lon="98.823454">
				<ele>758.350529</ele>
				<time>2018-12-16T06:32:44Z</time>
			</trkpt>
			<trkpt lat="18.879071" lon="98.823403">
				<ele>760.848698</ele>
				<time>2018-12-16T06:32:46Z</time>
			</trkpt>
			<trkpt lat="18.878837" lon="98.823354">
				<ele>763.632267</ele>
				<time>2018-12-16T06:32:48Z</time>
			</trkpt>
			<trkpt lat="18.878590" lon="98.823343">
				<ele>764.991520</ele>
				<time>2018-12-16T06:32:50Z</time>
			</trkpt>
			<trkpt lat="18.878356" lon="98.823350">
				<ele>767.016666</ele>
				<time>2018-12-16T06:32:52Z</time>
			</trkpt>
			<trkpt lat="18.878119" lon="98.823358">
				<ele>767.243351</ele>
				<time>2018-12-16T06:32:54Z</time>
			</trkpt>
			<trkpt lat="18.877896" lon="98.823386">
				<ele>771.490866</ele>
				<time>2018-12-16T06:32:56Z</time>
			</trkpt>
			<trkpt lat="18.877653" lon="98.823430">
				<ele>771.248079</ele>
				<time>2018-12-16T06:32:58Z</time>
			</trkpt>
			<trkpt lat="18.877422" lon="98.823472">
				<ele>772.223725</ele>
				<time>2018-12-16T06:33:00Z</time>
			</trkpt>
			<trkpt lat="18.877196" lon="98.823512">
				<ele>768.218937</ele>
				<time>2018-12-16T06:33:02Z</time>
			</trkpt>
			<trkpt lat="18.876964" lon="98.823554">
				<ele>771.581812</ele>
				<time>2018-12-16T06:33:04Z</time>
			</trkpt>
			<trkpt lat="18.876740" lon="98.823595">
				<ele>770.810121</ele>
				<time>2018-12-16T06:33:06Z</time>
			</trkpt>
			<trkpt lat="18.876483" lon="98.823682">
				<ele>772.442822</ele>
				<time>2018-12-16T06:33:08Z</time>
			</trkpt>
			<trkpt lat="18.876258" lon="98.823778">
				<ele>771.979821</ele>
				<time>2018-12-16T06:33:10Z</time>
			</trkpt>
			<trkpt lat="18.876036" lon="98.823873">
				<ele>771.186258</ele>
				<time>2018-12-16T06:33:12Z</time>
			</trkpt>
			<trkpt lat="18.875818" lon="98.823963">
				<ele>773.111626</ele>
				<time>2018-12-16T06:33:14Z</time>
			</trkpt>
			<trkpt lat="18.875563" lon="98.824065">
				<ele>773.531437</ele>
				<time>2018-12-16T06:33:16Z</time>
			</trkpt>
			<trkpt lat="18.875309" lon="98.824164">
				<ele>773.074162</ele>
				<time>2018-12-16T06:33:18Z</time>
			</trkpt>
			<trkpt lat="18.875077" lon="98.824250">
				<ele>771.976749</ele>
				<time>2018-12-16T06:33:20Z</time>
			</trkpt>
			<trkpt lat="18.874848" lon="98.824327">
				<ele>772.703922</ele>
				<time>2018-12-16T06:33:22Z</time>
			</trkpt>
			<trkpt lat="18.874607" lon="98.824397">
				<ele>774.708317</ele>
				<time>2018-12-16T06:33:24Z</time>
			</trkpt>
			<trkpt lat="18.874396" lon="98.824446">
				<ele>774.675724</ele>
				<time>2018-12-16T06:33:26Z</time>
			</trkpt>
			<trkpt lat="18.874152" lon="98.824514">
				<ele>775.615137</ele>
				<time>2018-12-16T06:33:28Z</time>
			</trkpt>
			<trkpt lat="18.873932" lon="98.824621">
				<ele>776.553091</ele>
				<time>2018-12-16T06:33:30Z</time>
			</trkpt>
			<trkpt lat="18.873705" lon="98.824731">
				<ele>776.747931</ele>
				<time>2018-12-16T06:33:32Z</time>
			</trkpt>
			<trkpt lat="18.873473" lon="98.824819">
				<ele>777.302171</ele>
				<time>2018-12-16T06:33:34Z</time>
			</trkpt>
			<trkpt lat="18.873238" lon="98.824885">
				<ele>778.536507</ele>
				<time>2018-12-16T06:33:36Z</time>
			</trkpt>
			<trkpt lat="18.873002" lon="98.824959">
				<ele>777.765457</ele>
				<time>2018-12-16T06:33:38Z</time>
			</trkpt>
			<trkpt lat="18.872812" lon="98.825065">
				<ele>778.475341</ele>
				<time>2018-12-16T06:33:40Z</time>
			</trkpt>
			<trkpt lat="18.872610" lon="98.825231">
				<ele>780.445011</ele>
				<time>2018-12-16T06:33:42Z</time>
			</trkpt>
			<trkpt lat="18.872387" lon="98.825259">
				<ele>781.915958</ele>
				<time>2018-12-16T06:33:44Z</time>
			</trkpt>
			<trkpt lat="18.872147" lon="98.825280">
				<ele>783.414738</ele>
				<time>2018-12-16T06:33:46Z</time>
			</trkpt>
			<trkpt lat="18.871913" lon="98.825303">
				<ele>781.691225</ele>
				<time>2018-12-16T06:33:48Z</time>
			</trkpt>
			<trkpt lat="18.871702" lon="98.825327">
				<ele>781.466011</ele>
				<time>2018-12-16T06:33:50Z</time>
			</trkpt>
			<trkpt lat="18.871485" lon="98.825406">
				<ele>781.985419</ele>
				<time>2018-12-16T06:33:52Z</time>
			</trkpt>
			<trkpt lat="18.871277" lon="98.825541">
				<ele>783.846012</ele>
				<time>2018-12-16T06:33:54Z</time>
			</trkpt>
			<trkpt lat="18.871078" lon="98.825688">
				<ele>784.840031</ele>
				<time>2018-12-16T06:33:57Z</time>
			</trkpt>
			<trkpt lat="18.870873" lon="98.825838">
				<ele>783.745440</ele>
				<time>2018-12-16T06:33:59Z</time>
			</trkpt>
			<trkpt lat="18.870660" lon="98.825994">
				<ele>783.615018</ele>
				<time>2018-12-16T06:34:01Z</time>
			</trkpt>
			<trkpt lat="18.870439" lon="98.826154">
				<ele>785.583918</ele>
				<time>2018-12-16T06:34:03Z</time>
			</trkpt>
			<trkpt lat="18.870195" lon="98.826329">
				<ele>785.714798</ele>
				<time>2018-12-16T06:34:05Z</time>
			</trkpt>
			<trkpt lat="18.869955" lon="98.826498">
				<ele>788.514347</ele>
				<time>2018-12-16T06:34:07Z</time>
			</trkpt>
			<trkpt lat="18.869717" lon="98.826661">
				<ele>792.812199</ele>
				<time>2018-12-16T06:34:09Z</time>
			</trkpt>
			<trkpt lat="18.869476" lon="98.826802">
				<ele>794.500431</ele>
				<time>2018-12-16T06:34:11Z</time>
			</trkpt>
			<trkpt lat="18.869236" lon="98.826921">
				<ele>791.862867</ele>
				<time>2018-12-16T06:34:13Z</time>
			</trkpt>
			<trkpt lat="18.868994" lon="98.827032">
				<ele>795.131779</ele>
				<time>2018-12-16T06:34:15Z</time>
			</trkpt>
			<trkpt lat="18.868770" lon="98.827135">
				<ele>794.713566</ele>
				<time>2018-12-16T06:34:17Z</time>
			</trkpt>
			<trkpt lat="18.868575" lon="98.827233">
				<ele>794.143039</ele>
				<time>2018-12-16T06:34:19Z</time>
			</trkpt>
			<trkpt lat="18.868351" lon="98.827361">
				<ele>795.226610</ele>
				<time>2018-12-16T06:34:21Z</time>
			</trkpt>
			<trkpt lat="18.868156" lon="98.827494">
				<ele>796.162296</ele>
				<time>2018-12-16T06:34:23Z</time>
			</trkpt>
			<trkpt lat="18.867959" lon="98.827636">
				<ele>797.791447</ele>
				<time>2018-12-16T06:34:25Z</time>
			</trkpt>
			<trkpt lat="18.867751" lon="98.827800">
				<ele>799.622501</ele>
				<time>2018-12-16T06:34:27Z</time>
			</trkpt>
			<trkpt lat="18.867560" lon="98.827963">
				<ele>800.594181</ele>
				<time>2018-12-16T06:34:29Z</time>
			</trkpt>
			<trkpt lat="18.867381" lon="98.828123">
				<ele>801.377628</ele>
				<time>2018-12-16T06:34:31Z</time>
			</trkpt>
			<trkpt lat="18.867232" lon="98.828276">
				<ele>802.276066</ele>
				<time>2018-12-16T06:34:33Z</time>
			</trkpt>
			<trkpt lat="18.867073" lon="98.828454">
				<ele>803.146671</ele>
				<time>2018-12-16T06:34:35Z</time>
			</trkpt>
			<trkpt lat="18.866899" lon="98.828657">
				<ele>806.186710</ele>
				<time>2018-12-16T06:34:37Z</time>
			</trkpt>
			<trkpt lat="18.866728" lon="98.828864">
				<ele>808.062443</ele>
				<time>2018-12-16T06:34:39Z</time>
			</trkpt>
			<trkpt lat="18.866580" lon="98.829048">
				<ele>810.960880</ele>
				<time>2018-12-16T06:34:41Z</time>
			</trkpt>
			<trkpt lat="18.866450" lon="98.829207">
				<ele>812.424747</ele>
				<time>2018-12-16T06:34:43Z</time>
			</trkpt>
			<trkpt lat="18.866287" lon="98.829338">
				<ele>813.255070</ele>
				<time>2018-12-16T06:34:45Z</time>
			</trkpt>
			<trkpt lat="18.866089" lon="98.829466">
				<ele>815.099552</ele>
				<time>2018-12-16T06:34:47Z</time>
			</trkpt>
			<trkpt lat="18.865872" lon="98.829573">
				<ele>817.711369</ele>
				<time>2018-12-16T06:34:49Z</time>
			</trkpt>
			<trkpt lat="18.865654" lon="98.829663">
				<ele>818.979191</ele>
				<time>2018-12-16T06:34:51Z</time>
			</trkpt>
			<trkpt lat="18.865444" lon="98.829749">
				<ele>821.372013</ele>
				<time>2018-12-16T06:34:53Z</time>
			</trkpt>
			<trkpt lat="18.865242" lon="98.829828">
				<ele>823.271183</ele>
				<time>2018-12-16T06:34:55Z</time>
			</trkpt>
			<trkpt lat="18.865025" lon="98.829908">
				<ele>824.722355</ele>
				<time>2018-12-16T06:34:57Z</time>
			</trkpt>
			<trkpt lat="18.864813" lon="98.829980">
				<ele>824.609074</ele>
				<time>2018-12-16T06:34:59Z</time>
			</trkpt>
			<trkpt lat="18.864601" lon="98.830036">
				<ele>824.730289</ele>
				<time>2018-12-16T06:35:01Z</time>
			</trkpt>
			<trkpt lat="18.864362" lon="98.830082">
				<ele>824.948185</ele>
				<time>2018-12-16T06:35:03Z</time>
			</trkpt>
			<trkpt lat="18.864154" lon="98.830116">
				<ele>824.194035</ele>
				<time>2018-12-16T06:35:05Z</time>
			</trkpt>
			<trkpt lat="18.863914" lon="98.830149">
				<ele>826.781437</ele>
				<time>2018-12-16T06:35:07Z</time>
			</trkpt>
			<trkpt lat="18.863679" lon="98.830179">
				<ele>828.020451</ele>
				<time>2018-12-16T06:35:09Z</time>
			</trkpt>
			<trkpt lat="18.863452" lon="98.830224">
				<ele>827.287785</ele>
				<time>2018-12-16T06:35:11Z</time>
			</trkpt>
			<trkpt lat="18.863229" lon="98.830304">
				<ele>827.683048</ele>
				<time>2018-12-16T06:35:13Z</time>
			</trkpt>
			<trkpt lat="18.862999" lon="98.830408">
				<ele>828.204044</ele>
				<time>2018-12-16T06:35:15Z</time>
			</trkpt>
			<trkpt lat="18.862785" lon="98.830502">
				<ele>829.060978</ele>
				<time>2018-12-16T06:35:17Z</time>
			</trkpt>
			<trkpt lat="18.862527" lon="98.830588">
				<ele>829.928260</ele>
				<time>2018-12-16T06:35:19Z</time>
			</trkpt>
			<trkpt lat="18.862292" lon="98.830648">
				<ele>833.306522</ele>
				<time>2018-12-16T06:35:21Z</time>
			</trkpt>
			<trkpt lat="18.862067" lon="98.830686">
				<ele>835.701058</ele>
				<time>2018-12-16T06:35:23Z</time>
			</trkpt>
			<trkpt lat="18.861823" lon="98.830704">
				<ele>836.356158</ele>
				<time>2018-12-16T06:35:25Z</time>
			</trkpt>
			<trkpt lat="18.861584" lon="98.830717">
				<ele>839.571266</ele>
				<time>2018-12-16T06:35:27Z</time>
			</trkpt>
			<trkpt lat="18.861375" lon="98.830730">
				<ele>842.314503</ele>
				<time>2018-12-16T06:35:29Z</time>
			</trkpt>
			<trkpt lat="18.861154" lon="98.830789">
				<ele>843.635441</ele>
				<time>2018-12-16T06:35:31Z</time>
			</trkpt>
			<trkpt lat="18.860943" lon="98.830885">
				<ele>846.403507</ele>
				<time>2018-12-16T06:35:33Z</time>
			</trkpt>
			<trkpt lat="18.860720" lon="98.831013">
				<ele>849.304630</ele>
				<time>2018-12-16T06:35:35Z</time>
			</trkpt>
			<trkpt lat="18.860515" lon="98.831175">
				<ele>852.279728</ele>
				<time>2018-12-16T06:35:37Z</time>
			</trkpt>
			<trkpt lat="18.860315" lon="98.831332">
				<ele>854.735905</ele>
				<time>2018-12-16T06:35:39Z</time>
			</trkpt>
			<trkpt lat="18.860102" lon="98.831501">
				<ele>856.695499</ele>
				<time>2018-12-16T06:35:41Z</time>
			</trkpt>
			<trkpt lat="18.859890" lon="98.831668">
				<ele>859.625187</ele>
				<time>2018-12-16T06:35:43Z</time>
			</trkpt>
			<trkpt lat="18.859676" lon="98.831837">
				<ele>860.157413</ele>
				<time>2018-12-16T06:35:45Z</time>
			</trkpt>
			<trkpt lat="18.859476" lon="98.831995">
				<ele>863.554264</ele>
				<time>2018-12-16T06:35:47Z</time>
			</trkpt>
			<trkpt lat="18.859265" lon="98.832141">
				<ele>864.272892</ele>
				<time>2018-12-16T06:35:49Z</time>
			</trkpt>
			<trkpt lat="18.859047" lon="98.832262">
				<ele>865.553654</ele>
				<time>2018-12-16T06:35:51Z</time>
			</trkpt>
			<trkpt lat="18.858805" lon="98.832351">
				<ele>867.415714</ele>
				<time>2018-12-16T06:35:53Z</time>
			</trkpt>
			<trkpt lat="18.858590" lon="98.832413">
				<ele>868.068302</ele>
				<time>2018-12-16T06:35:55Z</time>
			</trkpt>
			<trkpt lat="18.858400" lon="98.832465">
				<ele>869.721378</ele>
				<time>2018-12-16T06:35:57Z</time>
			</trkpt>
			<trkpt lat="18.858199" lon="98.832538">
				<ele>871.249943</ele>
				<time>2018-12-16T06:35:59Z</time>
			</trkpt>
			<trkpt lat="18.857984" lon="98.832642">
				<ele>875.785465</ele>
				<time>2018-12-16T06:36:01Z</time>
			</trkpt>
			<trkpt lat="18.857813" lon="98.832728">
				<ele>877.794132</ele>
				<time>2018-12-16T06:36:03Z</time>
			</trkpt>
			<trkpt lat="18.857621" lon="98.832829">
				<ele>880.311710</ele>
				<time>2018-12-16T06:36:05Z</time>
			</trkpt>
			<trkpt lat="18.857414" lon="98.832943">
				<ele>883.155216</ele>
				<time>2018-12-16T06:36:07Z</time>
			</trkpt>
			<trkpt lat="18.857213" lon="98.833072">
				<ele>887.131290</ele>
				<time>2018-12-16T06:36:09Z</time>
			</trkpt>
			<trkpt lat="18.857009" lon="98.833210">
				<ele>888.586002</ele>
				<time>2018-12-16T06:36:11Z</time>
			</trkpt>
			<trkpt lat="18.856791" lon="98.833336">
				<ele>890.642765</ele>
				<time>2018-12-16T06:36:13Z</time>
			</trkpt>
			<trkpt lat="18.856559" lon="98.833440">
				<ele>891.467960</ele>
				<time>2018-12-16T06:36:15Z</time>
			</trkpt>
			<trkpt lat="18.856329" lon="98.833524">
				<ele>892.671085</ele>
				<time>2018-12-16T06:36:17Z</time>
			</trkpt>
			<trkpt lat="18.856081" lon="98.833614">
				<ele>894.309025</ele>
				<time>2018-12-16T06:36:19Z</time>
			</trkpt>
			<trkpt lat="18.855860" lon="98.833607">
				<ele>893.895695</ele>
				<time>2018-12-16T06:36:21Z</time>
			</trkpt>
			<trkpt lat="18.855610" lon="98.833648">
				<ele>895.458195</ele>
				<time>2018-12-16T06:36:23Z</time>
			</trkpt>
			<trkpt lat="18.855400" lon="98.833714">
				<ele>896.150333</ele>
				<time>2018-12-16T06:36:25Z</time>
			</trkpt>
			<trkpt lat="18.855139" lon="98.833800">
				<ele>898.299992</ele>
				<time>2018-12-16T06:36:27Z</time>
			</trkpt>
			<trkpt lat="18.854883" lon="98.833877">
				<ele>899.181095</ele>
				<time>2018-12-16T06:36:29Z</time>
			</trkpt>
			<trkpt lat="18.854606" lon="98.833962">
				<ele>909.008969</ele>
				<time>2018-12-16T06:36:31Z</time>
			</trkpt>
			<trkpt lat="18.854304" lon="98.834008">
				<ele>912.290740</ele>
				<time>2018-12-16T06:36:33Z</time>
			</trkpt>
			<trkpt lat="18.854003" lon="98.834053">
				<ele>914.775291</ele>
				<time>2018-12-16T06:36:35Z</time>
			</trkpt>
			<trkpt lat="18.853742" lon="98.834106">
				<ele>917.090240</ele>
				<time>2018-12-16T06:36:37Z</time>
			</trkpt>
			<trkpt lat="18.853474" lon="98.834183">
				<ele>919.663682</ele>
				<time>2018-12-16T06:36:39Z</time>
			</trkpt>
			<trkpt lat="18.853240" lon="98.834297">
				<ele>913.663029</ele>
				<time>2018-12-16T06:36:41Z</time>
			</trkpt>
			<trkpt lat="18.853004" lon="98.834425">
				<ele>915.171452</ele>
				<time>2018-12-16T06:36:43Z</time>
			</trkpt>
			<trkpt lat="18.852757" lon="98.834532">
				<ele>917.743839</ele>
				<time>2018-12-16T06:36:45Z</time>
			</trkpt>
			<trkpt lat="18.852535" lon="98.834626">
				<ele>921.223820</ele>
				<time>2018-12-16T06:36:47Z</time>
			</trkpt>
			<trkpt lat="18.852337" lon="98.834707">
				<ele>925.292912</ele>
				<time>2018-12-16T06:36:49Z</time>
			</trkpt>
			<trkpt lat="18.852136" lon="98.834752">
				<ele>928.231144</ele>
				<time>2018-12-16T06:36:51Z</time>
			</trkpt>
			<trkpt lat="18.851911" lon="98.834746">
				<ele>931.524113</ele>
				<time>2018-12-16T06:36:53Z</time>
			</trkpt>
			<trkpt lat="18.851698" lon="98.834711">
				<ele>934.605412</ele>
				<time>2018-12-16T06:36:55Z</time>
			</trkpt>
			<trkpt lat="18.851617" lon="98.834519">
				<ele>940.294010</ele>
				<time>2018-12-16T06:36:58Z</time>
			</trkpt>
			<trkpt lat="18.851701" lon="98.834326">
				<ele>945.181095</ele>
				<time>2018-12-16T06:37:01Z</time>
			</trkpt>
			<trkpt lat="18.851797" lon="98.834140">
				<ele>946.769352</ele>
				<time>2018-12-16T06:37:03Z</time>
			</trkpt>
			<trkpt lat="18.851865" lon="98.833921">
				<ele>951.596760</ele>
				<time>2018-12-16T06:37:06Z</time>
			</trkpt>
			<trkpt lat="18.851852" lon="98.833712">
				<ele>951.015915</ele>
				<time>2018-12-16T06:37:08Z</time>
			</trkpt>
			<trkpt lat="18.851786" lon="98.833488">
				<ele>953.434606</ele>
				<time>2018-12-16T06:37:11Z</time>
			</trkpt>
			<trkpt lat="18.851718" lon="98.833294">
				<ele>953.803916</ele>
				<time>2018-12-16T06:37:14Z</time>
			</trkpt>
			<trkpt lat="18.851700" lon="98.833033">
				<ele>959.426945</ele>
				<time>2018-12-16T06:37:17Z</time>
			</trkpt>
			<trkpt lat="18.851725" lon="98.832842">
				<ele>955.845656</ele>
				<time>2018-12-16T06:37:19Z</time>
			</trkpt>
			<trkpt lat="18.851800" lon="98.832628">
				<ele>963.383976</ele>
				<time>2018-12-16T06:37:22Z</time>
			</trkpt>
			<trkpt lat="18.851915" lon="98.832403">
				<ele>960.315929</ele>
				<time>2018-12-16T06:37:25Z</time>
			</trkpt>
			<trkpt lat="18.852007" lon="98.832210">
				<ele>966.129948</ele>
				<time>2018-12-16T06:37:28Z</time>
			</trkpt>
			<trkpt lat="18.852090" lon="98.831965">
				<ele>972.568546</ele>
				<time>2018-12-16T06:37:32Z</time>
			</trkpt>
			<trkpt lat="18.852080" lon="98.831693">
				<ele>978.389835</ele>
				<time>2018-12-16T06:37:37Z</time>
			</trkpt>
			<trkpt lat="18.852029" lon="98.831491">
				<ele>975.781116</ele>
				<time>2018-12-16T06:37:41Z</time>
			</trkpt>
			<trkpt lat="18.851855" lon="98.831647">
				<ele>997.527042</ele>
				<time>2018-12-16T06:39:48Z</time>
			</trkpt>
			<trkpt lat="18.851723" lon="98.831782">
				<ele>999.069889</ele>
				<time>2018-12-16T06:39:53Z</time>
			</trkpt>
			<trkpt lat="18.851551" lon="98.832015">
				<ele>1000.451847</ele>
				<time>2018-12-16T06:39:54Z</time>
			</trkpt>
			<trkpt lat="18.851394" lon="98.832121">
				<ele>1001.931095</ele>
				<time>2018-12-16T06:40:01Z</time>
			</trkpt>
			<trkpt lat="18.851196" lon="98.832252">
				<ele>995.497122</ele>
				<time>2018-12-16T06:40:05Z</time>
			</trkpt>
			<trkpt lat="18.851035" lon="98.832358">
				<ele>1004.432804</ele>
				<time>2018-12-16T06:40:09Z</time>
			</trkpt>
			<trkpt lat="18.850875" lon="98.832463">
				<ele>999.740084</ele>
				<time>2018-12-16T06:40:13Z</time>
			</trkpt>
			<trkpt lat="18.850692" lon="98.832618">
				<ele>1005.409367</ele>
				<time>2018-12-16T06:40:17Z</time>
			</trkpt>
			<trkpt lat="18.850566" lon="98.832773">
				<ele>1007.523502</ele>
				<time>2018-12-16T06:40:21Z</time>
			</trkpt>
			<trkpt lat="18.850459" lon="98.832928">
				<ele>1009.408390</ele>
				<time>2018-12-16T06:40:25Z</time>
			</trkpt>
			<trkpt lat="18.850361" lon="98.833099">
				<ele>1013.099918</ele>
				<time>2018-12-16T06:40:28Z</time>
			</trkpt>
			<trkpt lat="18.850286" lon="98.833322">
				<ele>1016.880558</ele>
				<time>2018-12-16T06:40:33Z</time>
			</trkpt>
			<trkpt lat="18.850191" lon="98.833493">
				<ele>1022.643253</ele>
				<time>2018-12-16T06:40:38Z</time>
			</trkpt>
			<trkpt lat="18.850027" lon="98.833644">
				<ele>1023.402042</ele>
				<time>2018-12-16T06:40:43Z</time>
			</trkpt>
			<trkpt lat="18.849851" lon="98.833762">
				<ele>1024.406803</ele>
				<time>2018-12-16T06:40:47Z</time>
			</trkpt>
			<trkpt lat="18.849664" lon="98.833852">
				<ele>1023.998478</ele>
				<time>2018-12-16T06:40:50Z</time>
			</trkpt>
			<trkpt lat="18.849418" lon="98.833920">
				<ele>1029.474186</ele>
				<time>2018-12-16T06:40:56Z</time>
			</trkpt>
			<trkpt lat="18.849210" lon="98.833983">
				<ele>1030.890324</ele>
				<time>2018-12-16T06:41:00Z</time>
			</trkpt>
			<trkpt lat="18.849033" lon="98.834064">
				<ele>1029.994572</ele>
				<time>2018-12-16T06:41:02Z</time>
			</trkpt>
			<trkpt lat="18.848799" lon="98.834175">
				<ele>1029.551090</ele>
				<time>2018-12-16T06:41:05Z</time>
			</trkpt>
			<trkpt lat="18.848625" lon="98.834245">
				<ele>1029.707340</ele>
				<time>2018-12-16T06:41:08Z</time>
			</trkpt>
			<trkpt lat="18.848442" lon="98.834343">
				<ele>1028.622257</ele>
				<time>2018-12-16T06:41:13Z</time>
			</trkpt>
			<trkpt lat="18.848296" lon="98.834459">
				<ele>1029.015446</ele>
				<time>2018-12-16T06:41:18Z</time>
			</trkpt>
			<trkpt lat="18.848135" lon="98.834588">
				<ele>1031.065372</ele>
				<time>2018-12-16T06:41:22Z</time>
			</trkpt>
			<trkpt lat="18.847948" lon="98.834726">
				<ele>1032.584904</ele>
				<time>2018-12-16T06:41:25Z</time>
			</trkpt>
			<trkpt lat="18.847773" lon="98.834822">
				<ele>1039.132389</ele>
				<time>2018-12-16T06:41:30Z</time>
			</trkpt>
			<trkpt lat="18.847559" lon="98.834928">
				<ele>1042.516544</ele>
				<time>2018-12-16T06:41:33Z</time>
			</trkpt>
			<trkpt lat="18.847382" lon="98.835065">
				<ele>1045.280582</ele>
				<time>2018-12-16T06:41:36Z</time>
			</trkpt>
			<trkpt lat="18.847233" lon="98.835264">
				<ele>1047.268742</ele>
				<time>2018-12-16T06:41:40Z</time>
			</trkpt>
			<trkpt lat="18.847114" lon="98.835463">
				<ele>1058.719669</ele>
				<time>2018-12-16T06:41:43Z</time>
			</trkpt>
			<trkpt lat="18.847005" lon="98.835679">
				<ele>1059.949406</ele>
				<time>2018-12-16T06:41:46Z</time>
			</trkpt>
			<trkpt lat="18.846927" lon="98.835921">
				<ele>1059.514347</ele>
				<time>2018-12-16T06:41:51Z</time>
			</trkpt>
			<trkpt lat="18.846788" lon="98.836100">
				<ele>1059.481632</ele>
				<time>2018-12-16T06:41:54Z</time>
			</trkpt>
			<trkpt lat="18.846653" lon="98.836256">
				<ele>1059.204533</ele>
				<time>2018-12-16T06:41:56Z</time>
			</trkpt>
			<trkpt lat="18.846483" lon="98.836416">
				<ele>1060.452946</ele>
				<time>2018-12-16T06:41:59Z</time>
			</trkpt>
			<trkpt lat="18.846294" lon="98.836556">
				<ele>1065.813175</ele>
				<time>2018-12-16T06:42:02Z</time>
			</trkpt>
			<trkpt lat="18.846080" lon="98.836652">
				<ele>1056.810930</ele>
				<time>2018-12-16T06:42:07Z</time>
			</trkpt>
			<trkpt lat="18.845893" lon="98.836686">
				<ele>1069.124210</ele>
				<time>2018-12-16T06:42:11Z</time>
			</trkpt>
			<trkpt lat="18.845614" lon="98.836683">
				<ele>1068.957584</ele>
				<time>2018-12-16T06:42:14Z</time>
			</trkpt>
			<trkpt lat="18.845436" lon="98.836647">
				<ele>1068.690983</ele>
				<time>2018-12-16T06:42:16Z</time>
			</trkpt>
			<trkpt lat="18.845242" lon="98.836588">
				<ele>1063.485783</ele>
				<time>2018-12-16T06:42:19Z</time>
			</trkpt>
			<trkpt lat="18.845040" lon="98.836521">
				<ele>1061.419132</ele>
				<time>2018-12-16T06:42:23Z</time>
			</trkpt>
			<trkpt lat="18.844856" lon="98.836450">
				<ele>1060.657902</ele>
				<time>2018-12-16T06:42:27Z</time>
			</trkpt>
			<trkpt lat="18.844679" lon="98.836343">
				<ele>1058.179630</ele>
				<time>2018-12-16T06:42:30Z</time>
			</trkpt>
			<trkpt lat="18.844480" lon="98.836123">
				<ele>1055.406681</ele>
				<time>2018-12-16T06:42:34Z</time>
			</trkpt>
			<trkpt lat="18.844286" lon="98.836045">
				<ele>1028.499405</ele>
				<time>2018-12-16T06:42:41Z</time>
			</trkpt>
			<trkpt lat="18.844108" lon="98.835969">
				<ele>1046.895695</ele>
				<time>2018-12-16T06:42:45Z</time>
			</trkpt>
			<trkpt lat="18.843891" lon="98.835912">
				<ele>1022.237849</ele>
				<time>2018-12-16T06:42:48Z</time>
			</trkpt>
			<trkpt lat="18.843685" lon="98.835972">
				<ele>1019.821950</ele>
				<time>2018-12-16T06:42:51Z</time>
			</trkpt>
			<trkpt lat="18.843490" lon="98.836077">
				<ele>1019.063476</ele>
				<time>2018-12-16T06:42:53Z</time>
			</trkpt>
			<trkpt lat="18.843287" lon="98.836239">
				<ele>1015.431995</ele>
				<time>2018-12-16T06:42:56Z</time>
			</trkpt>
			<trkpt lat="18.843110" lon="98.836386">
				<ele>1036.910099</ele>
				<time>2018-12-16T06:43:00Z</time>
			</trkpt>
			<trkpt lat="18.842923" lon="98.836544">
				<ele>1033.721867</ele>
				<time>2018-12-16T06:43:04Z</time>
			</trkpt>
			<trkpt lat="18.842749" lon="98.836709">
				<ele>1029.718204</ele>
				<time>2018-12-16T06:43:07Z</time>
			</trkpt>
			<trkpt lat="18.842619" lon="98.836870">
				<ele>1029.784977</ele>
				<time>2018-12-16T06:43:10Z</time>
			</trkpt>
			<trkpt lat="18.842517" lon="98.837030">
				<ele>1013.335392</ele>
				<time>2018-12-16T06:44:44Z</time>
			</trkpt>
			<trkpt lat="18.842279" lon="98.836908">
				<ele>1015.500187</ele>
				<time>2018-12-16T06:44:46Z</time>
			</trkpt>
			<trkpt lat="18.842079" lon="98.836843">
				<ele>1015.772648</ele>
				<time>2018-12-16T06:44:50Z</time>
			</trkpt>
			<trkpt lat="18.841910" lon="98.836775">
				<ele>1016.860661</ele>
				<time>2018-12-16T06:44:53Z</time>
			</trkpt>
			<trkpt lat="18.841705" lon="98.836746">
				<ele>1016.176456</ele>
				<time>2018-12-16T06:44:57Z</time>
			</trkpt>
			<trkpt lat="18.841499" lon="98.836710">
				<ele>1017.619083</ele>
				<time>2018-12-16T06:45:01Z</time>
			</trkpt>
			<trkpt lat="18.841292" lon="98.836659">
				<ele>1022.552921</ele>
				<time>2018-12-16T06:45:04Z</time>
			</trkpt>
			<trkpt lat="18.841101" lon="98.836551">
				<ele>1020.906925</ele>
				<time>2018-12-16T06:45:09Z</time>
			</trkpt>
			<trkpt lat="18.841023" lon="98.836364">
				<ele>1019.905949</ele>
				<time>2018-12-16T06:45:13Z</time>
			</trkpt>
			<trkpt lat="18.840901" lon="98.836208">
				<ele>1017.994816</ele>
				<time>2018-12-16T06:45:20Z</time>
			</trkpt>
			<trkpt lat="18.840806" lon="98.836025">
				<ele>1017.525944</ele>
				<time>2018-12-16T06:45:26Z</time>
			</trkpt>
			<trkpt lat="18.840603" lon="98.836027">
				<ele>1019.643253</ele>
				<time>2018-12-16T06:45:31Z</time>
			</trkpt>
			<trkpt lat="18.840454" lon="98.836157">
				<ele>1017.282413</ele>
				<time>2018-12-16T06:45:36Z</time>
			</trkpt>
			<trkpt lat="18.840287" lon="98.836309">
				<ele>1017.293644</ele>
				<time>2018-12-16T06:45:40Z</time>
			</trkpt>
			<trkpt lat="18.840134" lon="98.836492">
				<ele>1017.804020</ele>
				<time>2018-12-16T06:45:44Z</time>
			</trkpt>
			<trkpt lat="18.840009" lon="98.836675">
				<ele>1017.191837</ele>
				<time>2018-12-16T06:45:49Z</time>
			</trkpt>
			<trkpt lat="18.839843" lon="98.836807">
				<ele>1015.088932</ele>
				<time>2018-12-16T06:45:54Z</time>
			</trkpt>
			<trkpt lat="18.839646" lon="98.836759">
				<ele>1012.202335</ele>
				<time>2018-12-16T06:46:00Z</time>
			</trkpt>
			<trkpt lat="18.839533" lon="98.836603">
				<ele>1012.862736</ele>
				<time>2018-12-16T06:46:07Z</time>
			</trkpt>
			<trkpt lat="18.839334" lon="98.836579">
				<ele>1015.100962</ele>
				<time>2018-12-16T06:46:18Z</time>
			</trkpt>
			<trkpt lat="18.839172" lon="98.836670">
				<ele>1010.495697</ele>
				<time>2018-12-16T06:46:25Z</time>
			</trkpt>
			<trkpt lat="18.838989" lon="98.836731">
				<ele>1012.690223</ele>
				<time>2018-12-16T06:46:31Z</time>
			</trkpt>
			<trkpt lat="18.838806" lon="98.836791">
				<ele>1018.690128</ele>
				<time>2018-12-16T06:46:37Z</time>
			</trkpt>
			<trkpt lat="18.838632" lon="98.836843">
				<ele>1020.164249</ele>
				<time>2018-12-16T06:46:49Z</time>
			</trkpt>
			<trkpt lat="18.838440" lon="98.836888">
				<ele>1022.563465</ele>
				<time>2018-12-16T06:46:55Z</time>
			</trkpt>
			<trkpt lat="18.838246" lon="98.836912">
				<ele>1025.343747</ele>
				<time>2018-12-16T06:47:02Z</time>
			</trkpt>
			<trkpt lat="18.838098" lon="98.837021">
				<ele>1026.075993</ele>
				<time>2018-12-16T06:47:15Z</time>
			</trkpt>
			<trkpt lat="18.838285" lon="98.836991">
				<ele>1026.518907</ele>
				<time>2018-12-16T06:49:11Z</time>
			</trkpt>
			<trkpt lat="18.838473" lon="98.836939">
				<ele>1022.679600</ele>
				<time>2018-12-16T06:49:19Z</time>
			</trkpt>
			<trkpt lat="18.838643" lon="98.836857">
				<ele>1021.052039</ele>
				<time>2018-12-16T06:49:31Z</time>
			</trkpt>
			<trkpt lat="18.838860" lon="98.836817">
				<ele>1023.973576</ele>
				<time>2018-12-16T06:49:37Z</time>
			</trkpt>
			<trkpt lat="18.839088" lon="98.836748">
				<ele>1022.350040</ele>
				<time>2018-12-16T06:49:42Z</time>
			</trkpt>
			<trkpt lat="18.839256" lon="98.836670">
				<ele>1016.414982</ele>
				<time>2018-12-16T06:49:47Z</time>
			</trkpt>
			<trkpt lat="18.839445" lon="98.836591">
				<ele>1019.244694</ele>
				<time>2018-12-16T06:49:53Z</time>
			</trkpt>
			<trkpt lat="18.839601" lon="98.836697">
				<ele>1017.193546</ele>
				<time>2018-12-16T06:49:58Z</time>
			</trkpt>
			<trkpt lat="18.839728" lon="98.836841">
				<ele>1018.818913</ele>
				<time>2018-12-16T06:51:23Z</time>
			</trkpt>
			<trkpt lat="18.839911" lon="98.836827">
				<ele>1018.486881</ele>
				<time>2018-12-16T06:51:29Z</time>
			</trkpt>
			<trkpt lat="18.840041" lon="98.836664">
				<ele>1018.243107</ele>
				<time>2018-12-16T06:51:34Z</time>
			</trkpt>
			<trkpt lat="18.840120" lon="98.836489">
				<ele>1017.404972</ele>
				<time>2018-12-16T06:51:38Z</time>
			</trkpt>
			<trkpt lat="18.840249" lon="98.836328">
				<ele>1013.258244</ele>
				<time>2018-12-16T06:51:44Z</time>
			</trkpt>
			<trkpt lat="18.840378" lon="98.836164">
				<ele>1013.155216</ele>
				<time>2018-12-16T06:51:48Z</time>
			</trkpt>
			<trkpt lat="18.840510" lon="98.836004">
				<ele>1014.731632</ele>
				<time>2018-12-16T06:51:53Z</time>
			</trkpt>
			<trkpt lat="18.840701" lon="98.835980">
				<ele>1015.017277</ele>
				<time>2018-12-16T06:52:16Z</time>
			</trkpt>
			<trkpt lat="18.840812" lon="98.836154">
				<ele>1021.459171</ele>
				<time>2018-12-16T06:52:21Z</time>
			</trkpt>
			<trkpt lat="18.840989" lon="98.836295">
				<ele>1020.690861</ele>
				<time>2018-12-16T06:52:25Z</time>
			</trkpt>
			<trkpt lat="18.841091" lon="98.836483">
				<ele>1022.297306</ele>
				<time>2018-12-16T06:52:30Z</time>
			</trkpt>
			<trkpt lat="18.841232" lon="98.836633">
				<ele>1023.429752</ele>
				<time>2018-12-16T06:52:34Z</time>
			</trkpt>
			<trkpt lat="18.841443" lon="98.836705">
				<ele>1021.905338</ele>
				<time>2018-12-16T06:52:38Z</time>
			</trkpt>
			<trkpt lat="18.841649" lon="98.836748">
				<ele>1020.500065</ele>
				<time>2018-12-16T06:52:43Z</time>
			</trkpt>
			<trkpt lat="18.841871" lon="98.836803">
				<ele>1017.784611</ele>
				<time>2018-12-16T06:52:48Z</time>
			</trkpt>
			<trkpt lat="18.842079" lon="98.836851">
				<ele>1015.964298</ele>
				<time>2018-12-16T06:52:52Z</time>
			</trkpt>
			<trkpt lat="18.842298" lon="98.836936">
				<ele>1016.230656</ele>
				<time>2018-12-16T06:52:56Z</time>
			</trkpt>
			<trkpt lat="18.842477" lon="98.836993">
				<ele>1017.085636</ele>
				<time>2018-12-16T06:53:00Z</time>
			</trkpt>
			<trkpt lat="18.842462" lon="98.837186">
				<ele>1021.483292</ele>
				<time>2018-12-16T06:54:14Z</time>
			</trkpt>
			<trkpt lat="18.842358" lon="98.837364">
				<ele>1012.571232</ele>
				<time>2018-12-16T06:54:18Z</time>
			</trkpt>
			<trkpt lat="18.842238" lon="98.837524">
				<ele>1010.392277</ele>
				<time>2018-12-16T06:54:21Z</time>
			</trkpt>
			<trkpt lat="18.842137" lon="98.837702">
				<ele>1009.705021</ele>
				<time>2018-12-16T06:54:24Z</time>
			</trkpt>
			<trkpt lat="18.842028" lon="98.837888">
				<ele>1007.579288</ele>
				<time>2018-12-16T06:54:27Z</time>
			</trkpt>
			<trkpt lat="18.841889" lon="98.838076">
				<ele>1005.936222</ele>
				<time>2018-12-16T06:54:31Z</time>
			</trkpt>
			<trkpt lat="18.841738" lon="98.838237">
				<ele>1004.913273</ele>
				<time>2018-12-16T06:54:35Z</time>
			</trkpt>
			<trkpt lat="18.841565" lon="98.838398">
				<ele>1000.927433</ele>
				<time>2018-12-16T06:54:39Z</time>
			</trkpt>
			<trkpt lat="18.841421" lon="98.838518">
				<ele>998.968082</ele>
				<time>2018-12-16T06:54:42Z</time>
			</trkpt>
			<trkpt lat="18.841286" lon="98.838667">
				<ele>998.813419</ele>
				<time>2018-12-16T06:54:45Z</time>
			</trkpt>
			<trkpt lat="18.841163" lon="98.838808">
				<ele>1000.320621</ele>
				<time>2018-12-16T06:54:49Z</time>
			</trkpt>
			<trkpt lat="18.841013" lon="98.838983">
				<ele>997.768253</ele>
				<time>2018-12-16T06:54:53Z</time>
			</trkpt>
			<trkpt lat="18.840864" lon="98.839157">
				<ele>992.284611</ele>
				<time>2018-12-16T06:54:56Z</time>
			</trkpt>
			<trkpt lat="18.840694" lon="98.839356">
				<ele>986.307560</ele>
				<time>2018-12-16T06:54:59Z</time>
			</trkpt>
			<trkpt lat="18.840572" lon="98.839510">
				<ele>981.796085</ele>
				<time>2018-12-16T06:55:02Z</time>
			</trkpt>
			<trkpt lat="18.840492" lon="98.839681">
				<ele>977.463810</ele>
				<time>2018-12-16T06:55:06Z</time>
			</trkpt>
			<trkpt lat="18.840449" lon="98.839869">
				<ele>972.420841</ele>
				<time>2018-12-16T06:55:11Z</time>
			</trkpt>
			<trkpt lat="18.840426" lon="98.840068">
				<ele>965.864445</ele>
				<time>2018-12-16T06:55:16Z</time>
			</trkpt>
			<trkpt lat="18.840413" lon="98.840277">
				<ele>960.678288</ele>
				<time>2018-12-16T06:55:22Z</time>
			</trkpt>
			<trkpt lat="18.840360" lon="98.840472">
				<ele>955.874454</ele>
				<time>2018-12-16T06:55:32Z</time>
			</trkpt>
			<trkpt lat="18.840160" lon="98.840561">
				<ele>952.486271</ele>
				<time>2018-12-16T06:55:37Z</time>
			</trkpt>
			<trkpt lat="18.839978" lon="98.840509">
				<ele>952.011539</ele>
				<time>2018-12-16T06:55:42Z</time>
			</trkpt>
			<trkpt lat="18.839841" lon="98.840365">
				<ele>948.987492</ele>
				<time>2018-12-16T06:55:46Z</time>
			</trkpt>
			<trkpt lat="18.839741" lon="98.840170">
				<ele>946.942692</ele>
				<time>2018-12-16T06:55:50Z</time>
			</trkpt>
			<trkpt lat="18.839694" lon="98.839894">
				<ele>944.091007</ele>
				<time>2018-12-16T06:55:55Z</time>
			</trkpt>
			<trkpt lat="18.839706" lon="98.839647">
				<ele>938.102970</ele>
				<time>2018-12-16T06:55:59Z</time>
			</trkpt>
			<trkpt lat="18.839735" lon="98.839411">
				<ele>935.880070</ele>
				<time>2018-12-16T06:56:03Z</time>
			</trkpt>
			<trkpt lat="18.839717" lon="98.839219">
				<ele>929.373844</ele>
				<time>2018-12-16T06:56:10Z</time>
			</trkpt>
			<trkpt lat="18.839537" lon="98.839249">
				<ele>924.771183</ele>
				<time>2018-12-16T06:56:16Z</time>
			</trkpt>
			<trkpt lat="18.839351" lon="98.839346">
				<ele>922.599552</ele>
				<time>2018-12-16T06:56:19Z</time>
			</trkpt>
			<trkpt lat="18.839200" lon="98.839494">
				<ele>919.091496</ele>
				<time>2018-12-16T06:56:24Z</time>
			</trkpt>
			<trkpt lat="18.839085" lon="98.839706">
				<ele>917.874454</ele>
				<time>2018-12-16T06:56:28Z</time>
			</trkpt>
			<trkpt lat="18.839014" lon="98.839902">
				<ele>914.842228</ele>
				<time>2018-12-16T06:56:32Z</time>
			</trkpt>
			<trkpt lat="18.838932" lon="98.840128">
				<ele>912.765324</ele>
				<time>2018-12-16T06:56:36Z</time>
			</trkpt>
			<trkpt lat="18.838864" lon="98.840315">
				<ele>910.877384</ele>
				<time>2018-12-16T06:56:39Z</time>
			</trkpt>
			<trkpt lat="18.838799" lon="98.840493">
				<ele>909.483829</ele>
				<time>2018-12-16T06:56:42Z</time>
			</trkpt>
			<trkpt lat="18.838698" lon="98.840690">
				<ele>905.294376</ele>
				<time>2018-12-16T06:56:47Z</time>
			</trkpt>
			<trkpt lat="18.838639" lon="98.840877">
				<ele>901.140334</ele>
				<time>2018-12-16T06:57:13Z</time>
			</trkpt>
			<trkpt lat="18.838627" lon="98.841090">
				<ele>894.283526</ele>
				<time>2018-12-16T06:57:19Z</time>
			</trkpt>
			<trkpt lat="18.838697" lon="98.841282">
				<ele>891.625919</ele>
				<time>2018-12-16T06:57:24Z</time>
			</trkpt>
			<trkpt lat="18.838852" lon="98.841423">
				<ele>885.682194</ele>
				<time>2018-12-16T06:57:29Z</time>
			</trkpt>
			<trkpt lat="18.838942" lon="98.841640">
				<ele>886.710636</ele>
				<time>2018-12-16T06:57:34Z</time>
			</trkpt>
			<trkpt lat="18.839029" lon="98.841849">
				<ele>887.740421</ele>
				<time>2018-12-16T06:57:38Z</time>
			</trkpt>
			<trkpt lat="18.839109" lon="98.842037">
				<ele>887.026798</ele>
				<time>2018-12-16T06:57:43Z</time>
			</trkpt>
			<trkpt lat="18.839166" lon="98.842266">
				<ele>885.921940</ele>
				<time>2018-12-16T06:57:48Z</time>
			</trkpt>
			<trkpt lat="18.839041" lon="98.842489">
				<ele>886.631901</ele>
				<time>2018-12-16T06:57:55Z</time>
			</trkpt>
			<trkpt lat="18.838830" lon="98.842528">
				<ele>887.572697</ele>
				<time>2018-12-16T06:58:00Z</time>
			</trkpt>
			<trkpt lat="18.838612" lon="98.842585">
				<ele>890.514347</ele>
				<time>2018-12-16T06:58:05Z</time>
			</trkpt>
			<trkpt lat="18.838390" lon="98.842709">
				<ele>886.166203</ele>
				<time>2018-12-16T06:58:11Z</time>
			</trkpt>
			<trkpt lat="18.838611" lon="98.842786">
				<ele>885.967716</ele>
				<time>2018-12-16T06:58:12Z</time>
			</trkpt>
			<trkpt lat="18.838726" lon="98.842995">
				<ele>890.683659</ele>
				<time>2018-12-16T06:58:18Z</time>
			</trkpt>
			<trkpt lat="18.838770" lon="98.843204">
				<ele>892.353947</ele>
				<time>2018-12-16T06:58:22Z</time>
			</trkpt>
			<trkpt lat="18.838674" lon="98.843414">
				<ele>894.281559</ele>
				<time>2018-12-16T06:58:26Z</time>
			</trkpt>
			<trkpt lat="18.838534" lon="98.843565">
				<ele>897.223087</ele>
				<time>2018-12-16T06:58:29Z</time>
			</trkpt>
			<trkpt lat="18.838414" lon="98.843756">
				<ele>900.253971</ele>
				<time>2018-12-16T06:58:32Z</time>
			</trkpt>
			<trkpt lat="18.838270" lon="98.843876">
				<ele>899.441837</ele>
				<time>2018-12-16T06:58:36Z</time>
			</trkpt>
			<trkpt lat="18.838094" lon="98.843924">
				<ele>902.805973</ele>
				<time>2018-12-16T06:58:39Z</time>
			</trkpt>
			<trkpt lat="18.837855" lon="98.843894">
				<ele>907.278996</ele>
				<time>2018-12-16T06:58:42Z</time>
			</trkpt>
			<trkpt lat="18.837675" lon="98.843858">
				<ele>909.596134</ele>
				<time>2018-12-16T06:58:45Z</time>
			</trkpt>
			<trkpt lat="18.837487" lon="98.843929">
				<ele>913.470524</ele>
				<time>2018-12-16T06:58:49Z</time>
			</trkpt>
			<trkpt lat="18.837323" lon="98.844019">
				<ele>914.323917</ele>
				<time>2018-12-16T06:58:52Z</time>
			</trkpt>
			<trkpt lat="18.837128" lon="98.844117">
				<ele>915.014591</ele>
				<time>2018-12-16T06:58:55Z</time>
			</trkpt>
			<trkpt lat="18.836957" lon="98.844237">
				<ele>915.328800</ele>
				<time>2018-12-16T06:58:58Z</time>
			</trkpt>
			<trkpt lat="18.836790" lon="98.844363">
				<ele>918.976261</ele>
				<time>2018-12-16T06:59:01Z</time>
			</trkpt>
			<trkpt lat="18.836693" lon="98.844540">
				<ele>920.663517</ele>
				<time>2018-12-16T06:59:04Z</time>
			</trkpt>
			<trkpt lat="18.836690" lon="98.844747">
				<ele>923.581974</ele>
				<time>2018-12-16T06:59:08Z</time>
			</trkpt>
			<trkpt lat="18.836815" lon="98.844944">
				<ele>932.596134</ele>
				<time>2018-12-16T06:59:12Z</time>
			</trkpt>
			<trkpt lat="18.836955" lon="98.845105">
				<ele>936.210514</ele>
				<time>2018-12-16T06:59:16Z</time>
			</trkpt>
			<trkpt lat="18.836988" lon="98.845308">
				<ele>933.137638</ele>
				<time>2018-12-16T06:59:19Z</time>
			</trkpt>
			<trkpt lat="18.837046" lon="98.845547">
				<ele>938.068668</ele>
				<time>2018-12-16T06:59:22Z</time>
			</trkpt>
			<trkpt lat="18.837169" lon="98.845751">
				<ele>939.065861</ele>
				<time>2018-12-16T06:59:25Z</time>
			</trkpt>
			<trkpt lat="18.837287" lon="98.845900">
				<ele>939.864689</ele>
				<time>2018-12-16T06:59:28Z</time>
			</trkpt>
			<trkpt lat="18.837380" lon="98.846075">
				<ele>943.549015</ele>
				<time>2018-12-16T06:59:32Z</time>
			</trkpt>
			<trkpt lat="18.837367" lon="98.846316">
				<ele>946.825871</ele>
				<time>2018-12-16T06:59:36Z</time>
			</trkpt>
			<trkpt lat="18.837382" lon="98.846558">
				<ele>946.406437</ele>
				<time>2018-12-16T06:59:39Z</time>
			</trkpt>
			<trkpt lat="18.837355" lon="98.846747">
				<ele>950.795353</ele>
				<time>2018-12-16T06:59:43Z</time>
			</trkpt>
			<trkpt lat="18.837498" lon="98.846889">
				<ele>954.975285</ele>
				<time>2018-12-16T06:59:53Z</time>
			</trkpt>
			<trkpt lat="18.837706" lon="98.846894">
				<ele>963.530949</ele>
				<time>2018-12-16T06:59:57Z</time>
			</trkpt>
			<trkpt lat="18.837849" lon="98.846758">
				<ele>968.289005</ele>
				<time>2018-12-16T07:00:02Z</time>
			</trkpt>
			<trkpt lat="18.837839" lon="98.846543">
				<ele>975.552677</ele>
				<time>2018-12-16T07:00:07Z</time>
			</trkpt>
			<trkpt lat="18.837855" lon="98.846304">
				<ele>977.743473</ele>
				<time>2018-12-16T07:00:13Z</time>
			</trkpt>
			<trkpt lat="18.837989" lon="98.846106">
				<ele>979.062199</ele>
				<time>2018-12-16T07:00:16Z</time>
			</trkpt>
			<trkpt lat="18.837987" lon="98.845913">
				<ele>979.182316</ele>
				<time>2018-12-16T07:00:19Z</time>
			</trkpt>
			<trkpt lat="18.837996" lon="98.845708">
				<ele>988.261906</ele>
				<time>2018-12-16T07:00:23Z</time>
			</trkpt>
			<trkpt lat="18.838176" lon="98.845561">
				<ele>993.201603</ele>
				<time>2018-12-16T07:00:27Z</time>
			</trkpt>
			<trkpt lat="18.838357" lon="98.845611">
				<ele>998.937443</ele>
				<time>2018-12-16T07:00:32Z</time>
			</trkpt>
			<trkpt lat="18.838424" lon="98.845837">
				<ele>1003.373478</ele>
				<time>2018-12-16T07:00:36Z</time>
			</trkpt>
			<trkpt lat="18.838549" lon="98.845978">
				<ele>1003.923527</ele>
				<time>2018-12-16T07:00:40Z</time>
			</trkpt>
			<trkpt lat="18.838665" lon="98.845828">
				<ele>1006.319279</ele>
				<time>2018-12-16T07:00:46Z</time>
			</trkpt>
			<trkpt lat="18.838862" lon="98.845824">
				<ele>1011.435734</ele>
				<time>2018-12-16T07:00:51Z</time>
			</trkpt>
			<trkpt lat="18.838975" lon="98.846016">
				<ele>1015.177433</ele>
				<time>2018-12-16T07:00:55Z</time>
			</trkpt>
			<trkpt lat="18.839130" lon="98.846135">
				<ele>1020.368717</ele>
				<time>2018-12-16T07:00:58Z</time>
			</trkpt>
			<trkpt lat="18.839302" lon="98.846261">
				<ele>1023.743107</ele>
				<time>2018-12-16T07:01:02Z</time>
			</trkpt>
			<trkpt lat="18.839472" lon="98.846163">
				<ele>1028.662052</ele>
				<time>2018-12-16T07:01:08Z</time>
			</trkpt>
			<trkpt lat="18.839666" lon="98.846139">
				<ele>1039.341862</ele>
				<time>2018-12-16T07:01:13Z</time>
			</trkpt>
			<trkpt lat="18.839811" lon="98.846291">
				<ele>1047.751652</ele>
				<time>2018-12-16T07:01:18Z</time>
			</trkpt>
			<trkpt lat="18.840011" lon="98.846311">
				<ele>1052.352482</ele>
				<time>2018-12-16T07:01:23Z</time>
			</trkpt>
			<trkpt lat="18.840211" lon="98.846324">
				<ele>1056.745060</ele>
				<time>2018-12-16T07:01:27Z</time>
			</trkpt>
			<trkpt lat="18.840393" lon="98.846347">
				<ele>1059.637272</ele>
				<time>2018-12-16T07:01:32Z</time>
			</trkpt>
			<trkpt lat="18.840563" lon="98.846449">
				<ele>1063.517277</ele>
				<time>2018-12-16T07:01:35Z</time>
			</trkpt>
			<trkpt lat="18.840752" lon="98.846576">
				<ele>1067.806217</ele>
				<time>2018-12-16T07:01:38Z</time>
			</trkpt>
			<trkpt lat="18.840905" lon="98.846709">
				<ele>1073.588566</ele>
				<time>2018-12-16T07:01:41Z</time>
			</trkpt>
			<trkpt lat="18.841045" lon="98.846861">
				<ele>1080.555485</ele>
				<time>2018-12-16T07:01:44Z</time>
			</trkpt>
			<trkpt lat="18.841213" lon="98.846989">
				<ele>1083.801579</ele>
				<time>2018-12-16T07:01:46Z</time>
			</trkpt>
			<trkpt lat="18.841394" lon="98.847174">
				<ele>1089.266056</ele>
				<time>2018-12-16T07:01:50Z</time>
			</trkpt>
			<trkpt lat="18.841569" lon="98.847319">
				<ele>1092.165104</ele>
				<time>2018-12-16T07:01:53Z</time>
			</trkpt>
			<trkpt lat="18.841776" lon="98.847407">
				<ele>1094.267765</ele>
				<time>2018-12-16T07:01:57Z</time>
			</trkpt>
			<trkpt lat="18.841961" lon="98.847438">
				<ele>1100.770329</ele>
				<time>2018-12-16T07:02:02Z</time>
			</trkpt>
			<trkpt lat="18.842149" lon="98.847497">
				<ele>1105.551212</ele>
				<time>2018-12-16T07:02:08Z</time>
			</trkpt>
			<trkpt lat="18.842357" lon="98.847589">
				<ele>1108.364079</ele>
				<time>2018-12-16T07:02:12Z</time>
			</trkpt>
			<trkpt lat="18.842545" lon="98.847694">
				<ele>1110.214664</ele>
				<time>2018-12-16T07:02:15Z</time>
			</trkpt>
			<trkpt lat="18.842688" lon="98.847828">
				<ele>1111.726627</ele>
				<time>2018-12-16T07:02:19Z</time>
			</trkpt>
			<trkpt lat="18.842828" lon="98.848015">
				<ele>1115.640079</ele>
				<time>2018-12-16T07:02:24Z</time>
			</trkpt>
			<trkpt lat="18.842883" lon="98.848202">
				<ele>1117.436100</ele>
				<time>2018-12-16T07:02:27Z</time>
			</trkpt>
			<trkpt lat="18.843019" lon="98.848340">
				<ele>1117.287663</ele>
				<time>2018-12-16T07:02:31Z</time>
			</trkpt>
			<trkpt lat="18.843194" lon="98.848396">
				<ele>1116.782413</ele>
				<time>2018-12-16T07:02:35Z</time>
			</trkpt>
			<trkpt lat="18.843368" lon="98.848512">
				<ele>1120.316105</ele>
				<time>2018-12-16T07:02:40Z</time>
			</trkpt>
			<trkpt lat="18.843561" lon="98.848589">
				<ele>1120.141056</ele>
				<time>2018-12-16T07:02:45Z</time>
			</trkpt>
			<trkpt lat="18.843727" lon="98.848686">
				<ele>1120.786442</ele>
				<time>2018-12-16T07:02:49Z</time>
			</trkpt>
			<trkpt lat="18.843900" lon="98.848806">
				<ele>1121.087223</ele>
				<time>2018-12-16T07:02:53Z</time>
			</trkpt>
			<trkpt lat="18.844071" lon="98.848900">
				<ele>1122.823795</ele>
				<time>2018-12-16T07:02:57Z</time>
			</trkpt>
			<trkpt lat="18.844265" lon="98.848990">
				<ele>1124.792179</ele>
				<time>2018-12-16T07:03:01Z</time>
			</trkpt>
			<trkpt lat="18.844363" lon="98.849189">
				<ele>1126.201847</ele>
				<time>2018-12-16T07:03:06Z</time>
			</trkpt>
			<trkpt lat="18.844463" lon="98.849423">
				<ele>1127.627506</ele>
				<time>2018-12-16T07:03:10Z</time>
			</trkpt>
			<trkpt lat="18.844589" lon="98.849585">
				<ele>1126.832218</ele>
				<time>2018-12-16T07:03:14Z</time>
			</trkpt>
			<trkpt lat="18.844744" lon="98.849744">
				<ele>1128.662907</ele>
				<time>2018-12-16T07:03:18Z</time>
			</trkpt>
			<trkpt lat="18.844903" lon="98.849872">
				<ele>1133.719181</ele>
				<time>2018-12-16T07:03:22Z</time>
			</trkpt>
			<trkpt lat="18.845081" lon="98.849975">
				<ele>1136.020817</ele>
				<time>2018-12-16T07:03:27Z</time>
			</trkpt>
			<trkpt lat="18.845267" lon="98.850087">
				<ele>1138.454655</ele>
				<time>2018-12-16T07:03:30Z</time>
			</trkpt>
			<trkpt lat="18.845439" lon="98.850191">
				<ele>1138.831608</ele>
				<time>2018-12-16T07:03:33Z</time>
			</trkpt>
			<trkpt lat="18.845602" lon="98.850293">
				<ele>1144.979679</ele>
				<time>2018-12-16T07:03:36Z</time>
			</trkpt>
			<trkpt lat="18.845752" lon="98.850431">
				<ele>1149.516300</ele>
				<time>2018-12-16T07:03:40Z</time>
			</trkpt>
			<trkpt lat="18.845921" lon="98.850537">
				<ele>1151.493961</ele>
				<time>2018-12-16T07:03:44Z</time>
			</trkpt>
			<trkpt lat="18.846080" lon="98.850629">
				<ele>1155.915203</ele>
				<time>2018-12-16T07:04:41Z</time>
			</trkpt>
			<trkpt lat="18.846208" lon="98.850777">
				<ele>1166.119816</ele>
				<time>2018-12-16T07:04:56Z</time>
			</trkpt>
			<trkpt lat="18.846304" lon="98.850948">
				<ele>1166.833439</ele>
				<time>2018-12-16T07:05:00Z</time>
			</trkpt>
			<trkpt lat="18.846354" lon="98.851173">
				<ele>1166.014469</ele>
				<time>2018-12-16T07:05:04Z</time>
			</trkpt>
			<trkpt lat="18.846384" lon="98.851406">
				<ele>1166.467106</ele>
				<time>2018-12-16T07:05:09Z</time>
			</trkpt>
			<trkpt lat="18.846403" lon="98.851620">
				<ele>1166.659977</ele>
				<time>2018-12-16T07:05:13Z</time>
			</trkpt>
			<trkpt lat="18.846418" lon="98.851828">
				<ele>1166.254948</ele>
				<time>2018-12-16T07:05:16Z</time>
			</trkpt>
			<trkpt lat="18.846433" lon="98.852106">
				<ele>1170.295719</ele>
				<time>2018-12-16T07:05:19Z</time>
			</trkpt>
			<trkpt lat="18.846428" lon="98.852305">
				<ele>1170.160221</ele>
				<time>2018-12-16T07:05:22Z</time>
			</trkpt>
			<trkpt lat="18.846494" lon="98.852499">
				<ele>1171.705265</ele>
				<time>2018-12-16T07:05:26Z</time>
			</trkpt>
			<trkpt lat="18.846559" lon="98.852693">
				<ele>1173.649357</ele>
				<time>2018-12-16T07:05:31Z</time>
			</trkpt>
			<trkpt lat="18.846673" lon="98.852846">
				<ele>1177.896671</ele>
				<time>2018-12-16T07:05:36Z</time>
			</trkpt>
			<trkpt lat="18.846677" lon="98.853049">
				<ele>1179.682438</ele>
				<time>2018-12-16T07:05:43Z</time>
			</trkpt>
			<trkpt lat="18.846654" lon="98.853271">
				<ele>1179.585880</ele>
				<time>2018-12-16T07:05:49Z</time>
			</trkpt>
			<trkpt lat="18.846660" lon="98.853494">
				<ele>1179.090641</ele>
				<time>2018-12-16T07:05:54Z</time>
			</trkpt>
			<trkpt lat="18.846665" lon="98.853693">
				<ele>1179.523014</ele>
				<time>2018-12-16T07:05:58Z</time>
			</trkpt>
			<trkpt lat="18.846505" lon="98.853853">
				<ele>1182.909611</ele>
				<time>2018-12-16T07:06:03Z</time>
			</trkpt>
			<trkpt lat="18.846353" lon="98.854016">
				<ele>1183.577824</ele>
				<time>2018-12-16T07:06:07Z</time>
			</trkpt>
			<trkpt lat="18.846433" lon="98.854193">
				<ele>1185.467228</ele>
				<time>2018-12-16T07:06:12Z</time>
			</trkpt>
			<trkpt lat="18.846509" lon="98.854381">
				<ele>1184.987855</ele>
				<time>2018-12-16T07:06:49Z</time>
			</trkpt>
			<trkpt lat="18.846455" lon="98.854612">
				<ele>1188.904176</ele>
				<time>2018-12-16T07:06:58Z</time>
			</trkpt>
			<trkpt lat="18.846646" lon="98.854617">
				<ele>1193.414249</ele>
				<time>2018-12-16T07:07:04Z</time>
			</trkpt>
			<trkpt lat="18.846809" lon="98.854518">
				<ele>1192.551945</ele>
				<time>2018-12-16T07:07:09Z</time>
			</trkpt>
			<trkpt lat="18.846945" lon="98.854366">
				<ele>1195.656437</ele>
				<time>2018-12-16T07:07:13Z</time>
			</trkpt>
			<trkpt lat="18.847101" lon="98.854193">
				<ele>1197.380558</ele>
				<time>2018-12-16T07:07:17Z</time>
			</trkpt>
			<trkpt lat="18.847258" lon="98.854098">
				<ele>1198.487003</ele>
				<time>2018-12-16T07:07:22Z</time>
			</trkpt>
			<trkpt lat="18.847449" lon="98.854053">
				<ele>1210.779484</ele>
				<time>2018-12-16T07:07:37Z</time>
			</trkpt>
			<trkpt lat="18.847695" lon="98.854021">
				<ele>1222.589176</ele>
				<time>2018-12-16T07:07:42Z</time>
			</trkpt>
			<trkpt lat="18.847850" lon="98.854156">
				<ele>1221.058659</ele>
				<time>2018-12-16T07:07:48Z</time>
			</trkpt>
			<trkpt lat="18.847763" lon="98.854349">
				<ele>1223.050358</ele>
				<time>2018-12-16T07:07:52Z</time>
			</trkpt>
			<trkpt lat="18.847643" lon="98.854563">
				<ele>1223.984684</ele>
				<time>2018-12-16T07:07:56Z</time>
			</trkpt>
			<trkpt lat="18.847625" lon="98.854764">
				<ele>1225.738956</ele>
				<time>2018-12-16T07:08:00Z</time>
			</trkpt>
			<trkpt lat="18.847736" lon="98.854977">
				<ele>1227.217838</ele>
				<time>2018-12-16T07:08:04Z</time>
			</trkpt>
			<trkpt lat="18.847938" lon="98.854928">
				<ele>1229.845890</ele>
				<time>2018-12-16T07:08:09Z</time>
			</trkpt>
			<trkpt lat="18.848131" lon="98.854852">
				<ele>1234.966496</ele>
				<time>2018-12-16T07:08:12Z</time>
			</trkpt>
			<trkpt lat="18.848322" lon="98.854826">
				<ele>1239.922672</ele>
				<time>2018-12-16T07:08:16Z</time>
			</trkpt>
			<trkpt lat="18.848418" lon="98.855007">
				<ele>1239.645329</ele>
				<time>2018-12-16T07:08:22Z</time>
			</trkpt>
			<trkpt lat="18.848602" lon="98.855073">
				<ele>1243.785831</ele>
				<time>2018-12-16T07:08:37Z</time>
			</trkpt>
			<trkpt lat="18.848796" lon="98.855041">
				<ele>1249.053654</ele>
				<time>2018-12-16T07:08:42Z</time>
			</trkpt>
			<trkpt lat="18.848994" lon="98.855039">
				<ele>1253.459904</ele>
				<time>2018-12-16T07:08:47Z</time>
			</trkpt>
			<trkpt lat="18.849215" lon="98.855038">
				<ele>1254.581242</ele>
				<time>2018-12-16T07:08:51Z</time>
			</trkpt>
			<trkpt lat="18.849407" lon="98.855008">
				<ele>1255.186710</ele>
				<time>2018-12-16T07:08:55Z</time>
			</trkpt>
			<trkpt lat="18.849603" lon="98.854923">
				<ele>1258.842716</ele>
				<time>2018-12-16T07:08:59Z</time>
			</trkpt>
			<trkpt lat="18.849770" lon="98.854831">
				<ele>1261.555851</ele>
				<time>2018-12-16T07:09:02Z</time>
			</trkpt>
			<trkpt lat="18.849937" lon="98.854657">
				<ele>1264.724796</ele>
				<time>2018-12-16T07:09:06Z</time>
			</trkpt>
			<trkpt lat="18.850052" lon="98.854465">
				<ele>1266.532169</ele>
				<time>2018-12-16T07:09:09Z</time>
			</trkpt>
			<trkpt lat="18.850155" lon="98.854277">
				<ele>1265.737003</ele>
				<time>2018-12-16T07:09:12Z</time>
			</trkpt>
			<trkpt lat="18.850238" lon="98.854083">
				<ele>1270.266666</ele>
				<time>2018-12-16T07:09:17Z</time>
			</trkpt>
			<trkpt lat="18.850420" lon="98.854195">
				<ele>1273.181828</ele>
				<time>2018-12-16T07:09:24Z</time>
			</trkpt>
			<trkpt lat="18.850527" lon="98.854373">
				<ele>1273.556095</ele>
				<time>2018-12-16T07:09:27Z</time>
			</trkpt>
			<trkpt lat="18.850598" lon="98.854590">
				<ele>1276.057194</ele>
				<time>2018-12-16T07:09:31Z</time>
			</trkpt>
			<trkpt lat="18.850713" lon="98.854771">
				<ele>1278.314274</ele>
				<time>2018-12-16T07:09:34Z</time>
			</trkpt>
			<trkpt lat="18.850804" lon="98.854969">
				<ele>1282.043888</ele>
				<time>2018-12-16T07:09:38Z</time>
			</trkpt>
			<trkpt lat="18.850947" lon="98.855087">
				<ele>1288.749943</ele>
				<time>2018-12-16T07:09:42Z</time>
			</trkpt>
			<trkpt lat="18.851143" lon="98.855170">
				<ele>1293.745426</ele>
				<time>2018-12-16T07:09:46Z</time>
			</trkpt>
			<trkpt lat="18.851314" lon="98.855234">
				<ele>1291.252995</ele>
				<time>2018-12-16T07:09:49Z</time>
			</trkpt>
			<trkpt lat="18.851484" lon="98.855304">
				<ele>1296.083195</ele>
				<time>2018-12-16T07:09:52Z</time>
			</trkpt>
			<trkpt lat="18.851576" lon="98.855487">
				<ele>1298.418766</ele>
				<time>2018-12-16T07:09:56Z</time>
			</trkpt>
			<trkpt lat="18.851590" lon="98.855691">
				<ele>1301.826359</ele>
				<time>2018-12-16T07:10:00Z</time>
			</trkpt>
			<trkpt lat="18.851619" lon="98.855939">
				<ele>1305.652287</ele>
				<time>2018-12-16T07:10:04Z</time>
			</trkpt>
			<trkpt lat="18.851701" lon="98.856142">
				<ele>1308.932682</ele>
				<time>2018-12-16T07:10:07Z</time>
			</trkpt>
			<trkpt lat="18.851729" lon="98.856336">
				<ele>1311.492619</ele>
				<time>2018-12-16T07:10:10Z</time>
			</trkpt>
			<trkpt lat="18.851772" lon="98.856553">
				<ele>1311.171207</ele>
				<time>2018-12-16T07:10:14Z</time>
			</trkpt>
			<trkpt lat="18.851845" lon="98.856754">
				<ele>1310.153385</ele>
				<time>2018-12-16T07:10:18Z</time>
			</trkpt>
			<trkpt lat="18.851974" lon="98.856934">
				<ele>1310.647770</ele>
				<time>2018-12-16T07:10:22Z</time>
			</trkpt>
			<trkpt lat="18.852081" lon="98.857134">
				<ele>1310.451481</ele>
				<time>2018-12-16T07:10:26Z</time>
			</trkpt>
			<trkpt lat="18.852125" lon="98.857333">
				<ele>1311.401920</ele>
				<time>2018-12-16T07:10:30Z</time>
			</trkpt>
			<trkpt lat="18.852306" lon="98.857433">
				<ele>1309.359440</ele>
				<time>2018-12-16T07:10:35Z</time>
			</trkpt>
			<trkpt lat="18.852493" lon="98.857422">
				<ele>1308.602604</ele>
				<time>2018-12-16T07:10:40Z</time>
			</trkpt>
			<trkpt lat="18.852671" lon="98.857498">
				<ele>1307.922062</ele>
				<time>2018-12-16T07:10:44Z</time>
			</trkpt>
			<trkpt lat="18.852841" lon="98.857421">
				<ele>1308.872746</ele>
				<time>2018-12-16T07:10:52Z</time>
			</trkpt>
			<trkpt lat="18.852963" lon="98.857270">
				<ele>1305.902164</ele>
				<time>2018-12-16T07:10:57Z</time>
			</trkpt>
			<trkpt lat="18.853099" lon="98.857058">
				<ele>1308.771671</ele>
				<time>2018-12-16T07:11:03Z</time>
			</trkpt>
			<trkpt lat="18.853275" lon="98.856841">
				<ele>1309.985905</ele>
				<time>2018-12-16T07:11:06Z</time>
			</trkpt>
			<trkpt lat="18.853439" lon="98.856666">
				<ele>1308.186344</ele>
				<time>2018-12-16T07:11:09Z</time>
			</trkpt>
			<trkpt lat="18.853595" lon="98.856505">
				<ele>1306.096989</ele>
				<time>2018-12-16T07:11:13Z</time>
			</trkpt>
			<trkpt lat="18.853750" lon="98.856348">
				<ele>1306.875065</ele>
				<time>2018-12-16T07:11:17Z</time>
			</trkpt>
			<trkpt lat="18.853882" lon="98.856216">
				<ele>1306.480900</ele>
				<time>2018-12-16T07:11:20Z</time>
			</trkpt>
			<trkpt lat="18.854038" lon="98.856057">
				<ele>1307.836857</ele>
				<time>2018-12-16T07:11:23Z</time>
			</trkpt>
			<trkpt lat="18.854177" lon="98.855917">
				<ele>1308.902409</ele>
				<time>2018-12-16T07:11:26Z</time>
			</trkpt>
			<trkpt lat="18.854300" lon="98.855775">
				<ele>1309.250797</ele>
				<time>2018-12-16T07:11:29Z</time>
			</trkpt>
			<trkpt lat="18.854404" lon="98.855618">
				<ele>1311.826847</ele>
				<time>2018-12-16T07:11:32Z</time>
			</trkpt>
			<trkpt lat="18.854541" lon="98.855474">
				<ele>1312.709660</ele>
				<time>2018-12-16T07:11:37Z</time>
			</trkpt>
			<trkpt lat="18.854688" lon="98.855305">
				<ele>1310.491398</ele>
				<time>2018-12-16T07:11:41Z</time>
			</trkpt>
			<trkpt lat="18.854791" lon="98.855103">
				<ele>1310.097965</ele>
				<time>2018-12-16T07:11:44Z</time>
			</trkpt>
			<trkpt lat="18.854914" lon="98.854935">
				<ele>1309.457096</ele>
				<time>2018-12-16T07:11:48Z</time>
			</trkpt>
			<trkpt lat="18.855047" lon="98.854773">
				<ele>1313.157658</ele>
				<time>2018-12-16T07:11:52Z</time>
			</trkpt>
			<trkpt lat="18.855187" lon="98.854604">
				<ele>1313.696354</ele>
				<time>2018-12-16T07:11:56Z</time>
			</trkpt>
			<trkpt lat="18.855303" lon="98.854445">
				<ele>1311.158634</ele>
				<time>2018-12-16T07:12:00Z</time>
			</trkpt>
			<trkpt lat="18.855367" lon="98.854266">
				<ele>1308.567570</ele>
				<time>2018-12-16T07:12:06Z</time>
			</trkpt>
			<trkpt lat="18.855451" lon="98.854072">
				<ele>1308.179874</ele>
				<time>2018-12-16T07:12:10Z</time>
			</trkpt>
			<trkpt lat="18.855536" lon="98.853891">
				<ele>1304.292667</ele>
				<time>2018-12-16T07:12:14Z</time>
			</trkpt>
			<trkpt lat="18.855629" lon="98.853685">
				<ele>1303.883610</ele>
				<time>2018-12-16T07:12:18Z</time>
			</trkpt>
			<trkpt lat="18.855667" lon="98.853436">
				<ele>1306.584293</ele>
				<time>2018-12-16T07:12:22Z</time>
			</trkpt>
			<trkpt lat="18.855646" lon="98.853186">
				<ele>1306.670597</ele>
				<time>2018-12-16T07:12:26Z</time>
			</trkpt>
			<trkpt lat="18.855626" lon="98.852981">
				<ele>1306.278263</ele>
				<time>2018-12-16T07:12:29Z</time>
			</trkpt>
			<trkpt lat="18.855608" lon="98.852769">
				<ele>1307.416447</ele>
				<time>2018-12-16T07:12:32Z</time>
			</trkpt>
			<trkpt lat="18.855628" lon="98.852555">
				<ele>1304.773502</ele>
				<time>2018-12-16T07:12:36Z</time>
			</trkpt>
			<trkpt lat="18.855714" lon="98.852370">
				<ele>1309.710026</ele>
				<time>2018-12-16T07:12:40Z</time>
			</trkpt>
			<trkpt lat="18.855823" lon="98.852203">
				<ele>1310.105778</ele>
				<time>2018-12-16T07:12:43Z</time>
			</trkpt>
			<trkpt lat="18.855951" lon="98.851997">
				<ele>1305.975285</ele>
				<time>2018-12-16T07:12:49Z</time>
			</trkpt>
			<trkpt lat="18.855943" lon="98.851791">
				<ele>1302.837101</ele>
				<time>2018-12-16T07:12:55Z</time>
			</trkpt>
			<trkpt lat="18.855873" lon="98.851586">
				<ele>1303.755680</ele>
				<time>2018-12-16T07:13:02Z</time>
			</trkpt>
			<trkpt lat="18.855832" lon="98.851380">
				<ele>1300.315861</ele>
				<time>2018-12-16T07:13:06Z</time>
			</trkpt>
			<trkpt lat="18.855830" lon="98.851134">
				<ele>1297.647038</ele>
				<time>2018-12-16T07:13:10Z</time>
			</trkpt>
			<trkpt lat="18.855862" lon="98.850940">
				<ele>1296.990299</ele>
				<time>2018-12-16T07:13:13Z</time>
			</trkpt>
			<trkpt lat="18.855917" lon="98.850716">
				<ele>1296.629826</ele>
				<time>2018-12-16T07:13:17Z</time>
			</trkpt>
			<trkpt lat="18.855901" lon="98.850477">
				<ele>1298.116032</ele>
				<time>2018-12-16T07:13:21Z</time>
			</trkpt>
			<trkpt lat="18.855895" lon="98.850238">
				<ele>1298.907780</ele>
				<time>2018-12-16T07:13:26Z</time>
			</trkpt>
			<trkpt lat="18.855896" lon="98.850035">
				<ele>1297.118351</ele>
				<time>2018-12-16T07:13:30Z</time>
			</trkpt>
			<trkpt lat="18.855909" lon="98.849844">
				<ele>1297.627995</ele>
				<time>2018-12-16T07:13:34Z</time>
			</trkpt>
			<trkpt lat="18.856009" lon="98.849662">
				<ele>1300.513493</ele>
				<time>2018-12-16T07:13:39Z</time>
			</trkpt>
			<trkpt lat="18.856149" lon="98.849539">
				<ele>1303.149357</ele>
				<time>2018-12-16T07:13:42Z</time>
			</trkpt>
			<trkpt lat="18.856358" lon="98.849448">
				<ele>1301.731144</ele>
				<time>2018-12-16T07:13:46Z</time>
			</trkpt>
			<trkpt lat="18.856532" lon="98.849394">
				<ele>1307.747623</ele>
				<time>2018-12-16T07:13:51Z</time>
			</trkpt>
			<trkpt lat="18.856679" lon="98.849268">
				<ele>1308.588810</ele>
				<time>2018-12-16T07:13:56Z</time>
			</trkpt>
			<trkpt lat="18.856802" lon="98.849112">
				<ele>1305.730167</ele>
				<time>2018-12-16T07:14:02Z</time>
			</trkpt>
			<trkpt lat="18.856917" lon="98.848965">
				<ele>1304.565006</ele>
				<time>2018-12-16T07:14:08Z</time>
			</trkpt>
			<trkpt lat="18.857053" lon="98.848789">
				<ele>1303.987980</ele>
				<time>2018-12-16T07:14:12Z</time>
			</trkpt>
			<trkpt lat="18.857184" lon="98.848617">
				<ele>1305.143497</ele>
				<time>2018-12-16T07:14:15Z</time>
			</trkpt>
			<trkpt lat="18.857316" lon="98.848405">
				<ele>1306.399479</ele>
				<time>2018-12-16T07:14:18Z</time>
			</trkpt>
			<trkpt lat="18.857410" lon="98.848203">
				<ele>1306.513615</ele>
				<time>2018-12-16T07:14:21Z</time>
			</trkpt>
			<trkpt lat="18.857485" lon="98.848013">
				<ele>1308.431339</ele>
				<time>2018-12-16T07:14:24Z</time>
			</trkpt>
			<trkpt lat="18.857579" lon="98.847788">
				<ele>1308.067814</ele>
				<time>2018-12-16T07:14:28Z</time>
			</trkpt>
			<trkpt lat="18.857717" lon="98.847589">
				<ele>1305.624699</ele>
				<time>2018-12-16T07:14:32Z</time>
			</trkpt>
			<trkpt lat="18.857844" lon="98.847449">
				<ele>1307.334782</ele>
				<time>2018-12-16T07:14:36Z</time>
			</trkpt>
			<trkpt lat="18.857986" lon="98.847314">
				<ele>1303.414127</ele>
				<time>2018-12-16T07:14:57Z</time>
			</trkpt>
			<trkpt lat="18.858138" lon="98.847183">
				<ele>1300.348653</ele>
				<time>2018-12-16T07:18:36Z</time>
			</trkpt>
			<trkpt lat="18.858338" lon="98.847147">
				<ele>1300.572856</ele>
				<time>2018-12-16T07:18:42Z</time>
			</trkpt>
			<trkpt lat="18.858528" lon="98.847199">
				<ele>1299.167790</ele>
				<time>2018-12-16T07:18:48Z</time>
			</trkpt>
			<trkpt lat="18.858644" lon="98.847372">
				<ele>1298.014546</ele>
				<time>2018-12-16T07:18:52Z</time>
			</trkpt>
			<trkpt lat="18.858829" lon="98.847491">
				<ele>1297.618508</ele>
				<time>2018-12-16T07:18:56Z</time>
			</trkpt>
			<trkpt lat="18.859079" lon="98.847547">
				<ele>1295.228990</ele>
				<time>2018-12-16T07:19:01Z</time>
			</trkpt>
			<trkpt lat="18.859273" lon="98.847548">
				<ele>1295.107239</ele>
				<time>2018-12-16T07:19:04Z</time>
			</trkpt>
			<trkpt lat="18.859492" lon="98.847548">
				<ele>1293.120568</ele>
				<time>2018-12-16T07:19:07Z</time>
			</trkpt>
			<trkpt lat="18.859714" lon="98.847548">
				<ele>1296.912663</ele>
				<time>2018-12-16T07:19:11Z</time>
			</trkpt>
			<trkpt lat="18.859921" lon="98.847547">
				<ele>1296.047916</ele>
				<time>2018-12-16T07:19:15Z</time>
			</trkpt>
			<trkpt lat="18.860107" lon="98.847546">
				<ele>1296.433659</ele>
				<time>2018-12-16T07:19:20Z</time>
			</trkpt>
			<trkpt lat="18.860293" lon="98.847545">
				<ele>1293.529484</ele>
				<time>2018-12-16T07:19:25Z</time>
			</trkpt>
			<trkpt lat="18.860484" lon="98.847545">
				<ele>1294.393497</ele>
				<time>2018-12-16T07:19:31Z</time>
			</trkpt>
			<trkpt lat="18.860684" lon="98.847516">
				<ele>1296.454411</ele>
				<time>2018-12-16T07:19:36Z</time>
			</trkpt>
			<trkpt lat="18.860899" lon="98.847454">
				<ele>1297.553654</ele>
				<time>2018-12-16T07:19:41Z</time>
			</trkpt>
			<trkpt lat="18.861079" lon="98.847418">
				<ele>1297.280338</ele>
				<time>2018-12-16T07:19:43Z</time>
			</trkpt>
			<trkpt lat="18.861273" lon="98.847421">
				<ele>1297.324894</ele>
				<time>2018-12-16T07:19:48Z</time>
			</trkpt>
			<trkpt lat="18.861456" lon="98.847373">
				<ele>1296.354069</ele>
				<time>2018-12-16T07:19:53Z</time>
			</trkpt>
			<trkpt lat="18.861671" lon="98.847318">
				<ele>1293.654850</ele>
				<time>2018-12-16T07:19:58Z</time>
			</trkpt>
			<trkpt lat="18.861868" lon="98.847282">
				<ele>1293.146183</ele>
				<time>2018-12-16T07:20:01Z</time>
			</trkpt>
			<trkpt lat="18.862095" lon="98.847275">
				<ele>1293.060734</ele>
				<time>2018-12-16T07:20:05Z</time>
			</trkpt>
			<trkpt lat="18.862313" lon="98.847271">
				<ele>1291.751896</ele>
				<time>2018-12-16T07:20:10Z</time>
			</trkpt>
			<trkpt lat="18.862539" lon="98.847275">
				<ele>1290.751530</ele>
				<time>2018-12-16T07:20:15Z</time>
			</trkpt>
			<trkpt lat="18.862750" lon="98.847283">
				<ele>1290.743717</ele>
				<time>2018-12-16T07:20:19Z</time>
			</trkpt>
			<trkpt lat="18.862951" lon="98.847290">
				<ele>1287.368473</ele>
				<time>2018-12-16T07:20:24Z</time>
			</trkpt>
			<trkpt lat="18.863136" lon="98.847315">
				<ele>1283.366398</ele>
				<time>2018-12-16T07:20:29Z</time>
			</trkpt>
			<trkpt lat="18.863333" lon="98.847342">
				<ele>1283.027287</ele>
				<time>2018-12-16T07:20:32Z</time>
			</trkpt>
			<trkpt lat="18.863549" lon="98.847372">
				<ele>1283.037418</ele>
				<time>2018-12-16T07:20:37Z</time>
			</trkpt>
			<trkpt lat="18.863742" lon="98.847399">
				<ele>1284.329288</ele>
				<time>2018-12-16T07:20:42Z</time>
			</trkpt>
			<trkpt lat="18.863981" lon="98.847433">
				<ele>1281.974308</ele>
				<time>2018-12-16T07:20:46Z</time>
			</trkpt>
			<trkpt lat="18.863881" lon="98.847603">
				<ele>1273.169621</ele>
				<time>2018-12-16T07:20:55Z</time>
			</trkpt>
			<trkpt lat="18.863689" lon="98.847689">
				<ele>1268.656925</ele>
				<time>2018-12-16T07:21:00Z</time>
			</trkpt>
			<trkpt lat="18.863521" lon="98.847784">
				<ele>1268.220646</ele>
				<time>2018-12-16T07:21:04Z</time>
			</trkpt>
			<trkpt lat="18.863318" lon="98.847907">
				<ele>1266.243595</ele>
				<time>2018-12-16T07:21:08Z</time>
			</trkpt>
			<trkpt lat="18.863135" lon="98.848017">
				<ele>1262.079899</ele>
				<time>2018-12-16T07:21:12Z</time>
			</trkpt>
			<trkpt lat="18.862977" lon="98.848112">
				<ele>1257.009342</ele>
				<time>2018-12-16T07:21:16Z</time>
			</trkpt>
			<trkpt lat="18.862817" lon="98.848208">
				<ele>1252.065006</ele>
				<time>2018-12-16T07:21:21Z</time>
			</trkpt>
			<trkpt lat="18.862630" lon="98.848317">
				<ele>1248.230045</ele>
				<time>2018-12-16T07:21:27Z</time>
			</trkpt>
			<trkpt lat="18.862469" lon="98.848409">
				<ele>1246.008121</ele>
				<time>2018-12-16T07:21:31Z</time>
			</trkpt>
			<trkpt lat="18.862257" lon="98.848518">
				<ele>1244.302799</ele>
				<time>2018-12-16T07:21:36Z</time>
			</trkpt>
			<trkpt lat="18.861989" lon="98.848635">
				<ele>1242.021915</ele>
				<time>2018-12-16T07:21:40Z</time>
			</trkpt>
			<trkpt lat="18.861796" lon="98.848712">
				<ele>1238.522648</ele>
				<time>2018-12-16T07:21:44Z</time>
			</trkpt>
			<trkpt lat="18.861589" lon="98.848788">
				<ele>1239.615299</ele>
				<time>2018-12-16T07:21:47Z</time>
			</trkpt>
			<trkpt lat="18.861406" lon="98.848867">
				<ele>1235.576481</ele>
				<time>2018-12-16T07:21:51Z</time>
			</trkpt>
			<trkpt lat="18.861242" lon="98.848967">
				<ele>1234.200260</ele>
				<time>2018-12-16T07:21:54Z</time>
			</trkpt>
			<trkpt lat="18.861058" lon="98.849085">
				<ele>1229.941105</ele>
				<time>2018-12-16T07:21:58Z</time>
			</trkpt>
			<trkpt lat="18.860913" lon="98.849221">
				<ele>1214.233160</ele>
				<time>2018-12-16T07:22:29Z</time>
			</trkpt>
			<trkpt lat="18.861106" lon="98.849263">
				<ele>1211.653322</ele>
				<time>2018-12-16T07:29:51Z</time>
			</trkpt>
			<trkpt lat="18.861289" lon="98.849262">
				<ele>1208.554915</ele>
				<time>2018-12-16T07:30:01Z</time>
			</trkpt>
			<trkpt lat="18.861475" lon="98.849254">
				<ele>1204.607942</ele>
				<time>2018-12-16T07:30:09Z</time>
			</trkpt>
			<trkpt lat="18.861652" lon="98.849335">
				<ele>1200.656850</ele>
				<time>2018-12-16T07:30:18Z</time>
			</trkpt>
			<trkpt lat="18.861834" lon="98.849401">
				<ele>1198.536751</ele>
				<time>2018-12-16T07:30:23Z</time>
			</trkpt>
			<trkpt lat="18.862025" lon="98.849474">
				<ele>1197.732559</ele>
				<time>2018-12-16T07:30:28Z</time>
			</trkpt>
			<trkpt lat="18.862210" lon="98.849535">
				<ele>1195.633881</ele>
				<time>2018-12-16T07:30:32Z</time>
			</trkpt>
			<trkpt lat="18.862384" lon="98.849600">
				<ele>1200.744205</ele>
				<time>2018-12-16T07:30:36Z</time>
			</trkpt>
			<trkpt lat="18.862573" lon="98.849619">
				<ele>1191.269718</ele>
				<time>2018-12-16T07:30:41Z</time>
			</trkpt>
			<trkpt lat="18.862791" lon="98.849607">
				<ele>1187.368717</ele>
				<time>2018-12-16T07:30:47Z</time>
			</trkpt>
			<trkpt lat="18.862982" lon="98.849604">
				<ele>1185.190377</ele>
				<time>2018-12-16T07:30:52Z</time>
			</trkpt>
			<trkpt lat="18.863186" lon="98.849642">
				<ele>1187.649967</ele>
				<time>2018-12-16T07:30:59Z</time>
			</trkpt>
			<trkpt lat="18.863333" lon="98.849754">
				<ele>1176.363649</ele>
				<time>2018-12-16T07:31:05Z</time>
			</trkpt>
			<trkpt lat="18.863482" lon="98.849924">
				<ele>1172.699751</ele>
				<time>2018-12-16T07:31:11Z</time>
			</trkpt>
			<trkpt lat="18.863651" lon="98.850038">
				<ele>1171.092391</ele>
				<time>2018-12-16T07:31:16Z</time>
			</trkpt>
			<trkpt lat="18.863750" lon="98.850224">
				<ele>1166.243934</ele>
				<time>2018-12-16T07:31:21Z</time>
			</trkpt>
			<trkpt lat="18.863765" lon="98.850444">
				<ele>1161.902226</ele>
				<time>2018-12-16T07:31:26Z</time>
			</trkpt>
			<trkpt lat="18.863749" lon="98.850636">
				<ele>1160.114741</ele>
				<time>2018-12-16T07:31:30Z</time>
			</trkpt>
			<trkpt lat="18.863774" lon="98.850833">
				<ele>1155.104923</ele>
				<time>2018-12-16T07:31:34Z</time>
			</trkpt>
			<trkpt lat="18.863960" lon="98.850912">
				<ele>1153.792140</ele>
				<time>2018-12-16T07:31:41Z</time>
			</trkpt>
			<trkpt lat="18.864133" lon="98.850813">
				<ele>1149.774954</ele>
				<time>2018-12-16T07:31:48Z</time>
			</trkpt>
			<trkpt lat="18.864324" lon="98.850768">
				<ele>1145.594960</ele>
				<time>2018-12-16T07:31:54Z</time>
			</trkpt>
			<trkpt lat="18.864517" lon="98.850817">
				<ele>1141.913801</ele>
				<time>2018-12-16T07:31:58Z</time>
			</trkpt>
			<trkpt lat="18.864709" lon="98.850896">
				<ele>1139.450397</ele>
				<time>2018-12-16T07:32:02Z</time>
			</trkpt>
			<trkpt lat="18.864886" lon="98.850951">
				<ele>1136.067277</ele>
				<time>2018-12-16T07:32:08Z</time>
			</trkpt>
			<trkpt lat="18.865083" lon="98.850932">
				<ele>1128.935742</ele>
				<time>2018-12-16T07:32:35Z</time>
			</trkpt>
			<trkpt lat="18.865187" lon="98.851096">
				<ele>1123.352189</ele>
				<time>2018-12-16T07:32:40Z</time>
			</trkpt>
			<trkpt lat="18.865172" lon="98.851323">
				<ele>1119.526004</ele>
				<time>2018-12-16T07:32:44Z</time>
			</trkpt>
			<trkpt lat="18.865019" lon="98.851476">
				<ele>1115.275679</ele>
				<time>2018-12-16T07:32:48Z</time>
			</trkpt>
			<trkpt lat="18.864818" lon="98.851581">
				<ele>1111.152436</ele>
				<time>2018-12-16T07:32:53Z</time>
			</trkpt>
			<trkpt lat="18.864660" lon="98.851679">
				<ele>1105.264531</ele>
				<time>2018-12-16T07:32:57Z</time>
			</trkpt>
			<trkpt lat="18.864614" lon="98.851871">
				<ele>1102.422916</ele>
				<time>2018-12-16T07:33:02Z</time>
			</trkpt>
			<trkpt lat="18.864671" lon="98.852119">
				<ele>1098.946493</ele>
				<time>2018-12-16T07:33:06Z</time>
			</trkpt>
			<trkpt lat="18.864722" lon="98.852311">
				<ele>1095.595106</ele>
				<time>2018-12-16T07:33:09Z</time>
			</trkpt>
			<trkpt lat="18.864773" lon="98.852508">
				<ele>1093.676293</ele>
				<time>2018-12-16T07:33:12Z</time>
			</trkpt>
			<trkpt lat="18.864792" lon="98.852727">
				<ele>1088.367019</ele>
				<time>2018-12-16T07:33:16Z</time>
			</trkpt>
			<trkpt lat="18.864762" lon="98.852928">
				<ele>1084.107916</ele>
				<time>2018-12-16T07:33:20Z</time>
			</trkpt>
			<trkpt lat="18.864759" lon="98.853129">
				<ele>1080.630040</ele>
				<time>2018-12-16T07:33:25Z</time>
			</trkpt>
			<trkpt lat="18.864779" lon="98.853360">
				<ele>1079.396042</ele>
				<time>2018-12-16T07:33:30Z</time>
			</trkpt>
			<trkpt lat="18.864816" lon="98.853568">
				<ele>1078.480469</ele>
				<time>2018-12-16T07:33:34Z</time>
			</trkpt>
			<trkpt lat="18.864882" lon="98.853768">
				<ele>1074.661152</ele>
				<time>2018-12-16T07:33:38Z</time>
			</trkpt>
			<trkpt lat="18.865033" lon="98.853937">
				<ele>1071.690018</ele>
				<time>2018-12-16T07:33:42Z</time>
			</trkpt>
			<trkpt lat="18.865240" lon="98.853946">
				<ele>1066.061834</ele>
				<time>2018-12-16T07:33:46Z</time>
			</trkpt>
			<trkpt lat="18.865426" lon="98.853899">
				<ele>1062.267592</ele>
				<time>2018-12-16T07:33:51Z</time>
			</trkpt>
			<trkpt lat="18.865577" lon="98.853730">
				<ele>1057.934512</ele>
				<time>2018-12-16T07:33:56Z</time>
			</trkpt>
			<trkpt lat="18.865632" lon="98.853542">
				<ele>1052.209690</ele>
				<time>2018-12-16T07:34:01Z</time>
			</trkpt>
			<trkpt lat="18.865710" lon="98.853356">
				<ele>1050.230565</ele>
				<time>2018-12-16T07:34:05Z</time>
			</trkpt>
			<trkpt lat="18.865845" lon="98.853200">
				<ele>1046.242787</ele>
				<time>2018-12-16T07:34:08Z</time>
			</trkpt>
			<trkpt lat="18.866004" lon="98.853046">
				<ele>1041.597788</ele>
				<time>2018-12-16T07:34:11Z</time>
			</trkpt>
			<trkpt lat="18.866195" lon="98.852904">
				<ele>1037.379493</ele>
				<time>2018-12-16T07:34:17Z</time>
			</trkpt>
			<trkpt lat="18.866420" lon="98.852939">
				<ele>1031.828892</ele>
				<time>2018-12-16T07:34:23Z</time>
			</trkpt>
			<trkpt lat="18.866639" lon="98.852921">
				<ele>1027.713745</ele>
				<time>2018-12-16T07:34:28Z</time>
			</trkpt>
			<trkpt lat="18.866800" lon="98.852793">
				<ele>1025.694763</ele>
				<time>2018-12-16T07:34:33Z</time>
			</trkpt>
			<trkpt lat="18.866984" lon="98.852787">
				<ele>1024.876447</ele>
				<time>2018-12-16T07:34:36Z</time>
			</trkpt>
			<trkpt lat="18.867251" lon="98.852882">
				<ele>1025.829536</ele>
				<time>2018-12-16T07:34:42Z</time>
			</trkpt>
			<trkpt lat="18.867450" lon="98.852920">
				<ele>1025.069146</ele>
				<time>2018-12-16T07:34:45Z</time>
			</trkpt>
			<trkpt lat="18.867646" lon="98.852931">
				<ele>1025.656475</ele>
				<time>2018-12-16T07:34:49Z</time>
			</trkpt>
			<trkpt lat="18.867845" lon="98.852892">
				<ele>1024.300260</ele>
				<time>2018-12-16T07:34:52Z</time>
			</trkpt>
			<trkpt lat="18.868072" lon="98.852831">
				<ele>1021.856464</ele>
				<time>2018-12-16T07:34:56Z</time>
			</trkpt>
			<trkpt lat="18.868268" lon="98.852811">
				<ele>1019.080846</ele>
				<time>2018-12-16T07:35:00Z</time>
			</trkpt>
			<trkpt lat="18.868453" lon="98.852813">
				<ele>1016.972706</ele>
				<time>2018-12-16T07:35:05Z</time>
			</trkpt>
			<trkpt lat="18.868298" lon="98.852978">
				<ele>1002.499416</ele>
				<time>2018-12-16T07:36:31Z</time>
			</trkpt>
			<trkpt lat="18.868136" lon="98.853072">
				<ele>1002.123817</ele>
				<time>2018-12-16T07:36:34Z</time>
			</trkpt>
			<trkpt lat="18.867942" lon="98.853120">
				<ele>1002.779835</ele>
				<time>2018-12-16T07:36:39Z</time>
			</trkpt>
			<trkpt lat="18.867719" lon="98.853175">
				<ele>1003.800178</ele>
				<time>2018-12-16T07:36:47Z</time>
			</trkpt>
			<trkpt lat="18.867490" lon="98.853232">
				<ele>1001.608711</ele>
				<time>2018-12-16T07:36:50Z</time>
			</trkpt>
			<trkpt lat="18.867277" lon="98.853289">
				<ele>1000.670126</ele>
				<time>2018-12-16T07:36:53Z</time>
			</trkpt>
			<trkpt lat="18.867121" lon="98.853417">
				<ele>1001.142375</ele>
				<time>2018-12-16T07:36:56Z</time>
			</trkpt>
			<trkpt lat="18.867021" lon="98.853600">
				<ele>999.499139</ele>
				<time>2018-12-16T07:36:59Z</time>
			</trkpt>
			<trkpt lat="18.866978" lon="98.853886">
				<ele>997.043450</ele>
				<time>2018-12-16T07:37:02Z</time>
			</trkpt>
			<trkpt lat="18.866946" lon="98.854120">
				<ele>995.668367</ele>
				<time>2018-12-16T07:37:05Z</time>
			</trkpt>
			<trkpt lat="18.866880" lon="98.854307">
				<ele>997.670581</ele>
				<time>2018-12-16T07:37:08Z</time>
			</trkpt>
			<trkpt lat="18.866759" lon="98.854450">
				<ele>996.893149</ele>
				<time>2018-12-16T07:37:11Z</time>
			</trkpt>
			<trkpt lat="18.866594" lon="98.854609">
				<ele>993.383425</ele>
				<time>2018-12-16T07:37:14Z</time>
			</trkpt>
			<trkpt lat="18.866502" lon="98.854791">
				<ele>993.873362</ele>
				<time>2018-12-16T07:37:17Z</time>
			</trkpt>
			<trkpt lat="18.866630" lon="98.854988">
				<ele>993.690802</ele>
				<time>2018-12-16T07:37:24Z</time>
			</trkpt>
			<trkpt lat="18.866819" lon="98.855060">
				<ele>994.217749</ele>
				<time>2018-12-16T07:37:27Z</time>
			</trkpt>
			<trkpt lat="18.867037" lon="98.855165">
				<ele>998.585569</ele>
				<time>2018-12-16T07:37:30Z</time>
			</trkpt>
			<trkpt lat="18.867207" lon="98.855263">
				<ele>1000.410495</ele>
				<time>2018-12-16T07:37:33Z</time>
			</trkpt>
			<trkpt lat="18.867329" lon="98.855411">
				<ele>1002.746887</ele>
				<time>2018-12-16T07:37:37Z</time>
			</trkpt>
			<trkpt lat="18.867348" lon="98.855636">
				<ele>1004.868078</ele>
				<time>2018-12-16T07:37:40Z</time>
			</trkpt>
			<trkpt lat="18.867248" lon="98.855903">
				<ele>1008.387285</ele>
				<time>2018-12-16T07:37:44Z</time>
			</trkpt>
			<trkpt lat="18.867075" lon="98.855972">
				<ele>1011.268689</ele>
				<time>2018-12-16T07:37:47Z</time>
			</trkpt>
			<trkpt lat="18.866872" lon="98.856076">
				<ele>1012.863087</ele>
				<time>2018-12-16T07:37:52Z</time>
			</trkpt>
			<trkpt lat="18.866768" lon="98.855993">
				<ele>1013.745507</ele>
				<time>2018-12-16T07:37:55Z</time>
			</trkpt>
			<trkpt lat="18.866966" lon="98.856003">
				<ele>1014.839825</ele>
				<time>2018-12-16T07:38:00Z</time>
			</trkpt>
			<trkpt lat="18.867169" lon="98.855997">
				<ele>1016.902901</ele>
				<time>2018-12-16T07:38:04Z</time>
			</trkpt>
			<trkpt lat="18.867398" lon="98.856019">
				<ele>1015.601424</ele>
				<time>2018-12-16T07:38:07Z</time>
			</trkpt>
			<trkpt lat="18.867570" lon="98.856091">
				<ele>1017.687021</ele>
				<time>2018-12-16T07:38:11Z</time>
			</trkpt>
			<trkpt lat="18.867760" lon="98.856185">
				<ele>1018.166291</ele>
				<time>2018-12-16T07:38:15Z</time>
			</trkpt>
			<trkpt lat="18.867931" lon="98.856296">
				<ele>1023.745661</ele>
				<time>2018-12-16T07:38:20Z</time>
			</trkpt>
			<trkpt lat="18.868062" lon="98.856436">
				<ele>1023.013163</ele>
				<time>2018-12-16T07:38:25Z</time>
			</trkpt>
			<trkpt lat="18.868159" lon="98.856616">
				<ele>1025.509094</ele>
				<time>2018-12-16T07:38:31Z</time>
			</trkpt>
			<trkpt lat="18.868222" lon="98.856834">
				<ele>1024.447745</ele>
				<time>2018-12-16T07:38:35Z</time>
			</trkpt>
			<trkpt lat="18.868268" lon="98.857042">
				<ele>1025.628512</ele>
				<time>2018-12-16T07:38:44Z</time>
			</trkpt>
			<trkpt lat="18.868310" lon="98.857246">
				<ele>1019.803444</ele>
				<time>2018-12-16T07:38:54Z</time>
			</trkpt>
			<trkpt lat="18.868724" lon="98.857342">
				<ele>1015.921408</ele>
				<time>2018-12-16T07:39:02Z</time>
			</trkpt>
			<trkpt lat="18.868925" lon="98.857361">
				<ele>1017.487862</ele>
				<time>2018-12-16T07:39:08Z</time>
			</trkpt>
			<trkpt lat="18.869091" lon="98.857277">
				<ele>1015.542151</ele>
				<time>2018-12-16T07:39:25Z</time>
			</trkpt>
			<trkpt lat="18.869274" lon="98.857205">
				<ele>1006.491578</ele>
				<time>2018-12-16T07:39:55Z</time>
			</trkpt>
			<trkpt lat="18.869443" lon="98.857127">
				<ele>1000.027848</ele>
				<time>2018-12-16T07:41:40Z</time>
			</trkpt>
			<trkpt lat="18.869515" lon="98.857328">
				<ele>1004.270348</ele>
				<time>2018-12-16T07:47:16Z</time>
			</trkpt>
			<trkpt lat="18.869455" lon="98.857557">
				<ele>1019.790470</ele>
				<time>2018-12-16T07:47:20Z</time>
			</trkpt>
			<trkpt lat="18.869379" lon="98.857762">
				<ele>1022.675480</ele>
				<time>2018-12-16T07:47:24Z</time>
			</trkpt>
			<trkpt lat="18.869331" lon="98.857971">
				<ele>1022.968693</ele>
				<time>2018-12-16T07:47:29Z</time>
			</trkpt>
			<trkpt lat="18.869369" lon="98.858195">
				<ele>1021.318302</ele>
				<time>2018-12-16T07:47:34Z</time>
			</trkpt>
			<trkpt lat="18.869364" lon="98.858387">
				<ele>1019.911808</ele>
				<time>2018-12-16T07:47:37Z</time>
			</trkpt>
			<trkpt lat="18.869368" lon="98.858591">
				<ele>1024.797306</ele>
				<time>2018-12-16T07:47:42Z</time>
			</trkpt>
			<trkpt lat="18.869385" lon="98.858783">
				<ele>1024.706486</ele>
				<time>2018-12-16T07:47:47Z</time>
			</trkpt>
			<trkpt lat="18.869409" lon="98.858980">
				<ele>1024.685001</ele>
				<time>2018-12-16T07:47:52Z</time>
			</trkpt>
			<trkpt lat="18.869452" lon="98.859195">
				<ele>1023.608341</ele>
				<time>2018-12-16T07:47:57Z</time>
			</trkpt>
			<trkpt lat="18.869439" lon="98.859387">
				<ele>1024.233463</ele>
				<time>2018-12-16T07:48:02Z</time>
			</trkpt>
			<trkpt lat="18.869610" lon="98.859467">
				<ele>1023.221012</ele>
				<time>2018-12-16T07:48:05Z</time>
			</trkpt>
			<trkpt lat="18.869807" lon="98.859542">
				<ele>1018.630924</ele>
				<time>2018-12-16T07:48:10Z</time>
			</trkpt>
			<trkpt lat="18.869905" lon="98.859705">
				<ele>1011.339054</ele>
				<time>2018-12-16T07:48:14Z</time>
			</trkpt>
			<trkpt lat="18.870090" lon="98.859711">
				<ele>1011.623600</ele>
				<time>2018-12-16T07:48:17Z</time>
			</trkpt>
			<trkpt lat="18.870249" lon="98.859834">
				<ele>1011.179874</ele>
				<time>2018-12-16T07:48:21Z</time>
			</trkpt>
			<trkpt lat="18.870393" lon="98.860008">
				<ele>1005.886923</ele>
				<time>2018-12-16T07:48:39Z</time>
			</trkpt>
			<trkpt lat="18.870337" lon="98.860219">
				<ele>1005.544840</ele>
				<time>2018-12-16T07:48:44Z</time>
			</trkpt>
			<trkpt lat="18.870176" lon="98.860350">
				<ele>1001.572752</ele>
				<time>2018-12-16T07:48:49Z</time>
			</trkpt>
			<trkpt lat="18.869982" lon="98.860471">
				<ele>1017.018986</ele>
				<time>2018-12-16T07:48:54Z</time>
			</trkpt>
			<trkpt lat="18.869860" lon="98.860637">
				<ele>1017.243595</ele>
				<time>2018-12-16T07:48:58Z</time>
			</trkpt>
			<trkpt lat="18.869858" lon="98.860835">
				<ele>1017.886173</ele>
				<time>2018-12-16T07:49:03Z</time>
			</trkpt>
			<trkpt lat="18.869896" lon="98.861096">
				<ele>1020.225529</ele>
				<time>2018-12-16T07:49:06Z</time>
			</trkpt>
			<trkpt lat="18.870071" lon="98.861040">
				<ele>1025.829777</ele>
				<time>2018-12-16T07:49:15Z</time>
			</trkpt>
			<trkpt lat="18.870018" lon="98.861236">
				<ele>1036.172794</ele>
				<time>2018-12-16T07:49:24Z</time>
			</trkpt>
			<trkpt lat="18.869873" lon="98.861398">
				<ele>1035.598820</ele>
				<time>2018-12-16T07:49:28Z</time>
			</trkpt>
			<trkpt lat="18.870095" lon="98.861414">
				<ele>1035.583195</ele>
				<time>2018-12-16T07:49:36Z</time>
			</trkpt>
			<trkpt lat="18.870278" lon="98.861362">
				<ele>1035.247990</ele>
				<time>2018-12-16T07:49:41Z</time>
			</trkpt>
			<trkpt lat="18.870246" lon="98.861565">
				<ele>1034.701115</ele>
				<time>2018-12-16T07:49:47Z</time>
			</trkpt>
			<trkpt lat="18.870083" lon="98.861707">
				<ele>1034.014835</ele>
				<time>2018-12-16T07:49:52Z</time>
			</trkpt>
			<trkpt lat="18.869922" lon="98.861850">
				<ele>1039.497990</ele>
				<time>2018-12-16T07:49:56Z</time>
			</trkpt>
			<trkpt lat="18.870104" lon="98.861917">
				<ele>1040.575626</ele>
				<time>2018-12-16T07:50:01Z</time>
			</trkpt>
			<trkpt lat="18.870291" lon="98.861895">
				<ele>1043.891178</ele>
				<time>2018-12-16T07:50:07Z</time>
			</trkpt>
			<trkpt lat="18.870217" lon="98.862080">
				<ele>1043.726871</ele>
				<time>2018-12-16T07:50:12Z</time>
			</trkpt>
			<trkpt lat="18.870019" lon="98.862230">
				<ele>1045.553532</ele>
				<time>2018-12-16T07:50:19Z</time>
			</trkpt>
			<trkpt lat="18.869869" lon="98.862420">
				<ele>1045.673649</ele>
				<time>2018-12-16T07:50:25Z</time>
			</trkpt>
			<trkpt lat="18.870052" lon="98.862440">
				<ele>1052.874210</ele>
				<time>2018-12-16T07:50:38Z</time>
			</trkpt>
			<trkpt lat="18.870281" lon="98.862414">
				<ele>1053.542912</ele>
				<time>2018-12-16T07:50:41Z</time>
			</trkpt>
			<trkpt lat="18.870466" lon="98.862480">
				<ele>1057.711979</ele>
				<time>2018-12-16T07:50:44Z</time>
			</trkpt>
			<trkpt lat="18.870542" lon="98.862698">
				<ele>1059.216007</ele>
				<time>2018-12-16T07:50:50Z</time>
			</trkpt>
			<trkpt lat="18.870565" lon="98.862922">
				<ele>1061.945499</ele>
				<time>2018-12-16T07:50:55Z</time>
			</trkpt>
			<trkpt lat="18.870589" lon="98.863143">
				<ele>1063.206120</ele>
				<time>2018-12-16T07:51:00Z</time>
			</trkpt>
			<trkpt lat="18.870636" lon="98.863455">
				<ele>1062.551579</ele>
				<time>2018-12-16T07:51:04Z</time>
			</trkpt>
			<trkpt lat="18.870718" lon="98.863538">
				<ele>1068.357121</ele>
				<time>2018-12-16T07:51:14Z</time>
			</trkpt>
			<trkpt lat="18.870921" lon="98.863462">
				<ele>1073.498844</ele>
				<time>2018-12-16T07:51:18Z</time>
			</trkpt>
			<trkpt lat="18.871086" lon="98.863345">
				<ele>1076.930607</ele>
				<time>2018-12-16T07:51:21Z</time>
			</trkpt>
			<trkpt lat="18.871249" lon="98.863196">
				<ele>1076.098698</ele>
				<time>2018-12-16T07:51:24Z</time>
			</trkpt>
			<trkpt lat="18.871386" lon="98.863016">
				<ele>1079.082340</ele>
				<time>2018-12-16T07:51:28Z</time>
			</trkpt>
			<trkpt lat="18.871538" lon="98.862886">
				<ele>1081.208195</ele>
				<time>2018-12-16T07:51:33Z</time>
			</trkpt>
			<trkpt lat="18.871719" lon="98.862843">
				<ele>1082.966618</ele>
				<time>2018-12-16T07:51:37Z</time>
			</trkpt>
			<trkpt lat="18.871894" lon="98.862899">
				<ele>1084.999454</ele>
				<time>2018-12-16T07:51:40Z</time>
			</trkpt>
			<trkpt lat="18.871962" lon="98.863087">
				<ele>1084.773258</ele>
				<time>2018-12-16T07:51:44Z</time>
			</trkpt>
			<trkpt lat="18.871981" lon="98.863291">
				<ele>1089.313541</ele>
				<time>2018-12-16T07:51:48Z</time>
			</trkpt>
			<trkpt lat="18.871969" lon="98.863529">
				<ele>1090.027653</ele>
				<time>2018-12-16T07:51:53Z</time>
			</trkpt>
			<trkpt lat="18.871928" lon="98.863718">
				<ele>1093.689030</ele>
				<time>2018-12-16T07:51:57Z</time>
			</trkpt>
			<trkpt lat="18.871876" lon="98.863922">
				<ele>1092.080631</ele>
				<time>2018-12-16T07:52:03Z</time>
			</trkpt>
			<trkpt lat="18.871829" lon="98.864113">
				<ele>1087.562077</ele>
				<time>2018-12-16T07:52:07Z</time>
			</trkpt>
			<trkpt lat="18.871790" lon="98.864303">
				<ele>1088.181339</ele>
				<time>2018-12-16T07:52:11Z</time>
			</trkpt>
			<trkpt lat="18.871759" lon="98.864559">
				<ele>1093.116520</ele>
				<time>2018-12-16T07:52:15Z</time>
			</trkpt>
			<trkpt lat="18.871775" lon="98.864760">
				<ele>1095.428288</ele>
				<time>2018-12-16T07:52:19Z</time>
			</trkpt>
			<trkpt lat="18.871839" lon="98.864940">
				<ele>1105.119694</ele>
				<time>2018-12-16T07:52:23Z</time>
			</trkpt>
			<trkpt lat="18.871948" lon="98.865128">
				<ele>1109.025333</ele>
				<time>2018-12-16T07:52:26Z</time>
			</trkpt>
			<trkpt lat="18.872122" lon="98.865277">
				<ele>1112.017887</ele>
				<time>2018-12-16T07:52:31Z</time>
			</trkpt>
			<trkpt lat="18.872465" lon="98.865318">
				<ele>1111.592106</ele>
				<time>2018-12-16T07:52:38Z</time>
			</trkpt>
			<trkpt lat="18.872628" lon="98.865220">
				<ele>1113.106144</ele>
				<time>2018-12-16T07:52:43Z</time>
			</trkpt>
			<trkpt lat="18.872700" lon="98.865015">
				<ele>1113.914005</ele>
				<time>2018-12-16T07:52:47Z</time>
			</trkpt>
			<trkpt lat="18.872755" lon="98.864834">
				<ele>1115.488834</ele>
				<time>2018-12-16T07:52:51Z</time>
			</trkpt>
			<trkpt lat="18.872919" lon="98.864697">
				<ele>1116.378361</ele>
				<time>2018-12-16T07:52:56Z</time>
			</trkpt>
			<trkpt lat="18.873113" lon="98.864811">
				<ele>1120.399845</ele>
				<time>2018-12-16T07:53:01Z</time>
			</trkpt>
			<trkpt lat="18.873282" lon="98.864920">
				<ele>1104.045269</ele>
				<time>2018-12-16T07:53:06Z</time>
			</trkpt>
			<trkpt lat="18.873487" lon="98.865005">
				<ele>1121.801090</ele>
				<time>2018-12-16T07:53:11Z</time>
			</trkpt>
			<trkpt lat="18.873654" lon="98.865084">
				<ele>1123.550236</ele>
				<time>2018-12-16T07:53:13Z</time>
			</trkpt>
			<trkpt lat="18.873763" lon="98.865297">
				<ele>1125.846500</ele>
				<time>2018-12-16T07:53:18Z</time>
			</trkpt>
			<trkpt lat="18.873552" lon="98.866198">
				<ele>1111.131395</ele>
				<time>2018-12-16T07:53:46Z</time>
			</trkpt>
			<trkpt lat="18.873407" lon="98.866325">
				<ele>1115.307817</ele>
				<time>2018-12-16T07:54:21Z</time>
			</trkpt>
			<trkpt lat="18.873246" lon="98.866421">
				<ele>1114.491400</ele>
				<time>2018-12-16T07:54:32Z</time>
			</trkpt>
			<trkpt lat="18.873042" lon="98.866468">
				<ele>1142.855900</ele>
				<time>2018-12-16T07:54:38Z</time>
			</trkpt>
			<trkpt lat="18.872874" lon="98.866619">
				<ele>1141.736149</ele>
				<time>2018-12-16T07:54:43Z</time>
			</trkpt>
			<trkpt lat="18.872777" lon="98.866817">
				<ele>1143.173161</ele>
				<time>2018-12-16T07:54:47Z</time>
			</trkpt>
			<trkpt lat="18.872726" lon="98.867021">
				<ele>1143.056828</ele>
				<time>2018-12-16T07:54:51Z</time>
			</trkpt>
			<trkpt lat="18.872785" lon="98.867211">
				<ele>1146.742985</ele>
				<time>2018-12-16T07:54:55Z</time>
			</trkpt>
			<trkpt lat="18.872885" lon="98.867392">
				<ele>1147.937321</ele>
				<time>2018-12-16T07:54:59Z</time>
			</trkpt>
			<trkpt lat="18.873053" lon="98.867516">
				<ele>1148.528385</ele>
				<time>2018-12-16T07:55:04Z</time>
			</trkpt>
			<trkpt lat="18.873240" lon="98.867606">
				<ele>1148.120182</ele>
				<time>2018-12-16T07:55:10Z</time>
			</trkpt>
			<trkpt lat="18.873417" lon="98.867661">
				<ele>1151.897770</ele>
				<time>2018-12-16T07:55:14Z</time>
			</trkpt>
			<trkpt lat="18.873565" lon="98.867773">
				<ele>1147.322941</ele>
				<time>2018-12-16T07:55:18Z</time>
			</trkpt>
			<trkpt lat="18.873622" lon="98.867969">
				<ele>1140.452702</ele>
				<time>2018-12-16T07:55:23Z</time>
			</trkpt>
			<trkpt lat="18.873607" lon="98.868172">
				<ele>1134.217960</ele>
				<time>2018-12-16T07:56:37Z</time>
			</trkpt>
			<trkpt lat="18.873442" lon="98.868282">
				<ele>1136.034611</ele>
				<time>2018-12-16T07:56:41Z</time>
			</trkpt>
			<trkpt lat="18.873292" lon="98.868395">
				<ele>1143.350895</ele>
				<time>2018-12-16T07:56:45Z</time>
			</trkpt>
			<trkpt lat="18.873121" lon="98.868494">
				<ele>1147.045841</ele>
				<time>2018-12-16T07:56:49Z</time>
			</trkpt>
			<trkpt lat="18.873014" lon="98.868696">
				<ele>1150.759464</ele>
				<time>2018-12-16T07:56:52Z</time>
			</trkpt>
			<trkpt lat="18.872826" lon="98.868880">
				<ele>1151.893742</ele>
				<time>2018-12-16T07:56:56Z</time>
			</trkpt>
			<trkpt lat="18.872613" lon="98.869061">
				<ele>1155.409489</ele>
				<time>2018-12-16T07:57:00Z</time>
			</trkpt>
			<trkpt lat="18.872441" lon="98.869200">
				<ele>1158.306217</ele>
				<time>2018-12-16T07:57:03Z</time>
			</trkpt>
			<trkpt lat="18.872248" lon="98.869400">
				<ele>1163.023014</ele>
				<time>2018-12-16T07:57:07Z</time>
			</trkpt>
			<trkpt lat="18.872115" lon="98.869551">
				<ele>1164.344547</ele>
				<time>2018-12-16T07:57:10Z</time>
			</trkpt>
			<trkpt lat="18.871908" lon="98.869598">
				<ele>1166.398136</ele>
				<time>2018-12-16T07:57:14Z</time>
			</trkpt>
			<trkpt lat="18.871710" lon="98.869637">
				<ele>1164.692326</ele>
				<time>2018-12-16T07:57:18Z</time>
			</trkpt>
			<trkpt lat="18.871488" lon="98.869704">
				<ele>1170.554020</ele>
				<time>2018-12-16T07:57:23Z</time>
			</trkpt>
			<trkpt lat="18.871341" lon="98.869857">
				<ele>1172.007633</ele>
				<time>2018-12-16T07:57:28Z</time>
			</trkpt>
			<trkpt lat="18.871151" lon="98.869842">
				<ele>1173.037907</ele>
				<time>2018-12-16T07:57:31Z</time>
			</trkpt>
			<trkpt lat="18.870942" lon="98.869891">
				<ele>1173.273746</ele>
				<time>2018-12-16T07:57:35Z</time>
			</trkpt>
			<trkpt lat="18.870855" lon="98.870105">
				<ele>1175.498478</ele>
				<time>2018-12-16T07:57:39Z</time>
			</trkpt>
			<trkpt lat="18.870947" lon="98.870295">
				<ele>1174.442448</ele>
				<time>2018-12-16T07:57:43Z</time>
			</trkpt>
			<trkpt lat="18.871092" lon="98.870464">
				<ele>1174.685246</ele>
				<time>2018-12-16T07:57:46Z</time>
			</trkpt>
			<trkpt lat="18.871255" lon="98.870631">
				<ele>1174.315372</ele>
				<time>2018-12-16T07:57:49Z</time>
			</trkpt>
			<trkpt lat="18.871393" lon="98.870761">
				<ele>1174.931705</ele>
				<time>2018-12-16T07:57:52Z</time>
			</trkpt>
			<trkpt lat="18.871413" lon="98.870959">
				<ele>1180.672916</ele>
				<time>2018-12-16T07:57:57Z</time>
			</trkpt>
			<trkpt lat="18.871227" lon="98.870986">
				<ele>1180.826359</ele>
				<time>2018-12-16T07:58:01Z</time>
			</trkpt>
			<trkpt lat="18.871028" lon="98.870952">
				<ele>1182.345768</ele>
				<time>2018-12-16T07:58:04Z</time>
			</trkpt>
			<trkpt lat="18.870748" lon="98.870962">
				<ele>1181.449772</ele>
				<time>2018-12-16T07:58:07Z</time>
			</trkpt>
			<trkpt lat="18.870529" lon="98.870927">
				<ele>1185.754093</ele>
				<time>2018-12-16T07:58:11Z</time>
			</trkpt>
			<trkpt lat="18.870338" lon="98.870889">
				<ele>1188.476383</ele>
				<time>2018-12-16T07:58:15Z</time>
			</trkpt>
			<trkpt lat="18.870114" lon="98.870825">
				<ele>1188.015079</ele>
				<time>2018-12-16T07:58:17Z</time>
			</trkpt>
			<trkpt lat="18.869939" lon="98.870695">
				<ele>1187.461369</ele>
				<time>2018-12-16T07:58:20Z</time>
			</trkpt>
			<trkpt lat="18.869810" lon="98.870513">
				<ele>1187.467838</ele>
				<time>2018-12-16T07:58:23Z</time>
			</trkpt>
			<trkpt lat="18.869723" lon="98.870334">
				<ele>1187.414005</ele>
				<time>2018-12-16T07:58:26Z</time>
			</trkpt>
			<trkpt lat="18.869635" lon="98.870140">
				<ele>1186.783146</ele>
				<time>2018-12-16T07:58:29Z</time>
			</trkpt>
			<trkpt lat="18.869562" lon="98.869950">
				<ele>1187.558414</ele>
				<time>2018-12-16T07:58:32Z</time>
			</trkpt>
			<trkpt lat="18.869474" lon="98.869779">
				<ele>1185.376530</ele>
				<time>2018-12-16T07:58:35Z</time>
			</trkpt>
			<trkpt lat="18.869303" lon="98.869594">
				<ele>1186.901188</ele>
				<time>2018-12-16T07:58:39Z</time>
			</trkpt>
			<trkpt lat="18.869077" lon="98.869478">
				<ele>1184.846012</ele>
				<time>2018-12-16T07:58:44Z</time>
			</trkpt>
			<trkpt lat="18.868864" lon="98.869429">
				<ele>1181.882877</ele>
				<time>2018-12-16T07:58:48Z</time>
			</trkpt>
			<trkpt lat="18.868638" lon="98.869380">
				<ele>1180.194157</ele>
				<time>2018-12-16T07:58:52Z</time>
			</trkpt>
			<trkpt lat="18.868356" lon="98.869353">
				<ele>1185.037785</ele>
				<time>2018-12-16T07:58:57Z</time>
			</trkpt>
			<trkpt lat="18.868117" lon="98.869502">
				<ele>1185.993717</ele>
				<time>2018-12-16T07:59:01Z</time>
			</trkpt>
			<trkpt lat="18.868402" lon="98.869575">
				<ele>1185.007145</ele>
				<time>2018-12-16T07:59:02Z</time>
			</trkpt>
			<trkpt lat="18.868279" lon="98.869717">
				<ele>1180.338322</ele>
				<time>2018-12-16T07:59:12Z</time>
			</trkpt>
			<trkpt lat="18.868142" lon="98.869883">
				<ele>1188.566105</ele>
				<time>2018-12-16T07:59:18Z</time>
			</trkpt>
			<trkpt lat="18.868149" lon="98.870091">
				<ele>1187.341007</ele>
				<time>2018-12-16T07:59:21Z</time>
			</trkpt>
			<trkpt lat="18.868165" lon="98.870359">
				<ele>1190.360416</ele>
				<time>2018-12-16T07:59:24Z</time>
			</trkpt>
			<trkpt lat="18.868104" lon="98.870610">
				<ele>1190.574039</ele>
				<time>2018-12-16T07:59:27Z</time>
			</trkpt>
			<trkpt lat="18.868052" lon="98.870801">
				<ele>1189.332829</ele>
				<time>2018-12-16T07:59:29Z</time>
			</trkpt>
			<trkpt lat="18.868045" lon="98.871049">
				<ele>1192.990299</ele>
				<time>2018-12-16T07:59:32Z</time>
			</trkpt>
			<trkpt lat="18.868169" lon="98.871266">
				<ele>1194.475163</ele>
				<time>2018-12-16T07:59:35Z</time>
			</trkpt>
			<trkpt lat="18.868295" lon="98.871464">
				<ele>1197.796207</ele>
				<time>2018-12-16T07:59:40Z</time>
			</trkpt>
			<trkpt lat="18.868404" lon="98.871624">
				<ele>1201.428043</ele>
				<time>2018-12-16T07:59:43Z</time>
			</trkpt>
			<trkpt lat="18.866605" lon="98.873304">
				<ele>1224.358585</ele>
				<time>2018-12-16T08:00:13Z</time>
			</trkpt>
			<trkpt lat="18.866394" lon="98.873304">
				<ele>1225.877506</ele>
				<time>2018-12-16T08:00:16Z</time>
			</trkpt>
			<trkpt lat="18.866154" lon="98.873304">
				<ele>1225.322697</ele>
				<time>2018-12-16T08:00:20Z</time>
			</trkpt>
			<trkpt lat="18.865906" lon="98.873304">
				<ele>1224.660465</ele>
				<time>2018-12-16T08:00:23Z</time>
			</trkpt>
			<trkpt lat="18.865766" lon="98.873093">
				<ele>1229.967960</ele>
				<time>2018-12-16T08:00:27Z</time>
			</trkpt>
			<trkpt lat="18.865604" lon="98.873010">
				<ele>1241.349796</ele>
				<time>2018-12-16T08:00:35Z</time>
			</trkpt>
			<trkpt lat="18.865483" lon="98.873189">
				<ele>1244.198185</ele>
				<time>2018-12-16T08:00:40Z</time>
			</trkpt>
			<trkpt lat="18.865271" lon="98.873274">
				<ele>1243.698185</ele>
				<time>2018-12-16T08:00:44Z</time>
			</trkpt>
			<trkpt lat="18.865087" lon="98.873278">
				<ele>1243.446476</ele>
				<time>2018-12-16T08:00:47Z</time>
			</trkpt>
			<trkpt lat="18.864902" lon="98.873243">
				<ele>1243.246769</ele>
				<time>2018-12-16T08:00:51Z</time>
			</trkpt>
			<trkpt lat="18.864830" lon="98.873045">
				<ele>1247.992863</ele>
				<time>2018-12-16T08:00:56Z</time>
			</trkpt>
			<trkpt lat="18.864631" lon="98.873007">
				<ele>1248.432560</ele>
				<time>2018-12-16T08:01:01Z</time>
			</trkpt>
			<trkpt lat="18.864428" lon="98.872994">
				<ele>1248.869938</ele>
				<time>2018-12-16T08:01:05Z</time>
			</trkpt>
			<trkpt lat="18.864297" lon="98.872805">
				<ele>1249.318790</ele>
				<time>2018-12-16T08:01:09Z</time>
			</trkpt>
			<trkpt lat="18.864234" lon="98.872616">
				<ele>1251.028996</ele>
				<time>2018-12-16T08:01:12Z</time>
			</trkpt>
			<trkpt lat="18.864192" lon="98.872367">
				<ele>1254.378849</ele>
				<time>2018-12-16T08:01:16Z</time>
			</trkpt>
			<trkpt lat="18.864152" lon="98.872145">
				<ele>1256.250675</ele>
				<time>2018-12-16T08:01:19Z</time>
			</trkpt>
			<trkpt lat="18.864121" lon="98.871926">
				<ele>1256.035831</ele>
				<time>2018-12-16T08:01:22Z</time>
			</trkpt>
			<trkpt lat="18.864005" lon="98.871756">
				<ele>1258.438908</ele>
				<time>2018-12-16T08:01:26Z</time>
			</trkpt>
			<trkpt lat="18.863814" lon="98.871739">
				<ele>1258.257633</ele>
				<time>2018-12-16T08:01:29Z</time>
			</trkpt>
			<trkpt lat="18.863646" lon="98.871617">
				<ele>1259.977360</ele>
				<time>2018-12-16T08:01:33Z</time>
			</trkpt>
			<trkpt lat="18.863471" lon="98.871487">
				<ele>1257.574650</ele>
				<time>2018-12-16T08:01:36Z</time>
			</trkpt>
			<trkpt lat="18.863257" lon="98.871363">
				<ele>1263.620060</ele>
				<time>2018-12-16T08:01:39Z</time>
			</trkpt>
			<trkpt lat="18.863078" lon="98.871294">
				<ele>1268.920231</ele>
				<time>2018-12-16T08:01:43Z</time>
			</trkpt>
			<trkpt lat="18.862845" lon="98.871277">
				<ele>1269.396427</ele>
				<time>2018-12-16T08:01:47Z</time>
			</trkpt>
			<trkpt lat="18.862648" lon="98.871177">
				<ele>1268.485416</ele>
				<time>2018-12-16T08:01:50Z</time>
			</trkpt>
			<trkpt lat="18.862464" lon="98.871124">
				<ele>1268.757755</ele>
				<time>2018-12-16T08:01:53Z</time>
			</trkpt>
			<trkpt lat="18.862266" lon="98.871062">
				<ele>1272.346500</ele>
				<time>2018-12-16T08:01:56Z</time>
			</trkpt>
			<trkpt lat="18.862071" lon="98.871069">
				<ele>1272.005558</ele>
				<time>2018-12-16T08:02:00Z</time>
			</trkpt>
			<trkpt lat="18.861873" lon="98.871095">
				<ele>1271.201603</ele>
				<time>2018-12-16T08:02:03Z</time>
			</trkpt>
			<trkpt lat="18.861634" lon="98.871141">
				<ele>1270.827091</ele>
				<time>2018-12-16T08:02:06Z</time>
			</trkpt>
			<trkpt lat="18.861441" lon="98.871156">
				<ele>1273.466373</ele>
				<time>2018-12-16T08:02:09Z</time>
			</trkpt>
			<trkpt lat="18.861228" lon="98.871088">
				<ele>1275.355167</ele>
				<time>2018-12-16T08:02:14Z</time>
			</trkpt>
			<trkpt lat="18.861069" lon="98.870978">
				<ele>1275.730045</ele>
				<time>2018-12-16T08:02:17Z</time>
			</trkpt>
			<trkpt lat="18.860848" lon="98.870925">
				<ele>1274.969425</ele>
				<time>2018-12-16T08:02:21Z</time>
			</trkpt>
			<trkpt lat="18.860600" lon="98.870868">
				<ele>1277.206486</ele>
				<time>2018-12-16T08:02:25Z</time>
			</trkpt>
			<trkpt lat="18.860396" lon="98.870794">
				<ele>1275.106266</ele>
				<time>2018-12-16T08:02:28Z</time>
			</trkpt>
			<trkpt lat="18.860209" lon="98.870636">
				<ele>1276.901798</ele>
				<time>2018-12-16T08:02:31Z</time>
			</trkpt>
			<trkpt lat="18.860114" lon="98.870469">
				<ele>1276.224186</ele>
				<time>2018-12-16T08:02:34Z</time>
			</trkpt>
			<trkpt lat="18.859934" lon="98.870313">
				<ele>1278.823551</ele>
				<time>2018-12-16T08:02:38Z</time>
			</trkpt>
			<trkpt lat="18.859739" lon="98.870253">
				<ele>1281.076969</ele>
				<time>2018-12-16T08:02:41Z</time>
			</trkpt>
			<trkpt lat="18.859560" lon="98.870174">
				<ele>1284.042789</ele>
				<time>2018-12-16T08:02:44Z</time>
			</trkpt>
			<trkpt lat="18.859387" lon="98.870286">
				<ele>1287.415348</ele>
				<time>2018-12-16T08:02:49Z</time>
			</trkpt>
			<trkpt lat="18.859259" lon="98.870427">
				<ele>1288.146061</ele>
				<time>2018-12-16T08:02:53Z</time>
			</trkpt>
			<trkpt lat="18.859079" lon="98.870549">
				<ele>1287.694401</ele>
				<time>2018-12-16T08:02:57Z</time>
			</trkpt>
			<trkpt lat="18.858869" lon="98.870636">
				<ele>1287.600407</ele>
				<time>2018-12-16T08:03:01Z</time>
			</trkpt>
			<trkpt lat="18.858642" lon="98.870681">
				<ele>1287.451847</ele>
				<time>2018-12-16T08:03:05Z</time>
			</trkpt>
			<trkpt lat="18.858455" lon="98.870772">
				<ele>1288.736149</ele>
				<time>2018-12-16T08:03:10Z</time>
			</trkpt>
			<trkpt lat="18.858341" lon="98.870925">
				<ele>1291.315006</ele>
				<time>2018-12-16T08:03:15Z</time>
			</trkpt>
			<trkpt lat="18.858259" lon="98.871154">
				<ele>1291.886295</ele>
				<time>2018-12-16T08:03:20Z</time>
			</trkpt>
			<trkpt lat="18.858196" lon="98.871352">
				<ele>1291.328800</ele>
				<time>2018-12-16T08:03:24Z</time>
			</trkpt>
			<trkpt lat="18.858173" lon="98.871566">
				<ele>1292.597111</ele>
				<time>2018-12-16T08:03:29Z</time>
			</trkpt>
			<trkpt lat="18.857987" lon="98.871561">
				<ele>1291.257389</ele>
				<time>2018-12-16T08:03:36Z</time>
			</trkpt>
			<trkpt lat="18.857844" lon="98.871349">
				<ele>1290.009342</ele>
				<time>2018-12-16T08:03:40Z</time>
			</trkpt>
			<trkpt lat="18.857652" lon="98.871191">
				<ele>1289.071842</ele>
				<time>2018-12-16T08:03:44Z</time>
			</trkpt>
			<trkpt lat="18.857478" lon="98.871107">
				<ele>1287.261662</ele>
				<time>2018-12-16T08:03:48Z</time>
			</trkpt>
			<trkpt lat="18.857309" lon="98.871227">
				<ele>1284.117374</ele>
				<time>2018-12-16T08:03:52Z</time>
			</trkpt>
			<trkpt lat="18.857180" lon="98.871386">
				<ele>1283.998844</ele>
				<time>2018-12-16T08:03:58Z</time>
			</trkpt>
			<trkpt lat="18.856987" lon="98.871443">
				<ele>1285.117008</ele>
				<time>2018-12-16T08:04:03Z</time>
			</trkpt>
			<trkpt lat="18.856797" lon="98.871534">
				<ele>1284.175358</ele>
				<time>2018-12-16T08:04:07Z</time>
			</trkpt>
			<trkpt lat="18.856647" lon="98.871681">
				<ele>1284.928532</ele>
				<time>2018-12-16T08:04:12Z</time>
			</trkpt>
			<trkpt lat="18.856440" lon="98.871699">
				<ele>1287.480656</ele>
				<time>2018-12-16T08:04:18Z</time>
			</trkpt>
			<trkpt lat="18.856223" lon="98.871721">
				<ele>1286.989079</ele>
				<time>2018-12-16T08:04:24Z</time>
			</trkpt>
			<trkpt lat="18.856040" lon="98.871749">
				<ele>1285.983585</ele>
				<time>2018-12-16T08:04:27Z</time>
			</trkpt>
			<trkpt lat="18.855808" lon="98.871806">
				<ele>1280.923771</ele>
				<time>2018-12-16T08:04:32Z</time>
			</trkpt>
			<trkpt lat="18.855616" lon="98.871879">
				<ele>1280.500919</ele>
				<time>2018-12-16T08:04:35Z</time>
			</trkpt>
			<trkpt lat="18.855441" lon="98.871986">
				<ele>1281.701359</ele>
				<time>2018-12-16T08:04:38Z</time>
			</trkpt>
			<trkpt lat="18.855268" lon="98.872075">
				<ele>1280.440250</ele>
				<time>2018-12-16T08:04:42Z</time>
			</trkpt>
			<trkpt lat="18.855078" lon="98.872079">
				<ele>1278.375309</ele>
				<time>2018-12-16T08:04:45Z</time>
			</trkpt>
			<trkpt lat="18.854889" lon="98.872080">
				<ele>1276.853703</ele>
				<time>2018-12-16T08:04:49Z</time>
			</trkpt>
			<trkpt lat="18.854662" lon="98.872084">
				<ele>1274.336124</ele>
				<time>2018-12-16T08:04:53Z</time>
			</trkpt>
			<trkpt lat="18.854426" lon="98.872087">
				<ele>1273.549870</ele>
				<time>2018-12-16T08:04:57Z</time>
			</trkpt>
			<trkpt lat="18.854240" lon="98.872187">
				<ele>1272.078922</ele>
				<time>2018-12-16T08:05:01Z</time>
			</trkpt>
			<trkpt lat="18.854063" lon="98.872288">
				<ele>1266.860294</ele>
				<time>2018-12-16T08:05:05Z</time>
			</trkpt>
			<trkpt lat="18.853905" lon="98.872408">
				<ele>1263.643131</ele>
				<time>2018-12-16T08:05:09Z</time>
			</trkpt>
			<trkpt lat="18.853726" lon="98.872538">
				<ele>1260.482487</ele>
				<time>2018-12-16T08:05:13Z</time>
			</trkpt>
			<trkpt lat="18.853594" lon="98.872669">
				<ele>1260.788395</ele>
				<time>2018-12-16T08:05:17Z</time>
			</trkpt>
			<trkpt lat="18.853506" lon="98.872858">
				<ele>1262.949894</ele>
				<time>2018-12-16T08:05:21Z</time>
			</trkpt>
			<trkpt lat="18.853392" lon="98.873077">
				<ele>1261.805485</ele>
				<time>2018-12-16T08:05:25Z</time>
			</trkpt>
			<trkpt lat="18.853289" lon="98.873293">
				<ele>1260.716862</ele>
				<time>2018-12-16T08:05:29Z</time>
			</trkpt>
			<trkpt lat="18.853204" lon="98.873486">
				<ele>1259.777042</ele>
				<time>2018-12-16T08:05:33Z</time>
			</trkpt>
			<trkpt lat="18.853137" lon="98.873666">
				<ele>1258.591373</ele>
				<time>2018-12-16T08:05:37Z</time>
			</trkpt>
			<trkpt lat="18.852992" lon="98.873800">
				<ele>1257.351139</ele>
				<time>2018-12-16T08:05:42Z</time>
			</trkpt>
			<trkpt lat="18.852870" lon="98.873941">
				<ele>1255.844425</ele>
				<time>2018-12-16T08:05:48Z</time>
			</trkpt>
			<trkpt lat="18.852689" lon="98.873959">
				<ele>1218.105613</ele>
				<time>2018-12-16T08:07:05Z</time>
			</trkpt>
			<trkpt lat="18.852546" lon="98.873706">
				<ele>1244.234928</ele>
				<time>2018-12-16T08:07:11Z</time>
			</trkpt>
			<trkpt lat="18.852395" lon="98.873525">
				<ele>1244.769718</ele>
				<time>2018-12-16T08:07:15Z</time>
			</trkpt>
			<trkpt lat="18.852195" lon="98.873429">
				<ele>1245.676456</ele>
				<time>2018-12-16T08:07:19Z</time>
			</trkpt>
			<trkpt lat="18.852041" lon="98.873580">
				<ele>1241.024601</ele>
				<time>2018-12-16T08:07:24Z</time>
			</trkpt>
			<trkpt lat="18.851895" lon="98.873771">
				<ele>1237.697697</ele>
				<time>2018-12-16T08:07:28Z</time>
			</trkpt>
			<trkpt lat="18.851768" lon="98.873916">
				<ele>1234.931583</ele>
				<time>2018-12-16T08:07:32Z</time>
			</trkpt>
			<trkpt lat="18.851789" lon="98.874129">
				<ele>1235.977848</ele>
				<time>2018-12-16T08:07:38Z</time>
			</trkpt>
			<trkpt lat="18.851865" lon="98.874327">
				<ele>1211.704470</ele>
				<time>2018-12-16T08:07:44Z</time>
			</trkpt>
			<trkpt lat="18.851901" lon="98.874518">
				<ele>1208.924074</ele>
				<time>2018-12-16T08:07:52Z</time>
			</trkpt>
			<trkpt lat="18.851914" lon="98.874727">
				<ele>1205.957253</ele>
				<time>2018-12-16T08:07:58Z</time>
			</trkpt>
			<trkpt lat="18.851829" lon="98.874916">
				<ele>1235.176212</ele>
				<time>2018-12-16T08:08:03Z</time>
			</trkpt>
			<trkpt lat="18.851647" lon="98.874862">
				<ele>1231.726261</ele>
				<time>2018-12-16T08:08:09Z</time>
			</trkpt>
			<trkpt lat="18.851475" lon="98.874938">
				<ele>1230.386539</ele>
				<time>2018-12-16T08:08:14Z</time>
			</trkpt>
			<trkpt lat="18.851273" lon="98.874897">
				<ele>1229.643986</ele>
				<time>2018-12-16T08:08:18Z</time>
			</trkpt>
			<trkpt lat="18.851010" lon="98.875038">
				<ele>1227.824162</ele>
				<time>2018-12-16T08:08:22Z</time>
			</trkpt>
			<trkpt lat="18.850765" lon="98.874985">
				<ele>1221.776554</ele>
				<time>2018-12-16T08:08:27Z</time>
			</trkpt>
			<trkpt lat="18.850686" lon="98.874805">
				<ele>1219.902775</ele>
				<time>2018-12-16T08:08:31Z</time>
			</trkpt>
			<trkpt lat="18.850725" lon="98.874600">
				<ele>1214.152042</ele>
				<time>2018-12-16T08:08:37Z</time>
			</trkpt>
			<trkpt lat="18.850775" lon="98.874408">
				<ele>1211.536686</ele>
				<time>2018-12-16T08:08:41Z</time>
			</trkpt>
			<trkpt lat="18.850766" lon="98.874197">
				<ele>1209.731632</ele>
				<time>2018-12-16T08:08:47Z</time>
			</trkpt>
			<trkpt lat="18.850738" lon="98.874007">
				<ele>1209.185612</ele>
				<time>2018-12-16T08:08:51Z</time>
			</trkpt>
			<trkpt lat="18.850699" lon="98.873800">
				<ele>1210.105900</ele>
				<time>2018-12-16T08:08:55Z</time>
			</trkpt>
			<trkpt lat="18.850641" lon="98.873549">
				<ele>1207.885441</ele>
				<time>2018-12-16T08:08:59Z</time>
			</trkpt>
			<trkpt lat="18.850656" lon="98.873319">
				<ele>1203.496403</ele>
				<time>2018-12-16T08:09:04Z</time>
			</trkpt>
			<trkpt lat="18.850740" lon="98.873127">
				<ele>1200.637882</ele>
				<time>2018-12-16T08:09:10Z</time>
			</trkpt>
			<trkpt lat="18.850627" lon="98.872972">
				<ele>1194.745304</ele>
				<time>2018-12-16T08:09:18Z</time>
			</trkpt>
			<trkpt lat="18.850440" lon="98.873034">
				<ele>1191.395573</ele>
				<time>2018-12-16T08:09:23Z</time>
			</trkpt>
			<trkpt lat="18.850346" lon="98.873223">
				<ele>1188.300358</ele>
				<time>2018-12-16T08:09:27Z</time>
			</trkpt>
			<trkpt lat="18.850270" lon="98.873424">
				<ele>1187.289371</ele>
				<time>2018-12-16T08:09:33Z</time>
			</trkpt>
			<trkpt lat="18.850112" lon="98.873611">
				<ele>1181.515690</ele>
				<time>2018-12-16T08:09:42Z</time>
			</trkpt>
			<trkpt lat="18.850008" lon="98.873774">
				<ele>1176.787052</ele>
				<time>2018-12-16T08:09:47Z</time>
			</trkpt>
			<trkpt lat="18.849861" lon="98.873635">
				<ele>1170.541203</ele>
				<time>2018-12-16T08:09:57Z</time>
			</trkpt>
			<trkpt lat="18.849809" lon="98.873435">
				<ele>1174.150333</ele>
				<time>2018-12-16T08:10:06Z</time>
			</trkpt>
			<trkpt lat="18.849654" lon="98.873136">
				<ele>1172.400089</ele>
				<time>2018-12-16T08:10:16Z</time>
			</trkpt>
			<trkpt lat="18.849794" lon="98.873262">
				<ele>1165.561832</ele>
				<time>2018-12-16T08:10:22Z</time>
			</trkpt>
			<trkpt lat="18.849620" lon="98.873205">
				<ele>1161.365788</ele>
				<time>2018-12-16T08:10:32Z</time>
			</trkpt>
			<trkpt lat="18.849437" lon="98.873126">
				<ele>1159.095402</ele>
				<time>2018-12-16T08:10:37Z</time>
			</trkpt>
			<trkpt lat="18.849243" lon="98.873140">
				<ele>1160.145084</ele>
				<time>2018-12-16T08:10:42Z</time>
			</trkpt>
			<trkpt lat="18.849057" lon="98.873037">
				<ele>1158.859928</ele>
				<time>2018-12-16T08:10:47Z</time>
			</trkpt>
			<trkpt lat="18.848903" lon="98.872937">
				<ele>1159.312199</ele>
				<time>2018-12-16T08:10:53Z</time>
			</trkpt>
			<trkpt lat="18.848712" lon="98.872948">
				<ele>1152.123478</ele>
				<time>2018-12-16T08:10:59Z</time>
			</trkpt>
			<trkpt lat="18.848489" lon="98.872978">
				<ele>1151.224674</ele>
				<time>2018-12-16T08:11:05Z</time>
			</trkpt>
			<trkpt lat="18.848274" lon="98.872969">
				<ele>1148.203068</ele>
				<time>2018-12-16T08:11:08Z</time>
			</trkpt>
			<trkpt lat="18.848061" lon="98.872964">
				<ele>1146.781437</ele>
				<time>2018-12-16T08:11:12Z</time>
			</trkpt>
			<trkpt lat="18.847894" lon="98.872806">
				<ele>1144.018497</ele>
				<time>2018-12-16T08:11:16Z</time>
			</trkpt>
			<trkpt lat="18.847787" lon="98.872585">
				<ele>1142.593815</ele>
				<time>2018-12-16T08:11:24Z</time>
			</trkpt>
			<trkpt lat="18.847737" lon="98.872362">
				<ele>1150.821720</ele>
				<time>2018-12-16T08:11:32Z</time>
			</trkpt>
			<trkpt lat="18.847654" lon="98.872186">
				<ele>1148.904850</ele>
				<time>2018-12-16T08:11:52Z</time>
			</trkpt>
			<trkpt lat="18.847639" lon="98.872375">
				<ele>1128.257142</ele>
				<time>2018-12-16T08:16:33Z</time>
			</trkpt>
			<trkpt lat="18.847635" lon="98.872157">
				<ele>1131.075785</ele>
				<time>2018-12-16T08:18:18Z</time>
			</trkpt>
			<trkpt lat="18.847467" lon="98.872082">
				<ele>1130.241630</ele>
				<time>2018-12-16T08:19:17Z</time>
			</trkpt>
			<trkpt lat="18.847633" lon="98.872165">
				<ele>1144.626189</ele>
				<time>2018-12-16T08:21:53Z</time>
			</trkpt>
			<trkpt lat="18.847456" lon="98.872095">
				<ele>1145.048254</ele>
				<time>2018-12-16T08:24:08Z</time>
			</trkpt>
			<trkpt lat="18.847296" lon="98.872240">
				<ele>1146.429345</ele>
				<time>2018-12-16T08:24:13Z</time>
			</trkpt>
			<trkpt lat="18.847102" lon="98.872293">
				<ele>1151.388737</ele>
				<time>2018-12-16T08:24:18Z</time>
			</trkpt>
			<trkpt lat="18.846910" lon="98.872150">
				<ele>1152.537663</ele>
				<time>2018-12-16T08:24:21Z</time>
			</trkpt>
			<trkpt lat="18.846780" lon="98.871989">
				<ele>1151.092716</ele>
				<time>2018-12-16T08:24:25Z</time>
			</trkpt>
			<trkpt lat="18.846636" lon="98.872106">
				<ele>1158.868473</ele>
				<time>2018-12-16T08:24:32Z</time>
			</trkpt>
			<trkpt lat="18.846626" lon="98.872328">
				<ele>1158.717838</ele>
				<time>2018-12-16T08:24:37Z</time>
			</trkpt>
			<trkpt lat="18.846502" lon="98.872495">
				<ele>1158.473087</ele>
				<time>2018-12-16T08:24:43Z</time>
			</trkpt>
			<trkpt lat="18.846362" lon="98.872642">
				<ele>1152.503727</ele>
				<time>2018-12-16T08:24:49Z</time>
			</trkpt>
			<trkpt lat="18.846253" lon="98.872828">
				<ele>1149.037052</ele>
				<time>2018-12-16T08:24:55Z</time>
			</trkpt>
			<trkpt lat="18.846214" lon="98.873028">
				<ele>1147.560368</ele>
				<time>2018-12-16T08:25:00Z</time>
			</trkpt>
			<trkpt lat="18.846097" lon="98.873182">
				<ele>1143.783634</ele>
				<time>2018-12-16T08:25:05Z</time>
			</trkpt>
			<trkpt lat="18.845895" lon="98.873228">
				<ele>1141.914127</ele>
				<time>2018-12-16T08:25:08Z</time>
			</trkpt>
			<trkpt lat="18.845683" lon="98.873263">
				<ele>1140.118595</ele>
				<time>2018-12-16T08:25:13Z</time>
			</trkpt>
			<trkpt lat="18.845496" lon="98.873306">
				<ele>1139.381657</ele>
				<time>2018-12-16T08:25:20Z</time>
			</trkpt>
			<trkpt lat="18.845320" lon="98.873403">
				<ele>1135.545719</ele>
				<time>2018-12-16T08:25:26Z</time>
			</trkpt>
			<trkpt lat="18.845133" lon="98.873515">
				<ele>1131.660709</ele>
				<time>2018-12-16T08:25:33Z</time>
			</trkpt>
			<trkpt lat="18.845020" lon="98.873677">
				<ele>1130.866154</ele>
				<time>2018-12-16T08:25:40Z</time>
			</trkpt>
			<trkpt lat="18.845004" lon="98.873869">
				<ele>1129.632267</ele>
				<time>2018-12-16T08:25:46Z</time>
			</trkpt>
			<trkpt lat="18.845079" lon="98.874045">
				<ele>1124.911930</ele>
				<time>2018-12-16T08:25:54Z</time>
			</trkpt>
			<trkpt lat="18.845251" lon="98.874136">
				<ele>1122.811538</ele>
				<time>2018-12-16T08:26:04Z</time>
			</trkpt>
			<trkpt lat="18.845106" lon="98.874282">
				<ele>1121.264367</ele>
				<time>2018-12-16T08:26:51Z</time>
			</trkpt>
			<trkpt lat="18.844932" lon="98.874368">
				<ele>1122.740373</ele>
				<time>2018-12-16T08:26:58Z</time>
			</trkpt>
			<trkpt lat="18.844734" lon="98.874384">
				<ele>1117.928104</ele>
				<time>2018-12-16T08:27:08Z</time>
			</trkpt>
			<trkpt lat="18.844583" lon="98.874221">
				<ele>1114.605778</ele>
				<time>2018-12-16T08:27:13Z</time>
			</trkpt>
			<trkpt lat="18.844403" lon="98.874327">
				<ele>1115.938981</ele>
				<time>2018-12-16T08:27:21Z</time>
			</trkpt>
			<trkpt lat="18.844221" lon="98.874386">
				<ele>1112.591393</ele>
				<time>2018-12-16T08:27:35Z</time>
			</trkpt>
			<trkpt lat="18.844121" lon="98.874158">
				<ele>1111.124273</ele>
				<time>2018-12-16T08:27:40Z</time>
			</trkpt>
			<trkpt lat="18.844093" lon="98.873944">
				<ele>1108.807607</ele>
				<time>2018-12-16T08:27:44Z</time>
			</trkpt>
			<trkpt lat="18.844038" lon="98.873758">
				<ele>1107.445979</ele>
				<time>2018-12-16T08:27:50Z</time>
			</trkpt>
			<trkpt lat="18.844006" lon="98.873567">
				<ele>1106.094724</ele>
				<time>2018-12-16T08:28:43Z</time>
			</trkpt>
			<trkpt lat="18.844017" lon="98.873363">
				<ele>1103.276055</ele>
				<time>2018-12-16T08:28:52Z</time>
			</trkpt>
			<trkpt lat="18.843980" lon="98.873176">
				<ele>1101.755185</ele>
				<time>2018-12-16T08:29:01Z</time>
			</trkpt>
			<trkpt lat="18.844046" lon="98.873362">
				<ele>1105.855832</ele>
				<time>2018-12-16T08:29:38Z</time>
			</trkpt>
			<trkpt lat="18.844028" lon="98.873587">
				<ele>1108.802189</ele>
				<time>2018-12-16T08:29:44Z</time>
			</trkpt>
			<trkpt lat="18.844014" lon="98.873800">
				<ele>1107.997746</ele>
				<time>2018-12-16T08:29:48Z</time>
			</trkpt>
			<trkpt lat="18.844079" lon="98.874028">
				<ele>1104.227360</ele>
				<time>2018-12-16T08:29:52Z</time>
			</trkpt>
			<trkpt lat="18.844075" lon="98.874226">
				<ele>1107.305241</ele>
				<time>2018-12-16T08:29:55Z</time>
			</trkpt>
			<trkpt lat="18.844261" lon="98.874408">
				<ele>1116.686914</ele>
				<time>2018-12-16T08:30:06Z</time>
			</trkpt>
			<trkpt lat="18.844321" lon="98.874612">
				<ele>1115.034339</ele>
				<time>2018-12-16T08:30:41Z</time>
			</trkpt>
			<trkpt lat="18.844358" lon="98.874808">
				<ele>1111.419179</ele>
				<time>2018-12-16T08:30:46Z</time>
			</trkpt>
			<trkpt lat="18.844334" lon="98.875004">
				<ele>1107.455393</ele>
				<time>2018-12-16T08:30:52Z</time>
			</trkpt>
			<trkpt lat="18.844365" lon="98.875207">
				<ele>1102.856972</ele>
				<time>2018-12-16T08:31:00Z</time>
			</trkpt>
			<trkpt lat="18.844587" lon="98.875241">
				<ele>1098.674356</ele>
				<time>2018-12-16T08:31:05Z</time>
			</trkpt>
			<trkpt lat="18.844775" lon="98.875255">
				<ele>1095.359653</ele>
				<time>2018-12-16T08:31:10Z</time>
			</trkpt>
			<trkpt lat="18.844995" lon="98.875215">
				<ele>1090.575260</ele>
				<time>2018-12-16T08:31:15Z</time>
			</trkpt>
			<trkpt lat="18.845105" lon="98.875394">
				<ele>1085.685805</ele>
				<time>2018-12-16T08:31:20Z</time>
			</trkpt>
			<trkpt lat="18.845177" lon="98.875590">
				<ele>1080.741646</ele>
				<time>2018-12-16T08:31:27Z</time>
			</trkpt>
			<trkpt lat="18.845276" lon="98.875785">
				<ele>1075.909957</ele>
				<time>2018-12-16T08:31:32Z</time>
			</trkpt>
			<trkpt lat="18.845396" lon="98.875928">
				<ele>1071.245158</ele>
				<time>2018-12-16T08:31:36Z</time>
			</trkpt>
			<trkpt lat="18.845525" lon="98.876068">
				<ele>1066.324000</ele>
				<time>2018-12-16T08:31:41Z</time>
			</trkpt>
			<trkpt lat="18.845597" lon="98.876275">
				<ele>1059.107995</ele>
				<time>2018-12-16T08:31:47Z</time>
			</trkpt>
			<trkpt lat="18.845488" lon="98.876435">
				<ele>1053.901954</ele>
				<time>2018-12-16T08:31:53Z</time>
			</trkpt>
			<trkpt lat="18.845309" lon="98.876466">
				<ele>1049.526670</ele>
				<time>2018-12-16T08:31:59Z</time>
			</trkpt>
			<trkpt lat="18.845378" lon="98.876645">
				<ele>1045.698992</ele>
				<time>2018-12-16T08:32:04Z</time>
			</trkpt>
			<trkpt lat="18.845564" lon="98.876757">
				<ele>1040.959349</ele>
				<time>2018-12-16T08:32:09Z</time>
			</trkpt>
			<trkpt lat="18.845747" lon="98.876770">
				<ele>1038.286357</ele>
				<time>2018-12-16T08:32:14Z</time>
			</trkpt>
			<trkpt lat="18.845911" lon="98.876884">
				<ele>1034.700816</ele>
				<time>2018-12-16T08:32:22Z</time>
			</trkpt>
			<trkpt lat="18.845810" lon="98.877056">
				<ele>1029.676124</ele>
				<time>2018-12-16T08:32:28Z</time>
			</trkpt>
			<trkpt lat="18.845651" lon="98.877215">
				<ele>1024.245007</ele>
				<time>2018-12-16T08:32:32Z</time>
			</trkpt>
			<trkpt lat="18.845516" lon="98.877386">
				<ele>1018.351092</ele>
				<time>2018-12-16T08:32:36Z</time>
			</trkpt>
			<trkpt lat="18.845385" lon="98.877526">
				<ele>1014.166168</ele>
				<time>2018-12-16T08:32:40Z</time>
			</trkpt>
			<trkpt lat="18.845183" lon="98.877572">
				<ele>1011.451505</ele>
				<time>2018-12-16T08:32:44Z</time>
			</trkpt>
			<trkpt lat="18.844985" lon="98.877595">
				<ele>1008.311196</ele>
				<time>2018-12-16T08:32:48Z</time>
			</trkpt>
			<trkpt lat="18.844826" lon="98.877714">
				<ele>1004.286499</ele>
				<time>2018-12-16T08:32:53Z</time>
			</trkpt>
			<trkpt lat="18.844728" lon="98.877907">
				<ele>998.540473</ele>
				<time>2018-12-16T08:32:58Z</time>
			</trkpt>
			<trkpt lat="18.844652" lon="98.878135">
				<ele>993.740757</ele>
				<time>2018-12-16T08:33:02Z</time>
			</trkpt>
			<trkpt lat="18.844636" lon="98.878332">
				<ele>990.834489</ele>
				<time>2018-12-16T08:33:08Z</time>
			</trkpt>
			<trkpt lat="18.844831" lon="98.878261">
				<ele>983.112510</ele>
				<time>2018-12-16T08:33:52Z</time>
			</trkpt>
			<trkpt lat="18.845019" lon="98.878228">
				<ele>977.524549</ele>
				<time>2018-12-16T08:33:57Z</time>
			</trkpt>
			<trkpt lat="18.845181" lon="98.878330">
				<ele>972.216514</ele>
				<time>2018-12-16T08:34:05Z</time>
			</trkpt>
			<trkpt lat="18.845317" lon="98.878470">
				<ele>969.199187</ele>
				<time>2018-12-16T08:34:09Z</time>
			</trkpt>
			<trkpt lat="18.845512" lon="98.878530">
				<ele>962.933134</ele>
				<time>2018-12-16T08:34:19Z</time>
			</trkpt>
			<trkpt lat="18.845715" lon="98.878541">
				<ele>957.850662</ele>
				<time>2018-12-16T08:34:23Z</time>
			</trkpt>
			<trkpt lat="18.845901" lon="98.878549">
				<ele>953.824516</ele>
				<time>2018-12-16T08:34:30Z</time>
			</trkpt>
			<trkpt lat="18.846092" lon="98.878561">
				<ele>949.777667</ele>
				<time>2018-12-16T08:34:37Z</time>
			</trkpt>
			<trkpt lat="18.846244" lon="98.878457">
				<ele>943.042350</ele>
				<time>2018-12-16T08:34:44Z</time>
			</trkpt>
			<trkpt lat="18.846423" lon="98.878370">
				<ele>942.293741</ele>
				<time>2018-12-16T08:34:48Z</time>
			</trkpt>
			<trkpt lat="18.846526" lon="98.878540">
				<ele>939.782408</ele>
				<time>2018-12-16T08:34:58Z</time>
			</trkpt>
			<trkpt lat="18.846607" lon="98.878743">
				<ele>935.742151</ele>
				<time>2018-12-16T08:35:04Z</time>
			</trkpt>
			<trkpt lat="18.846690" lon="98.878928">
				<ele>932.274082</ele>
				<time>2018-12-16T08:35:08Z</time>
			</trkpt>
			<trkpt lat="18.846804" lon="98.879092">
				<ele>928.588774</ele>
				<time>2018-12-16T08:35:12Z</time>
			</trkpt>
			<trkpt lat="18.846958" lon="98.879235">
				<ele>923.781966</ele>
				<time>2018-12-16T08:35:18Z</time>
			</trkpt>
			<trkpt lat="18.847113" lon="98.879334">
				<ele>919.850614</ele>
				<time>2018-12-16T08:35:22Z</time>
			</trkpt>
			<trkpt lat="18.847280" lon="98.879453">
				<ele>917.783634</ele>
				<time>2018-12-16T08:35:27Z</time>
			</trkpt>
			<trkpt lat="18.847459" lon="98.879378">
				<ele>915.008244</ele>
				<time>2018-12-16T08:35:31Z</time>
			</trkpt>
			<trkpt lat="18.847553" lon="98.879541">
				<ele>911.139921</ele>
				<time>2018-12-16T08:35:38Z</time>
			</trkpt>
			<trkpt lat="18.847687" lon="98.879691">
				<ele>910.883102</ele>
				<time>2018-12-16T08:35:43Z</time>
			</trkpt>
			<trkpt lat="18.847876" lon="98.879723">
				<ele>908.675811</ele>
				<time>2018-12-16T08:35:48Z</time>
			</trkpt>
			<trkpt lat="18.847986" lon="98.879912">
				<ele>908.014769</ele>
				<time>2018-12-16T08:35:52Z</time>
			</trkpt>
			<trkpt lat="18.847980" lon="98.880119">
				<ele>908.210762</ele>
				<time>2018-12-16T08:35:56Z</time>
			</trkpt>
			<trkpt lat="18.847977" lon="98.880314">
				<ele>906.346765</ele>
				<time>2018-12-16T08:36:01Z</time>
			</trkpt>
			<trkpt lat="18.848148" lon="98.880408">
				<ele>901.780211</ele>
				<time>2018-12-16T08:36:07Z</time>
			</trkpt>
			<trkpt lat="18.848314" lon="98.880515">
				<ele>899.676838</ele>
				<time>2018-12-16T08:36:13Z</time>
			</trkpt>
			<trkpt lat="18.848491" lon="98.880466">
				<ele>895.368404</ele>
				<time>2018-12-16T08:36:20Z</time>
			</trkpt>
			<trkpt lat="18.848685" lon="98.880505">
				<ele>892.068307</ele>
				<time>2018-12-16T08:36:28Z</time>
			</trkpt>
			<trkpt lat="18.848727" lon="98.880699">
				<ele>891.935935</ele>
				<time>2018-12-16T08:36:33Z</time>
			</trkpt>
			<trkpt lat="18.848810" lon="98.880894">
				<ele>886.808482</ele>
				<time>2018-12-16T08:36:39Z</time>
			</trkpt>
			<trkpt lat="18.848884" lon="98.881089">
				<ele>882.496391</ele>
				<time>2018-12-16T08:36:44Z</time>
			</trkpt>
			<trkpt lat="18.848996" lon="98.881249">
				<ele>878.396567</ele>
				<time>2018-12-16T08:36:49Z</time>
			</trkpt>
			<trkpt lat="18.849180" lon="98.881327">
				<ele>875.102028</ele>
				<time>2018-12-16T08:36:53Z</time>
			</trkpt>
			<trkpt lat="18.849377" lon="98.881346">
				<ele>871.946314</ele>
				<time>2018-12-16T08:37:00Z</time>
			</trkpt>
			<trkpt lat="18.849509" lon="98.881524">
				<ele>873.162679</ele>
				<time>2018-12-16T08:37:07Z</time>
			</trkpt>
			<trkpt lat="18.849663" lon="98.881626">
				<ele>869.817744</ele>
				<time>2018-12-16T08:37:11Z</time>
			</trkpt>
			<trkpt lat="18.849836" lon="98.881775">
				<ele>863.656240</ele>
				<time>2018-12-16T08:37:16Z</time>
			</trkpt>
			<trkpt lat="18.849992" lon="98.881883">
				<ele>861.242092</ele>
				<time>2018-12-16T08:37:20Z</time>
			</trkpt>
			<trkpt lat="18.850155" lon="98.882025">
				<ele>857.942571</ele>
				<time>2018-12-16T08:37:25Z</time>
			</trkpt>
			<trkpt lat="18.850213" lon="98.882213">
				<ele>853.160178</ele>
				<time>2018-12-16T08:37:30Z</time>
			</trkpt>
			<trkpt lat="18.850367" lon="98.882380">
				<ele>854.976047</ele>
				<time>2018-12-16T08:37:35Z</time>
			</trkpt>
			<trkpt lat="18.850547" lon="98.882461">
				<ele>854.252147</ele>
				<time>2018-12-16T08:37:40Z</time>
			</trkpt>
			<trkpt lat="18.850723" lon="98.882575">
				<ele>852.530904</ele>
				<time>2018-12-16T08:37:46Z</time>
			</trkpt>
			<trkpt lat="18.850929" lon="98.882645">
				<ele>850.067679</ele>
				<time>2018-12-16T08:37:49Z</time>
			</trkpt>
			<trkpt lat="18.851080" lon="98.882773">
				<ele>848.228237</ele>
				<time>2018-12-16T08:37:54Z</time>
			</trkpt>
			<trkpt lat="18.851234" lon="98.882910">
				<ele>847.112045</ele>
				<time>2018-12-16T08:37:59Z</time>
			</trkpt>
			<trkpt lat="18.851384" lon="98.883112">
				<ele>845.588414</ele>
				<time>2018-12-16T08:38:04Z</time>
			</trkpt>
			<trkpt lat="18.851573" lon="98.883188">
				<ele>845.642434</ele>
				<time>2018-12-16T08:38:09Z</time>
			</trkpt>
			<trkpt lat="18.851680" lon="98.883354">
				<ele>843.503498</ele>
				<time>2018-12-16T08:39:29Z</time>
			</trkpt>
			<trkpt lat="18.851810" lon="98.883525">
				<ele>841.195583</ele>
				<time>2018-12-16T08:39:35Z</time>
			</trkpt>
			<trkpt lat="18.851963" lon="98.883653">
				<ele>842.665033</ele>
				<time>2018-12-16T08:39:40Z</time>
			</trkpt>
			<trkpt lat="18.852109" lon="98.883770">
				<ele>840.272404</ele>
				<time>2018-12-16T08:39:46Z</time>
			</trkpt>
			<trkpt lat="18.852305" lon="98.883795">
				<ele>834.616154</ele>
				<time>2018-12-16T08:39:53Z</time>
			</trkpt>
			<trkpt lat="18.852479" lon="98.883876">
				<ele>833.901554</ele>
				<time>2018-12-16T08:39:59Z</time>
			</trkpt>
			<trkpt lat="18.852662" lon="98.883922">
				<ele>832.529484</ele>
				<time>2018-12-16T08:40:03Z</time>
			</trkpt>
			<trkpt lat="18.852848" lon="98.883909">
				<ele>826.174015</ele>
				<time>2018-12-16T08:40:08Z</time>
			</trkpt>
			<trkpt lat="18.852969" lon="98.884071">
				<ele>828.052189</ele>
				<time>2018-12-16T08:40:14Z</time>
			</trkpt>
			<trkpt lat="18.853090" lon="98.884251">
				<ele>830.804630</ele>
				<time>2018-12-16T08:40:18Z</time>
			</trkpt>
			<trkpt lat="18.853188" lon="98.884428">
				<ele>827.817570</ele>
				<time>2018-12-16T08:40:23Z</time>
			</trkpt>
		</trkseg>
	</trk>
</gpx>
