<?xml version="1.0" encoding="UTF-8"?>
<gpx xmlns="http://www.topografix.com/GPX/1/1" version="1.1" creator="Minimalist GPS Tracker">
	<trk>
		<name>Pai to home, road construction </name>
		<trkseg>
			<trkpt lat="19.351882" lon="98.441945">
				<ele>502.773926</ele>
				<time>2016-02-07T03:45:51Z</time>
			</trkpt>
			<trkpt lat="19.351882" lon="98.441945">
				<ele>503.413391</ele>
				<time>2016-02-07T03:46:00Z</time>
			</trkpt>
			<trkpt lat="19.351882" lon="98.441945">
				<ele>503.594910</ele>
				<time>2016-02-07T03:46:15Z</time>
			</trkpt>
			<trkpt lat="19.351889" lon="98.441947">
				<ele>503.744385</ele>
				<time>2016-02-07T03:46:15Z</time>
			</trkpt>
			<trkpt lat="19.351862" lon="98.441946">
				<ele>504.340332</ele>
				<time>2016-02-07T03:46:16Z</time>
			</trkpt>
			<trkpt lat="19.351822" lon="98.441938">
				<ele>502.923340</ele>
				<time>2016-02-07T03:46:17Z</time>
			</trkpt>
			<trkpt lat="19.351773" lon="98.441924">
				<ele>501.771545</ele>
				<time>2016-02-07T03:46:18Z</time>
			</trkpt>
			<trkpt lat="19.351723" lon="98.441906">
				<ele>502.433838</ele>
				<time>2016-02-07T03:46:19Z</time>
			</trkpt>
			<trkpt lat="19.351677" lon="98.441889">
				<ele>502.553162</ele>
				<time>2016-02-07T03:46:20Z</time>
			</trkpt>
			<trkpt lat="19.351643" lon="98.441861">
				<ele>502.865356</ele>
				<time>2016-02-07T03:46:21Z</time>
			</trkpt>
			<trkpt lat="19.351612" lon="98.441850">
				<ele>503.505127</ele>
				<time>2016-02-07T03:46:22Z</time>
			</trkpt>
			<trkpt lat="19.351578" lon="98.441836">
				<ele>503.909790</ele>
				<time>2016-02-07T03:46:23Z</time>
			</trkpt>
			<trkpt lat="19.351559" lon="98.441824">
				<ele>503.601562</ele>
				<time>2016-02-07T03:46:24Z</time>
			</trkpt>
			<trkpt lat="19.351533" lon="98.441816">
				<ele>503.198364</ele>
				<time>2016-02-07T03:46:25Z</time>
			</trkpt>
			<trkpt lat="19.351516" lon="98.441800">
				<ele>503.288269</ele>
				<time>2016-02-07T03:46:26Z</time>
			</trkpt>
			<trkpt lat="19.351503" lon="98.441795">
				<ele>502.306458</ele>
				<time>2016-02-07T03:46:27Z</time>
			</trkpt>
			<trkpt lat="19.351486" lon="98.441788">
				<ele>502.797546</ele>
				<time>2016-02-07T03:46:28Z</time>
			</trkpt>
			<trkpt lat="19.351467" lon="98.441771">
				<ele>501.875122</ele>
				<time>2016-02-07T03:46:29Z</time>
			</trkpt>
			<trkpt lat="19.351455" lon="98.441760">
				<ele>501.553711</ele>
				<time>2016-02-07T03:46:30Z</time>
			</trkpt>
			<trkpt lat="19.351440" lon="98.441749">
				<ele>501.680298</ele>
				<time>2016-02-07T03:46:31Z</time>
			</trkpt>
			<trkpt lat="19.351427" lon="98.441741">
				<ele>501.367493</ele>
				<time>2016-02-07T03:46:32Z</time>
			</trkpt>
			<trkpt lat="19.351415" lon="98.441732">
				<ele>500.849365</ele>
				<time>2016-02-07T03:46:33Z</time>
			</trkpt>
			<trkpt lat="19.351406" lon="98.441721">
				<ele>499.922791</ele>
				<time>2016-02-07T03:46:34Z</time>
			</trkpt>
			<trkpt lat="19.351401" lon="98.441710">
				<ele>499.361206</ele>
				<time>2016-02-07T03:46:35Z</time>
			</trkpt>
			<trkpt lat="19.351400" lon="98.441700">
				<ele>499.007080</ele>
				<time>2016-02-07T03:46:36Z</time>
			</trkpt>
			<trkpt lat="19.351399" lon="98.441696">
				<ele>498.168701</ele>
				<time>2016-02-07T03:46:37Z</time>
			</trkpt>
			<trkpt lat="19.351403" lon="98.441704">
				<ele>496.627441</ele>
				<time>2016-02-07T03:46:41Z</time>
			</trkpt>
			<trkpt lat="19.351417" lon="98.441711">
				<ele>497.058838</ele>
				<time>2016-02-07T03:46:46Z</time>
			</trkpt>
			<trkpt lat="19.351422" lon="98.441710">
				<ele>495.422729</ele>
				<time>2016-02-07T03:46:48Z</time>
			</trkpt>
			<trkpt lat="19.351408" lon="98.441702">
				<ele>494.941040</ele>
				<time>2016-02-07T03:46:49Z</time>
			</trkpt>
			<trkpt lat="19.351376" lon="98.441691">
				<ele>494.867126</ele>
				<time>2016-02-07T03:46:50Z</time>
			</trkpt>
			<trkpt lat="19.351310" lon="98.441671">
				<ele>493.257141</ele>
				<time>2016-02-07T03:46:51Z</time>
			</trkpt>
			<trkpt lat="19.351251" lon="98.441652">
				<ele>493.283997</ele>
				<time>2016-02-07T03:46:52Z</time>
			</trkpt>
			<trkpt lat="19.351187" lon="98.441628">
				<ele>493.996460</ele>
				<time>2016-02-07T03:46:53Z</time>
			</trkpt>
			<trkpt lat="19.351129" lon="98.441602">
				<ele>493.189819</ele>
				<time>2016-02-07T03:46:54Z</time>
			</trkpt>
			<trkpt lat="19.351076" lon="98.441576">
				<ele>493.069946</ele>
				<time>2016-02-07T03:46:55Z</time>
			</trkpt>
			<trkpt lat="19.351018" lon="98.441542">
				<ele>492.942627</ele>
				<time>2016-02-07T03:46:56Z</time>
			</trkpt>
			<trkpt lat="19.350956" lon="98.441520">
				<ele>493.527100</ele>
				<time>2016-02-07T03:46:57Z</time>
			</trkpt>
			<trkpt lat="19.350885" lon="98.441479">
				<ele>493.095520</ele>
				<time>2016-02-07T03:46:58Z</time>
			</trkpt>
			<trkpt lat="19.350806" lon="98.441438">
				<ele>493.154663</ele>
				<time>2016-02-07T03:46:59Z</time>
			</trkpt>
			<trkpt lat="19.350721" lon="98.441405">
				<ele>494.012146</ele>
				<time>2016-02-07T03:47:00Z</time>
			</trkpt>
			<trkpt lat="19.350648" lon="98.441370">
				<ele>494.863770</ele>
				<time>2016-02-07T03:47:01Z</time>
			</trkpt>
			<trkpt lat="19.350587" lon="98.441338">
				<ele>495.590698</ele>
				<time>2016-02-07T03:47:02Z</time>
			</trkpt>
			<trkpt lat="19.350542" lon="98.441298">
				<ele>494.965454</ele>
				<time>2016-02-07T03:47:03Z</time>
			</trkpt>
			<trkpt lat="19.350502" lon="98.441258">
				<ele>494.491577</ele>
				<time>2016-02-07T03:47:04Z</time>
			</trkpt>
			<trkpt lat="19.350478" lon="98.441202">
				<ele>493.493774</ele>
				<time>2016-02-07T03:47:05Z</time>
			</trkpt>
			<trkpt lat="19.350469" lon="98.441126">
				<ele>493.562988</ele>
				<time>2016-02-07T03:47:06Z</time>
			</trkpt>
			<trkpt lat="19.350481" lon="98.441047">
				<ele>493.855225</ele>
				<time>2016-02-07T03:47:07Z</time>
			</trkpt>
			<trkpt lat="19.350494" lon="98.440961">
				<ele>493.198730</ele>
				<time>2016-02-07T03:47:08Z</time>
			</trkpt>
			<trkpt lat="19.350513" lon="98.440860">
				<ele>493.726746</ele>
				<time>2016-02-07T03:47:09Z</time>
			</trkpt>
			<trkpt lat="19.350531" lon="98.440747">
				<ele>495.283081</ele>
				<time>2016-02-07T03:47:10Z</time>
			</trkpt>
			<trkpt lat="19.350544" lon="98.440645">
				<ele>494.536987</ele>
				<time>2016-02-07T03:47:11Z</time>
			</trkpt>
			<trkpt lat="19.350569" lon="98.440534">
				<ele>495.432617</ele>
				<time>2016-02-07T03:47:12Z</time>
			</trkpt>
			<trkpt lat="19.350589" lon="98.440422">
				<ele>495.167847</ele>
				<time>2016-02-07T03:47:13Z</time>
			</trkpt>
			<trkpt lat="19.350613" lon="98.440298">
				<ele>494.650269</ele>
				<time>2016-02-07T03:47:14Z</time>
			</trkpt>
			<trkpt lat="19.350639" lon="98.440179">
				<ele>494.544434</ele>
				<time>2016-02-07T03:47:15Z</time>
			</trkpt>
			<trkpt lat="19.350663" lon="98.440054">
				<ele>494.699890</ele>
				<time>2016-02-07T03:47:16Z</time>
			</trkpt>
			<trkpt lat="19.350688" lon="98.439930">
				<ele>494.508423</ele>
				<time>2016-02-07T03:47:17Z</time>
			</trkpt>
			<trkpt lat="19.350714" lon="98.439802">
				<ele>494.316528</ele>
				<time>2016-02-07T03:47:18Z</time>
			</trkpt>
			<trkpt lat="19.350729" lon="98.439685">
				<ele>494.760376</ele>
				<time>2016-02-07T03:47:19Z</time>
			</trkpt>
			<trkpt lat="19.350751" lon="98.439559">
				<ele>495.026550</ele>
				<time>2016-02-07T03:47:20Z</time>
			</trkpt>
			<trkpt lat="19.350781" lon="98.439436">
				<ele>495.024780</ele>
				<time>2016-02-07T03:47:21Z</time>
			</trkpt>
			<trkpt lat="19.350808" lon="98.439326">
				<ele>495.150330</ele>
				<time>2016-02-07T03:47:22Z</time>
			</trkpt>
			<trkpt lat="19.350849" lon="98.439206">
				<ele>495.629150</ele>
				<time>2016-02-07T03:47:23Z</time>
			</trkpt>
			<trkpt lat="19.350859" lon="98.439110">
				<ele>494.544434</ele>
				<time>2016-02-07T03:47:24Z</time>
			</trkpt>
			<trkpt lat="19.350870" lon="98.438987">
				<ele>495.077271</ele>
				<time>2016-02-07T03:47:25Z</time>
			</trkpt>
			<trkpt lat="19.350872" lon="98.438870">
				<ele>495.781250</ele>
				<time>2016-02-07T03:47:26Z</time>
			</trkpt>
			<trkpt lat="19.350937" lon="98.438734">
				<ele>494.719421</ele>
				<time>2016-02-07T03:47:27Z</time>
			</trkpt>
			<trkpt lat="19.350922" lon="98.438635">
				<ele>496.795776</ele>
				<time>2016-02-07T03:47:28Z</time>
			</trkpt>
			<trkpt lat="19.350926" lon="98.438531">
				<ele>496.712036</ele>
				<time>2016-02-07T03:47:29Z</time>
			</trkpt>
			<trkpt lat="19.350935" lon="98.438433">
				<ele>494.477417</ele>
				<time>2016-02-07T03:47:30Z</time>
			</trkpt>
			<trkpt lat="19.350952" lon="98.438332">
				<ele>494.622192</ele>
				<time>2016-02-07T03:47:31Z</time>
			</trkpt>
			<trkpt lat="19.350972" lon="98.438230">
				<ele>494.394897</ele>
				<time>2016-02-07T03:47:32Z</time>
			</trkpt>
			<trkpt lat="19.350987" lon="98.438130">
				<ele>494.193054</ele>
				<time>2016-02-07T03:47:33Z</time>
			</trkpt>
			<trkpt lat="19.351003" lon="98.438029">
				<ele>493.864075</ele>
				<time>2016-02-07T03:47:34Z</time>
			</trkpt>
			<trkpt lat="19.351010" lon="98.437925">
				<ele>494.612000</ele>
				<time>2016-02-07T03:47:35Z</time>
			</trkpt>
			<trkpt lat="19.351008" lon="98.437819">
				<ele>495.224731</ele>
				<time>2016-02-07T03:47:36Z</time>
			</trkpt>
			<trkpt lat="19.351009" lon="98.437709">
				<ele>495.342773</ele>
				<time>2016-02-07T03:47:37Z</time>
			</trkpt>
			<trkpt lat="19.351011" lon="98.437592">
				<ele>495.258057</ele>
				<time>2016-02-07T03:47:38Z</time>
			</trkpt>
			<trkpt lat="19.351005" lon="98.437501">
				<ele>494.264282</ele>
				<time>2016-02-07T03:47:39Z</time>
			</trkpt>
			<trkpt lat="19.350998" lon="98.437419">
				<ele>494.638306</ele>
				<time>2016-02-07T03:47:40Z</time>
			</trkpt>
			<trkpt lat="19.350997" lon="98.437338">
				<ele>494.749084</ele>
				<time>2016-02-07T03:47:41Z</time>
			</trkpt>
			<trkpt lat="19.350986" lon="98.437264">
				<ele>493.280273</ele>
				<time>2016-02-07T03:47:42Z</time>
			</trkpt>
			<trkpt lat="19.350990" lon="98.437191">
				<ele>493.253174</ele>
				<time>2016-02-07T03:47:43Z</time>
			</trkpt>
			<trkpt lat="19.350987" lon="98.437112">
				<ele>492.497070</ele>
				<time>2016-02-07T03:47:44Z</time>
			</trkpt>
			<trkpt lat="19.350980" lon="98.437023">
				<ele>491.441711</ele>
				<time>2016-02-07T03:47:45Z</time>
			</trkpt>
			<trkpt lat="19.350981" lon="98.436927">
				<ele>492.088440</ele>
				<time>2016-02-07T03:47:46Z</time>
			</trkpt>
			<trkpt lat="19.350978" lon="98.436824">
				<ele>492.510742</ele>
				<time>2016-02-07T03:47:47Z</time>
			</trkpt>
			<trkpt lat="19.350975" lon="98.436723">
				<ele>492.286255</ele>
				<time>2016-02-07T03:47:48Z</time>
			</trkpt>
			<trkpt lat="19.350968" lon="98.436622">
				<ele>493.463867</ele>
				<time>2016-02-07T03:47:49Z</time>
			</trkpt>
			<trkpt lat="19.350966" lon="98.436522">
				<ele>493.551758</ele>
				<time>2016-02-07T03:47:50Z</time>
			</trkpt>
			<trkpt lat="19.350960" lon="98.436421">
				<ele>493.559082</ele>
				<time>2016-02-07T03:47:51Z</time>
			</trkpt>
			<trkpt lat="19.350957" lon="98.436315">
				<ele>492.599365</ele>
				<time>2016-02-07T03:47:52Z</time>
			</trkpt>
			<trkpt lat="19.350951" lon="98.436217">
				<ele>493.077209</ele>
				<time>2016-02-07T03:47:53Z</time>
			</trkpt>
			<trkpt lat="19.350948" lon="98.436119">
				<ele>494.844849</ele>
				<time>2016-02-07T03:47:54Z</time>
			</trkpt>
			<trkpt lat="19.350942" lon="98.436027">
				<ele>495.364502</ele>
				<time>2016-02-07T03:47:55Z</time>
			</trkpt>
			<trkpt lat="19.350938" lon="98.435940">
				<ele>494.274841</ele>
				<time>2016-02-07T03:47:56Z</time>
			</trkpt>
			<trkpt lat="19.350927" lon="98.435837">
				<ele>493.481812</ele>
				<time>2016-02-07T03:47:57Z</time>
			</trkpt>
			<trkpt lat="19.350903" lon="98.435747">
				<ele>491.934937</ele>
				<time>2016-02-07T03:47:58Z</time>
			</trkpt>
			<trkpt lat="19.350902" lon="98.435670">
				<ele>492.599609</ele>
				<time>2016-02-07T03:47:59Z</time>
			</trkpt>
			<trkpt lat="19.350902" lon="98.435608">
				<ele>491.899414</ele>
				<time>2016-02-07T03:48:00Z</time>
			</trkpt>
			<trkpt lat="19.350900" lon="98.435550">
				<ele>492.421448</ele>
				<time>2016-02-07T03:48:01Z</time>
			</trkpt>
			<trkpt lat="19.350891" lon="98.435497">
				<ele>493.569580</ele>
				<time>2016-02-07T03:48:02Z</time>
			</trkpt>
			<trkpt lat="19.350882" lon="98.435466">
				<ele>495.234436</ele>
				<time>2016-02-07T03:48:03Z</time>
			</trkpt>
			<trkpt lat="19.350872" lon="98.435430">
				<ele>495.294800</ele>
				<time>2016-02-07T03:48:04Z</time>
			</trkpt>
			<trkpt lat="19.350826" lon="98.435427">
				<ele>495.415405</ele>
				<time>2016-02-07T03:48:05Z</time>
			</trkpt>
			<trkpt lat="19.350804" lon="98.435412">
				<ele>496.809082</ele>
				<time>2016-02-07T03:48:06Z</time>
			</trkpt>
			<trkpt lat="19.350788" lon="98.435400">
				<ele>496.420410</ele>
				<time>2016-02-07T03:48:07Z</time>
			</trkpt>
			<trkpt lat="19.350770" lon="98.435398">
				<ele>496.823120</ele>
				<time>2016-02-07T03:48:08Z</time>
			</trkpt>
			<trkpt lat="19.350756" lon="98.435394">
				<ele>497.473083</ele>
				<time>2016-02-07T03:48:09Z</time>
			</trkpt>
			<trkpt lat="19.350748" lon="98.435386">
				<ele>499.111450</ele>
				<time>2016-02-07T03:48:10Z</time>
			</trkpt>
			<trkpt lat="19.350732" lon="98.435371">
				<ele>499.210327</ele>
				<time>2016-02-07T03:48:11Z</time>
			</trkpt>
			<trkpt lat="19.350708" lon="98.435361">
				<ele>499.638306</ele>
				<time>2016-02-07T03:48:12Z</time>
			</trkpt>
			<trkpt lat="19.350670" lon="98.435352">
				<ele>500.744873</ele>
				<time>2016-02-07T03:48:13Z</time>
			</trkpt>
			<trkpt lat="19.350598" lon="98.435345">
				<ele>501.821411</ele>
				<time>2016-02-07T03:48:14Z</time>
			</trkpt>
			<trkpt lat="19.350510" lon="98.435336">
				<ele>501.905518</ele>
				<time>2016-02-07T03:48:15Z</time>
			</trkpt>
			<trkpt lat="19.350420" lon="98.435332">
				<ele>502.687561</ele>
				<time>2016-02-07T03:48:16Z</time>
			</trkpt>
			<trkpt lat="19.350321" lon="98.435315">
				<ele>503.525940</ele>
				<time>2016-02-07T03:48:17Z</time>
			</trkpt>
			<trkpt lat="19.350216" lon="98.435296">
				<ele>503.357178</ele>
				<time>2016-02-07T03:48:18Z</time>
			</trkpt>
			<trkpt lat="19.350124" lon="98.435269">
				<ele>502.249023</ele>
				<time>2016-02-07T03:48:19Z</time>
			</trkpt>
			<trkpt lat="19.350025" lon="98.435246">
				<ele>500.697632</ele>
				<time>2016-02-07T03:48:20Z</time>
			</trkpt>
			<trkpt lat="19.349919" lon="98.435228">
				<ele>500.320312</ele>
				<time>2016-02-07T03:48:21Z</time>
			</trkpt>
			<trkpt lat="19.349818" lon="98.435206">
				<ele>501.066711</ele>
				<time>2016-02-07T03:48:22Z</time>
			</trkpt>
			<trkpt lat="19.349726" lon="98.435179">
				<ele>500.352417</ele>
				<time>2016-02-07T03:48:23Z</time>
			</trkpt>
			<trkpt lat="19.349628" lon="98.435154">
				<ele>500.396484</ele>
				<time>2016-02-07T03:48:24Z</time>
			</trkpt>
			<trkpt lat="19.349533" lon="98.435129">
				<ele>500.457825</ele>
				<time>2016-02-07T03:48:25Z</time>
			</trkpt>
			<trkpt lat="19.349429" lon="98.435106">
				<ele>500.538086</ele>
				<time>2016-02-07T03:48:26Z</time>
			</trkpt>
			<trkpt lat="19.349321" lon="98.435077">
				<ele>501.773987</ele>
				<time>2016-02-07T03:48:27Z</time>
			</trkpt>
			<trkpt lat="19.349232" lon="98.435052">
				<ele>501.061829</ele>
				<time>2016-02-07T03:48:28Z</time>
			</trkpt>
			<trkpt lat="19.349148" lon="98.435010">
				<ele>499.889343</ele>
				<time>2016-02-07T03:48:29Z</time>
			</trkpt>
			<trkpt lat="19.349056" lon="98.434971">
				<ele>500.012451</ele>
				<time>2016-02-07T03:48:30Z</time>
			</trkpt>
			<trkpt lat="19.348960" lon="98.434936">
				<ele>500.230591</ele>
				<time>2016-02-07T03:48:31Z</time>
			</trkpt>
			<trkpt lat="19.348858" lon="98.434901">
				<ele>500.277405</ele>
				<time>2016-02-07T03:48:32Z</time>
			</trkpt>
			<trkpt lat="19.348755" lon="98.434862">
				<ele>500.297363</ele>
				<time>2016-02-07T03:48:33Z</time>
			</trkpt>
			<trkpt lat="19.348660" lon="98.434808">
				<ele>499.829163</ele>
				<time>2016-02-07T03:48:34Z</time>
			</trkpt>
			<trkpt lat="19.348570" lon="98.434748">
				<ele>498.704773</ele>
				<time>2016-02-07T03:48:35Z</time>
			</trkpt>
			<trkpt lat="19.348462" lon="98.434696">
				<ele>499.671387</ele>
				<time>2016-02-07T03:48:36Z</time>
			</trkpt>
			<trkpt lat="19.348352" lon="98.434637">
				<ele>499.951294</ele>
				<time>2016-02-07T03:48:37Z</time>
			</trkpt>
			<trkpt lat="19.348261" lon="98.434572">
				<ele>500.637512</ele>
				<time>2016-02-07T03:48:38Z</time>
			</trkpt>
			<trkpt lat="19.348168" lon="98.434508">
				<ele>500.066528</ele>
				<time>2016-02-07T03:48:39Z</time>
			</trkpt>
			<trkpt lat="19.348050" lon="98.434441">
				<ele>499.541565</ele>
				<time>2016-02-07T03:48:40Z</time>
			</trkpt>
			<trkpt lat="19.347934" lon="98.434379">
				<ele>500.521606</ele>
				<time>2016-02-07T03:48:41Z</time>
			</trkpt>
			<trkpt lat="19.347821" lon="98.434311">
				<ele>500.548096</ele>
				<time>2016-02-07T03:48:42Z</time>
			</trkpt>
			<trkpt lat="19.347712" lon="98.434237">
				<ele>501.120789</ele>
				<time>2016-02-07T03:48:43Z</time>
			</trkpt>
			<trkpt lat="19.347596" lon="98.434168">
				<ele>501.260010</ele>
				<time>2016-02-07T03:48:44Z</time>
			</trkpt>
			<trkpt lat="19.347477" lon="98.434101">
				<ele>501.827820</ele>
				<time>2016-02-07T03:48:45Z</time>
			</trkpt>
			<trkpt lat="19.347370" lon="98.434016">
				<ele>501.939331</ele>
				<time>2016-02-07T03:48:46Z</time>
			</trkpt>
			<trkpt lat="19.347249" lon="98.433959">
				<ele>504.089478</ele>
				<time>2016-02-07T03:48:47Z</time>
			</trkpt>
			<trkpt lat="19.347134" lon="98.433894">
				<ele>505.020020</ele>
				<time>2016-02-07T03:48:48Z</time>
			</trkpt>
			<trkpt lat="19.347014" lon="98.433823">
				<ele>504.959717</ele>
				<time>2016-02-07T03:48:49Z</time>
			</trkpt>
			<trkpt lat="19.346930" lon="98.433739">
				<ele>506.552979</ele>
				<time>2016-02-07T03:48:50Z</time>
			</trkpt>
			<trkpt lat="19.346798" lon="98.433689">
				<ele>504.007935</ele>
				<time>2016-02-07T03:48:51Z</time>
			</trkpt>
			<trkpt lat="19.346694" lon="98.433615">
				<ele>503.394653</ele>
				<time>2016-02-07T03:48:52Z</time>
			</trkpt>
			<trkpt lat="19.346571" lon="98.433536">
				<ele>503.226318</ele>
				<time>2016-02-07T03:48:53Z</time>
			</trkpt>
			<trkpt lat="19.346478" lon="98.433451">
				<ele>504.641968</ele>
				<time>2016-02-07T03:48:54Z</time>
			</trkpt>
			<trkpt lat="19.346343" lon="98.433383">
				<ele>503.281006</ele>
				<time>2016-02-07T03:48:55Z</time>
			</trkpt>
			<trkpt lat="19.346213" lon="98.433320">
				<ele>503.373291</ele>
				<time>2016-02-07T03:48:56Z</time>
			</trkpt>
			<trkpt lat="19.346097" lon="98.433258">
				<ele>504.542419</ele>
				<time>2016-02-07T03:48:57Z</time>
			</trkpt>
			<trkpt lat="19.345981" lon="98.433186">
				<ele>503.138306</ele>
				<time>2016-02-07T03:48:58Z</time>
			</trkpt>
			<trkpt lat="19.345869" lon="98.433123">
				<ele>501.034851</ele>
				<time>2016-02-07T03:48:59Z</time>
			</trkpt>
			<trkpt lat="19.345748" lon="98.433056">
				<ele>500.309692</ele>
				<time>2016-02-07T03:49:00Z</time>
			</trkpt>
			<trkpt lat="19.345633" lon="98.432999">
				<ele>500.682373</ele>
				<time>2016-02-07T03:49:01Z</time>
			</trkpt>
			<trkpt lat="19.345525" lon="98.432944">
				<ele>500.635864</ele>
				<time>2016-02-07T03:49:02Z</time>
			</trkpt>
			<trkpt lat="19.345410" lon="98.432884">
				<ele>500.654724</ele>
				<time>2016-02-07T03:49:03Z</time>
			</trkpt>
			<trkpt lat="19.345285" lon="98.432851">
				<ele>498.001953</ele>
				<time>2016-02-07T03:49:04Z</time>
			</trkpt>
			<trkpt lat="19.345144" lon="98.432830">
				<ele>498.270935</ele>
				<time>2016-02-07T03:49:05Z</time>
			</trkpt>
			<trkpt lat="19.345001" lon="98.432811">
				<ele>496.751343</ele>
				<time>2016-02-07T03:49:06Z</time>
			</trkpt>
			<trkpt lat="19.344858" lon="98.432806">
				<ele>495.734985</ele>
				<time>2016-02-07T03:49:07Z</time>
			</trkpt>
			<trkpt lat="19.344719" lon="98.432815">
				<ele>495.279297</ele>
				<time>2016-02-07T03:49:08Z</time>
			</trkpt>
			<trkpt lat="19.344575" lon="98.432824">
				<ele>494.857056</ele>
				<time>2016-02-07T03:49:09Z</time>
			</trkpt>
			<trkpt lat="19.344433" lon="98.432836">
				<ele>494.088196</ele>
				<time>2016-02-07T03:49:10Z</time>
			</trkpt>
			<trkpt lat="19.344285" lon="98.432853">
				<ele>494.381592</ele>
				<time>2016-02-07T03:49:11Z</time>
			</trkpt>
			<trkpt lat="19.344131" lon="98.432877">
				<ele>493.657837</ele>
				<time>2016-02-07T03:49:12Z</time>
			</trkpt>
			<trkpt lat="19.343985" lon="98.432900">
				<ele>494.292847</ele>
				<time>2016-02-07T03:49:13Z</time>
			</trkpt>
			<trkpt lat="19.343843" lon="98.432923">
				<ele>495.604492</ele>
				<time>2016-02-07T03:49:14Z</time>
			</trkpt>
			<trkpt lat="19.343685" lon="98.432948">
				<ele>496.885010</ele>
				<time>2016-02-07T03:49:15Z</time>
			</trkpt>
			<trkpt lat="19.343538" lon="98.432974">
				<ele>497.828247</ele>
				<time>2016-02-07T03:49:16Z</time>
			</trkpt>
			<trkpt lat="19.343391" lon="98.433001">
				<ele>498.094971</ele>
				<time>2016-02-07T03:49:17Z</time>
			</trkpt>
			<trkpt lat="19.343244" lon="98.433016">
				<ele>498.195557</ele>
				<time>2016-02-07T03:49:18Z</time>
			</trkpt>
			<trkpt lat="19.343095" lon="98.433046">
				<ele>498.077026</ele>
				<time>2016-02-07T03:49:19Z</time>
			</trkpt>
			<trkpt lat="19.342975" lon="98.433061">
				<ele>499.632019</ele>
				<time>2016-02-07T03:49:20Z</time>
			</trkpt>
			<trkpt lat="19.342861" lon="98.433080">
				<ele>501.449280</ele>
				<time>2016-02-07T03:49:21Z</time>
			</trkpt>
			<trkpt lat="19.342724" lon="98.433100">
				<ele>501.595093</ele>
				<time>2016-02-07T03:49:22Z</time>
			</trkpt>
			<trkpt lat="19.342579" lon="98.433127">
				<ele>503.041321</ele>
				<time>2016-02-07T03:49:23Z</time>
			</trkpt>
			<trkpt lat="19.342463" lon="98.433141">
				<ele>502.855835</ele>
				<time>2016-02-07T03:49:24Z</time>
			</trkpt>
			<trkpt lat="19.342331" lon="98.433166">
				<ele>506.365356</ele>
				<time>2016-02-07T03:49:25Z</time>
			</trkpt>
			<trkpt lat="19.342193" lon="98.433190">
				<ele>508.073364</ele>
				<time>2016-02-07T03:49:26Z</time>
			</trkpt>
			<trkpt lat="19.342066" lon="98.433202">
				<ele>506.939758</ele>
				<time>2016-02-07T03:49:27Z</time>
			</trkpt>
			<trkpt lat="19.341935" lon="98.433218">
				<ele>506.580994</ele>
				<time>2016-02-07T03:49:28Z</time>
			</trkpt>
			<trkpt lat="19.341802" lon="98.433233">
				<ele>507.819641</ele>
				<time>2016-02-07T03:49:29Z</time>
			</trkpt>
			<trkpt lat="19.341663" lon="98.433252">
				<ele>508.822021</ele>
				<time>2016-02-07T03:49:30Z</time>
			</trkpt>
			<trkpt lat="19.341530" lon="98.433267">
				<ele>509.878967</ele>
				<time>2016-02-07T03:49:31Z</time>
			</trkpt>
			<trkpt lat="19.341400" lon="98.433288">
				<ele>512.166504</ele>
				<time>2016-02-07T03:49:32Z</time>
			</trkpt>
			<trkpt lat="19.341275" lon="98.433303">
				<ele>513.352051</ele>
				<time>2016-02-07T03:49:33Z</time>
			</trkpt>
			<trkpt lat="19.341146" lon="98.433321">
				<ele>515.573303</ele>
				<time>2016-02-07T03:49:34Z</time>
			</trkpt>
			<trkpt lat="19.341021" lon="98.433338">
				<ele>516.117493</ele>
				<time>2016-02-07T03:49:35Z</time>
			</trkpt>
			<trkpt lat="19.340894" lon="98.433366">
				<ele>515.879639</ele>
				<time>2016-02-07T03:49:36Z</time>
			</trkpt>
			<trkpt lat="19.340765" lon="98.433387">
				<ele>515.677246</ele>
				<time>2016-02-07T03:49:37Z</time>
			</trkpt>
			<trkpt lat="19.340651" lon="98.433395">
				<ele>516.273804</ele>
				<time>2016-02-07T03:49:38Z</time>
			</trkpt>
			<trkpt lat="19.340535" lon="98.433417">
				<ele>519.106323</ele>
				<time>2016-02-07T03:49:39Z</time>
			</trkpt>
			<trkpt lat="19.340409" lon="98.433428">
				<ele>520.740112</ele>
				<time>2016-02-07T03:49:40Z</time>
			</trkpt>
			<trkpt lat="19.340284" lon="98.433445">
				<ele>522.367371</ele>
				<time>2016-02-07T03:49:41Z</time>
			</trkpt>
			<trkpt lat="19.340159" lon="98.433457">
				<ele>524.002563</ele>
				<time>2016-02-07T03:49:42Z</time>
			</trkpt>
			<trkpt lat="19.340031" lon="98.433469">
				<ele>526.016357</ele>
				<time>2016-02-07T03:49:43Z</time>
			</trkpt>
			<trkpt lat="19.339910" lon="98.433483">
				<ele>527.928955</ele>
				<time>2016-02-07T03:49:44Z</time>
			</trkpt>
			<trkpt lat="19.339784" lon="98.433493">
				<ele>528.828613</ele>
				<time>2016-02-07T03:49:45Z</time>
			</trkpt>
			<trkpt lat="19.339652" lon="98.433508">
				<ele>530.423645</ele>
				<time>2016-02-07T03:49:46Z</time>
			</trkpt>
			<trkpt lat="19.339585" lon="98.433520">
				<ele>533.986084</ele>
				<time>2016-02-07T03:49:47Z</time>
			</trkpt>
			<trkpt lat="19.339492" lon="98.433523">
				<ele>534.347534</ele>
				<time>2016-02-07T03:49:48Z</time>
			</trkpt>
			<trkpt lat="19.339401" lon="98.433512">
				<ele>535.902954</ele>
				<time>2016-02-07T03:49:49Z</time>
			</trkpt>
			<trkpt lat="19.339309" lon="98.433495">
				<ele>537.079956</ele>
				<time>2016-02-07T03:49:50Z</time>
			</trkpt>
			<trkpt lat="19.339225" lon="98.433467">
				<ele>538.695740</ele>
				<time>2016-02-07T03:49:51Z</time>
			</trkpt>
			<trkpt lat="19.339146" lon="98.433431">
				<ele>539.161621</ele>
				<time>2016-02-07T03:49:52Z</time>
			</trkpt>
			<trkpt lat="19.339071" lon="98.433404">
				<ele>538.888428</ele>
				<time>2016-02-07T03:49:53Z</time>
			</trkpt>
			<trkpt lat="19.338998" lon="98.433367">
				<ele>539.117920</ele>
				<time>2016-02-07T03:49:54Z</time>
			</trkpt>
			<trkpt lat="19.338921" lon="98.433322">
				<ele>539.932800</ele>
				<time>2016-02-07T03:49:55Z</time>
			</trkpt>
			<trkpt lat="19.338856" lon="98.433265">
				<ele>540.750793</ele>
				<time>2016-02-07T03:49:56Z</time>
			</trkpt>
			<trkpt lat="19.338782" lon="98.433205">
				<ele>541.403687</ele>
				<time>2016-02-07T03:49:57Z</time>
			</trkpt>
			<trkpt lat="19.338705" lon="98.433147">
				<ele>541.433838</ele>
				<time>2016-02-07T03:49:58Z</time>
			</trkpt>
			<trkpt lat="19.338624" lon="98.433088">
				<ele>542.512207</ele>
				<time>2016-02-07T03:49:59Z</time>
			</trkpt>
			<trkpt lat="19.338564" lon="98.433028">
				<ele>543.309814</ele>
				<time>2016-02-07T03:50:00Z</time>
			</trkpt>
			<trkpt lat="19.338480" lon="98.432971">
				<ele>544.395630</ele>
				<time>2016-02-07T03:50:01Z</time>
			</trkpt>
			<trkpt lat="19.338390" lon="98.432910">
				<ele>544.152100</ele>
				<time>2016-02-07T03:50:02Z</time>
			</trkpt>
			<trkpt lat="19.338314" lon="98.432836">
				<ele>543.745728</ele>
				<time>2016-02-07T03:50:03Z</time>
			</trkpt>
			<trkpt lat="19.338234" lon="98.432763">
				<ele>543.130493</ele>
				<time>2016-02-07T03:50:04Z</time>
			</trkpt>
			<trkpt lat="19.338131" lon="98.432684">
				<ele>543.094604</ele>
				<time>2016-02-07T03:50:05Z</time>
			</trkpt>
			<trkpt lat="19.338023" lon="98.432617">
				<ele>544.006714</ele>
				<time>2016-02-07T03:50:06Z</time>
			</trkpt>
			<trkpt lat="19.337921" lon="98.432532">
				<ele>544.972290</ele>
				<time>2016-02-07T03:50:07Z</time>
			</trkpt>
			<trkpt lat="19.337826" lon="98.432433">
				<ele>544.776611</ele>
				<time>2016-02-07T03:50:08Z</time>
			</trkpt>
			<trkpt lat="19.337728" lon="98.432356">
				<ele>544.746338</ele>
				<time>2016-02-07T03:50:09Z</time>
			</trkpt>
			<trkpt lat="19.337632" lon="98.432287">
				<ele>545.427002</ele>
				<time>2016-02-07T03:50:10Z</time>
			</trkpt>
			<trkpt lat="19.337543" lon="98.432222">
				<ele>545.876953</ele>
				<time>2016-02-07T03:50:11Z</time>
			</trkpt>
			<trkpt lat="19.337441" lon="98.432158">
				<ele>544.830627</ele>
				<time>2016-02-07T03:50:12Z</time>
			</trkpt>
			<trkpt lat="19.337334" lon="98.432092">
				<ele>544.013428</ele>
				<time>2016-02-07T03:50:13Z</time>
			</trkpt>
			<trkpt lat="19.337226" lon="98.432031">
				<ele>543.563965</ele>
				<time>2016-02-07T03:50:14Z</time>
			</trkpt>
			<trkpt lat="19.337127" lon="98.431976">
				<ele>543.071533</ele>
				<time>2016-02-07T03:50:15Z</time>
			</trkpt>
			<trkpt lat="19.337009" lon="98.431926">
				<ele>541.839844</ele>
				<time>2016-02-07T03:50:16Z</time>
			</trkpt>
			<trkpt lat="19.336896" lon="98.431877">
				<ele>541.009155</ele>
				<time>2016-02-07T03:50:17Z</time>
			</trkpt>
			<trkpt lat="19.336775" lon="98.431837">
				<ele>540.296997</ele>
				<time>2016-02-07T03:50:18Z</time>
			</trkpt>
			<trkpt lat="19.336648" lon="98.431800">
				<ele>540.153381</ele>
				<time>2016-02-07T03:50:19Z</time>
			</trkpt>
			<trkpt lat="19.336511" lon="98.431770">
				<ele>539.327454</ele>
				<time>2016-02-07T03:50:20Z</time>
			</trkpt>
			<trkpt lat="19.336364" lon="98.431743">
				<ele>538.504517</ele>
				<time>2016-02-07T03:50:21Z</time>
			</trkpt>
			<trkpt lat="19.336218" lon="98.431730">
				<ele>538.280334</ele>
				<time>2016-02-07T03:50:22Z</time>
			</trkpt>
			<trkpt lat="19.336074" lon="98.431722">
				<ele>537.441895</ele>
				<time>2016-02-07T03:50:23Z</time>
			</trkpt>
			<trkpt lat="19.335945" lon="98.431714">
				<ele>536.579590</ele>
				<time>2016-02-07T03:50:24Z</time>
			</trkpt>
			<trkpt lat="19.335815" lon="98.431720">
				<ele>536.278442</ele>
				<time>2016-02-07T03:50:25Z</time>
			</trkpt>
			<trkpt lat="19.335687" lon="98.431734">
				<ele>538.513672</ele>
				<time>2016-02-07T03:50:26Z</time>
			</trkpt>
			<trkpt lat="19.335565" lon="98.431744">
				<ele>539.541992</ele>
				<time>2016-02-07T03:50:27Z</time>
			</trkpt>
			<trkpt lat="19.335435" lon="98.431751">
				<ele>538.445435</ele>
				<time>2016-02-07T03:50:28Z</time>
			</trkpt>
			<trkpt lat="19.335316" lon="98.431750">
				<ele>537.815918</ele>
				<time>2016-02-07T03:50:29Z</time>
			</trkpt>
			<trkpt lat="19.335191" lon="98.431750">
				<ele>539.130249</ele>
				<time>2016-02-07T03:50:30Z</time>
			</trkpt>
			<trkpt lat="19.335072" lon="98.431762">
				<ele>539.615479</ele>
				<time>2016-02-07T03:50:31Z</time>
			</trkpt>
			<trkpt lat="19.334956" lon="98.431763">
				<ele>538.961548</ele>
				<time>2016-02-07T03:50:32Z</time>
			</trkpt>
			<trkpt lat="19.334840" lon="98.431764">
				<ele>539.701782</ele>
				<time>2016-02-07T03:50:33Z</time>
			</trkpt>
			<trkpt lat="19.334716" lon="98.431772">
				<ele>537.929688</ele>
				<time>2016-02-07T03:50:34Z</time>
			</trkpt>
			<trkpt lat="19.334606" lon="98.431787">
				<ele>538.124023</ele>
				<time>2016-02-07T03:50:35Z</time>
			</trkpt>
			<trkpt lat="19.334484" lon="98.431819">
				<ele>537.977783</ele>
				<time>2016-02-07T03:50:36Z</time>
			</trkpt>
			<trkpt lat="19.334366" lon="98.431869">
				<ele>538.441406</ele>
				<time>2016-02-07T03:50:37Z</time>
			</trkpt>
			<trkpt lat="19.334252" lon="98.431927">
				<ele>537.926392</ele>
				<time>2016-02-07T03:50:38Z</time>
			</trkpt>
			<trkpt lat="19.334132" lon="98.431991">
				<ele>536.437866</ele>
				<time>2016-02-07T03:50:39Z</time>
			</trkpt>
			<trkpt lat="19.334016" lon="98.432064">
				<ele>534.975159</ele>
				<time>2016-02-07T03:50:40Z</time>
			</trkpt>
			<trkpt lat="19.333903" lon="98.432135">
				<ele>534.750488</ele>
				<time>2016-02-07T03:50:41Z</time>
			</trkpt>
			<trkpt lat="19.333789" lon="98.432200">
				<ele>533.583862</ele>
				<time>2016-02-07T03:50:42Z</time>
			</trkpt>
			<trkpt lat="19.333681" lon="98.432271">
				<ele>533.943115</ele>
				<time>2016-02-07T03:50:43Z</time>
			</trkpt>
			<trkpt lat="19.333568" lon="98.432347">
				<ele>532.815369</ele>
				<time>2016-02-07T03:50:44Z</time>
			</trkpt>
			<trkpt lat="19.333454" lon="98.432424">
				<ele>531.778076</ele>
				<time>2016-02-07T03:50:45Z</time>
			</trkpt>
			<trkpt lat="19.333345" lon="98.432502">
				<ele>531.232788</ele>
				<time>2016-02-07T03:50:46Z</time>
			</trkpt>
			<trkpt lat="19.333224" lon="98.432575">
				<ele>530.432434</ele>
				<time>2016-02-07T03:50:47Z</time>
			</trkpt>
			<trkpt lat="19.333111" lon="98.432658">
				<ele>528.258240</ele>
				<time>2016-02-07T03:50:48Z</time>
			</trkpt>
			<trkpt lat="19.332992" lon="98.432730">
				<ele>527.170654</ele>
				<time>2016-02-07T03:50:49Z</time>
			</trkpt>
			<trkpt lat="19.332871" lon="98.432805">
				<ele>524.998535</ele>
				<time>2016-02-07T03:50:50Z</time>
			</trkpt>
			<trkpt lat="19.332752" lon="98.432877">
				<ele>524.515015</ele>
				<time>2016-02-07T03:50:51Z</time>
			</trkpt>
			<trkpt lat="19.332637" lon="98.432955">
				<ele>524.041138</ele>
				<time>2016-02-07T03:50:52Z</time>
			</trkpt>
			<trkpt lat="19.332513" lon="98.433035">
				<ele>522.574646</ele>
				<time>2016-02-07T03:50:53Z</time>
			</trkpt>
			<trkpt lat="19.332378" lon="98.433115">
				<ele>523.261841</ele>
				<time>2016-02-07T03:50:54Z</time>
			</trkpt>
			<trkpt lat="19.332247" lon="98.433210">
				<ele>522.597290</ele>
				<time>2016-02-07T03:50:55Z</time>
			</trkpt>
			<trkpt lat="19.332115" lon="98.433296">
				<ele>521.688843</ele>
				<time>2016-02-07T03:50:56Z</time>
			</trkpt>
			<trkpt lat="19.331982" lon="98.433375">
				<ele>519.934448</ele>
				<time>2016-02-07T03:50:57Z</time>
			</trkpt>
			<trkpt lat="19.331852" lon="98.433466">
				<ele>518.531982</ele>
				<time>2016-02-07T03:50:58Z</time>
			</trkpt>
			<trkpt lat="19.331720" lon="98.433553">
				<ele>518.158325</ele>
				<time>2016-02-07T03:50:59Z</time>
			</trkpt>
			<trkpt lat="19.331591" lon="98.433638">
				<ele>516.964966</ele>
				<time>2016-02-07T03:51:00Z</time>
			</trkpt>
			<trkpt lat="19.331453" lon="98.433735">
				<ele>516.083130</ele>
				<time>2016-02-07T03:51:01Z</time>
			</trkpt>
			<trkpt lat="19.331326" lon="98.433821">
				<ele>516.101074</ele>
				<time>2016-02-07T03:51:02Z</time>
			</trkpt>
			<trkpt lat="19.331205" lon="98.433901">
				<ele>516.739380</ele>
				<time>2016-02-07T03:51:03Z</time>
			</trkpt>
			<trkpt lat="19.331094" lon="98.433974">
				<ele>516.716248</ele>
				<time>2016-02-07T03:51:04Z</time>
			</trkpt>
			<trkpt lat="19.330983" lon="98.434053">
				<ele>516.179810</ele>
				<time>2016-02-07T03:51:05Z</time>
			</trkpt>
			<trkpt lat="19.330865" lon="98.434118">
				<ele>515.795166</ele>
				<time>2016-02-07T03:51:06Z</time>
			</trkpt>
			<trkpt lat="19.330754" lon="98.434190">
				<ele>515.258911</ele>
				<time>2016-02-07T03:51:07Z</time>
			</trkpt>
			<trkpt lat="19.330639" lon="98.434260">
				<ele>515.561707</ele>
				<time>2016-02-07T03:51:08Z</time>
			</trkpt>
			<trkpt lat="19.330531" lon="98.434330">
				<ele>514.576233</ele>
				<time>2016-02-07T03:51:09Z</time>
			</trkpt>
			<trkpt lat="19.330416" lon="98.434400">
				<ele>512.403442</ele>
				<time>2016-02-07T03:51:10Z</time>
			</trkpt>
			<trkpt lat="19.330301" lon="98.434477">
				<ele>511.180237</ele>
				<time>2016-02-07T03:51:11Z</time>
			</trkpt>
			<trkpt lat="19.330191" lon="98.434546">
				<ele>509.825928</ele>
				<time>2016-02-07T03:51:12Z</time>
			</trkpt>
			<trkpt lat="19.330078" lon="98.434623">
				<ele>509.572876</ele>
				<time>2016-02-07T03:51:13Z</time>
			</trkpt>
			<trkpt lat="19.329968" lon="98.434693">
				<ele>509.152710</ele>
				<time>2016-02-07T03:51:14Z</time>
			</trkpt>
			<trkpt lat="19.329852" lon="98.434764">
				<ele>508.018982</ele>
				<time>2016-02-07T03:51:15Z</time>
			</trkpt>
			<trkpt lat="19.329731" lon="98.434848">
				<ele>507.354736</ele>
				<time>2016-02-07T03:51:16Z</time>
			</trkpt>
			<trkpt lat="19.329607" lon="98.434928">
				<ele>506.105225</ele>
				<time>2016-02-07T03:51:17Z</time>
			</trkpt>
			<trkpt lat="19.329478" lon="98.435014">
				<ele>505.739136</ele>
				<time>2016-02-07T03:51:18Z</time>
			</trkpt>
			<trkpt lat="19.329357" lon="98.435099">
				<ele>505.918396</ele>
				<time>2016-02-07T03:51:19Z</time>
			</trkpt>
			<trkpt lat="19.329228" lon="98.435182">
				<ele>507.880859</ele>
				<time>2016-02-07T03:51:20Z</time>
			</trkpt>
			<trkpt lat="19.329104" lon="98.435267">
				<ele>508.156982</ele>
				<time>2016-02-07T03:51:21Z</time>
			</trkpt>
			<trkpt lat="19.328981" lon="98.435352">
				<ele>507.392395</ele>
				<time>2016-02-07T03:51:22Z</time>
			</trkpt>
			<trkpt lat="19.328852" lon="98.435423">
				<ele>507.099304</ele>
				<time>2016-02-07T03:51:23Z</time>
			</trkpt>
			<trkpt lat="19.328726" lon="98.435502">
				<ele>505.387451</ele>
				<time>2016-02-07T03:51:24Z</time>
			</trkpt>
			<trkpt lat="19.328609" lon="98.435579">
				<ele>504.142700</ele>
				<time>2016-02-07T03:51:25Z</time>
			</trkpt>
			<trkpt lat="19.328481" lon="98.435664">
				<ele>504.011841</ele>
				<time>2016-02-07T03:51:26Z</time>
			</trkpt>
			<trkpt lat="19.328358" lon="98.435740">
				<ele>503.107300</ele>
				<time>2016-02-07T03:51:27Z</time>
			</trkpt>
			<trkpt lat="19.328231" lon="98.435830">
				<ele>502.830933</ele>
				<time>2016-02-07T03:51:28Z</time>
			</trkpt>
			<trkpt lat="19.328104" lon="98.435913">
				<ele>501.756714</ele>
				<time>2016-02-07T03:51:29Z</time>
			</trkpt>
			<trkpt lat="19.327974" lon="98.436004">
				<ele>501.603088</ele>
				<time>2016-02-07T03:51:30Z</time>
			</trkpt>
			<trkpt lat="19.327847" lon="98.436088">
				<ele>500.700684</ele>
				<time>2016-02-07T03:51:31Z</time>
			</trkpt>
			<trkpt lat="19.327726" lon="98.436169">
				<ele>500.487061</ele>
				<time>2016-02-07T03:51:32Z</time>
			</trkpt>
			<trkpt lat="19.327605" lon="98.436254">
				<ele>499.220215</ele>
				<time>2016-02-07T03:51:33Z</time>
			</trkpt>
			<trkpt lat="19.327484" lon="98.436325">
				<ele>498.200806</ele>
				<time>2016-02-07T03:51:34Z</time>
			</trkpt>
			<trkpt lat="19.327349" lon="98.436396">
				<ele>498.247925</ele>
				<time>2016-02-07T03:51:35Z</time>
			</trkpt>
			<trkpt lat="19.327218" lon="98.436447">
				<ele>499.179932</ele>
				<time>2016-02-07T03:51:36Z</time>
			</trkpt>
			<trkpt lat="19.327067" lon="98.436489">
				<ele>500.043579</ele>
				<time>2016-02-07T03:51:37Z</time>
			</trkpt>
			<trkpt lat="19.326923" lon="98.436521">
				<ele>498.711121</ele>
				<time>2016-02-07T03:51:38Z</time>
			</trkpt>
			<trkpt lat="19.326779" lon="98.436532">
				<ele>499.671265</ele>
				<time>2016-02-07T03:51:39Z</time>
			</trkpt>
			<trkpt lat="19.326634" lon="98.436537">
				<ele>499.915039</ele>
				<time>2016-02-07T03:51:40Z</time>
			</trkpt>
			<trkpt lat="19.326486" lon="98.436540">
				<ele>500.384644</ele>
				<time>2016-02-07T03:51:41Z</time>
			</trkpt>
			<trkpt lat="19.326343" lon="98.436543">
				<ele>500.141357</ele>
				<time>2016-02-07T03:51:42Z</time>
			</trkpt>
			<trkpt lat="19.326189" lon="98.436546">
				<ele>500.309570</ele>
				<time>2016-02-07T03:51:43Z</time>
			</trkpt>
			<trkpt lat="19.326043" lon="98.436550">
				<ele>499.644653</ele>
				<time>2016-02-07T03:51:44Z</time>
			</trkpt>
			<trkpt lat="19.325902" lon="98.436550">
				<ele>500.813477</ele>
				<time>2016-02-07T03:51:45Z</time>
			</trkpt>
			<trkpt lat="19.325755" lon="98.436543">
				<ele>501.292847</ele>
				<time>2016-02-07T03:51:46Z</time>
			</trkpt>
			<trkpt lat="19.325612" lon="98.436540">
				<ele>501.587524</ele>
				<time>2016-02-07T03:51:47Z</time>
			</trkpt>
			<trkpt lat="19.325461" lon="98.436546">
				<ele>503.901001</ele>
				<time>2016-02-07T03:51:48Z</time>
			</trkpt>
			<trkpt lat="19.325314" lon="98.436548">
				<ele>505.429565</ele>
				<time>2016-02-07T03:51:49Z</time>
			</trkpt>
			<trkpt lat="19.325165" lon="98.436552">
				<ele>505.496643</ele>
				<time>2016-02-07T03:51:50Z</time>
			</trkpt>
			<trkpt lat="19.325025" lon="98.436548">
				<ele>506.072937</ele>
				<time>2016-02-07T03:51:51Z</time>
			</trkpt>
			<trkpt lat="19.324886" lon="98.436555">
				<ele>506.732666</ele>
				<time>2016-02-07T03:51:52Z</time>
			</trkpt>
			<trkpt lat="19.324743" lon="98.436548">
				<ele>507.776245</ele>
				<time>2016-02-07T03:51:53Z</time>
			</trkpt>
			<trkpt lat="19.324586" lon="98.436545">
				<ele>507.515625</ele>
				<time>2016-02-07T03:51:54Z</time>
			</trkpt>
			<trkpt lat="19.324432" lon="98.436532">
				<ele>509.172180</ele>
				<time>2016-02-07T03:51:55Z</time>
			</trkpt>
			<trkpt lat="19.324278" lon="98.436524">
				<ele>509.175537</ele>
				<time>2016-02-07T03:51:56Z</time>
			</trkpt>
			<trkpt lat="19.324117" lon="98.436520">
				<ele>510.905212</ele>
				<time>2016-02-07T03:51:57Z</time>
			</trkpt>
			<trkpt lat="19.323949" lon="98.436514">
				<ele>511.624084</ele>
				<time>2016-02-07T03:51:58Z</time>
			</trkpt>
			<trkpt lat="19.323773" lon="98.436522">
				<ele>512.286499</ele>
				<time>2016-02-07T03:51:59Z</time>
			</trkpt>
			<trkpt lat="19.323603" lon="98.436521">
				<ele>512.532227</ele>
				<time>2016-02-07T03:52:00Z</time>
			</trkpt>
			<trkpt lat="19.323425" lon="98.436530">
				<ele>514.455688</ele>
				<time>2016-02-07T03:52:01Z</time>
			</trkpt>
			<trkpt lat="19.323243" lon="98.436521">
				<ele>516.110596</ele>
				<time>2016-02-07T03:52:02Z</time>
			</trkpt>
			<trkpt lat="19.323073" lon="98.436519">
				<ele>516.358398</ele>
				<time>2016-02-07T03:52:03Z</time>
			</trkpt>
			<trkpt lat="19.322905" lon="98.436528">
				<ele>519.073608</ele>
				<time>2016-02-07T03:52:04Z</time>
			</trkpt>
			<trkpt lat="19.322747" lon="98.436525">
				<ele>520.313416</ele>
				<time>2016-02-07T03:52:05Z</time>
			</trkpt>
			<trkpt lat="19.322603" lon="98.436530">
				<ele>521.773499</ele>
				<time>2016-02-07T03:52:06Z</time>
			</trkpt>
			<trkpt lat="19.322466" lon="98.436533">
				<ele>523.476318</ele>
				<time>2016-02-07T03:52:07Z</time>
			</trkpt>
			<trkpt lat="19.322331" lon="98.436537">
				<ele>524.943298</ele>
				<time>2016-02-07T03:52:08Z</time>
			</trkpt>
			<trkpt lat="19.322192" lon="98.436538">
				<ele>525.512207</ele>
				<time>2016-02-07T03:52:09Z</time>
			</trkpt>
			<trkpt lat="19.322047" lon="98.436539">
				<ele>525.557251</ele>
				<time>2016-02-07T03:52:10Z</time>
			</trkpt>
			<trkpt lat="19.321911" lon="98.436550">
				<ele>525.404907</ele>
				<time>2016-02-07T03:52:11Z</time>
			</trkpt>
			<trkpt lat="19.321776" lon="98.436566">
				<ele>525.021423</ele>
				<time>2016-02-07T03:52:12Z</time>
			</trkpt>
			<trkpt lat="19.321638" lon="98.436596">
				<ele>525.724121</ele>
				<time>2016-02-07T03:52:13Z</time>
			</trkpt>
			<trkpt lat="19.321512" lon="98.436642">
				<ele>525.453003</ele>
				<time>2016-02-07T03:52:14Z</time>
			</trkpt>
			<trkpt lat="19.321390" lon="98.436701">
				<ele>524.228882</ele>
				<time>2016-02-07T03:52:15Z</time>
			</trkpt>
			<trkpt lat="19.321270" lon="98.436775">
				<ele>522.639038</ele>
				<time>2016-02-07T03:52:16Z</time>
			</trkpt>
			<trkpt lat="19.321146" lon="98.436853">
				<ele>520.478455</ele>
				<time>2016-02-07T03:52:17Z</time>
			</trkpt>
			<trkpt lat="19.321024" lon="98.436932">
				<ele>519.530212</ele>
				<time>2016-02-07T03:52:18Z</time>
			</trkpt>
			<trkpt lat="19.320890" lon="98.437031">
				<ele>519.018372</ele>
				<time>2016-02-07T03:52:19Z</time>
			</trkpt>
			<trkpt lat="19.320753" lon="98.437120">
				<ele>518.021912</ele>
				<time>2016-02-07T03:52:20Z</time>
			</trkpt>
			<trkpt lat="19.320625" lon="98.437218">
				<ele>517.249390</ele>
				<time>2016-02-07T03:52:21Z</time>
			</trkpt>
			<trkpt lat="19.320487" lon="98.437332">
				<ele>516.632935</ele>
				<time>2016-02-07T03:52:22Z</time>
			</trkpt>
			<trkpt lat="19.320355" lon="98.437437">
				<ele>515.612061</ele>
				<time>2016-02-07T03:52:23Z</time>
			</trkpt>
			<trkpt lat="19.320219" lon="98.437530">
				<ele>515.171875</ele>
				<time>2016-02-07T03:52:24Z</time>
			</trkpt>
			<trkpt lat="19.320083" lon="98.437625">
				<ele>513.953308</ele>
				<time>2016-02-07T03:52:25Z</time>
			</trkpt>
			<trkpt lat="19.319944" lon="98.437720">
				<ele>514.740417</ele>
				<time>2016-02-07T03:52:26Z</time>
			</trkpt>
			<trkpt lat="19.319811" lon="98.437805">
				<ele>515.085938</ele>
				<time>2016-02-07T03:52:27Z</time>
			</trkpt>
			<trkpt lat="19.319683" lon="98.437902">
				<ele>516.027344</ele>
				<time>2016-02-07T03:52:28Z</time>
			</trkpt>
			<trkpt lat="19.319554" lon="98.437994">
				<ele>517.886475</ele>
				<time>2016-02-07T03:52:29Z</time>
			</trkpt>
			<trkpt lat="19.319430" lon="98.438085">
				<ele>518.530396</ele>
				<time>2016-02-07T03:52:30Z</time>
			</trkpt>
			<trkpt lat="19.319309" lon="98.438178">
				<ele>518.415161</ele>
				<time>2016-02-07T03:52:31Z</time>
			</trkpt>
			<trkpt lat="19.319156" lon="98.438284">
				<ele>517.768555</ele>
				<time>2016-02-07T03:52:32Z</time>
			</trkpt>
			<trkpt lat="19.319000" lon="98.438391">
				<ele>518.558960</ele>
				<time>2016-02-07T03:52:33Z</time>
			</trkpt>
			<trkpt lat="19.318859" lon="98.438499">
				<ele>520.712891</ele>
				<time>2016-02-07T03:52:34Z</time>
			</trkpt>
			<trkpt lat="19.318699" lon="98.438624">
				<ele>520.854248</ele>
				<time>2016-02-07T03:52:35Z</time>
			</trkpt>
			<trkpt lat="19.318553" lon="98.438725">
				<ele>520.021729</ele>
				<time>2016-02-07T03:52:36Z</time>
			</trkpt>
			<trkpt lat="19.318404" lon="98.438835">
				<ele>518.903931</ele>
				<time>2016-02-07T03:52:37Z</time>
			</trkpt>
			<trkpt lat="19.318257" lon="98.438942">
				<ele>518.448853</ele>
				<time>2016-02-07T03:52:38Z</time>
			</trkpt>
			<trkpt lat="19.318107" lon="98.439036">
				<ele>519.544922</ele>
				<time>2016-02-07T03:52:39Z</time>
			</trkpt>
			<trkpt lat="19.317969" lon="98.439133">
				<ele>519.157654</ele>
				<time>2016-02-07T03:52:40Z</time>
			</trkpt>
			<trkpt lat="19.317829" lon="98.439231">
				<ele>519.565430</ele>
				<time>2016-02-07T03:52:41Z</time>
			</trkpt>
			<trkpt lat="19.317694" lon="98.439324">
				<ele>517.890259</ele>
				<time>2016-02-07T03:52:42Z</time>
			</trkpt>
			<trkpt lat="19.317558" lon="98.439415">
				<ele>516.362183</ele>
				<time>2016-02-07T03:52:43Z</time>
			</trkpt>
			<trkpt lat="19.317426" lon="98.439528">
				<ele>515.236450</ele>
				<time>2016-02-07T03:52:44Z</time>
			</trkpt>
			<trkpt lat="19.317298" lon="98.439628">
				<ele>516.114746</ele>
				<time>2016-02-07T03:52:45Z</time>
			</trkpt>
			<trkpt lat="19.317178" lon="98.439713">
				<ele>516.246948</ele>
				<time>2016-02-07T03:52:46Z</time>
			</trkpt>
			<trkpt lat="19.317052" lon="98.439801">
				<ele>515.428223</ele>
				<time>2016-02-07T03:52:47Z</time>
			</trkpt>
			<trkpt lat="19.316927" lon="98.439886">
				<ele>514.056763</ele>
				<time>2016-02-07T03:52:48Z</time>
			</trkpt>
			<trkpt lat="19.316789" lon="98.439969">
				<ele>514.063171</ele>
				<time>2016-02-07T03:52:49Z</time>
			</trkpt>
			<trkpt lat="19.316653" lon="98.440047">
				<ele>514.323975</ele>
				<time>2016-02-07T03:52:50Z</time>
			</trkpt>
			<trkpt lat="19.316522" lon="98.440119">
				<ele>514.768127</ele>
				<time>2016-02-07T03:52:51Z</time>
			</trkpt>
			<trkpt lat="19.316398" lon="98.440182">
				<ele>513.581726</ele>
				<time>2016-02-07T03:52:52Z</time>
			</trkpt>
			<trkpt lat="19.316264" lon="98.440252">
				<ele>513.279663</ele>
				<time>2016-02-07T03:52:53Z</time>
			</trkpt>
			<trkpt lat="19.316134" lon="98.440314">
				<ele>512.703735</ele>
				<time>2016-02-07T03:52:54Z</time>
			</trkpt>
			<trkpt lat="19.315995" lon="98.440384">
				<ele>511.846558</ele>
				<time>2016-02-07T03:52:55Z</time>
			</trkpt>
			<trkpt lat="19.315854" lon="98.440446">
				<ele>511.138245</ele>
				<time>2016-02-07T03:52:56Z</time>
			</trkpt>
			<trkpt lat="19.315709" lon="98.440510">
				<ele>510.372681</ele>
				<time>2016-02-07T03:52:57Z</time>
			</trkpt>
			<trkpt lat="19.315558" lon="98.440586">
				<ele>509.538818</ele>
				<time>2016-02-07T03:52:58Z</time>
			</trkpt>
			<trkpt lat="19.315405" lon="98.440661">
				<ele>508.829041</ele>
				<time>2016-02-07T03:52:59Z</time>
			</trkpt>
			<trkpt lat="19.315247" lon="98.440736">
				<ele>508.356567</ele>
				<time>2016-02-07T03:53:00Z</time>
			</trkpt>
			<trkpt lat="19.315090" lon="98.440806">
				<ele>507.875732</ele>
				<time>2016-02-07T03:53:01Z</time>
			</trkpt>
			<trkpt lat="19.314940" lon="98.440877">
				<ele>506.815979</ele>
				<time>2016-02-07T03:53:02Z</time>
			</trkpt>
			<trkpt lat="19.314786" lon="98.440954">
				<ele>506.199219</ele>
				<time>2016-02-07T03:53:03Z</time>
			</trkpt>
			<trkpt lat="19.314647" lon="98.441030">
				<ele>503.693237</ele>
				<time>2016-02-07T03:53:04Z</time>
			</trkpt>
			<trkpt lat="19.314503" lon="98.441099">
				<ele>503.526489</ele>
				<time>2016-02-07T03:53:05Z</time>
			</trkpt>
			<trkpt lat="19.314353" lon="98.441164">
				<ele>503.308838</ele>
				<time>2016-02-07T03:53:06Z</time>
			</trkpt>
			<trkpt lat="19.314208" lon="98.441231">
				<ele>502.886536</ele>
				<time>2016-02-07T03:53:07Z</time>
			</trkpt>
			<trkpt lat="19.314061" lon="98.441295">
				<ele>502.314575</ele>
				<time>2016-02-07T03:53:08Z</time>
			</trkpt>
			<trkpt lat="19.313911" lon="98.441369">
				<ele>501.672913</ele>
				<time>2016-02-07T03:53:09Z</time>
			</trkpt>
			<trkpt lat="19.313770" lon="98.441435">
				<ele>500.653442</ele>
				<time>2016-02-07T03:53:10Z</time>
			</trkpt>
			<trkpt lat="19.313632" lon="98.441499">
				<ele>499.997314</ele>
				<time>2016-02-07T03:53:11Z</time>
			</trkpt>
			<trkpt lat="19.313499" lon="98.441567">
				<ele>500.227661</ele>
				<time>2016-02-07T03:53:12Z</time>
			</trkpt>
			<trkpt lat="19.313376" lon="98.441627">
				<ele>499.083130</ele>
				<time>2016-02-07T03:53:13Z</time>
			</trkpt>
			<trkpt lat="19.313256" lon="98.441680">
				<ele>498.370911</ele>
				<time>2016-02-07T03:53:14Z</time>
			</trkpt>
			<trkpt lat="19.313145" lon="98.441741">
				<ele>498.424805</ele>
				<time>2016-02-07T03:53:15Z</time>
			</trkpt>
			<trkpt lat="19.313033" lon="98.441813">
				<ele>499.235046</ele>
				<time>2016-02-07T03:53:16Z</time>
			</trkpt>
			<trkpt lat="19.312947" lon="98.441896">
				<ele>499.360474</ele>
				<time>2016-02-07T03:53:17Z</time>
			</trkpt>
			<trkpt lat="19.312887" lon="98.441998">
				<ele>500.868835</ele>
				<time>2016-02-07T03:53:18Z</time>
			</trkpt>
			<trkpt lat="19.312845" lon="98.442115">
				<ele>501.476440</ele>
				<time>2016-02-07T03:53:19Z</time>
			</trkpt>
			<trkpt lat="19.312820" lon="98.442234">
				<ele>502.026855</ele>
				<time>2016-02-07T03:53:20Z</time>
			</trkpt>
			<trkpt lat="19.312819" lon="98.442351">
				<ele>502.489685</ele>
				<time>2016-02-07T03:53:21Z</time>
			</trkpt>
			<trkpt lat="19.312823" lon="98.442495">
				<ele>502.825378</ele>
				<time>2016-02-07T03:53:22Z</time>
			</trkpt>
			<trkpt lat="19.312835" lon="98.442626">
				<ele>503.482178</ele>
				<time>2016-02-07T03:53:23Z</time>
			</trkpt>
			<trkpt lat="19.312885" lon="98.442757">
				<ele>507.185608</ele>
				<time>2016-02-07T03:53:24Z</time>
			</trkpt>
			<trkpt lat="19.312947" lon="98.442877">
				<ele>508.330811</ele>
				<time>2016-02-07T03:53:25Z</time>
			</trkpt>
			<trkpt lat="19.313019" lon="98.442990">
				<ele>509.544922</ele>
				<time>2016-02-07T03:53:26Z</time>
			</trkpt>
			<trkpt lat="19.313091" lon="98.443091">
				<ele>510.746948</ele>
				<time>2016-02-07T03:53:27Z</time>
			</trkpt>
			<trkpt lat="19.313153" lon="98.443189">
				<ele>511.198120</ele>
				<time>2016-02-07T03:53:28Z</time>
			</trkpt>
			<trkpt lat="19.313221" lon="98.443296">
				<ele>512.769531</ele>
				<time>2016-02-07T03:53:29Z</time>
			</trkpt>
			<trkpt lat="19.313292" lon="98.443405">
				<ele>513.334351</ele>
				<time>2016-02-07T03:53:30Z</time>
			</trkpt>
			<trkpt lat="19.313358" lon="98.443514">
				<ele>514.383179</ele>
				<time>2016-02-07T03:53:31Z</time>
			</trkpt>
			<trkpt lat="19.313429" lon="98.443626">
				<ele>515.673950</ele>
				<time>2016-02-07T03:53:32Z</time>
			</trkpt>
			<trkpt lat="19.313498" lon="98.443741">
				<ele>515.417236</ele>
				<time>2016-02-07T03:53:33Z</time>
			</trkpt>
			<trkpt lat="19.313566" lon="98.443844">
				<ele>516.182861</ele>
				<time>2016-02-07T03:53:34Z</time>
			</trkpt>
			<trkpt lat="19.313628" lon="98.443944">
				<ele>516.441772</ele>
				<time>2016-02-07T03:53:35Z</time>
			</trkpt>
			<trkpt lat="19.313690" lon="98.444041">
				<ele>516.197998</ele>
				<time>2016-02-07T03:53:36Z</time>
			</trkpt>
			<trkpt lat="19.313738" lon="98.444132">
				<ele>515.938477</ele>
				<time>2016-02-07T03:53:37Z</time>
			</trkpt>
			<trkpt lat="19.313783" lon="98.444232">
				<ele>515.690918</ele>
				<time>2016-02-07T03:53:38Z</time>
			</trkpt>
			<trkpt lat="19.313819" lon="98.444342">
				<ele>515.493347</ele>
				<time>2016-02-07T03:53:39Z</time>
			</trkpt>
			<trkpt lat="19.313840" lon="98.444472">
				<ele>515.280396</ele>
				<time>2016-02-07T03:53:40Z</time>
			</trkpt>
			<trkpt lat="19.313860" lon="98.444618">
				<ele>514.744995</ele>
				<time>2016-02-07T03:53:41Z</time>
			</trkpt>
			<trkpt lat="19.313870" lon="98.444762">
				<ele>514.612427</ele>
				<time>2016-02-07T03:53:42Z</time>
			</trkpt>
			<trkpt lat="19.313859" lon="98.444928">
				<ele>515.700562</ele>
				<time>2016-02-07T03:53:43Z</time>
			</trkpt>
			<trkpt lat="19.313864" lon="98.445094">
				<ele>515.538574</ele>
				<time>2016-02-07T03:53:44Z</time>
			</trkpt>
			<trkpt lat="19.313896" lon="98.445299">
				<ele>515.484131</ele>
				<time>2016-02-07T03:53:45Z</time>
			</trkpt>
			<trkpt lat="19.313902" lon="98.445499">
				<ele>515.493652</ele>
				<time>2016-02-07T03:53:46Z</time>
			</trkpt>
			<trkpt lat="19.313925" lon="98.445716">
				<ele>515.467163</ele>
				<time>2016-02-07T03:53:47Z</time>
			</trkpt>
			<trkpt lat="19.313927" lon="98.445893">
				<ele>514.734741</ele>
				<time>2016-02-07T03:53:48Z</time>
			</trkpt>
			<trkpt lat="19.313950" lon="98.446113">
				<ele>514.224487</ele>
				<time>2016-02-07T03:53:49Z</time>
			</trkpt>
			<trkpt lat="19.313980" lon="98.446346">
				<ele>515.020813</ele>
				<time>2016-02-07T03:53:50Z</time>
			</trkpt>
			<trkpt lat="19.314003" lon="98.446550">
				<ele>514.232300</ele>
				<time>2016-02-07T03:53:51Z</time>
			</trkpt>
			<trkpt lat="19.314016" lon="98.446749">
				<ele>514.884216</ele>
				<time>2016-02-07T03:53:52Z</time>
			</trkpt>
			<trkpt lat="19.314029" lon="98.446951">
				<ele>515.384399</ele>
				<time>2016-02-07T03:53:53Z</time>
			</trkpt>
			<trkpt lat="19.314032" lon="98.447136">
				<ele>515.167847</ele>
				<time>2016-02-07T03:53:54Z</time>
			</trkpt>
			<trkpt lat="19.314032" lon="98.447295">
				<ele>513.933044</ele>
				<time>2016-02-07T03:53:55Z</time>
			</trkpt>
			<trkpt lat="19.314028" lon="98.447476">
				<ele>513.745361</ele>
				<time>2016-02-07T03:53:56Z</time>
			</trkpt>
			<trkpt lat="19.314042" lon="98.447665">
				<ele>509.585815</ele>
				<time>2016-02-07T03:53:57Z</time>
			</trkpt>
			<trkpt lat="19.314056" lon="98.447846">
				<ele>508.223999</ele>
				<time>2016-02-07T03:53:58Z</time>
			</trkpt>
			<trkpt lat="19.314090" lon="98.448051">
				<ele>506.683411</ele>
				<time>2016-02-07T03:53:59Z</time>
			</trkpt>
			<trkpt lat="19.314117" lon="98.448272">
				<ele>506.854370</ele>
				<time>2016-02-07T03:54:00Z</time>
			</trkpt>
			<trkpt lat="19.314138" lon="98.448474">
				<ele>506.048462</ele>
				<time>2016-02-07T03:54:01Z</time>
			</trkpt>
			<trkpt lat="19.314165" lon="98.448666">
				<ele>503.068481</ele>
				<time>2016-02-07T03:54:02Z</time>
			</trkpt>
			<trkpt lat="19.314190" lon="98.448853">
				<ele>500.613342</ele>
				<time>2016-02-07T03:54:03Z</time>
			</trkpt>
			<trkpt lat="19.314219" lon="98.449016">
				<ele>500.194519</ele>
				<time>2016-02-07T03:54:04Z</time>
			</trkpt>
			<trkpt lat="19.314234" lon="98.449165">
				<ele>500.147217</ele>
				<time>2016-02-07T03:54:05Z</time>
			</trkpt>
			<trkpt lat="19.314235" lon="98.449295">
				<ele>498.314331</ele>
				<time>2016-02-07T03:54:06Z</time>
			</trkpt>
			<trkpt lat="19.314243" lon="98.449421">
				<ele>497.951904</ele>
				<time>2016-02-07T03:54:07Z</time>
			</trkpt>
			<trkpt lat="19.314216" lon="98.449524">
				<ele>496.878601</ele>
				<time>2016-02-07T03:54:08Z</time>
			</trkpt>
			<trkpt lat="19.314170" lon="98.449629">
				<ele>495.699768</ele>
				<time>2016-02-07T03:54:09Z</time>
			</trkpt>
			<trkpt lat="19.314125" lon="98.449733">
				<ele>495.366211</ele>
				<time>2016-02-07T03:54:10Z</time>
			</trkpt>
			<trkpt lat="19.314055" lon="98.449850">
				<ele>493.014648</ele>
				<time>2016-02-07T03:54:11Z</time>
			</trkpt>
			<trkpt lat="19.313962" lon="98.449966">
				<ele>492.291504</ele>
				<time>2016-02-07T03:54:12Z</time>
			</trkpt>
			<trkpt lat="19.313846" lon="98.450061">
				<ele>491.126831</ele>
				<time>2016-02-07T03:54:13Z</time>
			</trkpt>
			<trkpt lat="19.313704" lon="98.450170">
				<ele>493.545410</ele>
				<time>2016-02-07T03:54:14Z</time>
			</trkpt>
			<trkpt lat="19.313584" lon="98.450285">
				<ele>492.205811</ele>
				<time>2016-02-07T03:54:15Z</time>
			</trkpt>
			<trkpt lat="19.313456" lon="98.450428">
				<ele>495.234924</ele>
				<time>2016-02-07T03:54:16Z</time>
			</trkpt>
			<trkpt lat="19.313343" lon="98.450579">
				<ele>495.617615</ele>
				<time>2016-02-07T03:54:17Z</time>
			</trkpt>
			<trkpt lat="19.313239" lon="98.450724">
				<ele>495.697632</ele>
				<time>2016-02-07T03:54:18Z</time>
			</trkpt>
			<trkpt lat="19.313121" lon="98.450882">
				<ele>496.716553</ele>
				<time>2016-02-07T03:54:19Z</time>
			</trkpt>
			<trkpt lat="19.313001" lon="98.451041">
				<ele>495.764038</ele>
				<time>2016-02-07T03:54:20Z</time>
			</trkpt>
			<trkpt lat="19.312883" lon="98.451209">
				<ele>493.745239</ele>
				<time>2016-02-07T03:54:21Z</time>
			</trkpt>
			<trkpt lat="19.312761" lon="98.451369">
				<ele>493.898132</ele>
				<time>2016-02-07T03:54:22Z</time>
			</trkpt>
			<trkpt lat="19.312641" lon="98.451528">
				<ele>492.855835</ele>
				<time>2016-02-07T03:54:23Z</time>
			</trkpt>
			<trkpt lat="19.312528" lon="98.451676">
				<ele>493.773560</ele>
				<time>2016-02-07T03:54:24Z</time>
			</trkpt>
			<trkpt lat="19.312413" lon="98.451821">
				<ele>494.161865</ele>
				<time>2016-02-07T03:54:25Z</time>
			</trkpt>
			<trkpt lat="19.312287" lon="98.451949">
				<ele>494.323120</ele>
				<time>2016-02-07T03:54:26Z</time>
			</trkpt>
			<trkpt lat="19.312172" lon="98.452090">
				<ele>493.691345</ele>
				<time>2016-02-07T03:54:27Z</time>
			</trkpt>
			<trkpt lat="19.312065" lon="98.452218">
				<ele>493.672668</ele>
				<time>2016-02-07T03:54:28Z</time>
			</trkpt>
			<trkpt lat="19.311958" lon="98.452344">
				<ele>493.462769</ele>
				<time>2016-02-07T03:54:29Z</time>
			</trkpt>
			<trkpt lat="19.311865" lon="98.452446">
				<ele>493.619385</ele>
				<time>2016-02-07T03:54:30Z</time>
			</trkpt>
			<trkpt lat="19.311779" lon="98.452545">
				<ele>494.221924</ele>
				<time>2016-02-07T03:54:31Z</time>
			</trkpt>
			<trkpt lat="19.311680" lon="98.452623">
				<ele>494.959106</ele>
				<time>2016-02-07T03:54:32Z</time>
			</trkpt>
			<trkpt lat="19.311592" lon="98.452713">
				<ele>496.293640</ele>
				<time>2016-02-07T03:54:33Z</time>
			</trkpt>
			<trkpt lat="19.311499" lon="98.452730">
				<ele>495.075562</ele>
				<time>2016-02-07T03:54:34Z</time>
			</trkpt>
			<trkpt lat="19.311409" lon="98.452797">
				<ele>493.728760</ele>
				<time>2016-02-07T03:54:35Z</time>
			</trkpt>
			<trkpt lat="19.311325" lon="98.452818">
				<ele>493.215576</ele>
				<time>2016-02-07T03:54:36Z</time>
			</trkpt>
			<trkpt lat="19.311244" lon="98.452827">
				<ele>493.317749</ele>
				<time>2016-02-07T03:54:37Z</time>
			</trkpt>
			<trkpt lat="19.311146" lon="98.452852">
				<ele>494.614502</ele>
				<time>2016-02-07T03:54:38Z</time>
			</trkpt>
			<trkpt lat="19.311077" lon="98.452874">
				<ele>490.843384</ele>
				<time>2016-02-07T03:54:39Z</time>
			</trkpt>
			<trkpt lat="19.311009" lon="98.452907">
				<ele>491.578064</ele>
				<time>2016-02-07T03:54:40Z</time>
			</trkpt>
			<trkpt lat="19.310938" lon="98.452930">
				<ele>493.526428</ele>
				<time>2016-02-07T03:54:41Z</time>
			</trkpt>
			<trkpt lat="19.310859" lon="98.452954">
				<ele>495.474243</ele>
				<time>2016-02-07T03:54:42Z</time>
			</trkpt>
			<trkpt lat="19.310791" lon="98.452975">
				<ele>498.636719</ele>
				<time>2016-02-07T03:54:43Z</time>
			</trkpt>
			<trkpt lat="19.310717" lon="98.452992">
				<ele>499.093628</ele>
				<time>2016-02-07T03:54:44Z</time>
			</trkpt>
			<trkpt lat="19.310650" lon="98.453010">
				<ele>500.100525</ele>
				<time>2016-02-07T03:54:45Z</time>
			</trkpt>
			<trkpt lat="19.310564" lon="98.453027">
				<ele>500.231934</ele>
				<time>2016-02-07T03:54:46Z</time>
			</trkpt>
			<trkpt lat="19.310473" lon="98.453047">
				<ele>498.166260</ele>
				<time>2016-02-07T03:54:47Z</time>
			</trkpt>
			<trkpt lat="19.310349" lon="98.453067">
				<ele>499.209106</ele>
				<time>2016-02-07T03:54:48Z</time>
			</trkpt>
			<trkpt lat="19.310212" lon="98.453082">
				<ele>497.829529</ele>
				<time>2016-02-07T03:54:49Z</time>
			</trkpt>
			<trkpt lat="19.310068" lon="98.453058">
				<ele>500.363403</ele>
				<time>2016-02-07T03:54:50Z</time>
			</trkpt>
			<trkpt lat="19.309930" lon="98.453018">
				<ele>498.599243</ele>
				<time>2016-02-07T03:54:51Z</time>
			</trkpt>
			<trkpt lat="19.309775" lon="98.452969">
				<ele>499.197937</ele>
				<time>2016-02-07T03:54:52Z</time>
			</trkpt>
			<trkpt lat="19.309605" lon="98.452909">
				<ele>499.944946</ele>
				<time>2016-02-07T03:54:53Z</time>
			</trkpt>
			<trkpt lat="19.309435" lon="98.452845">
				<ele>498.588074</ele>
				<time>2016-02-07T03:54:54Z</time>
			</trkpt>
			<trkpt lat="19.309247" lon="98.452796">
				<ele>500.332275</ele>
				<time>2016-02-07T03:54:55Z</time>
			</trkpt>
			<trkpt lat="19.309045" lon="98.452734">
				<ele>501.852295</ele>
				<time>2016-02-07T03:54:56Z</time>
			</trkpt>
			<trkpt lat="19.308847" lon="98.452676">
				<ele>502.713623</ele>
				<time>2016-02-07T03:54:57Z</time>
			</trkpt>
			<trkpt lat="19.308646" lon="98.452636">
				<ele>504.072021</ele>
				<time>2016-02-07T03:54:58Z</time>
			</trkpt>
			<trkpt lat="19.308445" lon="98.452644">
				<ele>505.479492</ele>
				<time>2016-02-07T03:54:59Z</time>
			</trkpt>
			<trkpt lat="19.308238" lon="98.452656">
				<ele>508.039429</ele>
				<time>2016-02-07T03:55:00Z</time>
			</trkpt>
			<trkpt lat="19.308037" lon="98.452683">
				<ele>512.444702</ele>
				<time>2016-02-07T03:55:01Z</time>
			</trkpt>
			<trkpt lat="19.307830" lon="98.452700">
				<ele>513.881531</ele>
				<time>2016-02-07T03:55:02Z</time>
			</trkpt>
			<trkpt lat="19.307621" lon="98.452719">
				<ele>514.811157</ele>
				<time>2016-02-07T03:55:03Z</time>
			</trkpt>
			<trkpt lat="19.307408" lon="98.452744">
				<ele>514.742920</ele>
				<time>2016-02-07T03:55:04Z</time>
			</trkpt>
			<trkpt lat="19.307218" lon="98.452759">
				<ele>517.871277</ele>
				<time>2016-02-07T03:55:05Z</time>
			</trkpt>
			<trkpt lat="19.307032" lon="98.452803">
				<ele>519.339722</ele>
				<time>2016-02-07T03:55:06Z</time>
			</trkpt>
			<trkpt lat="19.306853" lon="98.452824">
				<ele>519.594299</ele>
				<time>2016-02-07T03:55:07Z</time>
			</trkpt>
			<trkpt lat="19.306685" lon="98.452865">
				<ele>522.502686</ele>
				<time>2016-02-07T03:55:08Z</time>
			</trkpt>
			<trkpt lat="19.306544" lon="98.452882">
				<ele>522.892395</ele>
				<time>2016-02-07T03:55:09Z</time>
			</trkpt>
			<trkpt lat="19.306402" lon="98.452900">
				<ele>523.201172</ele>
				<time>2016-02-07T03:55:10Z</time>
			</trkpt>
			<trkpt lat="19.306263" lon="98.452924">
				<ele>527.621948</ele>
				<time>2016-02-07T03:55:11Z</time>
			</trkpt>
			<trkpt lat="19.306151" lon="98.452955">
				<ele>529.373291</ele>
				<time>2016-02-07T03:55:12Z</time>
			</trkpt>
			<trkpt lat="19.306017" lon="98.453004">
				<ele>529.295166</ele>
				<time>2016-02-07T03:55:13Z</time>
			</trkpt>
			<trkpt lat="19.305927" lon="98.453091">
				<ele>531.547791</ele>
				<time>2016-02-07T03:55:14Z</time>
			</trkpt>
			<trkpt lat="19.305823" lon="98.453200">
				<ele>531.967163</ele>
				<time>2016-02-07T03:55:15Z</time>
			</trkpt>
			<trkpt lat="19.305730" lon="98.453342">
				<ele>532.893799</ele>
				<time>2016-02-07T03:55:16Z</time>
			</trkpt>
			<trkpt lat="19.305628" lon="98.453472">
				<ele>533.770264</ele>
				<time>2016-02-07T03:55:17Z</time>
			</trkpt>
			<trkpt lat="19.305551" lon="98.453644">
				<ele>532.942749</ele>
				<time>2016-02-07T03:55:18Z</time>
			</trkpt>
			<trkpt lat="19.305477" lon="98.453813">
				<ele>534.377808</ele>
				<time>2016-02-07T03:55:19Z</time>
			</trkpt>
			<trkpt lat="19.305413" lon="98.453974">
				<ele>533.736450</ele>
				<time>2016-02-07T03:55:20Z</time>
			</trkpt>
			<trkpt lat="19.305305" lon="98.454144">
				<ele>533.321167</ele>
				<time>2016-02-07T03:55:21Z</time>
			</trkpt>
			<trkpt lat="19.305219" lon="98.454317">
				<ele>531.728088</ele>
				<time>2016-02-07T03:55:22Z</time>
			</trkpt>
			<trkpt lat="19.305136" lon="98.454468">
				<ele>529.550293</ele>
				<time>2016-02-07T03:55:23Z</time>
			</trkpt>
			<trkpt lat="19.305044" lon="98.454614">
				<ele>527.881104</ele>
				<time>2016-02-07T03:55:24Z</time>
			</trkpt>
			<trkpt lat="19.304956" lon="98.454750">
				<ele>527.218140</ele>
				<time>2016-02-07T03:55:25Z</time>
			</trkpt>
			<trkpt lat="19.304897" lon="98.454889">
				<ele>521.729065</ele>
				<time>2016-02-07T03:55:26Z</time>
			</trkpt>
			<trkpt lat="19.304821" lon="98.455034">
				<ele>520.379700</ele>
				<time>2016-02-07T03:55:27Z</time>
			</trkpt>
			<trkpt lat="19.304771" lon="98.455171">
				<ele>522.587524</ele>
				<time>2016-02-07T03:55:28Z</time>
			</trkpt>
			<trkpt lat="19.304711" lon="98.455308">
				<ele>522.621033</ele>
				<time>2016-02-07T03:55:29Z</time>
			</trkpt>
			<trkpt lat="19.304697" lon="98.455482">
				<ele>523.710449</ele>
				<time>2016-02-07T03:55:30Z</time>
			</trkpt>
			<trkpt lat="19.304669" lon="98.455637">
				<ele>523.203369</ele>
				<time>2016-02-07T03:55:31Z</time>
			</trkpt>
			<trkpt lat="19.304659" lon="98.455809">
				<ele>522.220154</ele>
				<time>2016-02-07T03:55:32Z</time>
			</trkpt>
			<trkpt lat="19.304586" lon="98.455920">
				<ele>517.782898</ele>
				<time>2016-02-07T03:55:33Z</time>
			</trkpt>
			<trkpt lat="19.304543" lon="98.456054">
				<ele>516.359375</ele>
				<time>2016-02-07T03:55:34Z</time>
			</trkpt>
			<trkpt lat="19.304487" lon="98.456170">
				<ele>510.942322</ele>
				<time>2016-02-07T03:55:35Z</time>
			</trkpt>
			<trkpt lat="19.304420" lon="98.456319">
				<ele>510.250122</ele>
				<time>2016-02-07T03:55:36Z</time>
			</trkpt>
			<trkpt lat="19.304356" lon="98.456468">
				<ele>506.596985</ele>
				<time>2016-02-07T03:55:37Z</time>
			</trkpt>
			<trkpt lat="19.304284" lon="98.456614">
				<ele>505.277893</ele>
				<time>2016-02-07T03:55:38Z</time>
			</trkpt>
			<trkpt lat="19.304205" lon="98.456769">
				<ele>505.393188</ele>
				<time>2016-02-07T03:55:39Z</time>
			</trkpt>
			<trkpt lat="19.304156" lon="98.456921">
				<ele>505.909485</ele>
				<time>2016-02-07T03:55:40Z</time>
			</trkpt>
			<trkpt lat="19.304111" lon="98.457075">
				<ele>505.162964</ele>
				<time>2016-02-07T03:55:41Z</time>
			</trkpt>
			<trkpt lat="19.304139" lon="98.457266">
				<ele>505.686279</ele>
				<time>2016-02-07T03:55:42Z</time>
			</trkpt>
			<trkpt lat="19.304145" lon="98.457439">
				<ele>505.521729</ele>
				<time>2016-02-07T03:55:43Z</time>
			</trkpt>
			<trkpt lat="19.304182" lon="98.457623">
				<ele>505.569214</ele>
				<time>2016-02-07T03:55:44Z</time>
			</trkpt>
			<trkpt lat="19.304208" lon="98.457790">
				<ele>505.662476</ele>
				<time>2016-02-07T03:55:45Z</time>
			</trkpt>
			<trkpt lat="19.304245" lon="98.457965">
				<ele>506.561279</ele>
				<time>2016-02-07T03:55:46Z</time>
			</trkpt>
			<trkpt lat="19.304264" lon="98.458123">
				<ele>506.858826</ele>
				<time>2016-02-07T03:55:47Z</time>
			</trkpt>
			<trkpt lat="19.304301" lon="98.458291">
				<ele>507.409424</ele>
				<time>2016-02-07T03:55:48Z</time>
			</trkpt>
			<trkpt lat="19.304332" lon="98.458460">
				<ele>504.598511</ele>
				<time>2016-02-07T03:55:49Z</time>
			</trkpt>
			<trkpt lat="19.304351" lon="98.458620">
				<ele>505.691040</ele>
				<time>2016-02-07T03:55:50Z</time>
			</trkpt>
			<trkpt lat="19.304355" lon="98.458782">
				<ele>506.938904</ele>
				<time>2016-02-07T03:55:51Z</time>
			</trkpt>
			<trkpt lat="19.304322" lon="98.458924">
				<ele>505.363892</ele>
				<time>2016-02-07T03:55:52Z</time>
			</trkpt>
			<trkpt lat="19.304303" lon="98.459078">
				<ele>506.022034</ele>
				<time>2016-02-07T03:55:53Z</time>
			</trkpt>
			<trkpt lat="19.304269" lon="98.459226">
				<ele>507.740479</ele>
				<time>2016-02-07T03:55:54Z</time>
			</trkpt>
			<trkpt lat="19.304220" lon="98.459356">
				<ele>508.081177</ele>
				<time>2016-02-07T03:55:55Z</time>
			</trkpt>
			<trkpt lat="19.304180" lon="98.459508">
				<ele>508.569580</ele>
				<time>2016-02-07T03:55:56Z</time>
			</trkpt>
			<trkpt lat="19.304117" lon="98.459692">
				<ele>505.934937</ele>
				<time>2016-02-07T03:55:57Z</time>
			</trkpt>
			<trkpt lat="19.304055" lon="98.459862">
				<ele>505.787964</ele>
				<time>2016-02-07T03:55:58Z</time>
			</trkpt>
			<trkpt lat="19.304001" lon="98.460046">
				<ele>506.442017</ele>
				<time>2016-02-07T03:55:59Z</time>
			</trkpt>
			<trkpt lat="19.303951" lon="98.460208">
				<ele>506.433777</ele>
				<time>2016-02-07T03:56:00Z</time>
			</trkpt>
			<trkpt lat="19.303893" lon="98.460374">
				<ele>506.749756</ele>
				<time>2016-02-07T03:56:01Z</time>
			</trkpt>
			<trkpt lat="19.303835" lon="98.460540">
				<ele>506.565918</ele>
				<time>2016-02-07T03:56:02Z</time>
			</trkpt>
			<trkpt lat="19.303794" lon="98.460684">
				<ele>505.152466</ele>
				<time>2016-02-07T03:56:03Z</time>
			</trkpt>
			<trkpt lat="19.303721" lon="98.460860">
				<ele>506.217102</ele>
				<time>2016-02-07T03:56:04Z</time>
			</trkpt>
			<trkpt lat="19.303648" lon="98.461021">
				<ele>503.867920</ele>
				<time>2016-02-07T03:56:05Z</time>
			</trkpt>
			<trkpt lat="19.303569" lon="98.461141">
				<ele>503.867065</ele>
				<time>2016-02-07T03:56:06Z</time>
			</trkpt>
			<trkpt lat="19.303462" lon="98.461274">
				<ele>503.697876</ele>
				<time>2016-02-07T03:56:07Z</time>
			</trkpt>
			<trkpt lat="19.303346" lon="98.461382">
				<ele>502.879822</ele>
				<time>2016-02-07T03:56:08Z</time>
			</trkpt>
			<trkpt lat="19.303215" lon="98.461496">
				<ele>502.902100</ele>
				<time>2016-02-07T03:56:09Z</time>
			</trkpt>
			<trkpt lat="19.303090" lon="98.461601">
				<ele>501.146484</ele>
				<time>2016-02-07T03:56:10Z</time>
			</trkpt>
			<trkpt lat="19.302955" lon="98.461690">
				<ele>499.632019</ele>
				<time>2016-02-07T03:56:11Z</time>
			</trkpt>
			<trkpt lat="19.302815" lon="98.461761">
				<ele>499.803345</ele>
				<time>2016-02-07T03:56:12Z</time>
			</trkpt>
			<trkpt lat="19.302675" lon="98.461848">
				<ele>499.184448</ele>
				<time>2016-02-07T03:56:13Z</time>
			</trkpt>
			<trkpt lat="19.302525" lon="98.461922">
				<ele>498.447876</ele>
				<time>2016-02-07T03:56:14Z</time>
			</trkpt>
			<trkpt lat="19.302399" lon="98.462019">
				<ele>497.191162</ele>
				<time>2016-02-07T03:56:15Z</time>
			</trkpt>
			<trkpt lat="19.302251" lon="98.462096">
				<ele>498.111328</ele>
				<time>2016-02-07T03:56:16Z</time>
			</trkpt>
			<trkpt lat="19.302112" lon="98.462182">
				<ele>497.495056</ele>
				<time>2016-02-07T03:56:17Z</time>
			</trkpt>
			<trkpt lat="19.301951" lon="98.462275">
				<ele>496.435059</ele>
				<time>2016-02-07T03:56:18Z</time>
			</trkpt>
			<trkpt lat="19.301787" lon="98.462355">
				<ele>495.740967</ele>
				<time>2016-02-07T03:56:19Z</time>
			</trkpt>
			<trkpt lat="19.301618" lon="98.462443">
				<ele>493.779297</ele>
				<time>2016-02-07T03:56:20Z</time>
			</trkpt>
			<trkpt lat="19.301460" lon="98.462528">
				<ele>492.749878</ele>
				<time>2016-02-07T03:56:21Z</time>
			</trkpt>
			<trkpt lat="19.301299" lon="98.462616">
				<ele>490.692017</ele>
				<time>2016-02-07T03:56:22Z</time>
			</trkpt>
			<trkpt lat="19.301149" lon="98.462697">
				<ele>490.984009</ele>
				<time>2016-02-07T03:56:23Z</time>
			</trkpt>
			<trkpt lat="19.300990" lon="98.462791">
				<ele>488.893860</ele>
				<time>2016-02-07T03:56:24Z</time>
			</trkpt>
			<trkpt lat="19.300836" lon="98.462886">
				<ele>488.315063</ele>
				<time>2016-02-07T03:56:25Z</time>
			</trkpt>
			<trkpt lat="19.300694" lon="98.462958">
				<ele>484.720337</ele>
				<time>2016-02-07T03:56:26Z</time>
			</trkpt>
			<trkpt lat="19.300531" lon="98.463059">
				<ele>480.645996</ele>
				<time>2016-02-07T03:56:27Z</time>
			</trkpt>
			<trkpt lat="19.300385" lon="98.463143">
				<ele>479.035400</ele>
				<time>2016-02-07T03:56:28Z</time>
			</trkpt>
			<trkpt lat="19.300235" lon="98.463234">
				<ele>478.912842</ele>
				<time>2016-02-07T03:56:29Z</time>
			</trkpt>
			<trkpt lat="19.300082" lon="98.463317">
				<ele>479.109131</ele>
				<time>2016-02-07T03:56:30Z</time>
			</trkpt>
			<trkpt lat="19.299952" lon="98.463402">
				<ele>479.016846</ele>
				<time>2016-02-07T03:56:31Z</time>
			</trkpt>
			<trkpt lat="19.299820" lon="98.463476">
				<ele>478.750854</ele>
				<time>2016-02-07T03:56:32Z</time>
			</trkpt>
			<trkpt lat="19.299689" lon="98.463571">
				<ele>478.123047</ele>
				<time>2016-02-07T03:56:33Z</time>
			</trkpt>
			<trkpt lat="19.299563" lon="98.463636">
				<ele>477.215759</ele>
				<time>2016-02-07T03:56:34Z</time>
			</trkpt>
			<trkpt lat="19.299442" lon="98.463716">
				<ele>477.239380</ele>
				<time>2016-02-07T03:56:35Z</time>
			</trkpt>
			<trkpt lat="19.299328" lon="98.463795">
				<ele>478.740356</ele>
				<time>2016-02-07T03:56:36Z</time>
			</trkpt>
			<trkpt lat="19.299194" lon="98.463866">
				<ele>478.741150</ele>
				<time>2016-02-07T03:56:37Z</time>
			</trkpt>
			<trkpt lat="19.299066" lon="98.463946">
				<ele>479.097961</ele>
				<time>2016-02-07T03:56:38Z</time>
			</trkpt>
			<trkpt lat="19.298935" lon="98.464035">
				<ele>478.076050</ele>
				<time>2016-02-07T03:56:39Z</time>
			</trkpt>
			<trkpt lat="19.298808" lon="98.464128">
				<ele>478.208618</ele>
				<time>2016-02-07T03:56:40Z</time>
			</trkpt>
			<trkpt lat="19.298668" lon="98.464215">
				<ele>478.127197</ele>
				<time>2016-02-07T03:56:41Z</time>
			</trkpt>
			<trkpt lat="19.298525" lon="98.464316">
				<ele>479.901001</ele>
				<time>2016-02-07T03:56:42Z</time>
			</trkpt>
			<trkpt lat="19.298395" lon="98.464405">
				<ele>481.586670</ele>
				<time>2016-02-07T03:56:43Z</time>
			</trkpt>
			<trkpt lat="19.298254" lon="98.464502">
				<ele>480.742310</ele>
				<time>2016-02-07T03:56:44Z</time>
			</trkpt>
			<trkpt lat="19.298119" lon="98.464598">
				<ele>480.322144</ele>
				<time>2016-02-07T03:56:45Z</time>
			</trkpt>
			<trkpt lat="19.297977" lon="98.464682">
				<ele>481.289734</ele>
				<time>2016-02-07T03:56:46Z</time>
			</trkpt>
			<trkpt lat="19.297837" lon="98.464774">
				<ele>482.766296</ele>
				<time>2016-02-07T03:56:47Z</time>
			</trkpt>
			<trkpt lat="19.297680" lon="98.464877">
				<ele>481.367920</ele>
				<time>2016-02-07T03:56:48Z</time>
			</trkpt>
			<trkpt lat="19.297542" lon="98.464960">
				<ele>480.231445</ele>
				<time>2016-02-07T03:56:49Z</time>
			</trkpt>
			<trkpt lat="19.297407" lon="98.465039">
				<ele>481.066772</ele>
				<time>2016-02-07T03:56:50Z</time>
			</trkpt>
			<trkpt lat="19.297305" lon="98.465113">
				<ele>480.910400</ele>
				<time>2016-02-07T03:56:51Z</time>
			</trkpt>
			<trkpt lat="19.297204" lon="98.465175">
				<ele>481.361572</ele>
				<time>2016-02-07T03:56:52Z</time>
			</trkpt>
			<trkpt lat="19.297103" lon="98.465243">
				<ele>481.360840</ele>
				<time>2016-02-07T03:56:53Z</time>
			</trkpt>
			<trkpt lat="19.297010" lon="98.465299">
				<ele>482.161804</ele>
				<time>2016-02-07T03:56:54Z</time>
			</trkpt>
			<trkpt lat="19.296950" lon="98.465408">
				<ele>481.273926</ele>
				<time>2016-02-07T03:56:55Z</time>
			</trkpt>
			<trkpt lat="19.296868" lon="98.465520">
				<ele>482.828613</ele>
				<time>2016-02-07T03:56:56Z</time>
			</trkpt>
			<trkpt lat="19.296790" lon="98.465630">
				<ele>482.937622</ele>
				<time>2016-02-07T03:56:57Z</time>
			</trkpt>
			<trkpt lat="19.296733" lon="98.465774">
				<ele>480.844604</ele>
				<time>2016-02-07T03:56:58Z</time>
			</trkpt>
			<trkpt lat="19.296708" lon="98.465920">
				<ele>483.075745</ele>
				<time>2016-02-07T03:56:59Z</time>
			</trkpt>
			<trkpt lat="19.296654" lon="98.466056">
				<ele>482.619934</ele>
				<time>2016-02-07T03:57:00Z</time>
			</trkpt>
			<trkpt lat="19.296618" lon="98.466205">
				<ele>482.802673</ele>
				<time>2016-02-07T03:57:01Z</time>
			</trkpt>
			<trkpt lat="19.296592" lon="98.466357">
				<ele>482.786682</ele>
				<time>2016-02-07T03:57:02Z</time>
			</trkpt>
			<trkpt lat="19.296568" lon="98.466514">
				<ele>483.263000</ele>
				<time>2016-02-07T03:57:03Z</time>
			</trkpt>
			<trkpt lat="19.296547" lon="98.466651">
				<ele>482.590210</ele>
				<time>2016-02-07T03:57:04Z</time>
			</trkpt>
			<trkpt lat="19.296539" lon="98.466798">
				<ele>483.263123</ele>
				<time>2016-02-07T03:57:05Z</time>
			</trkpt>
			<trkpt lat="19.296543" lon="98.466952">
				<ele>483.686035</ele>
				<time>2016-02-07T03:57:06Z</time>
			</trkpt>
			<trkpt lat="19.296551" lon="98.467100">
				<ele>484.066467</ele>
				<time>2016-02-07T03:57:07Z</time>
			</trkpt>
			<trkpt lat="19.296614" lon="98.467233">
				<ele>489.322021</ele>
				<time>2016-02-07T03:57:08Z</time>
			</trkpt>
			<trkpt lat="19.296685" lon="98.467357">
				<ele>493.337280</ele>
				<time>2016-02-07T03:57:09Z</time>
			</trkpt>
			<trkpt lat="19.296755" lon="98.467483">
				<ele>495.471802</ele>
				<time>2016-02-07T03:57:10Z</time>
			</trkpt>
			<trkpt lat="19.296860" lon="98.467617">
				<ele>494.021301</ele>
				<time>2016-02-07T03:57:11Z</time>
			</trkpt>
			<trkpt lat="19.296942" lon="98.467754">
				<ele>494.551758</ele>
				<time>2016-02-07T03:57:12Z</time>
			</trkpt>
			<trkpt lat="19.297003" lon="98.467890">
				<ele>493.565918</ele>
				<time>2016-02-07T03:57:13Z</time>
			</trkpt>
			<trkpt lat="19.297054" lon="98.468033">
				<ele>493.850464</ele>
				<time>2016-02-07T03:57:14Z</time>
			</trkpt>
			<trkpt lat="19.297078" lon="98.468170">
				<ele>494.120361</ele>
				<time>2016-02-07T03:57:15Z</time>
			</trkpt>
			<trkpt lat="19.297098" lon="98.468309">
				<ele>493.997681</ele>
				<time>2016-02-07T03:57:16Z</time>
			</trkpt>
			<trkpt lat="19.297060" lon="98.468475">
				<ele>495.557373</ele>
				<time>2016-02-07T03:57:17Z</time>
			</trkpt>
			<trkpt lat="19.297029" lon="98.468612">
				<ele>495.293152</ele>
				<time>2016-02-07T03:57:18Z</time>
			</trkpt>
			<trkpt lat="19.296967" lon="98.468749">
				<ele>493.274170</ele>
				<time>2016-02-07T03:57:19Z</time>
			</trkpt>
			<trkpt lat="19.296864" lon="98.468858">
				<ele>493.890259</ele>
				<time>2016-02-07T03:57:20Z</time>
			</trkpt>
			<trkpt lat="19.296779" lon="98.468981">
				<ele>493.925415</ele>
				<time>2016-02-07T03:57:21Z</time>
			</trkpt>
			<trkpt lat="19.296723" lon="98.469129">
				<ele>494.332031</ele>
				<time>2016-02-07T03:57:22Z</time>
			</trkpt>
			<trkpt lat="19.296658" lon="98.469268">
				<ele>493.622498</ele>
				<time>2016-02-07T03:57:23Z</time>
			</trkpt>
			<trkpt lat="19.296595" lon="98.469418">
				<ele>493.629272</ele>
				<time>2016-02-07T03:57:24Z</time>
			</trkpt>
			<trkpt lat="19.296526" lon="98.469563">
				<ele>493.473022</ele>
				<time>2016-02-07T03:57:25Z</time>
			</trkpt>
			<trkpt lat="19.296474" lon="98.469715">
				<ele>495.850342</ele>
				<time>2016-02-07T03:57:26Z</time>
			</trkpt>
			<trkpt lat="19.296453" lon="98.469866">
				<ele>495.212646</ele>
				<time>2016-02-07T03:57:27Z</time>
			</trkpt>
			<trkpt lat="19.296438" lon="98.470020">
				<ele>495.479126</ele>
				<time>2016-02-07T03:57:28Z</time>
			</trkpt>
			<trkpt lat="19.296460" lon="98.470177">
				<ele>495.952148</ele>
				<time>2016-02-07T03:57:29Z</time>
			</trkpt>
			<trkpt lat="19.296478" lon="98.470358">
				<ele>497.036560</ele>
				<time>2016-02-07T03:57:30Z</time>
			</trkpt>
			<trkpt lat="19.296497" lon="98.470526">
				<ele>497.407166</ele>
				<time>2016-02-07T03:57:31Z</time>
			</trkpt>
			<trkpt lat="19.296519" lon="98.470686">
				<ele>496.857666</ele>
				<time>2016-02-07T03:57:32Z</time>
			</trkpt>
			<trkpt lat="19.296539" lon="98.470846">
				<ele>496.975342</ele>
				<time>2016-02-07T03:57:33Z</time>
			</trkpt>
			<trkpt lat="19.296553" lon="98.470970">
				<ele>496.898438</ele>
				<time>2016-02-07T03:57:34Z</time>
			</trkpt>
			<trkpt lat="19.296572" lon="98.471133">
				<ele>494.599609</ele>
				<time>2016-02-07T03:57:35Z</time>
			</trkpt>
			<trkpt lat="19.296594" lon="98.471282">
				<ele>494.515869</ele>
				<time>2016-02-07T03:57:36Z</time>
			</trkpt>
			<trkpt lat="19.296613" lon="98.471435">
				<ele>495.510803</ele>
				<time>2016-02-07T03:57:37Z</time>
			</trkpt>
			<trkpt lat="19.296588" lon="98.471573">
				<ele>494.541443</ele>
				<time>2016-02-07T03:57:38Z</time>
			</trkpt>
			<trkpt lat="19.296583" lon="98.471760">
				<ele>495.624756</ele>
				<time>2016-02-07T03:57:39Z</time>
			</trkpt>
			<trkpt lat="19.296503" lon="98.471866">
				<ele>494.826172</ele>
				<time>2016-02-07T03:57:40Z</time>
			</trkpt>
			<trkpt lat="19.296414" lon="98.471996">
				<ele>497.304688</ele>
				<time>2016-02-07T03:57:41Z</time>
			</trkpt>
			<trkpt lat="19.296332" lon="98.472058">
				<ele>492.606567</ele>
				<time>2016-02-07T03:57:42Z</time>
			</trkpt>
			<trkpt lat="19.296217" lon="98.472128">
				<ele>492.053955</ele>
				<time>2016-02-07T03:57:43Z</time>
			</trkpt>
			<trkpt lat="19.296088" lon="98.472190">
				<ele>491.888794</ele>
				<time>2016-02-07T03:57:44Z</time>
			</trkpt>
			<trkpt lat="19.295940" lon="98.472250">
				<ele>491.879211</ele>
				<time>2016-02-07T03:57:45Z</time>
			</trkpt>
			<trkpt lat="19.295759" lon="98.472241">
				<ele>492.903809</ele>
				<time>2016-02-07T03:57:46Z</time>
			</trkpt>
			<trkpt lat="19.295594" lon="98.472260">
				<ele>492.645996</ele>
				<time>2016-02-07T03:57:47Z</time>
			</trkpt>
			<trkpt lat="19.295427" lon="98.472275">
				<ele>492.223145</ele>
				<time>2016-02-07T03:57:48Z</time>
			</trkpt>
			<trkpt lat="19.295251" lon="98.472296">
				<ele>492.315491</ele>
				<time>2016-02-07T03:57:49Z</time>
			</trkpt>
			<trkpt lat="19.295067" lon="98.472333">
				<ele>492.023438</ele>
				<time>2016-02-07T03:57:50Z</time>
			</trkpt>
			<trkpt lat="19.294900" lon="98.472356">
				<ele>495.300171</ele>
				<time>2016-02-07T03:57:51Z</time>
			</trkpt>
			<trkpt lat="19.294754" lon="98.472393">
				<ele>497.209839</ele>
				<time>2016-02-07T03:57:52Z</time>
			</trkpt>
			<trkpt lat="19.294607" lon="98.472438">
				<ele>497.587219</ele>
				<time>2016-02-07T03:57:53Z</time>
			</trkpt>
			<trkpt lat="19.294449" lon="98.472483">
				<ele>499.107056</ele>
				<time>2016-02-07T03:57:54Z</time>
			</trkpt>
			<trkpt lat="19.294265" lon="98.472527">
				<ele>498.672241</ele>
				<time>2016-02-07T03:57:55Z</time>
			</trkpt>
			<trkpt lat="19.294102" lon="98.472571">
				<ele>498.588257</ele>
				<time>2016-02-07T03:57:56Z</time>
			</trkpt>
			<trkpt lat="19.293944" lon="98.472625">
				<ele>499.258911</ele>
				<time>2016-02-07T03:57:57Z</time>
			</trkpt>
			<trkpt lat="19.293778" lon="98.472662">
				<ele>499.186279</ele>
				<time>2016-02-07T03:57:58Z</time>
			</trkpt>
			<trkpt lat="19.293619" lon="98.472710">
				<ele>500.167969</ele>
				<time>2016-02-07T03:57:59Z</time>
			</trkpt>
			<trkpt lat="19.293466" lon="98.472765">
				<ele>500.549805</ele>
				<time>2016-02-07T03:58:00Z</time>
			</trkpt>
			<trkpt lat="19.293305" lon="98.472814">
				<ele>500.723877</ele>
				<time>2016-02-07T03:58:01Z</time>
			</trkpt>
			<trkpt lat="19.293146" lon="98.472884">
				<ele>500.518188</ele>
				<time>2016-02-07T03:58:02Z</time>
			</trkpt>
			<trkpt lat="19.292987" lon="98.472958">
				<ele>499.370544</ele>
				<time>2016-02-07T03:58:03Z</time>
			</trkpt>
			<trkpt lat="19.292839" lon="98.473027">
				<ele>499.831604</ele>
				<time>2016-02-07T03:58:04Z</time>
			</trkpt>
			<trkpt lat="19.292694" lon="98.473106">
				<ele>498.648499</ele>
				<time>2016-02-07T03:58:05Z</time>
			</trkpt>
			<trkpt lat="19.292548" lon="98.473170">
				<ele>499.044128</ele>
				<time>2016-02-07T03:58:06Z</time>
			</trkpt>
			<trkpt lat="19.292412" lon="98.473250">
				<ele>499.723755</ele>
				<time>2016-02-07T03:58:07Z</time>
			</trkpt>
			<trkpt lat="19.292274" lon="98.473320">
				<ele>499.962769</ele>
				<time>2016-02-07T03:58:08Z</time>
			</trkpt>
			<trkpt lat="19.292133" lon="98.473388">
				<ele>500.276367</ele>
				<time>2016-02-07T03:58:09Z</time>
			</trkpt>
			<trkpt lat="19.291998" lon="98.473445">
				<ele>501.242188</ele>
				<time>2016-02-07T03:58:10Z</time>
			</trkpt>
			<trkpt lat="19.291874" lon="98.473481">
				<ele>501.035767</ele>
				<time>2016-02-07T03:58:11Z</time>
			</trkpt>
			<trkpt lat="19.291735" lon="98.473468">
				<ele>501.268921</ele>
				<time>2016-02-07T03:58:12Z</time>
			</trkpt>
			<trkpt lat="19.291605" lon="98.473470">
				<ele>500.797180</ele>
				<time>2016-02-07T03:58:13Z</time>
			</trkpt>
			<trkpt lat="19.291461" lon="98.473437">
				<ele>499.346191</ele>
				<time>2016-02-07T03:58:14Z</time>
			</trkpt>
			<trkpt lat="19.291327" lon="98.473394">
				<ele>499.005493</ele>
				<time>2016-02-07T03:58:15Z</time>
			</trkpt>
			<trkpt lat="19.291202" lon="98.473340">
				<ele>498.802795</ele>
				<time>2016-02-07T03:58:16Z</time>
			</trkpt>
			<trkpt lat="19.291094" lon="98.473279">
				<ele>498.346802</ele>
				<time>2016-02-07T03:58:17Z</time>
			</trkpt>
			<trkpt lat="19.290999" lon="98.473202">
				<ele>497.650391</ele>
				<time>2016-02-07T03:58:18Z</time>
			</trkpt>
			<trkpt lat="19.290900" lon="98.473130">
				<ele>497.358643</ele>
				<time>2016-02-07T03:58:19Z</time>
			</trkpt>
			<trkpt lat="19.290797" lon="98.473056">
				<ele>498.438354</ele>
				<time>2016-02-07T03:58:20Z</time>
			</trkpt>
			<trkpt lat="19.290693" lon="98.472981">
				<ele>498.691223</ele>
				<time>2016-02-07T03:58:21Z</time>
			</trkpt>
			<trkpt lat="19.290577" lon="98.472898">
				<ele>498.120544</ele>
				<time>2016-02-07T03:58:22Z</time>
			</trkpt>
			<trkpt lat="19.290451" lon="98.472908">
				<ele>495.826416</ele>
				<time>2016-02-07T03:58:23Z</time>
			</trkpt>
			<trkpt lat="19.290307" lon="98.472922">
				<ele>496.206543</ele>
				<time>2016-02-07T03:58:24Z</time>
			</trkpt>
			<trkpt lat="19.290128" lon="98.472998">
				<ele>492.864441</ele>
				<time>2016-02-07T03:58:25Z</time>
			</trkpt>
			<trkpt lat="19.289971" lon="98.473064">
				<ele>494.589233</ele>
				<time>2016-02-07T03:58:26Z</time>
			</trkpt>
			<trkpt lat="19.289814" lon="98.473119">
				<ele>495.567627</ele>
				<time>2016-02-07T03:58:27Z</time>
			</trkpt>
			<trkpt lat="19.289656" lon="98.473160">
				<ele>496.892822</ele>
				<time>2016-02-07T03:58:28Z</time>
			</trkpt>
			<trkpt lat="19.289513" lon="98.473204">
				<ele>496.612854</ele>
				<time>2016-02-07T03:58:29Z</time>
			</trkpt>
			<trkpt lat="19.289369" lon="98.473248">
				<ele>497.315247</ele>
				<time>2016-02-07T03:58:30Z</time>
			</trkpt>
			<trkpt lat="19.289225" lon="98.473297">
				<ele>497.491333</ele>
				<time>2016-02-07T03:58:31Z</time>
			</trkpt>
			<trkpt lat="19.289085" lon="98.473332">
				<ele>498.807861</ele>
				<time>2016-02-07T03:58:32Z</time>
			</trkpt>
			<trkpt lat="19.288935" lon="98.473375">
				<ele>500.034668</ele>
				<time>2016-02-07T03:58:33Z</time>
			</trkpt>
			<trkpt lat="19.288778" lon="98.473422">
				<ele>502.505127</ele>
				<time>2016-02-07T03:58:34Z</time>
			</trkpt>
			<trkpt lat="19.288626" lon="98.473482">
				<ele>503.329346</ele>
				<time>2016-02-07T03:58:35Z</time>
			</trkpt>
			<trkpt lat="19.288468" lon="98.473527">
				<ele>504.732361</ele>
				<time>2016-02-07T03:58:36Z</time>
			</trkpt>
			<trkpt lat="19.288294" lon="98.473584">
				<ele>504.818787</ele>
				<time>2016-02-07T03:58:37Z</time>
			</trkpt>
			<trkpt lat="19.288124" lon="98.473639">
				<ele>505.970032</ele>
				<time>2016-02-07T03:58:38Z</time>
			</trkpt>
			<trkpt lat="19.287948" lon="98.473695">
				<ele>506.641052</ele>
				<time>2016-02-07T03:58:39Z</time>
			</trkpt>
			<trkpt lat="19.287764" lon="98.473764">
				<ele>506.492249</ele>
				<time>2016-02-07T03:58:40Z</time>
			</trkpt>
			<trkpt lat="19.287594" lon="98.473825">
				<ele>506.619507</ele>
				<time>2016-02-07T03:58:41Z</time>
			</trkpt>
			<trkpt lat="19.287426" lon="98.473882">
				<ele>506.869629</ele>
				<time>2016-02-07T03:58:42Z</time>
			</trkpt>
			<trkpt lat="19.287277" lon="98.473937">
				<ele>507.140991</ele>
				<time>2016-02-07T03:58:43Z</time>
			</trkpt>
			<trkpt lat="19.287118" lon="98.474005">
				<ele>506.176941</ele>
				<time>2016-02-07T03:58:44Z</time>
			</trkpt>
			<trkpt lat="19.286966" lon="98.474079">
				<ele>505.549438</ele>
				<time>2016-02-07T03:58:45Z</time>
			</trkpt>
			<trkpt lat="19.286831" lon="98.474178">
				<ele>505.734863</ele>
				<time>2016-02-07T03:58:46Z</time>
			</trkpt>
			<trkpt lat="19.286694" lon="98.474265">
				<ele>505.546265</ele>
				<time>2016-02-07T03:58:47Z</time>
			</trkpt>
			<trkpt lat="19.286583" lon="98.474394">
				<ele>506.967651</ele>
				<time>2016-02-07T03:58:48Z</time>
			</trkpt>
			<trkpt lat="19.286471" lon="98.474522">
				<ele>507.260193</ele>
				<time>2016-02-07T03:58:49Z</time>
			</trkpt>
			<trkpt lat="19.286351" lon="98.474683">
				<ele>506.985962</ele>
				<time>2016-02-07T03:58:50Z</time>
			</trkpt>
			<trkpt lat="19.286271" lon="98.474858">
				<ele>506.842041</ele>
				<time>2016-02-07T03:58:51Z</time>
			</trkpt>
			<trkpt lat="19.286183" lon="98.475040">
				<ele>507.841675</ele>
				<time>2016-02-07T03:58:52Z</time>
			</trkpt>
			<trkpt lat="19.286086" lon="98.475221">
				<ele>508.688171</ele>
				<time>2016-02-07T03:58:53Z</time>
			</trkpt>
			<trkpt lat="19.286045" lon="98.475399">
				<ele>508.877197</ele>
				<time>2016-02-07T03:58:54Z</time>
			</trkpt>
			<trkpt lat="19.285956" lon="98.475572">
				<ele>508.849670</ele>
				<time>2016-02-07T03:58:55Z</time>
			</trkpt>
			<trkpt lat="19.285894" lon="98.475753">
				<ele>508.288208</ele>
				<time>2016-02-07T03:58:56Z</time>
			</trkpt>
			<trkpt lat="19.285817" lon="98.475934">
				<ele>507.383667</ele>
				<time>2016-02-07T03:58:57Z</time>
			</trkpt>
			<trkpt lat="19.285735" lon="98.476093">
				<ele>506.426270</ele>
				<time>2016-02-07T03:58:58Z</time>
			</trkpt>
			<trkpt lat="19.285658" lon="98.476264">
				<ele>507.984375</ele>
				<time>2016-02-07T03:58:59Z</time>
			</trkpt>
			<trkpt lat="19.285589" lon="98.476434">
				<ele>508.660400</ele>
				<time>2016-02-07T03:59:00Z</time>
			</trkpt>
			<trkpt lat="19.285530" lon="98.476604">
				<ele>508.891602</ele>
				<time>2016-02-07T03:59:01Z</time>
			</trkpt>
			<trkpt lat="19.285485" lon="98.476769">
				<ele>509.357117</ele>
				<time>2016-02-07T03:59:02Z</time>
			</trkpt>
			<trkpt lat="19.285451" lon="98.476947">
				<ele>510.218567</ele>
				<time>2016-02-07T03:59:03Z</time>
			</trkpt>
			<trkpt lat="19.285422" lon="98.477133">
				<ele>510.498596</ele>
				<time>2016-02-07T03:59:04Z</time>
			</trkpt>
			<trkpt lat="19.285407" lon="98.477325">
				<ele>510.760742</ele>
				<time>2016-02-07T03:59:05Z</time>
			</trkpt>
			<trkpt lat="19.285404" lon="98.477524">
				<ele>510.993469</ele>
				<time>2016-02-07T03:59:06Z</time>
			</trkpt>
			<trkpt lat="19.285402" lon="98.477731">
				<ele>510.664185</ele>
				<time>2016-02-07T03:59:07Z</time>
			</trkpt>
			<trkpt lat="19.285405" lon="98.477925">
				<ele>511.153809</ele>
				<time>2016-02-07T03:59:08Z</time>
			</trkpt>
			<trkpt lat="19.285398" lon="98.478118">
				<ele>511.316040</ele>
				<time>2016-02-07T03:59:09Z</time>
			</trkpt>
			<trkpt lat="19.285390" lon="98.478299">
				<ele>511.488525</ele>
				<time>2016-02-07T03:59:10Z</time>
			</trkpt>
			<trkpt lat="19.285394" lon="98.478500">
				<ele>511.128601</ele>
				<time>2016-02-07T03:59:11Z</time>
			</trkpt>
			<trkpt lat="19.285390" lon="98.478698">
				<ele>509.323608</ele>
				<time>2016-02-07T03:59:12Z</time>
			</trkpt>
			<trkpt lat="19.285389" lon="98.478878">
				<ele>508.891357</ele>
				<time>2016-02-07T03:59:13Z</time>
			</trkpt>
			<trkpt lat="19.285400" lon="98.479061">
				<ele>508.215881</ele>
				<time>2016-02-07T03:59:14Z</time>
			</trkpt>
			<trkpt lat="19.285408" lon="98.479245">
				<ele>507.996094</ele>
				<time>2016-02-07T03:59:15Z</time>
			</trkpt>
			<trkpt lat="19.285434" lon="98.479434">
				<ele>508.354187</ele>
				<time>2016-02-07T03:59:16Z</time>
			</trkpt>
			<trkpt lat="19.285473" lon="98.479613">
				<ele>506.569824</ele>
				<time>2016-02-07T03:59:17Z</time>
			</trkpt>
			<trkpt lat="19.285567" lon="98.479787">
				<ele>504.327881</ele>
				<time>2016-02-07T03:59:18Z</time>
			</trkpt>
			<trkpt lat="19.285647" lon="98.479968">
				<ele>503.760986</ele>
				<time>2016-02-07T03:59:19Z</time>
			</trkpt>
			<trkpt lat="19.285763" lon="98.480133">
				<ele>500.377258</ele>
				<time>2016-02-07T03:59:20Z</time>
			</trkpt>
			<trkpt lat="19.285864" lon="98.480304">
				<ele>500.792603</ele>
				<time>2016-02-07T03:59:21Z</time>
			</trkpt>
			<trkpt lat="19.285956" lon="98.480458">
				<ele>501.369385</ele>
				<time>2016-02-07T03:59:22Z</time>
			</trkpt>
			<trkpt lat="19.286015" lon="98.480582">
				<ele>501.860229</ele>
				<time>2016-02-07T03:59:23Z</time>
			</trkpt>
			<trkpt lat="19.286095" lon="98.480716">
				<ele>502.231079</ele>
				<time>2016-02-07T03:59:24Z</time>
			</trkpt>
			<trkpt lat="19.286174" lon="98.480843">
				<ele>502.186279</ele>
				<time>2016-02-07T03:59:25Z</time>
			</trkpt>
			<trkpt lat="19.286240" lon="98.480968">
				<ele>502.838501</ele>
				<time>2016-02-07T03:59:26Z</time>
			</trkpt>
			<trkpt lat="19.286298" lon="98.481067">
				<ele>502.837219</ele>
				<time>2016-02-07T03:59:27Z</time>
			</trkpt>
			<trkpt lat="19.286368" lon="98.481192">
				<ele>503.938965</ele>
				<time>2016-02-07T03:59:28Z</time>
			</trkpt>
			<trkpt lat="19.286424" lon="98.481308">
				<ele>503.630493</ele>
				<time>2016-02-07T03:59:29Z</time>
			</trkpt>
			<trkpt lat="19.286465" lon="98.481407">
				<ele>501.776672</ele>
				<time>2016-02-07T03:59:30Z</time>
			</trkpt>
			<trkpt lat="19.286496" lon="98.481521">
				<ele>499.293213</ele>
				<time>2016-02-07T03:59:31Z</time>
			</trkpt>
			<trkpt lat="19.286506" lon="98.481632">
				<ele>498.865173</ele>
				<time>2016-02-07T03:59:32Z</time>
			</trkpt>
			<trkpt lat="19.286503" lon="98.481757">
				<ele>498.908936</ele>
				<time>2016-02-07T03:59:33Z</time>
			</trkpt>
			<trkpt lat="19.286474" lon="98.481882">
				<ele>498.793579</ele>
				<time>2016-02-07T03:59:34Z</time>
			</trkpt>
			<trkpt lat="19.286437" lon="98.481978">
				<ele>498.457642</ele>
				<time>2016-02-07T03:59:35Z</time>
			</trkpt>
			<trkpt lat="19.286379" lon="98.482132">
				<ele>498.397827</ele>
				<time>2016-02-07T03:59:36Z</time>
			</trkpt>
			<trkpt lat="19.286282" lon="98.482271">
				<ele>498.518311</ele>
				<time>2016-02-07T03:59:37Z</time>
			</trkpt>
			<trkpt lat="19.286155" lon="98.482419">
				<ele>499.741333</ele>
				<time>2016-02-07T03:59:38Z</time>
			</trkpt>
			<trkpt lat="19.286055" lon="98.482586">
				<ele>500.606262</ele>
				<time>2016-02-07T03:59:39Z</time>
			</trkpt>
			<trkpt lat="19.285956" lon="98.482710">
				<ele>502.960632</ele>
				<time>2016-02-07T03:59:40Z</time>
			</trkpt>
			<trkpt lat="19.285883" lon="98.482860">
				<ele>503.391968</ele>
				<time>2016-02-07T03:59:41Z</time>
			</trkpt>
			<trkpt lat="19.285822" lon="98.483007">
				<ele>504.644775</ele>
				<time>2016-02-07T03:59:42Z</time>
			</trkpt>
			<trkpt lat="19.285728" lon="98.483163">
				<ele>506.547607</ele>
				<time>2016-02-07T03:59:43Z</time>
			</trkpt>
			<trkpt lat="19.285631" lon="98.483324">
				<ele>507.033813</ele>
				<time>2016-02-07T03:59:44Z</time>
			</trkpt>
			<trkpt lat="19.285540" lon="98.483473">
				<ele>506.692383</ele>
				<time>2016-02-07T03:59:45Z</time>
			</trkpt>
			<trkpt lat="19.285457" lon="98.483630">
				<ele>506.969482</ele>
				<time>2016-02-07T03:59:46Z</time>
			</trkpt>
			<trkpt lat="19.285347" lon="98.483776">
				<ele>508.697632</ele>
				<time>2016-02-07T03:59:47Z</time>
			</trkpt>
			<trkpt lat="19.285250" lon="98.483928">
				<ele>510.554810</ele>
				<time>2016-02-07T03:59:48Z</time>
			</trkpt>
			<trkpt lat="19.285148" lon="98.484076">
				<ele>510.988770</ele>
				<time>2016-02-07T03:59:49Z</time>
			</trkpt>
			<trkpt lat="19.285041" lon="98.484215">
				<ele>511.265198</ele>
				<time>2016-02-07T03:59:50Z</time>
			</trkpt>
			<trkpt lat="19.284904" lon="98.484347">
				<ele>512.391602</ele>
				<time>2016-02-07T03:59:51Z</time>
			</trkpt>
			<trkpt lat="19.284792" lon="98.484483">
				<ele>513.255371</ele>
				<time>2016-02-07T03:59:52Z</time>
			</trkpt>
			<trkpt lat="19.284667" lon="98.484624">
				<ele>513.179321</ele>
				<time>2016-02-07T03:59:53Z</time>
			</trkpt>
			<trkpt lat="19.284584" lon="98.484788">
				<ele>515.178589</ele>
				<time>2016-02-07T03:59:54Z</time>
			</trkpt>
			<trkpt lat="19.284496" lon="98.484952">
				<ele>517.547607</ele>
				<time>2016-02-07T03:59:55Z</time>
			</trkpt>
			<trkpt lat="19.284431" lon="98.485105">
				<ele>518.844360</ele>
				<time>2016-02-07T03:59:56Z</time>
			</trkpt>
			<trkpt lat="19.284351" lon="98.485249">
				<ele>519.882446</ele>
				<time>2016-02-07T03:59:57Z</time>
			</trkpt>
			<trkpt lat="19.284256" lon="98.485396">
				<ele>520.290527</ele>
				<time>2016-02-07T03:59:58Z</time>
			</trkpt>
			<trkpt lat="19.284149" lon="98.485547">
				<ele>521.239624</ele>
				<time>2016-02-07T03:59:59Z</time>
			</trkpt>
			<trkpt lat="19.284005" lon="98.485653">
				<ele>523.392273</ele>
				<time>2016-02-07T04:00:00Z</time>
			</trkpt>
			<trkpt lat="19.283867" lon="98.485775">
				<ele>526.165894</ele>
				<time>2016-02-07T04:00:01Z</time>
			</trkpt>
			<trkpt lat="19.283764" lon="98.485915">
				<ele>529.421387</ele>
				<time>2016-02-07T04:00:02Z</time>
			</trkpt>
			<trkpt lat="19.283669" lon="98.486066">
				<ele>530.524902</ele>
				<time>2016-02-07T04:00:03Z</time>
			</trkpt>
			<trkpt lat="19.283587" lon="98.486173">
				<ele>531.308594</ele>
				<time>2016-02-07T04:00:04Z</time>
			</trkpt>
			<trkpt lat="19.283489" lon="98.486293">
				<ele>529.724854</ele>
				<time>2016-02-07T04:00:05Z</time>
			</trkpt>
			<trkpt lat="19.283406" lon="98.486428">
				<ele>530.068726</ele>
				<time>2016-02-07T04:00:06Z</time>
			</trkpt>
			<trkpt lat="19.283319" lon="98.486557">
				<ele>530.258423</ele>
				<time>2016-02-07T04:00:07Z</time>
			</trkpt>
			<trkpt lat="19.283251" lon="98.486684">
				<ele>530.090942</ele>
				<time>2016-02-07T04:00:08Z</time>
			</trkpt>
			<trkpt lat="19.283214" lon="98.486895">
				<ele>530.954102</ele>
				<time>2016-02-07T04:00:09Z</time>
			</trkpt>
			<trkpt lat="19.283177" lon="98.487035">
				<ele>531.644409</ele>
				<time>2016-02-07T04:00:10Z</time>
			</trkpt>
			<trkpt lat="19.283178" lon="98.487142">
				<ele>531.466064</ele>
				<time>2016-02-07T04:00:11Z</time>
			</trkpt>
			<trkpt lat="19.283140" lon="98.487257">
				<ele>532.737305</ele>
				<time>2016-02-07T04:00:12Z</time>
			</trkpt>
			<trkpt lat="19.283101" lon="98.487367">
				<ele>532.675964</ele>
				<time>2016-02-07T04:00:13Z</time>
			</trkpt>
			<trkpt lat="19.283037" lon="98.487465">
				<ele>531.965942</ele>
				<time>2016-02-07T04:00:14Z</time>
			</trkpt>
			<trkpt lat="19.282921" lon="98.487478">
				<ele>528.900879</ele>
				<time>2016-02-07T04:00:15Z</time>
			</trkpt>
			<trkpt lat="19.282790" lon="98.487497">
				<ele>531.717346</ele>
				<time>2016-02-07T04:00:16Z</time>
			</trkpt>
			<trkpt lat="19.282687" lon="98.487570">
				<ele>531.790405</ele>
				<time>2016-02-07T04:00:17Z</time>
			</trkpt>
			<trkpt lat="19.282598" lon="98.487651">
				<ele>533.416138</ele>
				<time>2016-02-07T04:00:18Z</time>
			</trkpt>
			<trkpt lat="19.282535" lon="98.487751">
				<ele>534.626221</ele>
				<time>2016-02-07T04:00:19Z</time>
			</trkpt>
			<trkpt lat="19.282512" lon="98.487886">
				<ele>537.889893</ele>
				<time>2016-02-07T04:00:20Z</time>
			</trkpt>
			<trkpt lat="19.282481" lon="98.488025">
				<ele>538.598999</ele>
				<time>2016-02-07T04:00:21Z</time>
			</trkpt>
			<trkpt lat="19.282454" lon="98.488170">
				<ele>540.522217</ele>
				<time>2016-02-07T04:00:22Z</time>
			</trkpt>
			<trkpt lat="19.282408" lon="98.488287">
				<ele>543.100220</ele>
				<time>2016-02-07T04:00:23Z</time>
			</trkpt>
			<trkpt lat="19.282332" lon="98.488434">
				<ele>543.755737</ele>
				<time>2016-02-07T04:00:24Z</time>
			</trkpt>
			<trkpt lat="19.282245" lon="98.488583">
				<ele>544.409180</ele>
				<time>2016-02-07T04:00:25Z</time>
			</trkpt>
			<trkpt lat="19.282103" lon="98.488703">
				<ele>545.894409</ele>
				<time>2016-02-07T04:00:26Z</time>
			</trkpt>
			<trkpt lat="19.282004" lon="98.488820">
				<ele>549.711243</ele>
				<time>2016-02-07T04:00:27Z</time>
			</trkpt>
			<trkpt lat="19.281913" lon="98.488937">
				<ele>550.318604</ele>
				<time>2016-02-07T04:00:28Z</time>
			</trkpt>
			<trkpt lat="19.281822" lon="98.489031">
				<ele>549.769409</ele>
				<time>2016-02-07T04:00:29Z</time>
			</trkpt>
			<trkpt lat="19.281717" lon="98.489114">
				<ele>550.839844</ele>
				<time>2016-02-07T04:00:30Z</time>
			</trkpt>
			<trkpt lat="19.281608" lon="98.489207">
				<ele>551.656311</ele>
				<time>2016-02-07T04:00:31Z</time>
			</trkpt>
			<trkpt lat="19.281515" lon="98.489306">
				<ele>550.844360</ele>
				<time>2016-02-07T04:00:32Z</time>
			</trkpt>
			<trkpt lat="19.281456" lon="98.489429">
				<ele>552.809143</ele>
				<time>2016-02-07T04:00:33Z</time>
			</trkpt>
			<trkpt lat="19.281397" lon="98.489564">
				<ele>553.772644</ele>
				<time>2016-02-07T04:00:34Z</time>
			</trkpt>
			<trkpt lat="19.281340" lon="98.489690">
				<ele>554.203186</ele>
				<time>2016-02-07T04:00:35Z</time>
			</trkpt>
			<trkpt lat="19.281256" lon="98.489826">
				<ele>556.471069</ele>
				<time>2016-02-07T04:00:36Z</time>
			</trkpt>
			<trkpt lat="19.281176" lon="98.489981">
				<ele>557.071411</ele>
				<time>2016-02-07T04:00:37Z</time>
			</trkpt>
			<trkpt lat="19.281094" lon="98.490139">
				<ele>556.748901</ele>
				<time>2016-02-07T04:00:38Z</time>
			</trkpt>
			<trkpt lat="19.280987" lon="98.490259">
				<ele>556.824036</ele>
				<time>2016-02-07T04:00:39Z</time>
			</trkpt>
			<trkpt lat="19.280904" lon="98.490391">
				<ele>556.867859</ele>
				<time>2016-02-07T04:00:40Z</time>
			</trkpt>
			<trkpt lat="19.280816" lon="98.490545">
				<ele>558.448425</ele>
				<time>2016-02-07T04:00:41Z</time>
			</trkpt>
			<trkpt lat="19.280747" lon="98.490685">
				<ele>560.484314</ele>
				<time>2016-02-07T04:00:42Z</time>
			</trkpt>
			<trkpt lat="19.280631" lon="98.490812">
				<ele>560.120361</ele>
				<time>2016-02-07T04:00:43Z</time>
			</trkpt>
			<trkpt lat="19.280540" lon="98.490936">
				<ele>561.290283</ele>
				<time>2016-02-07T04:00:44Z</time>
			</trkpt>
			<trkpt lat="19.280449" lon="98.491051">
				<ele>561.995850</ele>
				<time>2016-02-07T04:00:45Z</time>
			</trkpt>
			<trkpt lat="19.280335" lon="98.491158">
				<ele>563.536621</ele>
				<time>2016-02-07T04:00:46Z</time>
			</trkpt>
			<trkpt lat="19.280186" lon="98.491227">
				<ele>563.826904</ele>
				<time>2016-02-07T04:00:47Z</time>
			</trkpt>
			<trkpt lat="19.280060" lon="98.491328">
				<ele>563.247681</ele>
				<time>2016-02-07T04:00:48Z</time>
			</trkpt>
			<trkpt lat="19.279932" lon="98.491419">
				<ele>564.914062</ele>
				<time>2016-02-07T04:00:49Z</time>
			</trkpt>
			<trkpt lat="19.279817" lon="98.491497">
				<ele>564.509521</ele>
				<time>2016-02-07T04:00:50Z</time>
			</trkpt>
			<trkpt lat="19.279702" lon="98.491574">
				<ele>566.331787</ele>
				<time>2016-02-07T04:00:51Z</time>
			</trkpt>
			<trkpt lat="19.279593" lon="98.491645">
				<ele>567.302246</ele>
				<time>2016-02-07T04:00:52Z</time>
			</trkpt>
			<trkpt lat="19.279488" lon="98.491737">
				<ele>569.629028</ele>
				<time>2016-02-07T04:00:53Z</time>
			</trkpt>
			<trkpt lat="19.279377" lon="98.491814">
				<ele>569.207031</ele>
				<time>2016-02-07T04:00:54Z</time>
			</trkpt>
			<trkpt lat="19.279329" lon="98.491959">
				<ele>569.226074</ele>
				<time>2016-02-07T04:00:55Z</time>
			</trkpt>
			<trkpt lat="19.279270" lon="98.492099">
				<ele>570.164062</ele>
				<time>2016-02-07T04:00:56Z</time>
			</trkpt>
			<trkpt lat="19.279272" lon="98.492243">
				<ele>570.576904</ele>
				<time>2016-02-07T04:00:57Z</time>
			</trkpt>
			<trkpt lat="19.279325" lon="98.492394">
				<ele>571.376099</ele>
				<time>2016-02-07T04:00:58Z</time>
			</trkpt>
			<trkpt lat="19.279316" lon="98.492563">
				<ele>572.052490</ele>
				<time>2016-02-07T04:00:59Z</time>
			</trkpt>
			<trkpt lat="19.279281" lon="98.492728">
				<ele>573.066650</ele>
				<time>2016-02-07T04:01:00Z</time>
			</trkpt>
			<trkpt lat="19.279257" lon="98.492857">
				<ele>572.556885</ele>
				<time>2016-02-07T04:01:01Z</time>
			</trkpt>
			<trkpt lat="19.279196" lon="98.492984">
				<ele>574.504639</ele>
				<time>2016-02-07T04:01:02Z</time>
			</trkpt>
			<trkpt lat="19.279169" lon="98.493120">
				<ele>572.106201</ele>
				<time>2016-02-07T04:01:03Z</time>
			</trkpt>
			<trkpt lat="19.279105" lon="98.493247">
				<ele>573.605225</ele>
				<time>2016-02-07T04:01:04Z</time>
			</trkpt>
			<trkpt lat="19.279066" lon="98.493411">
				<ele>574.327271</ele>
				<time>2016-02-07T04:01:05Z</time>
			</trkpt>
			<trkpt lat="19.279046" lon="98.493572">
				<ele>574.901245</ele>
				<time>2016-02-07T04:01:06Z</time>
			</trkpt>
			<trkpt lat="19.279026" lon="98.493737">
				<ele>575.430176</ele>
				<time>2016-02-07T04:01:07Z</time>
			</trkpt>
			<trkpt lat="19.279021" lon="98.493894">
				<ele>576.416504</ele>
				<time>2016-02-07T04:01:08Z</time>
			</trkpt>
			<trkpt lat="19.279015" lon="98.494060">
				<ele>577.149414</ele>
				<time>2016-02-07T04:01:09Z</time>
			</trkpt>
			<trkpt lat="19.279007" lon="98.494241">
				<ele>578.003174</ele>
				<time>2016-02-07T04:01:10Z</time>
			</trkpt>
			<trkpt lat="19.278973" lon="98.494414">
				<ele>578.560425</ele>
				<time>2016-02-07T04:01:11Z</time>
			</trkpt>
			<trkpt lat="19.278919" lon="98.494572">
				<ele>579.376221</ele>
				<time>2016-02-07T04:01:12Z</time>
			</trkpt>
			<trkpt lat="19.278842" lon="98.494695">
				<ele>578.463013</ele>
				<time>2016-02-07T04:01:13Z</time>
			</trkpt>
			<trkpt lat="19.278789" lon="98.494861">
				<ele>578.048340</ele>
				<time>2016-02-07T04:01:14Z</time>
			</trkpt>
			<trkpt lat="19.278701" lon="98.495018">
				<ele>579.654297</ele>
				<time>2016-02-07T04:01:15Z</time>
			</trkpt>
			<trkpt lat="19.278574" lon="98.495166">
				<ele>579.663452</ele>
				<time>2016-02-07T04:01:16Z</time>
			</trkpt>
			<trkpt lat="19.278504" lon="98.495326">
				<ele>580.200073</ele>
				<time>2016-02-07T04:01:17Z</time>
			</trkpt>
			<trkpt lat="19.278429" lon="98.495463">
				<ele>581.246582</ele>
				<time>2016-02-07T04:01:18Z</time>
			</trkpt>
			<trkpt lat="19.278399" lon="98.495588">
				<ele>580.152344</ele>
				<time>2016-02-07T04:01:19Z</time>
			</trkpt>
			<trkpt lat="19.278347" lon="98.495722">
				<ele>581.379395</ele>
				<time>2016-02-07T04:01:20Z</time>
			</trkpt>
			<trkpt lat="19.278271" lon="98.495838">
				<ele>582.061646</ele>
				<time>2016-02-07T04:01:21Z</time>
			</trkpt>
			<trkpt lat="19.278182" lon="98.495956">
				<ele>582.334839</ele>
				<time>2016-02-07T04:01:22Z</time>
			</trkpt>
			<trkpt lat="19.278058" lon="98.496045">
				<ele>584.244141</ele>
				<time>2016-02-07T04:01:23Z</time>
			</trkpt>
			<trkpt lat="19.277940" lon="98.496146">
				<ele>588.074219</ele>
				<time>2016-02-07T04:01:24Z</time>
			</trkpt>
			<trkpt lat="19.277809" lon="98.496202">
				<ele>588.782837</ele>
				<time>2016-02-07T04:01:25Z</time>
			</trkpt>
			<trkpt lat="19.277681" lon="98.496309">
				<ele>589.466797</ele>
				<time>2016-02-07T04:01:26Z</time>
			</trkpt>
			<trkpt lat="19.277552" lon="98.496401">
				<ele>591.940430</ele>
				<time>2016-02-07T04:01:27Z</time>
			</trkpt>
			<trkpt lat="19.277400" lon="98.496497">
				<ele>594.934448</ele>
				<time>2016-02-07T04:01:28Z</time>
			</trkpt>
			<trkpt lat="19.277266" lon="98.496590">
				<ele>595.881348</ele>
				<time>2016-02-07T04:01:29Z</time>
			</trkpt>
			<trkpt lat="19.277137" lon="98.496668">
				<ele>595.984619</ele>
				<time>2016-02-07T04:01:30Z</time>
			</trkpt>
			<trkpt lat="19.276998" lon="98.496763">
				<ele>595.744507</ele>
				<time>2016-02-07T04:01:31Z</time>
			</trkpt>
			<trkpt lat="19.276901" lon="98.496889">
				<ele>595.721191</ele>
				<time>2016-02-07T04:01:32Z</time>
			</trkpt>
			<trkpt lat="19.276802" lon="98.497042">
				<ele>596.668335</ele>
				<time>2016-02-07T04:01:33Z</time>
			</trkpt>
			<trkpt lat="19.276740" lon="98.497188">
				<ele>599.343018</ele>
				<time>2016-02-07T04:01:34Z</time>
			</trkpt>
			<trkpt lat="19.276694" lon="98.497345">
				<ele>600.507080</ele>
				<time>2016-02-07T04:01:35Z</time>
			</trkpt>
			<trkpt lat="19.276645" lon="98.497508">
				<ele>600.674316</ele>
				<time>2016-02-07T04:01:36Z</time>
			</trkpt>
			<trkpt lat="19.276624" lon="98.497660">
				<ele>600.235962</ele>
				<time>2016-02-07T04:01:37Z</time>
			</trkpt>
			<trkpt lat="19.276585" lon="98.497812">
				<ele>601.106323</ele>
				<time>2016-02-07T04:01:38Z</time>
			</trkpt>
			<trkpt lat="19.276557" lon="98.497938">
				<ele>600.348877</ele>
				<time>2016-02-07T04:01:39Z</time>
			</trkpt>
			<trkpt lat="19.276583" lon="98.498046">
				<ele>601.397461</ele>
				<time>2016-02-07T04:01:40Z</time>
			</trkpt>
			<trkpt lat="19.276522" lon="98.498174">
				<ele>601.286865</ele>
				<time>2016-02-07T04:01:41Z</time>
			</trkpt>
			<trkpt lat="19.276519" lon="98.498277">
				<ele>599.841309</ele>
				<time>2016-02-07T04:01:42Z</time>
			</trkpt>
			<trkpt lat="19.276394" lon="98.498243">
				<ele>599.377686</ele>
				<time>2016-02-07T04:01:43Z</time>
			</trkpt>
			<trkpt lat="19.276308" lon="98.498292">
				<ele>600.590576</ele>
				<time>2016-02-07T04:01:44Z</time>
			</trkpt>
			<trkpt lat="19.276184" lon="98.498325">
				<ele>603.301514</ele>
				<time>2016-02-07T04:01:45Z</time>
			</trkpt>
			<trkpt lat="19.276094" lon="98.498382">
				<ele>603.630981</ele>
				<time>2016-02-07T04:01:46Z</time>
			</trkpt>
			<trkpt lat="19.276040" lon="98.498474">
				<ele>605.735840</ele>
				<time>2016-02-07T04:01:47Z</time>
			</trkpt>
			<trkpt lat="19.276020" lon="98.498588">
				<ele>608.075073</ele>
				<time>2016-02-07T04:01:48Z</time>
			</trkpt>
			<trkpt lat="19.275980" lon="98.498663">
				<ele>609.841431</ele>
				<time>2016-02-07T04:01:49Z</time>
			</trkpt>
			<trkpt lat="19.275944" lon="98.498741">
				<ele>610.662842</ele>
				<time>2016-02-07T04:01:50Z</time>
			</trkpt>
			<trkpt lat="19.275905" lon="98.498809">
				<ele>612.754883</ele>
				<time>2016-02-07T04:01:51Z</time>
			</trkpt>
			<trkpt lat="19.275839" lon="98.498845">
				<ele>613.376709</ele>
				<time>2016-02-07T04:01:52Z</time>
			</trkpt>
			<trkpt lat="19.275735" lon="98.498861">
				<ele>613.450806</ele>
				<time>2016-02-07T04:01:53Z</time>
			</trkpt>
			<trkpt lat="19.275619" lon="98.498886">
				<ele>615.862793</ele>
				<time>2016-02-07T04:01:54Z</time>
			</trkpt>
			<trkpt lat="19.275537" lon="98.498873">
				<ele>617.083008</ele>
				<time>2016-02-07T04:01:55Z</time>
			</trkpt>
			<trkpt lat="19.275440" lon="98.498882">
				<ele>618.541992</ele>
				<time>2016-02-07T04:01:56Z</time>
			</trkpt>
			<trkpt lat="19.275322" lon="98.498858">
				<ele>620.687988</ele>
				<time>2016-02-07T04:01:57Z</time>
			</trkpt>
			<trkpt lat="19.275140" lon="98.498852">
				<ele>622.247314</ele>
				<time>2016-02-07T04:01:58Z</time>
			</trkpt>
			<trkpt lat="19.274981" lon="98.498849">
				<ele>623.867920</ele>
				<time>2016-02-07T04:01:59Z</time>
			</trkpt>
			<trkpt lat="19.274822" lon="98.498841">
				<ele>623.837769</ele>
				<time>2016-02-07T04:02:00Z</time>
			</trkpt>
			<trkpt lat="19.274631" lon="98.498851">
				<ele>623.389404</ele>
				<time>2016-02-07T04:02:01Z</time>
			</trkpt>
			<trkpt lat="19.274412" lon="98.498878">
				<ele>625.250488</ele>
				<time>2016-02-07T04:02:02Z</time>
			</trkpt>
			<trkpt lat="19.274211" lon="98.498918">
				<ele>625.539185</ele>
				<time>2016-02-07T04:02:03Z</time>
			</trkpt>
			<trkpt lat="19.273995" lon="98.498964">
				<ele>627.177856</ele>
				<time>2016-02-07T04:02:04Z</time>
			</trkpt>
			<trkpt lat="19.273799" lon="98.499024">
				<ele>628.857910</ele>
				<time>2016-02-07T04:02:05Z</time>
			</trkpt>
			<trkpt lat="19.273640" lon="98.499137">
				<ele>630.003662</ele>
				<time>2016-02-07T04:02:06Z</time>
			</trkpt>
			<trkpt lat="19.273459" lon="98.499217">
				<ele>631.364746</ele>
				<time>2016-02-07T04:02:07Z</time>
			</trkpt>
			<trkpt lat="19.273278" lon="98.499309">
				<ele>633.387451</ele>
				<time>2016-02-07T04:02:08Z</time>
			</trkpt>
			<trkpt lat="19.273138" lon="98.499397">
				<ele>633.935181</ele>
				<time>2016-02-07T04:02:09Z</time>
			</trkpt>
			<trkpt lat="19.273040" lon="98.499503">
				<ele>636.232300</ele>
				<time>2016-02-07T04:02:10Z</time>
			</trkpt>
			<trkpt lat="19.272941" lon="98.499595">
				<ele>637.099609</ele>
				<time>2016-02-07T04:02:11Z</time>
			</trkpt>
			<trkpt lat="19.272822" lon="98.499705">
				<ele>639.441895</ele>
				<time>2016-02-07T04:02:12Z</time>
			</trkpt>
			<trkpt lat="19.272708" lon="98.499816">
				<ele>640.388916</ele>
				<time>2016-02-07T04:02:13Z</time>
			</trkpt>
			<trkpt lat="19.272605" lon="98.499877">
				<ele>641.179932</ele>
				<time>2016-02-07T04:02:14Z</time>
			</trkpt>
			<trkpt lat="19.272431" lon="98.499961">
				<ele>640.730713</ele>
				<time>2016-02-07T04:02:15Z</time>
			</trkpt>
			<trkpt lat="19.272345" lon="98.500012">
				<ele>639.091064</ele>
				<time>2016-02-07T04:02:16Z</time>
			</trkpt>
			<trkpt lat="19.272209" lon="98.499997">
				<ele>639.404541</ele>
				<time>2016-02-07T04:02:17Z</time>
			</trkpt>
			<trkpt lat="19.272118" lon="98.499975">
				<ele>641.127563</ele>
				<time>2016-02-07T04:02:18Z</time>
			</trkpt>
			<trkpt lat="19.271998" lon="98.500012">
				<ele>642.066650</ele>
				<time>2016-02-07T04:02:19Z</time>
			</trkpt>
			<trkpt lat="19.271885" lon="98.499998">
				<ele>644.240967</ele>
				<time>2016-02-07T04:02:20Z</time>
			</trkpt>
			<trkpt lat="19.271824" lon="98.499994">
				<ele>645.243408</ele>
				<time>2016-02-07T04:02:21Z</time>
			</trkpt>
			<trkpt lat="19.271747" lon="98.500012">
				<ele>646.919678</ele>
				<time>2016-02-07T04:02:22Z</time>
			</trkpt>
			<trkpt lat="19.271689" lon="98.499988">
				<ele>647.435059</ele>
				<time>2016-02-07T04:02:23Z</time>
			</trkpt>
			<trkpt lat="19.271610" lon="98.499938">
				<ele>648.836426</ele>
				<time>2016-02-07T04:02:24Z</time>
			</trkpt>
			<trkpt lat="19.271577" lon="98.499909">
				<ele>650.335205</ele>
				<time>2016-02-07T04:02:25Z</time>
			</trkpt>
			<trkpt lat="19.271550" lon="98.499840">
				<ele>653.137939</ele>
				<time>2016-02-07T04:02:26Z</time>
			</trkpt>
			<trkpt lat="19.271555" lon="98.499765">
				<ele>656.484497</ele>
				<time>2016-02-07T04:02:27Z</time>
			</trkpt>
			<trkpt lat="19.271554" lon="98.499757">
				<ele>656.202637</ele>
				<time>2016-02-07T04:02:28Z</time>
			</trkpt>
			<trkpt lat="19.271528" lon="98.499858">
				<ele>657.227051</ele>
				<time>2016-02-07T04:02:29Z</time>
			</trkpt>
			<trkpt lat="19.271557" lon="98.499899">
				<ele>660.186401</ele>
				<time>2016-02-07T04:02:30Z</time>
			</trkpt>
			<trkpt lat="19.271596" lon="98.499950">
				<ele>662.029053</ele>
				<time>2016-02-07T04:02:31Z</time>
			</trkpt>
			<trkpt lat="19.271702" lon="98.500043">
				<ele>663.290527</ele>
				<time>2016-02-07T04:02:32Z</time>
			</trkpt>
			<trkpt lat="19.271766" lon="98.500145">
				<ele>664.757812</ele>
				<time>2016-02-07T04:02:33Z</time>
			</trkpt>
			<trkpt lat="19.271812" lon="98.500270">
				<ele>665.356689</ele>
				<time>2016-02-07T04:02:34Z</time>
			</trkpt>
			<trkpt lat="19.271856" lon="98.500310">
				<ele>665.727539</ele>
				<time>2016-02-07T04:02:35Z</time>
			</trkpt>
			<trkpt lat="19.271851" lon="98.500390">
				<ele>669.205566</ele>
				<time>2016-02-07T04:02:36Z</time>
			</trkpt>
			<trkpt lat="19.271812" lon="98.500473">
				<ele>671.907227</ele>
				<time>2016-02-07T04:02:37Z</time>
			</trkpt>
			<trkpt lat="19.271755" lon="98.500560">
				<ele>675.316650</ele>
				<time>2016-02-07T04:02:38Z</time>
			</trkpt>
			<trkpt lat="19.271652" lon="98.500631">
				<ele>681.112549</ele>
				<time>2016-02-07T04:02:39Z</time>
			</trkpt>
			<trkpt lat="19.271531" lon="98.500690">
				<ele>684.993652</ele>
				<time>2016-02-07T04:02:40Z</time>
			</trkpt>
			<trkpt lat="19.271443" lon="98.500735">
				<ele>685.048584</ele>
				<time>2016-02-07T04:02:41Z</time>
			</trkpt>
			<trkpt lat="19.271349" lon="98.500758">
				<ele>685.618164</ele>
				<time>2016-02-07T04:02:42Z</time>
			</trkpt>
			<trkpt lat="19.271284" lon="98.500768">
				<ele>687.594849</ele>
				<time>2016-02-07T04:02:43Z</time>
			</trkpt>
			<trkpt lat="19.271226" lon="98.500790">
				<ele>690.168457</ele>
				<time>2016-02-07T04:02:44Z</time>
			</trkpt>
			<trkpt lat="19.271191" lon="98.500809">
				<ele>692.785156</ele>
				<time>2016-02-07T04:02:45Z</time>
			</trkpt>
			<trkpt lat="19.271153" lon="98.500829">
				<ele>692.833252</ele>
				<time>2016-02-07T04:02:46Z</time>
			</trkpt>
			<trkpt lat="19.271155" lon="98.500837">
				<ele>693.223145</ele>
				<time>2016-02-07T04:02:47Z</time>
			</trkpt>
			<trkpt lat="19.271157" lon="98.500891">
				<ele>694.749512</ele>
				<time>2016-02-07T04:02:48Z</time>
			</trkpt>
			<trkpt lat="19.271177" lon="98.500947">
				<ele>697.919434</ele>
				<time>2016-02-07T04:02:49Z</time>
			</trkpt>
			<trkpt lat="19.271192" lon="98.500976">
				<ele>698.985718</ele>
				<time>2016-02-07T04:02:50Z</time>
			</trkpt>
			<trkpt lat="19.271253" lon="98.501027">
				<ele>698.948486</ele>
				<time>2016-02-07T04:02:51Z</time>
			</trkpt>
			<trkpt lat="19.271308" lon="98.501065">
				<ele>700.067383</ele>
				<time>2016-02-07T04:02:52Z</time>
			</trkpt>
			<trkpt lat="19.271357" lon="98.501109">
				<ele>701.833252</ele>
				<time>2016-02-07T04:02:53Z</time>
			</trkpt>
			<trkpt lat="19.271404" lon="98.501148">
				<ele>700.647095</ele>
				<time>2016-02-07T04:02:54Z</time>
			</trkpt>
			<trkpt lat="19.271412" lon="98.501231">
				<ele>703.104004</ele>
				<time>2016-02-07T04:02:55Z</time>
			</trkpt>
			<trkpt lat="19.271395" lon="98.501318">
				<ele>705.434692</ele>
				<time>2016-02-07T04:02:56Z</time>
			</trkpt>
			<trkpt lat="19.271383" lon="98.501407">
				<ele>707.394409</ele>
				<time>2016-02-07T04:02:57Z</time>
			</trkpt>
			<trkpt lat="19.271352" lon="98.501480">
				<ele>707.974365</ele>
				<time>2016-02-07T04:02:58Z</time>
			</trkpt>
			<trkpt lat="19.271300" lon="98.501549">
				<ele>711.026367</ele>
				<time>2016-02-07T04:02:59Z</time>
			</trkpt>
			<trkpt lat="19.271239" lon="98.501625">
				<ele>710.467773</ele>
				<time>2016-02-07T04:03:00Z</time>
			</trkpt>
			<trkpt lat="19.271184" lon="98.501708">
				<ele>710.081055</ele>
				<time>2016-02-07T04:03:01Z</time>
			</trkpt>
			<trkpt lat="19.271135" lon="98.501800">
				<ele>710.317749</ele>
				<time>2016-02-07T04:03:02Z</time>
			</trkpt>
			<trkpt lat="19.271075" lon="98.501883">
				<ele>709.994141</ele>
				<time>2016-02-07T04:03:03Z</time>
			</trkpt>
			<trkpt lat="19.270997" lon="98.501938">
				<ele>712.017090</ele>
				<time>2016-02-07T04:03:04Z</time>
			</trkpt>
			<trkpt lat="19.270900" lon="98.501979">
				<ele>713.610840</ele>
				<time>2016-02-07T04:03:05Z</time>
			</trkpt>
			<trkpt lat="19.270785" lon="98.502005">
				<ele>714.039062</ele>
				<time>2016-02-07T04:03:06Z</time>
			</trkpt>
			<trkpt lat="19.270690" lon="98.501974">
				<ele>715.104492</ele>
				<time>2016-02-07T04:03:07Z</time>
			</trkpt>
			<trkpt lat="19.270597" lon="98.501962">
				<ele>716.318848</ele>
				<time>2016-02-07T04:03:08Z</time>
			</trkpt>
			<trkpt lat="19.270504" lon="98.501961">
				<ele>716.502930</ele>
				<time>2016-02-07T04:03:09Z</time>
			</trkpt>
			<trkpt lat="19.270432" lon="98.501982">
				<ele>716.745605</ele>
				<time>2016-02-07T04:03:10Z</time>
			</trkpt>
			<trkpt lat="19.270323" lon="98.501926">
				<ele>717.823486</ele>
				<time>2016-02-07T04:03:11Z</time>
			</trkpt>
			<trkpt lat="19.270219" lon="98.501904">
				<ele>719.889404</ele>
				<time>2016-02-07T04:03:12Z</time>
			</trkpt>
			<trkpt lat="19.270085" lon="98.501902">
				<ele>721.802612</ele>
				<time>2016-02-07T04:03:13Z</time>
			</trkpt>
			<trkpt lat="19.269946" lon="98.501907">
				<ele>723.498779</ele>
				<time>2016-02-07T04:03:14Z</time>
			</trkpt>
			<trkpt lat="19.269846" lon="98.501931">
				<ele>725.969360</ele>
				<time>2016-02-07T04:03:15Z</time>
			</trkpt>
			<trkpt lat="19.269746" lon="98.501956">
				<ele>728.212891</ele>
				<time>2016-02-07T04:03:16Z</time>
			</trkpt>
			<trkpt lat="19.269641" lon="98.501951">
				<ele>728.974365</ele>
				<time>2016-02-07T04:03:17Z</time>
			</trkpt>
			<trkpt lat="19.269586" lon="98.502013">
				<ele>730.232178</ele>
				<time>2016-02-07T04:03:18Z</time>
			</trkpt>
			<trkpt lat="19.269536" lon="98.502103">
				<ele>731.074097</ele>
				<time>2016-02-07T04:03:19Z</time>
			</trkpt>
			<trkpt lat="19.269511" lon="98.502143">
				<ele>731.383789</ele>
				<time>2016-02-07T04:03:20Z</time>
			</trkpt>
			<trkpt lat="19.269500" lon="98.502178">
				<ele>731.293213</ele>
				<time>2016-02-07T04:03:21Z</time>
			</trkpt>
			<trkpt lat="19.269492" lon="98.502218">
				<ele>730.557373</ele>
				<time>2016-02-07T04:03:22Z</time>
			</trkpt>
			<trkpt lat="19.269495" lon="98.502284">
				<ele>730.973145</ele>
				<time>2016-02-07T04:03:23Z</time>
			</trkpt>
			<trkpt lat="19.269600" lon="98.502414">
				<ele>731.109131</ele>
				<time>2016-02-07T04:03:24Z</time>
			</trkpt>
			<trkpt lat="19.269740" lon="98.502550">
				<ele>730.854736</ele>
				<time>2016-02-07T04:03:25Z</time>
			</trkpt>
			<trkpt lat="19.269845" lon="98.502664">
				<ele>733.974854</ele>
				<time>2016-02-07T04:03:26Z</time>
			</trkpt>
			<trkpt lat="19.269931" lon="98.502774">
				<ele>736.504150</ele>
				<time>2016-02-07T04:03:27Z</time>
			</trkpt>
			<trkpt lat="19.269902" lon="98.502887">
				<ele>736.396240</ele>
				<time>2016-02-07T04:03:28Z</time>
			</trkpt>
			<trkpt lat="19.269909" lon="98.503012">
				<ele>735.436035</ele>
				<time>2016-02-07T04:03:29Z</time>
			</trkpt>
			<trkpt lat="19.269889" lon="98.503115">
				<ele>735.497681</ele>
				<time>2016-02-07T04:03:30Z</time>
			</trkpt>
			<trkpt lat="19.269888" lon="98.503195">
				<ele>735.328125</ele>
				<time>2016-02-07T04:03:31Z</time>
			</trkpt>
			<trkpt lat="19.269869" lon="98.503270">
				<ele>736.588623</ele>
				<time>2016-02-07T04:03:32Z</time>
			</trkpt>
			<trkpt lat="19.269847" lon="98.503351">
				<ele>736.528931</ele>
				<time>2016-02-07T04:03:33Z</time>
			</trkpt>
			<trkpt lat="19.269746" lon="98.503423">
				<ele>738.840332</ele>
				<time>2016-02-07T04:03:34Z</time>
			</trkpt>
			<trkpt lat="19.269620" lon="98.503427">
				<ele>741.281006</ele>
				<time>2016-02-07T04:03:35Z</time>
			</trkpt>
			<trkpt lat="19.269526" lon="98.503458">
				<ele>744.262817</ele>
				<time>2016-02-07T04:03:36Z</time>
			</trkpt>
			<trkpt lat="19.269447" lon="98.503516">
				<ele>744.545410</ele>
				<time>2016-02-07T04:03:37Z</time>
			</trkpt>
			<trkpt lat="19.269415" lon="98.503598">
				<ele>744.229614</ele>
				<time>2016-02-07T04:03:38Z</time>
			</trkpt>
			<trkpt lat="19.269395" lon="98.503684">
				<ele>744.253418</ele>
				<time>2016-02-07T04:03:39Z</time>
			</trkpt>
			<trkpt lat="19.269380" lon="98.503741">
				<ele>745.593506</ele>
				<time>2016-02-07T04:03:40Z</time>
			</trkpt>
			<trkpt lat="19.269403" lon="98.503834">
				<ele>745.664551</ele>
				<time>2016-02-07T04:03:41Z</time>
			</trkpt>
			<trkpt lat="19.269418" lon="98.503955">
				<ele>748.805664</ele>
				<time>2016-02-07T04:03:42Z</time>
			</trkpt>
			<trkpt lat="19.269402" lon="98.504060">
				<ele>750.144165</ele>
				<time>2016-02-07T04:03:43Z</time>
			</trkpt>
			<trkpt lat="19.269392" lon="98.504166">
				<ele>751.678711</ele>
				<time>2016-02-07T04:03:44Z</time>
			</trkpt>
			<trkpt lat="19.269289" lon="98.504188">
				<ele>753.281982</ele>
				<time>2016-02-07T04:03:45Z</time>
			</trkpt>
			<trkpt lat="19.269216" lon="98.504209">
				<ele>752.997559</ele>
				<time>2016-02-07T04:03:46Z</time>
			</trkpt>
			<trkpt lat="19.269116" lon="98.504206">
				<ele>755.519531</ele>
				<time>2016-02-07T04:03:47Z</time>
			</trkpt>
			<trkpt lat="19.269026" lon="98.504177">
				<ele>755.194824</ele>
				<time>2016-02-07T04:03:48Z</time>
			</trkpt>
			<trkpt lat="19.268885" lon="98.504110">
				<ele>758.920654</ele>
				<time>2016-02-07T04:03:49Z</time>
			</trkpt>
			<trkpt lat="19.268767" lon="98.504068">
				<ele>760.003906</ele>
				<time>2016-02-07T04:03:50Z</time>
			</trkpt>
			<trkpt lat="19.268642" lon="98.503996">
				<ele>758.516846</ele>
				<time>2016-02-07T04:03:51Z</time>
			</trkpt>
			<trkpt lat="19.268526" lon="98.503951">
				<ele>759.435669</ele>
				<time>2016-02-07T04:03:52Z</time>
			</trkpt>
			<trkpt lat="19.268407" lon="98.503904">
				<ele>759.595215</ele>
				<time>2016-02-07T04:03:53Z</time>
			</trkpt>
			<trkpt lat="19.268331" lon="98.503963">
				<ele>760.342041</ele>
				<time>2016-02-07T04:03:54Z</time>
			</trkpt>
			<trkpt lat="19.268224" lon="98.503984">
				<ele>762.212646</ele>
				<time>2016-02-07T04:03:55Z</time>
			</trkpt>
			<trkpt lat="19.268151" lon="98.504032">
				<ele>764.366699</ele>
				<time>2016-02-07T04:03:56Z</time>
			</trkpt>
			<trkpt lat="19.268072" lon="98.504074">
				<ele>764.334229</ele>
				<time>2016-02-07T04:03:57Z</time>
			</trkpt>
			<trkpt lat="19.268023" lon="98.504200">
				<ele>764.728027</ele>
				<time>2016-02-07T04:03:58Z</time>
			</trkpt>
			<trkpt lat="19.267948" lon="98.504268">
				<ele>765.875977</ele>
				<time>2016-02-07T04:03:59Z</time>
			</trkpt>
			<trkpt lat="19.267852" lon="98.504318">
				<ele>767.181396</ele>
				<time>2016-02-07T04:04:00Z</time>
			</trkpt>
			<trkpt lat="19.267769" lon="98.504375">
				<ele>767.376465</ele>
				<time>2016-02-07T04:04:01Z</time>
			</trkpt>
			<trkpt lat="19.267652" lon="98.504376">
				<ele>768.655273</ele>
				<time>2016-02-07T04:04:02Z</time>
			</trkpt>
			<trkpt lat="19.267545" lon="98.504403">
				<ele>769.066650</ele>
				<time>2016-02-07T04:04:03Z</time>
			</trkpt>
			<trkpt lat="19.267431" lon="98.504412">
				<ele>770.326904</ele>
				<time>2016-02-07T04:04:04Z</time>
			</trkpt>
			<trkpt lat="19.267355" lon="98.504414">
				<ele>771.011841</ele>
				<time>2016-02-07T04:04:05Z</time>
			</trkpt>
			<trkpt lat="19.267273" lon="98.504366">
				<ele>771.761963</ele>
				<time>2016-02-07T04:04:06Z</time>
			</trkpt>
			<trkpt lat="19.267195" lon="98.504364">
				<ele>772.890137</ele>
				<time>2016-02-07T04:04:07Z</time>
			</trkpt>
			<trkpt lat="19.267171" lon="98.504374">
				<ele>769.995483</ele>
				<time>2016-02-07T04:04:08Z</time>
			</trkpt>
			<trkpt lat="19.267157" lon="98.504408">
				<ele>771.313599</ele>
				<time>2016-02-07T04:04:09Z</time>
			</trkpt>
			<trkpt lat="19.267133" lon="98.504509">
				<ele>772.220825</ele>
				<time>2016-02-07T04:04:10Z</time>
			</trkpt>
			<trkpt lat="19.267118" lon="98.504596">
				<ele>772.247070</ele>
				<time>2016-02-07T04:04:11Z</time>
			</trkpt>
			<trkpt lat="19.267078" lon="98.504681">
				<ele>774.191162</ele>
				<time>2016-02-07T04:04:12Z</time>
			</trkpt>
			<trkpt lat="19.266993" lon="98.504735">
				<ele>777.663452</ele>
				<time>2016-02-07T04:04:13Z</time>
			</trkpt>
			<trkpt lat="19.266897" lon="98.504779">
				<ele>779.628418</ele>
				<time>2016-02-07T04:04:14Z</time>
			</trkpt>
			<trkpt lat="19.266806" lon="98.504825">
				<ele>780.030762</ele>
				<time>2016-02-07T04:04:15Z</time>
			</trkpt>
			<trkpt lat="19.266673" lon="98.504852">
				<ele>785.937500</ele>
				<time>2016-02-07T04:04:16Z</time>
			</trkpt>
			<trkpt lat="19.266573" lon="98.504869">
				<ele>783.522217</ele>
				<time>2016-02-07T04:04:17Z</time>
			</trkpt>
			<trkpt lat="19.266496" lon="98.504946">
				<ele>784.365723</ele>
				<time>2016-02-07T04:04:18Z</time>
			</trkpt>
			<trkpt lat="19.266404" lon="98.504990">
				<ele>784.717773</ele>
				<time>2016-02-07T04:04:19Z</time>
			</trkpt>
			<trkpt lat="19.266395" lon="98.505192">
				<ele>786.133911</ele>
				<time>2016-02-07T04:04:20Z</time>
			</trkpt>
			<trkpt lat="19.266334" lon="98.505292">
				<ele>786.654297</ele>
				<time>2016-02-07T04:04:21Z</time>
			</trkpt>
			<trkpt lat="19.266290" lon="98.505409">
				<ele>787.893311</ele>
				<time>2016-02-07T04:04:22Z</time>
			</trkpt>
			<trkpt lat="19.266234" lon="98.505492">
				<ele>788.683350</ele>
				<time>2016-02-07T04:04:23Z</time>
			</trkpt>
			<trkpt lat="19.266185" lon="98.505583">
				<ele>788.716309</ele>
				<time>2016-02-07T04:04:24Z</time>
			</trkpt>
			<trkpt lat="19.266108" lon="98.505612">
				<ele>790.250244</ele>
				<time>2016-02-07T04:04:25Z</time>
			</trkpt>
			<trkpt lat="19.266032" lon="98.505667">
				<ele>790.519775</ele>
				<time>2016-02-07T04:04:26Z</time>
			</trkpt>
			<trkpt lat="19.265902" lon="98.505645">
				<ele>791.174316</ele>
				<time>2016-02-07T04:04:27Z</time>
			</trkpt>
			<trkpt lat="19.265799" lon="98.505636">
				<ele>791.494507</ele>
				<time>2016-02-07T04:04:28Z</time>
			</trkpt>
			<trkpt lat="19.265689" lon="98.505600">
				<ele>792.778320</ele>
				<time>2016-02-07T04:04:29Z</time>
			</trkpt>
			<trkpt lat="19.265594" lon="98.505574">
				<ele>792.702759</ele>
				<time>2016-02-07T04:04:30Z</time>
			</trkpt>
			<trkpt lat="19.265484" lon="98.505574">
				<ele>793.506104</ele>
				<time>2016-02-07T04:04:31Z</time>
			</trkpt>
			<trkpt lat="19.265416" lon="98.505613">
				<ele>794.838867</ele>
				<time>2016-02-07T04:04:32Z</time>
			</trkpt>
			<trkpt lat="19.265352" lon="98.505680">
				<ele>796.621338</ele>
				<time>2016-02-07T04:04:33Z</time>
			</trkpt>
			<trkpt lat="19.265288" lon="98.505755">
				<ele>797.945557</ele>
				<time>2016-02-07T04:04:34Z</time>
			</trkpt>
			<trkpt lat="19.265306" lon="98.505791">
				<ele>798.239746</ele>
				<time>2016-02-07T04:04:35Z</time>
			</trkpt>
			<trkpt lat="19.265316" lon="98.505834">
				<ele>797.237061</ele>
				<time>2016-02-07T04:04:36Z</time>
			</trkpt>
			<trkpt lat="19.265393" lon="98.505992">
				<ele>797.855713</ele>
				<time>2016-02-07T04:04:37Z</time>
			</trkpt>
			<trkpt lat="19.265400" lon="98.506156">
				<ele>799.562256</ele>
				<time>2016-02-07T04:04:38Z</time>
			</trkpt>
			<trkpt lat="19.265360" lon="98.506290">
				<ele>801.904541</ele>
				<time>2016-02-07T04:04:39Z</time>
			</trkpt>
			<trkpt lat="19.265288" lon="98.506397">
				<ele>805.466431</ele>
				<time>2016-02-07T04:04:40Z</time>
			</trkpt>
			<trkpt lat="19.265213" lon="98.506469">
				<ele>808.314087</ele>
				<time>2016-02-07T04:04:41Z</time>
			</trkpt>
			<trkpt lat="19.265153" lon="98.506579">
				<ele>812.734253</ele>
				<time>2016-02-07T04:04:42Z</time>
			</trkpt>
			<trkpt lat="19.265082" lon="98.506681">
				<ele>813.783447</ele>
				<time>2016-02-07T04:04:43Z</time>
			</trkpt>
			<trkpt lat="19.265088" lon="98.506801">
				<ele>816.718750</ele>
				<time>2016-02-07T04:04:44Z</time>
			</trkpt>
			<trkpt lat="19.265079" lon="98.506940">
				<ele>818.772461</ele>
				<time>2016-02-07T04:04:45Z</time>
			</trkpt>
			<trkpt lat="19.265053" lon="98.507059">
				<ele>819.142578</ele>
				<time>2016-02-07T04:04:46Z</time>
			</trkpt>
			<trkpt lat="19.265012" lon="98.507103">
				<ele>820.042236</ele>
				<time>2016-02-07T04:04:47Z</time>
			</trkpt>
			<trkpt lat="19.264950" lon="98.507175">
				<ele>820.258301</ele>
				<time>2016-02-07T04:04:48Z</time>
			</trkpt>
			<trkpt lat="19.264856" lon="98.507234">
				<ele>820.747681</ele>
				<time>2016-02-07T04:04:49Z</time>
			</trkpt>
			<trkpt lat="19.264780" lon="98.507281">
				<ele>823.218872</ele>
				<time>2016-02-07T04:04:50Z</time>
			</trkpt>
			<trkpt lat="19.264697" lon="98.507306">
				<ele>825.175781</ele>
				<time>2016-02-07T04:04:51Z</time>
			</trkpt>
			<trkpt lat="19.264629" lon="98.507340">
				<ele>825.664307</ele>
				<time>2016-02-07T04:04:52Z</time>
			</trkpt>
			<trkpt lat="19.264630" lon="98.507427">
				<ele>827.336670</ele>
				<time>2016-02-07T04:04:53Z</time>
			</trkpt>
			<trkpt lat="19.264630" lon="98.507495">
				<ele>828.074951</ele>
				<time>2016-02-07T04:04:54Z</time>
			</trkpt>
			<trkpt lat="19.264631" lon="98.507541">
				<ele>827.203613</ele>
				<time>2016-02-07T04:04:55Z</time>
			</trkpt>
			<trkpt lat="19.264646" lon="98.507581">
				<ele>828.014893</ele>
				<time>2016-02-07T04:04:56Z</time>
			</trkpt>
			<trkpt lat="19.264698" lon="98.507620">
				<ele>827.400269</ele>
				<time>2016-02-07T04:04:57Z</time>
			</trkpt>
			<trkpt lat="19.264887" lon="98.507689">
				<ele>828.035156</ele>
				<time>2016-02-07T04:04:58Z</time>
			</trkpt>
			<trkpt lat="19.264978" lon="98.507741">
				<ele>828.840332</ele>
				<time>2016-02-07T04:04:59Z</time>
			</trkpt>
			<trkpt lat="19.265110" lon="98.507857">
				<ele>830.855957</ele>
				<time>2016-02-07T04:05:00Z</time>
			</trkpt>
			<trkpt lat="19.265160" lon="98.507970">
				<ele>834.743286</ele>
				<time>2016-02-07T04:05:01Z</time>
			</trkpt>
			<trkpt lat="19.265212" lon="98.508081">
				<ele>835.426758</ele>
				<time>2016-02-07T04:05:02Z</time>
			</trkpt>
			<trkpt lat="19.265225" lon="98.508170">
				<ele>835.704102</ele>
				<time>2016-02-07T04:05:03Z</time>
			</trkpt>
			<trkpt lat="19.265265" lon="98.508296">
				<ele>836.805176</ele>
				<time>2016-02-07T04:05:04Z</time>
			</trkpt>
			<trkpt lat="19.265287" lon="98.508408">
				<ele>836.316162</ele>
				<time>2016-02-07T04:05:05Z</time>
			</trkpt>
			<trkpt lat="19.265210" lon="98.508523">
				<ele>837.646484</ele>
				<time>2016-02-07T04:05:06Z</time>
			</trkpt>
			<trkpt lat="19.265134" lon="98.508637">
				<ele>837.844360</ele>
				<time>2016-02-07T04:05:07Z</time>
			</trkpt>
			<trkpt lat="19.265051" lon="98.508689">
				<ele>837.145020</ele>
				<time>2016-02-07T04:05:08Z</time>
			</trkpt>
			<trkpt lat="19.264988" lon="98.508790">
				<ele>837.273682</ele>
				<time>2016-02-07T04:05:09Z</time>
			</trkpt>
			<trkpt lat="19.264935" lon="98.508831">
				<ele>840.765381</ele>
				<time>2016-02-07T04:05:10Z</time>
			</trkpt>
			<trkpt lat="19.264800" lon="98.508846">
				<ele>838.758789</ele>
				<time>2016-02-07T04:05:11Z</time>
			</trkpt>
			<trkpt lat="19.264722" lon="98.508915">
				<ele>838.901245</ele>
				<time>2016-02-07T04:05:12Z</time>
			</trkpt>
			<trkpt lat="19.264590" lon="98.508980">
				<ele>837.522705</ele>
				<time>2016-02-07T04:05:13Z</time>
			</trkpt>
			<trkpt lat="19.264519" lon="98.508914">
				<ele>838.477905</ele>
				<time>2016-02-07T04:05:14Z</time>
			</trkpt>
			<trkpt lat="19.264491" lon="98.508946">
				<ele>839.530029</ele>
				<time>2016-02-07T04:05:15Z</time>
			</trkpt>
			<trkpt lat="19.264425" lon="98.508995">
				<ele>839.764893</ele>
				<time>2016-02-07T04:05:16Z</time>
			</trkpt>
			<trkpt lat="19.264474" lon="98.509028">
				<ele>839.739136</ele>
				<time>2016-02-07T04:05:17Z</time>
			</trkpt>
			<trkpt lat="19.264602" lon="98.509131">
				<ele>839.530273</ele>
				<time>2016-02-07T04:05:18Z</time>
			</trkpt>
			<trkpt lat="19.264628" lon="98.509196">
				<ele>839.405884</ele>
				<time>2016-02-07T04:05:19Z</time>
			</trkpt>
			<trkpt lat="19.264771" lon="98.509195">
				<ele>840.767090</ele>
				<time>2016-02-07T04:05:20Z</time>
			</trkpt>
			<trkpt lat="19.264872" lon="98.509187">
				<ele>842.780029</ele>
				<time>2016-02-07T04:05:21Z</time>
			</trkpt>
			<trkpt lat="19.264960" lon="98.509216">
				<ele>843.983887</ele>
				<time>2016-02-07T04:05:22Z</time>
			</trkpt>
			<trkpt lat="19.265070" lon="98.509267">
				<ele>844.962402</ele>
				<time>2016-02-07T04:05:23Z</time>
			</trkpt>
			<trkpt lat="19.265109" lon="98.509322">
				<ele>845.607666</ele>
				<time>2016-02-07T04:05:24Z</time>
			</trkpt>
			<trkpt lat="19.265204" lon="98.509456">
				<ele>846.724365</ele>
				<time>2016-02-07T04:05:25Z</time>
			</trkpt>
			<trkpt lat="19.265292" lon="98.509565">
				<ele>848.374268</ele>
				<time>2016-02-07T04:05:26Z</time>
			</trkpt>
			<trkpt lat="19.265300" lon="98.509735">
				<ele>848.865723</ele>
				<time>2016-02-07T04:05:27Z</time>
			</trkpt>
			<trkpt lat="19.265306" lon="98.509873">
				<ele>848.714844</ele>
				<time>2016-02-07T04:05:28Z</time>
			</trkpt>
			<trkpt lat="19.265346" lon="98.510032">
				<ele>848.600342</ele>
				<time>2016-02-07T04:05:29Z</time>
			</trkpt>
			<trkpt lat="19.265370" lon="98.510186">
				<ele>848.264648</ele>
				<time>2016-02-07T04:05:30Z</time>
			</trkpt>
			<trkpt lat="19.265397" lon="98.510360">
				<ele>850.301514</ele>
				<time>2016-02-07T04:05:31Z</time>
			</trkpt>
			<trkpt lat="19.265444" lon="98.510550">
				<ele>851.573975</ele>
				<time>2016-02-07T04:05:32Z</time>
			</trkpt>
			<trkpt lat="19.265499" lon="98.510743">
				<ele>850.657227</ele>
				<time>2016-02-07T04:05:33Z</time>
			</trkpt>
			<trkpt lat="19.265561" lon="98.510935">
				<ele>851.155029</ele>
				<time>2016-02-07T04:05:34Z</time>
			</trkpt>
			<trkpt lat="19.265631" lon="98.511131">
				<ele>851.181152</ele>
				<time>2016-02-07T04:05:35Z</time>
			</trkpt>
			<trkpt lat="19.265696" lon="98.511325">
				<ele>851.442139</ele>
				<time>2016-02-07T04:05:36Z</time>
			</trkpt>
			<trkpt lat="19.265758" lon="98.511518">
				<ele>851.272949</ele>
				<time>2016-02-07T04:05:37Z</time>
			</trkpt>
			<trkpt lat="19.265823" lon="98.511700">
				<ele>851.163818</ele>
				<time>2016-02-07T04:05:38Z</time>
			</trkpt>
			<trkpt lat="19.265872" lon="98.511871">
				<ele>852.510010</ele>
				<time>2016-02-07T04:05:39Z</time>
			</trkpt>
			<trkpt lat="19.265925" lon="98.512038">
				<ele>855.298096</ele>
				<time>2016-02-07T04:05:40Z</time>
			</trkpt>
			<trkpt lat="19.265939" lon="98.512199">
				<ele>855.359863</ele>
				<time>2016-02-07T04:05:41Z</time>
			</trkpt>
			<trkpt lat="19.265982" lon="98.512371">
				<ele>856.193237</ele>
				<time>2016-02-07T04:05:42Z</time>
			</trkpt>
			<trkpt lat="19.265955" lon="98.512508">
				<ele>856.850098</ele>
				<time>2016-02-07T04:05:43Z</time>
			</trkpt>
			<trkpt lat="19.265973" lon="98.512655">
				<ele>857.230225</ele>
				<time>2016-02-07T04:05:44Z</time>
			</trkpt>
			<trkpt lat="19.265950" lon="98.512801">
				<ele>859.236694</ele>
				<time>2016-02-07T04:05:45Z</time>
			</trkpt>
			<trkpt lat="19.265885" lon="98.512920">
				<ele>861.535400</ele>
				<time>2016-02-07T04:05:46Z</time>
			</trkpt>
			<trkpt lat="19.265819" lon="98.513030">
				<ele>863.832275</ele>
				<time>2016-02-07T04:05:47Z</time>
			</trkpt>
			<trkpt lat="19.265741" lon="98.513163">
				<ele>864.743408</ele>
				<time>2016-02-07T04:05:48Z</time>
			</trkpt>
			<trkpt lat="19.265602" lon="98.513251">
				<ele>866.218872</ele>
				<time>2016-02-07T04:05:49Z</time>
			</trkpt>
			<trkpt lat="19.265489" lon="98.513329">
				<ele>869.943604</ele>
				<time>2016-02-07T04:05:50Z</time>
			</trkpt>
			<trkpt lat="19.265389" lon="98.513412">
				<ele>872.602295</ele>
				<time>2016-02-07T04:05:51Z</time>
			</trkpt>
			<trkpt lat="19.265285" lon="98.513480">
				<ele>872.416016</ele>
				<time>2016-02-07T04:05:52Z</time>
			</trkpt>
			<trkpt lat="19.265175" lon="98.513535">
				<ele>872.288330</ele>
				<time>2016-02-07T04:05:53Z</time>
			</trkpt>
			<trkpt lat="19.265197" lon="98.513584">
				<ele>872.940308</ele>
				<time>2016-02-07T04:05:54Z</time>
			</trkpt>
			<trkpt lat="19.265250" lon="98.513620">
				<ele>875.798340</ele>
				<time>2016-02-07T04:05:55Z</time>
			</trkpt>
			<trkpt lat="19.265250" lon="98.513641">
				<ele>875.236816</ele>
				<time>2016-02-07T04:05:56Z</time>
			</trkpt>
			<trkpt lat="19.265301" lon="98.513655">
				<ele>875.390869</ele>
				<time>2016-02-07T04:05:57Z</time>
			</trkpt>
			<trkpt lat="19.265372" lon="98.513634">
				<ele>876.041992</ele>
				<time>2016-02-07T04:05:58Z</time>
			</trkpt>
			<trkpt lat="19.265434" lon="98.513583">
				<ele>876.458374</ele>
				<time>2016-02-07T04:05:59Z</time>
			</trkpt>
			<trkpt lat="19.265539" lon="98.513481">
				<ele>876.894775</ele>
				<time>2016-02-07T04:06:00Z</time>
			</trkpt>
			<trkpt lat="19.265598" lon="98.513436">
				<ele>877.447266</ele>
				<time>2016-02-07T04:06:01Z</time>
			</trkpt>
			<trkpt lat="19.265670" lon="98.513397">
				<ele>876.961304</ele>
				<time>2016-02-07T04:06:02Z</time>
			</trkpt>
			<trkpt lat="19.265761" lon="98.513361">
				<ele>876.965942</ele>
				<time>2016-02-07T04:06:03Z</time>
			</trkpt>
			<trkpt lat="19.265833" lon="98.513364">
				<ele>876.787598</ele>
				<time>2016-02-07T04:06:04Z</time>
			</trkpt>
			<trkpt lat="19.265883" lon="98.513425">
				<ele>878.815063</ele>
				<time>2016-02-07T04:06:05Z</time>
			</trkpt>
			<trkpt lat="19.265929" lon="98.513505">
				<ele>879.799805</ele>
				<time>2016-02-07T04:06:06Z</time>
			</trkpt>
			<trkpt lat="19.265978" lon="98.513632">
				<ele>881.728882</ele>
				<time>2016-02-07T04:06:07Z</time>
			</trkpt>
			<trkpt lat="19.265975" lon="98.513792">
				<ele>883.839355</ele>
				<time>2016-02-07T04:06:08Z</time>
			</trkpt>
			<trkpt lat="19.265975" lon="98.513929">
				<ele>884.412109</ele>
				<time>2016-02-07T04:06:09Z</time>
			</trkpt>
			<trkpt lat="19.265953" lon="98.514066">
				<ele>886.870361</ele>
				<time>2016-02-07T04:06:10Z</time>
			</trkpt>
			<trkpt lat="19.265925" lon="98.514198">
				<ele>888.248535</ele>
				<time>2016-02-07T04:06:11Z</time>
			</trkpt>
			<trkpt lat="19.265892" lon="98.514325">
				<ele>890.360107</ele>
				<time>2016-02-07T04:06:12Z</time>
			</trkpt>
			<trkpt lat="19.265880" lon="98.514449">
				<ele>890.899536</ele>
				<time>2016-02-07T04:06:13Z</time>
			</trkpt>
			<trkpt lat="19.265885" lon="98.514569">
				<ele>891.331787</ele>
				<time>2016-02-07T04:06:14Z</time>
			</trkpt>
			<trkpt lat="19.265867" lon="98.514687">
				<ele>892.047852</ele>
				<time>2016-02-07T04:06:15Z</time>
			</trkpt>
			<trkpt lat="19.265872" lon="98.514827">
				<ele>892.445679</ele>
				<time>2016-02-07T04:06:16Z</time>
			</trkpt>
			<trkpt lat="19.265922" lon="98.514959">
				<ele>892.316650</ele>
				<time>2016-02-07T04:06:17Z</time>
			</trkpt>
			<trkpt lat="19.265958" lon="98.515091">
				<ele>892.328247</ele>
				<time>2016-02-07T04:06:18Z</time>
			</trkpt>
			<trkpt lat="19.266036" lon="98.515222">
				<ele>893.895996</ele>
				<time>2016-02-07T04:06:19Z</time>
			</trkpt>
			<trkpt lat="19.266107" lon="98.515327">
				<ele>895.646729</ele>
				<time>2016-02-07T04:06:20Z</time>
			</trkpt>
			<trkpt lat="19.266180" lon="98.515433">
				<ele>897.704346</ele>
				<time>2016-02-07T04:06:21Z</time>
			</trkpt>
			<trkpt lat="19.266273" lon="98.515531">
				<ele>899.646729</ele>
				<time>2016-02-07T04:06:22Z</time>
			</trkpt>
			<trkpt lat="19.266350" lon="98.515642">
				<ele>900.014160</ele>
				<time>2016-02-07T04:06:23Z</time>
			</trkpt>
			<trkpt lat="19.266408" lon="98.515755">
				<ele>900.427734</ele>
				<time>2016-02-07T04:06:24Z</time>
			</trkpt>
			<trkpt lat="19.266440" lon="98.515849">
				<ele>901.197754</ele>
				<time>2016-02-07T04:06:25Z</time>
			</trkpt>
			<trkpt lat="19.266488" lon="98.515968">
				<ele>902.198975</ele>
				<time>2016-02-07T04:06:26Z</time>
			</trkpt>
			<trkpt lat="19.266527" lon="98.516107">
				<ele>902.951904</ele>
				<time>2016-02-07T04:06:27Z</time>
			</trkpt>
			<trkpt lat="19.266514" lon="98.516252">
				<ele>903.168457</ele>
				<time>2016-02-07T04:06:28Z</time>
			</trkpt>
			<trkpt lat="19.266488" lon="98.516401">
				<ele>904.497314</ele>
				<time>2016-02-07T04:06:29Z</time>
			</trkpt>
			<trkpt lat="19.266480" lon="98.516547">
				<ele>904.956299</ele>
				<time>2016-02-07T04:06:30Z</time>
			</trkpt>
			<trkpt lat="19.266450" lon="98.516691">
				<ele>907.460449</ele>
				<time>2016-02-07T04:06:31Z</time>
			</trkpt>
			<trkpt lat="19.266422" lon="98.516833">
				<ele>910.682007</ele>
				<time>2016-02-07T04:06:32Z</time>
			</trkpt>
			<trkpt lat="19.266419" lon="98.516969">
				<ele>911.263672</ele>
				<time>2016-02-07T04:06:33Z</time>
			</trkpt>
			<trkpt lat="19.266381" lon="98.517102">
				<ele>912.702759</ele>
				<time>2016-02-07T04:06:34Z</time>
			</trkpt>
			<trkpt lat="19.266354" lon="98.517219">
				<ele>914.063232</ele>
				<time>2016-02-07T04:06:35Z</time>
			</trkpt>
			<trkpt lat="19.266320" lon="98.517330">
				<ele>916.423096</ele>
				<time>2016-02-07T04:06:36Z</time>
			</trkpt>
			<trkpt lat="19.266276" lon="98.517452">
				<ele>917.121582</ele>
				<time>2016-02-07T04:06:37Z</time>
			</trkpt>
			<trkpt lat="19.266196" lon="98.517542">
				<ele>920.972900</ele>
				<time>2016-02-07T04:06:38Z</time>
			</trkpt>
			<trkpt lat="19.266072" lon="98.517569">
				<ele>922.442871</ele>
				<time>2016-02-07T04:06:39Z</time>
			</trkpt>
			<trkpt lat="19.265932" lon="98.517540">
				<ele>923.823730</ele>
				<time>2016-02-07T04:06:40Z</time>
			</trkpt>
			<trkpt lat="19.265845" lon="98.517551">
				<ele>925.920898</ele>
				<time>2016-02-07T04:06:41Z</time>
			</trkpt>
			<trkpt lat="19.265767" lon="98.517548">
				<ele>929.253906</ele>
				<time>2016-02-07T04:06:42Z</time>
			</trkpt>
			<trkpt lat="19.265718" lon="98.517544">
				<ele>930.921143</ele>
				<time>2016-02-07T04:06:43Z</time>
			</trkpt>
			<trkpt lat="19.265663" lon="98.517589">
				<ele>932.019043</ele>
				<time>2016-02-07T04:06:44Z</time>
			</trkpt>
			<trkpt lat="19.265629" lon="98.517631">
				<ele>932.769287</ele>
				<time>2016-02-07T04:06:45Z</time>
			</trkpt>
			<trkpt lat="19.265609" lon="98.517664">
				<ele>933.729492</ele>
				<time>2016-02-07T04:06:46Z</time>
			</trkpt>
			<trkpt lat="19.265626" lon="98.517702">
				<ele>934.997559</ele>
				<time>2016-02-07T04:06:47Z</time>
			</trkpt>
			<trkpt lat="19.265717" lon="98.517769">
				<ele>937.019409</ele>
				<time>2016-02-07T04:06:48Z</time>
			</trkpt>
			<trkpt lat="19.265816" lon="98.517838">
				<ele>936.665039</ele>
				<time>2016-02-07T04:06:49Z</time>
			</trkpt>
			<trkpt lat="19.265930" lon="98.517929">
				<ele>938.973389</ele>
				<time>2016-02-07T04:06:50Z</time>
			</trkpt>
			<trkpt lat="19.265975" lon="98.518000">
				<ele>940.415527</ele>
				<time>2016-02-07T04:06:51Z</time>
			</trkpt>
			<trkpt lat="19.266033" lon="98.518080">
				<ele>941.514648</ele>
				<time>2016-02-07T04:06:52Z</time>
			</trkpt>
			<trkpt lat="19.266041" lon="98.518182">
				<ele>942.555908</ele>
				<time>2016-02-07T04:06:53Z</time>
			</trkpt>
			<trkpt lat="19.266078" lon="98.518281">
				<ele>942.422363</ele>
				<time>2016-02-07T04:06:54Z</time>
			</trkpt>
			<trkpt lat="19.266119" lon="98.518404">
				<ele>943.012085</ele>
				<time>2016-02-07T04:06:55Z</time>
			</trkpt>
			<trkpt lat="19.266087" lon="98.518479">
				<ele>944.121826</ele>
				<time>2016-02-07T04:06:56Z</time>
			</trkpt>
			<trkpt lat="19.266058" lon="98.518558">
				<ele>944.359863</ele>
				<time>2016-02-07T04:06:57Z</time>
			</trkpt>
			<trkpt lat="19.265972" lon="98.518629">
				<ele>944.807739</ele>
				<time>2016-02-07T04:06:58Z</time>
			</trkpt>
			<trkpt lat="19.265913" lon="98.518726">
				<ele>947.148682</ele>
				<time>2016-02-07T04:06:59Z</time>
			</trkpt>
			<trkpt lat="19.265911" lon="98.518809">
				<ele>947.588989</ele>
				<time>2016-02-07T04:07:00Z</time>
			</trkpt>
			<trkpt lat="19.265889" lon="98.518908">
				<ele>949.280518</ele>
				<time>2016-02-07T04:07:01Z</time>
			</trkpt>
			<trkpt lat="19.265911" lon="98.518979">
				<ele>952.464600</ele>
				<time>2016-02-07T04:07:02Z</time>
			</trkpt>
			<trkpt lat="19.265947" lon="98.518997">
				<ele>953.220703</ele>
				<time>2016-02-07T04:07:03Z</time>
			</trkpt>
			<trkpt lat="19.265939" lon="98.518986">
				<ele>953.181152</ele>
				<time>2016-02-07T04:07:04Z</time>
			</trkpt>
			<trkpt lat="19.266143" lon="98.518861">
				<ele>953.335205</ele>
				<time>2016-02-07T04:07:05Z</time>
			</trkpt>
			<trkpt lat="19.266252" lon="98.518815">
				<ele>954.029785</ele>
				<time>2016-02-07T04:07:06Z</time>
			</trkpt>
			<trkpt lat="19.266320" lon="98.518782">
				<ele>953.843018</ele>
				<time>2016-02-07T04:07:07Z</time>
			</trkpt>
			<trkpt lat="19.266407" lon="98.518759">
				<ele>952.857910</ele>
				<time>2016-02-07T04:07:08Z</time>
			</trkpt>
			<trkpt lat="19.266486" lon="98.518775">
				<ele>952.550293</ele>
				<time>2016-02-07T04:07:09Z</time>
			</trkpt>
			<trkpt lat="19.266567" lon="98.518781">
				<ele>953.273560</ele>
				<time>2016-02-07T04:07:10Z</time>
			</trkpt>
			<trkpt lat="19.266636" lon="98.518839">
				<ele>953.814697</ele>
				<time>2016-02-07T04:07:11Z</time>
			</trkpt>
			<trkpt lat="19.266754" lon="98.518897">
				<ele>953.385010</ele>
				<time>2016-02-07T04:07:11Z</time>
			</trkpt>
			<trkpt lat="19.266811" lon="98.518951">
				<ele>956.238037</ele>
				<time>2016-02-07T04:07:12Z</time>
			</trkpt>
			<trkpt lat="19.266931" lon="98.519053">
				<ele>955.648193</ele>
				<time>2016-02-07T04:07:13Z</time>
			</trkpt>
			<trkpt lat="19.267031" lon="98.519135">
				<ele>957.035156</ele>
				<time>2016-02-07T04:07:14Z</time>
			</trkpt>
			<trkpt lat="19.267108" lon="98.519215">
				<ele>958.356445</ele>
				<time>2016-02-07T04:07:15Z</time>
			</trkpt>
			<trkpt lat="19.267190" lon="98.519304">
				<ele>958.900146</ele>
				<time>2016-02-07T04:07:16Z</time>
			</trkpt>
			<trkpt lat="19.267269" lon="98.519383">
				<ele>959.103149</ele>
				<time>2016-02-07T04:07:17Z</time>
			</trkpt>
			<trkpt lat="19.267352" lon="98.519477">
				<ele>960.904053</ele>
				<time>2016-02-07T04:07:18Z</time>
			</trkpt>
			<trkpt lat="19.267394" lon="98.519558">
				<ele>961.004883</ele>
				<time>2016-02-07T04:07:19Z</time>
			</trkpt>
			<trkpt lat="19.267463" lon="98.519610">
				<ele>961.209229</ele>
				<time>2016-02-07T04:07:21Z</time>
			</trkpt>
			<trkpt lat="19.267497" lon="98.519657">
				<ele>962.661865</ele>
				<time>2016-02-07T04:07:22Z</time>
			</trkpt>
			<trkpt lat="19.267520" lon="98.519715">
				<ele>964.112549</ele>
				<time>2016-02-07T04:07:23Z</time>
			</trkpt>
			<trkpt lat="19.267547" lon="98.519769">
				<ele>966.735596</ele>
				<time>2016-02-07T04:07:24Z</time>
			</trkpt>
			<trkpt lat="19.267555" lon="98.519810">
				<ele>967.741089</ele>
				<time>2016-02-07T04:07:25Z</time>
			</trkpt>
			<trkpt lat="19.267484" lon="98.519832">
				<ele>971.380737</ele>
				<time>2016-02-07T04:07:26Z</time>
			</trkpt>
			<trkpt lat="19.267449" lon="98.519865">
				<ele>970.595459</ele>
				<time>2016-02-07T04:07:27Z</time>
			</trkpt>
			<trkpt lat="19.267383" lon="98.519892">
				<ele>973.283936</ele>
				<time>2016-02-07T04:07:28Z</time>
			</trkpt>
			<trkpt lat="19.267309" lon="98.519879">
				<ele>974.869873</ele>
				<time>2016-02-07T04:07:29Z</time>
			</trkpt>
			<trkpt lat="19.267176" lon="98.519716">
				<ele>978.155640</ele>
				<time>2016-02-07T04:07:30Z</time>
			</trkpt>
			<trkpt lat="19.267104" lon="98.519593">
				<ele>981.165283</ele>
				<time>2016-02-07T04:07:31Z</time>
			</trkpt>
			<trkpt lat="19.267028" lon="98.519488">
				<ele>983.447510</ele>
				<time>2016-02-07T04:07:32Z</time>
			</trkpt>
			<trkpt lat="19.266956" lon="98.519382">
				<ele>985.866699</ele>
				<time>2016-02-07T04:07:33Z</time>
			</trkpt>
			<trkpt lat="19.266868" lon="98.519323">
				<ele>985.728638</ele>
				<time>2016-02-07T04:07:34Z</time>
			</trkpt>
			<trkpt lat="19.266788" lon="98.519266">
				<ele>987.629883</ele>
				<time>2016-02-07T04:07:35Z</time>
			</trkpt>
			<trkpt lat="19.266708" lon="98.519235">
				<ele>989.922363</ele>
				<time>2016-02-07T04:07:36Z</time>
			</trkpt>
			<trkpt lat="19.266625" lon="98.519212">
				<ele>990.567383</ele>
				<time>2016-02-07T04:07:37Z</time>
			</trkpt>
			<trkpt lat="19.266551" lon="98.519229">
				<ele>991.578003</ele>
				<time>2016-02-07T04:07:38Z</time>
			</trkpt>
			<trkpt lat="19.266482" lon="98.519276">
				<ele>991.425049</ele>
				<time>2016-02-07T04:07:39Z</time>
			</trkpt>
			<trkpt lat="19.266423" lon="98.519351">
				<ele>989.104492</ele>
				<time>2016-02-07T04:07:40Z</time>
			</trkpt>
			<trkpt lat="19.266387" lon="98.519420">
				<ele>989.994629</ele>
				<time>2016-02-07T04:07:41Z</time>
			</trkpt>
			<trkpt lat="19.266360" lon="98.519551">
				<ele>989.779053</ele>
				<time>2016-02-07T04:07:42Z</time>
			</trkpt>
			<trkpt lat="19.266330" lon="98.519659">
				<ele>990.241699</ele>
				<time>2016-02-07T04:07:43Z</time>
			</trkpt>
			<trkpt lat="19.266377" lon="98.519764">
				<ele>989.576660</ele>
				<time>2016-02-07T04:07:44Z</time>
			</trkpt>
			<trkpt lat="19.266420" lon="98.519847">
				<ele>989.768677</ele>
				<time>2016-02-07T04:07:45Z</time>
			</trkpt>
			<trkpt lat="19.266472" lon="98.519917">
				<ele>989.496582</ele>
				<time>2016-02-07T04:07:46Z</time>
			</trkpt>
			<trkpt lat="19.266527" lon="98.520023">
				<ele>990.603271</ele>
				<time>2016-02-07T04:07:47Z</time>
			</trkpt>
			<trkpt lat="19.266587" lon="98.520094">
				<ele>990.719971</ele>
				<time>2016-02-07T04:07:48Z</time>
			</trkpt>
			<trkpt lat="19.266677" lon="98.520136">
				<ele>990.531006</ele>
				<time>2016-02-07T04:07:49Z</time>
			</trkpt>
			<trkpt lat="19.266829" lon="98.520115">
				<ele>991.183105</ele>
				<time>2016-02-07T04:07:50Z</time>
			</trkpt>
			<trkpt lat="19.267004" lon="98.520205">
				<ele>991.956299</ele>
				<time>2016-02-07T04:07:51Z</time>
			</trkpt>
			<trkpt lat="19.267140" lon="98.520294">
				<ele>992.431885</ele>
				<time>2016-02-07T04:07:52Z</time>
			</trkpt>
			<trkpt lat="19.267238" lon="98.520373">
				<ele>992.468018</ele>
				<time>2016-02-07T04:07:53Z</time>
			</trkpt>
			<trkpt lat="19.267306" lon="98.520442">
				<ele>994.675415</ele>
				<time>2016-02-07T04:07:54Z</time>
			</trkpt>
			<trkpt lat="19.267350" lon="98.520562">
				<ele>994.560303</ele>
				<time>2016-02-07T04:07:55Z</time>
			</trkpt>
			<trkpt lat="19.267391" lon="98.520673">
				<ele>994.756104</ele>
				<time>2016-02-07T04:07:56Z</time>
			</trkpt>
			<trkpt lat="19.267406" lon="98.520784">
				<ele>995.412842</ele>
				<time>2016-02-07T04:07:57Z</time>
			</trkpt>
			<trkpt lat="19.267387" lon="98.520871">
				<ele>998.457031</ele>
				<time>2016-02-07T04:07:58Z</time>
			</trkpt>
			<trkpt lat="19.267424" lon="98.520965">
				<ele>999.234619</ele>
				<time>2016-02-07T04:07:59Z</time>
			</trkpt>
			<trkpt lat="19.267458" lon="98.521055">
				<ele>1000.596191</ele>
				<time>2016-02-07T04:08:00Z</time>
			</trkpt>
			<trkpt lat="19.267530" lon="98.521154">
				<ele>1001.458740</ele>
				<time>2016-02-07T04:08:01Z</time>
			</trkpt>
			<trkpt lat="19.267633" lon="98.521238">
				<ele>1003.032715</ele>
				<time>2016-02-07T04:08:02Z</time>
			</trkpt>
			<trkpt lat="19.267714" lon="98.521324">
				<ele>1003.571045</ele>
				<time>2016-02-07T04:08:03Z</time>
			</trkpt>
			<trkpt lat="19.267793" lon="98.521390">
				<ele>1002.355225</ele>
				<time>2016-02-07T04:08:04Z</time>
			</trkpt>
			<trkpt lat="19.267891" lon="98.521422">
				<ele>1004.454102</ele>
				<time>2016-02-07T04:08:05Z</time>
			</trkpt>
			<trkpt lat="19.267959" lon="98.521421">
				<ele>1004.209229</ele>
				<time>2016-02-07T04:08:06Z</time>
			</trkpt>
			<trkpt lat="19.268091" lon="98.521408">
				<ele>1003.933594</ele>
				<time>2016-02-07T04:08:07Z</time>
			</trkpt>
			<trkpt lat="19.268200" lon="98.521347">
				<ele>1004.513550</ele>
				<time>2016-02-07T04:08:08Z</time>
			</trkpt>
			<trkpt lat="19.268298" lon="98.521330">
				<ele>1005.283569</ele>
				<time>2016-02-07T04:08:09Z</time>
			</trkpt>
			<trkpt lat="19.268400" lon="98.521335">
				<ele>1005.559082</ele>
				<time>2016-02-07T04:08:10Z</time>
			</trkpt>
			<trkpt lat="19.268499" lon="98.521355">
				<ele>1006.313599</ele>
				<time>2016-02-07T04:08:11Z</time>
			</trkpt>
			<trkpt lat="19.268587" lon="98.521418">
				<ele>1006.975464</ele>
				<time>2016-02-07T04:08:12Z</time>
			</trkpt>
			<trkpt lat="19.268626" lon="98.521508">
				<ele>1008.542480</ele>
				<time>2016-02-07T04:08:13Z</time>
			</trkpt>
			<trkpt lat="19.268679" lon="98.521596">
				<ele>1012.939331</ele>
				<time>2016-02-07T04:08:14Z</time>
			</trkpt>
			<trkpt lat="19.268737" lon="98.521698">
				<ele>1013.857666</ele>
				<time>2016-02-07T04:08:15Z</time>
			</trkpt>
			<trkpt lat="19.268801" lon="98.521796">
				<ele>1014.624146</ele>
				<time>2016-02-07T04:08:16Z</time>
			</trkpt>
			<trkpt lat="19.268870" lon="98.521859">
				<ele>1017.644531</ele>
				<time>2016-02-07T04:08:17Z</time>
			</trkpt>
			<trkpt lat="19.268941" lon="98.521915">
				<ele>1017.180908</ele>
				<time>2016-02-07T04:08:18Z</time>
			</trkpt>
			<trkpt lat="19.269001" lon="98.521964">
				<ele>1019.843994</ele>
				<time>2016-02-07T04:08:19Z</time>
			</trkpt>
			<trkpt lat="19.269074" lon="98.522042">
				<ele>1020.039185</ele>
				<time>2016-02-07T04:08:20Z</time>
			</trkpt>
			<trkpt lat="19.269145" lon="98.522126">
				<ele>1021.459473</ele>
				<time>2016-02-07T04:08:21Z</time>
			</trkpt>
			<trkpt lat="19.269150" lon="98.522200">
				<ele>1022.096191</ele>
				<time>2016-02-07T04:08:22Z</time>
			</trkpt>
			<trkpt lat="19.269167" lon="98.522285">
				<ele>1021.803223</ele>
				<time>2016-02-07T04:08:23Z</time>
			</trkpt>
			<trkpt lat="19.269177" lon="98.522375">
				<ele>1024.701416</ele>
				<time>2016-02-07T04:08:24Z</time>
			</trkpt>
			<trkpt lat="19.269098" lon="98.522480">
				<ele>1025.034180</ele>
				<time>2016-02-07T04:08:25Z</time>
			</trkpt>
			<trkpt lat="19.269046" lon="98.522559">
				<ele>1026.929932</ele>
				<time>2016-02-07T04:08:26Z</time>
			</trkpt>
			<trkpt lat="19.268981" lon="98.522647">
				<ele>1028.626465</ele>
				<time>2016-02-07T04:08:27Z</time>
			</trkpt>
			<trkpt lat="19.268897" lon="98.522739">
				<ele>1029.838135</ele>
				<time>2016-02-07T04:08:28Z</time>
			</trkpt>
			<trkpt lat="19.268798" lon="98.522796">
				<ele>1031.821777</ele>
				<time>2016-02-07T04:08:29Z</time>
			</trkpt>
			<trkpt lat="19.268703" lon="98.522840">
				<ele>1035.520386</ele>
				<time>2016-02-07T04:08:30Z</time>
			</trkpt>
			<trkpt lat="19.268611" lon="98.522885">
				<ele>1036.738403</ele>
				<time>2016-02-07T04:08:31Z</time>
			</trkpt>
			<trkpt lat="19.268554" lon="98.522934">
				<ele>1039.855103</ele>
				<time>2016-02-07T04:08:32Z</time>
			</trkpt>
			<trkpt lat="19.268498" lon="98.522993">
				<ele>1039.499390</ele>
				<time>2016-02-07T04:08:33Z</time>
			</trkpt>
			<trkpt lat="19.268461" lon="98.523079">
				<ele>1040.270508</ele>
				<time>2016-02-07T04:08:34Z</time>
			</trkpt>
			<trkpt lat="19.268446" lon="98.523167">
				<ele>1040.700928</ele>
				<time>2016-02-07T04:08:35Z</time>
			</trkpt>
			<trkpt lat="19.268447" lon="98.523263">
				<ele>1041.118164</ele>
				<time>2016-02-07T04:08:36Z</time>
			</trkpt>
			<trkpt lat="19.268460" lon="98.523341">
				<ele>1041.391602</ele>
				<time>2016-02-07T04:08:37Z</time>
			</trkpt>
			<trkpt lat="19.268479" lon="98.523461">
				<ele>1041.945068</ele>
				<time>2016-02-07T04:08:38Z</time>
			</trkpt>
			<trkpt lat="19.268502" lon="98.523593">
				<ele>1042.588135</ele>
				<time>2016-02-07T04:08:39Z</time>
			</trkpt>
			<trkpt lat="19.268619" lon="98.523764">
				<ele>1042.999512</ele>
				<time>2016-02-07T04:08:40Z</time>
			</trkpt>
			<trkpt lat="19.268699" lon="98.523922">
				<ele>1043.555176</ele>
				<time>2016-02-07T04:08:41Z</time>
			</trkpt>
			<trkpt lat="19.268758" lon="98.524067">
				<ele>1043.085205</ele>
				<time>2016-02-07T04:08:42Z</time>
			</trkpt>
			<trkpt lat="19.268828" lon="98.524200">
				<ele>1043.467041</ele>
				<time>2016-02-07T04:08:43Z</time>
			</trkpt>
			<trkpt lat="19.268911" lon="98.524298">
				<ele>1043.401855</ele>
				<time>2016-02-07T04:08:44Z</time>
			</trkpt>
			<trkpt lat="19.268995" lon="98.524378">
				<ele>1042.779785</ele>
				<time>2016-02-07T04:08:45Z</time>
			</trkpt>
			<trkpt lat="19.269091" lon="98.524419">
				<ele>1043.504883</ele>
				<time>2016-02-07T04:08:46Z</time>
			</trkpt>
			<trkpt lat="19.269188" lon="98.524448">
				<ele>1044.207031</ele>
				<time>2016-02-07T04:08:47Z</time>
			</trkpt>
			<trkpt lat="19.269258" lon="98.524488">
				<ele>1046.424561</ele>
				<time>2016-02-07T04:08:48Z</time>
			</trkpt>
			<trkpt lat="19.269320" lon="98.524557">
				<ele>1048.027100</ele>
				<time>2016-02-07T04:08:49Z</time>
			</trkpt>
			<trkpt lat="19.269374" lon="98.524614">
				<ele>1048.702515</ele>
				<time>2016-02-07T04:08:50Z</time>
			</trkpt>
			<trkpt lat="19.269399" lon="98.524683">
				<ele>1048.591187</ele>
				<time>2016-02-07T04:08:51Z</time>
			</trkpt>
			<trkpt lat="19.269392" lon="98.524759">
				<ele>1051.596680</ele>
				<time>2016-02-07T04:08:52Z</time>
			</trkpt>
			<trkpt lat="19.269336" lon="98.524835">
				<ele>1051.963867</ele>
				<time>2016-02-07T04:08:53Z</time>
			</trkpt>
			<trkpt lat="19.269141" lon="98.524937">
				<ele>1054.094727</ele>
				<time>2016-02-07T04:08:54Z</time>
			</trkpt>
			<trkpt lat="19.269032" lon="98.525040">
				<ele>1057.296143</ele>
				<time>2016-02-07T04:08:55Z</time>
			</trkpt>
			<trkpt lat="19.268975" lon="98.525131">
				<ele>1058.948242</ele>
				<time>2016-02-07T04:08:56Z</time>
			</trkpt>
			<trkpt lat="19.268930" lon="98.525236">
				<ele>1059.654053</ele>
				<time>2016-02-07T04:08:57Z</time>
			</trkpt>
			<trkpt lat="19.268913" lon="98.525340">
				<ele>1060.179199</ele>
				<time>2016-02-07T04:08:58Z</time>
			</trkpt>
			<trkpt lat="19.268933" lon="98.525398">
				<ele>1060.221924</ele>
				<time>2016-02-07T04:08:59Z</time>
			</trkpt>
			<trkpt lat="19.268962" lon="98.525469">
				<ele>1061.014526</ele>
				<time>2016-02-07T04:09:00Z</time>
			</trkpt>
			<trkpt lat="19.269041" lon="98.525580">
				<ele>1061.210571</ele>
				<time>2016-02-07T04:09:01Z</time>
			</trkpt>
			<trkpt lat="19.269068" lon="98.525683">
				<ele>1061.918335</ele>
				<time>2016-02-07T04:09:02Z</time>
			</trkpt>
			<trkpt lat="19.269050" lon="98.525799">
				<ele>1063.147583</ele>
				<time>2016-02-07T04:09:03Z</time>
			</trkpt>
			<trkpt lat="19.269038" lon="98.525909">
				<ele>1063.688477</ele>
				<time>2016-02-07T04:09:04Z</time>
			</trkpt>
			<trkpt lat="19.269035" lon="98.526017">
				<ele>1064.205200</ele>
				<time>2016-02-07T04:09:05Z</time>
			</trkpt>
			<trkpt lat="19.269148" lon="98.526077">
				<ele>1059.759766</ele>
				<time>2016-02-07T04:09:06Z</time>
			</trkpt>
			<trkpt lat="19.269228" lon="98.526151">
				<ele>1063.332886</ele>
				<time>2016-02-07T04:09:07Z</time>
			</trkpt>
			<trkpt lat="19.269311" lon="98.526212">
				<ele>1065.083984</ele>
				<time>2016-02-07T04:09:08Z</time>
			</trkpt>
			<trkpt lat="19.269418" lon="98.526288">
				<ele>1066.013184</ele>
				<time>2016-02-07T04:09:09Z</time>
			</trkpt>
			<trkpt lat="19.269518" lon="98.526379">
				<ele>1067.867676</ele>
				<time>2016-02-07T04:09:10Z</time>
			</trkpt>
			<trkpt lat="19.269612" lon="98.526458">
				<ele>1068.087280</ele>
				<time>2016-02-07T04:09:11Z</time>
			</trkpt>
			<trkpt lat="19.269704" lon="98.526497">
				<ele>1067.871338</ele>
				<time>2016-02-07T04:09:12Z</time>
			</trkpt>
			<trkpt lat="19.269814" lon="98.526538">
				<ele>1069.194702</ele>
				<time>2016-02-07T04:09:13Z</time>
			</trkpt>
			<trkpt lat="19.269921" lon="98.526579">
				<ele>1070.108765</ele>
				<time>2016-02-07T04:09:14Z</time>
			</trkpt>
			<trkpt lat="19.270025" lon="98.526609">
				<ele>1070.265381</ele>
				<time>2016-02-07T04:09:15Z</time>
			</trkpt>
			<trkpt lat="19.270099" lon="98.526656">
				<ele>1070.713867</ele>
				<time>2016-02-07T04:09:16Z</time>
			</trkpt>
			<trkpt lat="19.270080" lon="98.526704">
				<ele>1075.630737</ele>
				<time>2016-02-07T04:09:17Z</time>
			</trkpt>
			<trkpt lat="19.270149" lon="98.526789">
				<ele>1075.770020</ele>
				<time>2016-02-07T04:09:18Z</time>
			</trkpt>
			<trkpt lat="19.270200" lon="98.526858">
				<ele>1075.971558</ele>
				<time>2016-02-07T04:09:19Z</time>
			</trkpt>
			<trkpt lat="19.270180" lon="98.526909">
				<ele>1078.530640</ele>
				<time>2016-02-07T04:09:20Z</time>
			</trkpt>
			<trkpt lat="19.270052" lon="98.527053">
				<ele>1078.736816</ele>
				<time>2016-02-07T04:09:21Z</time>
			</trkpt>
			<trkpt lat="19.269977" lon="98.527167">
				<ele>1078.017212</ele>
				<time>2016-02-07T04:09:22Z</time>
			</trkpt>
			<trkpt lat="19.269959" lon="98.527240">
				<ele>1080.246826</ele>
				<time>2016-02-07T04:09:23Z</time>
			</trkpt>
			<trkpt lat="19.269937" lon="98.527323">
				<ele>1080.300171</ele>
				<time>2016-02-07T04:09:24Z</time>
			</trkpt>
			<trkpt lat="19.269894" lon="98.527440">
				<ele>1081.607300</ele>
				<time>2016-02-07T04:09:25Z</time>
			</trkpt>
			<trkpt lat="19.269819" lon="98.527533">
				<ele>1083.650513</ele>
				<time>2016-02-07T04:09:26Z</time>
			</trkpt>
			<trkpt lat="19.269726" lon="98.527611">
				<ele>1086.760986</ele>
				<time>2016-02-07T04:09:27Z</time>
			</trkpt>
			<trkpt lat="19.269612" lon="98.527690">
				<ele>1088.585449</ele>
				<time>2016-02-07T04:09:28Z</time>
			</trkpt>
			<trkpt lat="19.269521" lon="98.527766">
				<ele>1088.885254</ele>
				<time>2016-02-07T04:09:29Z</time>
			</trkpt>
			<trkpt lat="19.269407" lon="98.527839">
				<ele>1088.083740</ele>
				<time>2016-02-07T04:09:30Z</time>
			</trkpt>
			<trkpt lat="19.269305" lon="98.527945">
				<ele>1085.907593</ele>
				<time>2016-02-07T04:09:31Z</time>
			</trkpt>
			<trkpt lat="19.269256" lon="98.528071">
				<ele>1087.322632</ele>
				<time>2016-02-07T04:09:32Z</time>
			</trkpt>
			<trkpt lat="19.269211" lon="98.528187">
				<ele>1086.416870</ele>
				<time>2016-02-07T04:09:33Z</time>
			</trkpt>
			<trkpt lat="19.269141" lon="98.528311">
				<ele>1086.818481</ele>
				<time>2016-02-07T04:09:34Z</time>
			</trkpt>
			<trkpt lat="19.269087" lon="98.528466">
				<ele>1087.121582</ele>
				<time>2016-02-07T04:09:35Z</time>
			</trkpt>
			<trkpt lat="19.269026" lon="98.528606">
				<ele>1087.265991</ele>
				<time>2016-02-07T04:09:36Z</time>
			</trkpt>
			<trkpt lat="19.268952" lon="98.528745">
				<ele>1089.572144</ele>
				<time>2016-02-07T04:09:37Z</time>
			</trkpt>
			<trkpt lat="19.268882" lon="98.528850">
				<ele>1090.836182</ele>
				<time>2016-02-07T04:09:38Z</time>
			</trkpt>
			<trkpt lat="19.268799" lon="98.528970">
				<ele>1093.001221</ele>
				<time>2016-02-07T04:09:39Z</time>
			</trkpt>
			<trkpt lat="19.268701" lon="98.529106">
				<ele>1092.917236</ele>
				<time>2016-02-07T04:09:40Z</time>
			</trkpt>
			<trkpt lat="19.268622" lon="98.529230">
				<ele>1093.659668</ele>
				<time>2016-02-07T04:09:41Z</time>
			</trkpt>
			<trkpt lat="19.268565" lon="98.529352">
				<ele>1093.585815</ele>
				<time>2016-02-07T04:09:42Z</time>
			</trkpt>
			<trkpt lat="19.268511" lon="98.529475">
				<ele>1094.527832</ele>
				<time>2016-02-07T04:09:43Z</time>
			</trkpt>
			<trkpt lat="19.268456" lon="98.529595">
				<ele>1094.010010</ele>
				<time>2016-02-07T04:09:44Z</time>
			</trkpt>
			<trkpt lat="19.268423" lon="98.529715">
				<ele>1093.910278</ele>
				<time>2016-02-07T04:09:45Z</time>
			</trkpt>
			<trkpt lat="19.268420" lon="98.529871">
				<ele>1093.188110</ele>
				<time>2016-02-07T04:09:46Z</time>
			</trkpt>
			<trkpt lat="19.268408" lon="98.530001">
				<ele>1092.250732</ele>
				<time>2016-02-07T04:09:47Z</time>
			</trkpt>
			<trkpt lat="19.268395" lon="98.530115">
				<ele>1091.849243</ele>
				<time>2016-02-07T04:09:48Z</time>
			</trkpt>
			<trkpt lat="19.268389" lon="98.530232">
				<ele>1092.647461</ele>
				<time>2016-02-07T04:09:49Z</time>
			</trkpt>
			<trkpt lat="19.268382" lon="98.530325">
				<ele>1094.007568</ele>
				<time>2016-02-07T04:09:50Z</time>
			</trkpt>
			<trkpt lat="19.268375" lon="98.530416">
				<ele>1093.455933</ele>
				<time>2016-02-07T04:09:51Z</time>
			</trkpt>
			<trkpt lat="19.268390" lon="98.530518">
				<ele>1094.035645</ele>
				<time>2016-02-07T04:09:52Z</time>
			</trkpt>
			<trkpt lat="19.268421" lon="98.530624">
				<ele>1094.051636</ele>
				<time>2016-02-07T04:09:53Z</time>
			</trkpt>
			<trkpt lat="19.268447" lon="98.530736">
				<ele>1093.877319</ele>
				<time>2016-02-07T04:09:54Z</time>
			</trkpt>
			<trkpt lat="19.268488" lon="98.530851">
				<ele>1093.605469</ele>
				<time>2016-02-07T04:09:55Z</time>
			</trkpt>
			<trkpt lat="19.268547" lon="98.530968">
				<ele>1094.431641</ele>
				<time>2016-02-07T04:09:56Z</time>
			</trkpt>
			<trkpt lat="19.268613" lon="98.531076">
				<ele>1094.658325</ele>
				<time>2016-02-07T04:09:57Z</time>
			</trkpt>
			<trkpt lat="19.268686" lon="98.531186">
				<ele>1095.337769</ele>
				<time>2016-02-07T04:09:58Z</time>
			</trkpt>
			<trkpt lat="19.268722" lon="98.531292">
				<ele>1095.108398</ele>
				<time>2016-02-07T04:09:59Z</time>
			</trkpt>
			<trkpt lat="19.268739" lon="98.531393">
				<ele>1096.328979</ele>
				<time>2016-02-07T04:10:00Z</time>
			</trkpt>
			<trkpt lat="19.268768" lon="98.531491">
				<ele>1097.488403</ele>
				<time>2016-02-07T04:10:01Z</time>
			</trkpt>
			<trkpt lat="19.268820" lon="98.531591">
				<ele>1097.375732</ele>
				<time>2016-02-07T04:10:02Z</time>
			</trkpt>
			<trkpt lat="19.268880" lon="98.531681">
				<ele>1097.340088</ele>
				<time>2016-02-07T04:10:03Z</time>
			</trkpt>
			<trkpt lat="19.268941" lon="98.531757">
				<ele>1098.432007</ele>
				<time>2016-02-07T04:10:04Z</time>
			</trkpt>
			<trkpt lat="19.268986" lon="98.531829">
				<ele>1097.696899</ele>
				<time>2016-02-07T04:10:05Z</time>
			</trkpt>
			<trkpt lat="19.269031" lon="98.531909">
				<ele>1097.380249</ele>
				<time>2016-02-07T04:10:06Z</time>
			</trkpt>
			<trkpt lat="19.269081" lon="98.531991">
				<ele>1097.709961</ele>
				<time>2016-02-07T04:10:07Z</time>
			</trkpt>
			<trkpt lat="19.269123" lon="98.532064">
				<ele>1097.207642</ele>
				<time>2016-02-07T04:10:08Z</time>
			</trkpt>
			<trkpt lat="19.269151" lon="98.532139">
				<ele>1096.910278</ele>
				<time>2016-02-07T04:10:09Z</time>
			</trkpt>
			<trkpt lat="19.269198" lon="98.532203">
				<ele>1097.258301</ele>
				<time>2016-02-07T04:10:10Z</time>
			</trkpt>
			<trkpt lat="19.269242" lon="98.532252">
				<ele>1097.264282</ele>
				<time>2016-02-07T04:10:11Z</time>
			</trkpt>
			<trkpt lat="19.269294" lon="98.532287">
				<ele>1098.378052</ele>
				<time>2016-02-07T04:10:12Z</time>
			</trkpt>
			<trkpt lat="19.269342" lon="98.532301">
				<ele>1098.534424</ele>
				<time>2016-02-07T04:10:13Z</time>
			</trkpt>
			<trkpt lat="19.269394" lon="98.532314">
				<ele>1098.738525</ele>
				<time>2016-02-07T04:10:14Z</time>
			</trkpt>
			<trkpt lat="19.269418" lon="98.532305">
				<ele>1100.832153</ele>
				<time>2016-02-07T04:10:15Z</time>
			</trkpt>
			<trkpt lat="19.269460" lon="98.532303">
				<ele>1101.432861</ele>
				<time>2016-02-07T04:10:16Z</time>
			</trkpt>
			<trkpt lat="19.269514" lon="98.532298">
				<ele>1099.710693</ele>
				<time>2016-02-07T04:10:17Z</time>
			</trkpt>
			<trkpt lat="19.269584" lon="98.532306">
				<ele>1099.769897</ele>
				<time>2016-02-07T04:10:18Z</time>
			</trkpt>
			<trkpt lat="19.269664" lon="98.532318">
				<ele>1100.792847</ele>
				<time>2016-02-07T04:10:19Z</time>
			</trkpt>
			<trkpt lat="19.269739" lon="98.532342">
				<ele>1101.691284</ele>
				<time>2016-02-07T04:10:20Z</time>
			</trkpt>
			<trkpt lat="19.269817" lon="98.532381">
				<ele>1101.330566</ele>
				<time>2016-02-07T04:10:21Z</time>
			</trkpt>
			<trkpt lat="19.269883" lon="98.532431">
				<ele>1101.767456</ele>
				<time>2016-02-07T04:10:22Z</time>
			</trkpt>
			<trkpt lat="19.269947" lon="98.532491">
				<ele>1103.111206</ele>
				<time>2016-02-07T04:10:23Z</time>
			</trkpt>
			<trkpt lat="19.270024" lon="98.532567">
				<ele>1103.966797</ele>
				<time>2016-02-07T04:10:24Z</time>
			</trkpt>
			<trkpt lat="19.270103" lon="98.532648">
				<ele>1104.719360</ele>
				<time>2016-02-07T04:10:25Z</time>
			</trkpt>
			<trkpt lat="19.270171" lon="98.532736">
				<ele>1104.610962</ele>
				<time>2016-02-07T04:10:26Z</time>
			</trkpt>
			<trkpt lat="19.270218" lon="98.532849">
				<ele>1105.603882</ele>
				<time>2016-02-07T04:10:27Z</time>
			</trkpt>
			<trkpt lat="19.270263" lon="98.532968">
				<ele>1105.722412</ele>
				<time>2016-02-07T04:10:28Z</time>
			</trkpt>
			<trkpt lat="19.270280" lon="98.533095">
				<ele>1106.555420</ele>
				<time>2016-02-07T04:10:29Z</time>
			</trkpt>
			<trkpt lat="19.270287" lon="98.533230">
				<ele>1106.451050</ele>
				<time>2016-02-07T04:10:30Z</time>
			</trkpt>
			<trkpt lat="19.270290" lon="98.533373">
				<ele>1106.414429</ele>
				<time>2016-02-07T04:10:31Z</time>
			</trkpt>
			<trkpt lat="19.270298" lon="98.533521">
				<ele>1106.083252</ele>
				<time>2016-02-07T04:10:32Z</time>
			</trkpt>
			<trkpt lat="19.270285" lon="98.533657">
				<ele>1107.247070</ele>
				<time>2016-02-07T04:10:33Z</time>
			</trkpt>
			<trkpt lat="19.270262" lon="98.533802">
				<ele>1107.690063</ele>
				<time>2016-02-07T04:10:34Z</time>
			</trkpt>
			<trkpt lat="19.270237" lon="98.533936">
				<ele>1106.879761</ele>
				<time>2016-02-07T04:10:35Z</time>
			</trkpt>
			<trkpt lat="19.270215" lon="98.534059">
				<ele>1106.683350</ele>
				<time>2016-02-07T04:10:36Z</time>
			</trkpt>
			<trkpt lat="19.270193" lon="98.534176">
				<ele>1106.937988</ele>
				<time>2016-02-07T04:10:37Z</time>
			</trkpt>
			<trkpt lat="19.270210" lon="98.534311">
				<ele>1106.834473</ele>
				<time>2016-02-07T04:10:38Z</time>
			</trkpt>
			<trkpt lat="19.270201" lon="98.534448">
				<ele>1107.534546</ele>
				<time>2016-02-07T04:10:39Z</time>
			</trkpt>
			<trkpt lat="19.270230" lon="98.534526">
				<ele>1108.592896</ele>
				<time>2016-02-07T04:10:40Z</time>
			</trkpt>
			<trkpt lat="19.270231" lon="98.534593">
				<ele>1109.705078</ele>
				<time>2016-02-07T04:10:41Z</time>
			</trkpt>
			<trkpt lat="19.270409" lon="98.534609">
				<ele>1112.682251</ele>
				<time>2016-02-07T04:10:42Z</time>
			</trkpt>
			<trkpt lat="19.270499" lon="98.534677">
				<ele>1113.372437</ele>
				<time>2016-02-07T04:10:43Z</time>
			</trkpt>
			<trkpt lat="19.270563" lon="98.534761">
				<ele>1113.247681</ele>
				<time>2016-02-07T04:10:44Z</time>
			</trkpt>
			<trkpt lat="19.270613" lon="98.534835">
				<ele>1118.466187</ele>
				<time>2016-02-07T04:10:45Z</time>
			</trkpt>
			<trkpt lat="19.270629" lon="98.534944">
				<ele>1120.857056</ele>
				<time>2016-02-07T04:10:46Z</time>
			</trkpt>
			<trkpt lat="19.270661" lon="98.535044">
				<ele>1120.729858</ele>
				<time>2016-02-07T04:10:47Z</time>
			</trkpt>
			<trkpt lat="19.270629" lon="98.535133">
				<ele>1121.678589</ele>
				<time>2016-02-07T04:10:48Z</time>
			</trkpt>
			<trkpt lat="19.270599" lon="98.535223">
				<ele>1120.541992</ele>
				<time>2016-02-07T04:10:49Z</time>
			</trkpt>
			<trkpt lat="19.270541" lon="98.535320">
				<ele>1120.641724</ele>
				<time>2016-02-07T04:10:50Z</time>
			</trkpt>
			<trkpt lat="19.270534" lon="98.535414">
				<ele>1115.888672</ele>
				<time>2016-02-07T04:10:51Z</time>
			</trkpt>
			<trkpt lat="19.270491" lon="98.535492">
				<ele>1116.129028</ele>
				<time>2016-02-07T04:10:52Z</time>
			</trkpt>
			<trkpt lat="19.270450" lon="98.535610">
				<ele>1116.636597</ele>
				<time>2016-02-07T04:10:53Z</time>
			</trkpt>
			<trkpt lat="19.270434" lon="98.535747">
				<ele>1117.267578</ele>
				<time>2016-02-07T04:10:54Z</time>
			</trkpt>
			<trkpt lat="19.270456" lon="98.535907">
				<ele>1115.823975</ele>
				<time>2016-02-07T04:10:55Z</time>
			</trkpt>
			<trkpt lat="19.270494" lon="98.536039">
				<ele>1115.819336</ele>
				<time>2016-02-07T04:10:56Z</time>
			</trkpt>
			<trkpt lat="19.270515" lon="98.536179">
				<ele>1118.591309</ele>
				<time>2016-02-07T04:10:57Z</time>
			</trkpt>
			<trkpt lat="19.270542" lon="98.536285">
				<ele>1119.551758</ele>
				<time>2016-02-07T04:10:58Z</time>
			</trkpt>
			<trkpt lat="19.270597" lon="98.536374">
				<ele>1118.809692</ele>
				<time>2016-02-07T04:10:59Z</time>
			</trkpt>
			<trkpt lat="19.270620" lon="98.536448">
				<ele>1118.333618</ele>
				<time>2016-02-07T04:11:00Z</time>
			</trkpt>
			<trkpt lat="19.270625" lon="98.536529">
				<ele>1117.633179</ele>
				<time>2016-02-07T04:11:01Z</time>
			</trkpt>
			<trkpt lat="19.270594" lon="98.536629">
				<ele>1117.170654</ele>
				<time>2016-02-07T04:11:02Z</time>
			</trkpt>
			<trkpt lat="19.270566" lon="98.536721">
				<ele>1118.074097</ele>
				<time>2016-02-07T04:11:03Z</time>
			</trkpt>
			<trkpt lat="19.270518" lon="98.536791">
				<ele>1119.426392</ele>
				<time>2016-02-07T04:11:04Z</time>
			</trkpt>
			<trkpt lat="19.270407" lon="98.536882">
				<ele>1118.276001</ele>
				<time>2016-02-07T04:11:05Z</time>
			</trkpt>
			<trkpt lat="19.270319" lon="98.536992">
				<ele>1114.740356</ele>
				<time>2016-02-07T04:11:06Z</time>
			</trkpt>
			<trkpt lat="19.270204" lon="98.537092">
				<ele>1117.648071</ele>
				<time>2016-02-07T04:11:07Z</time>
			</trkpt>
			<trkpt lat="19.270110" lon="98.537198">
				<ele>1117.682129</ele>
				<time>2016-02-07T04:11:08Z</time>
			</trkpt>
			<trkpt lat="19.270045" lon="98.537306">
				<ele>1114.834351</ele>
				<time>2016-02-07T04:11:09Z</time>
			</trkpt>
			<trkpt lat="19.269991" lon="98.537432">
				<ele>1113.398193</ele>
				<time>2016-02-07T04:11:10Z</time>
			</trkpt>
			<trkpt lat="19.269935" lon="98.537560">
				<ele>1114.158447</ele>
				<time>2016-02-07T04:11:11Z</time>
			</trkpt>
			<trkpt lat="19.269919" lon="98.537711">
				<ele>1115.219849</ele>
				<time>2016-02-07T04:11:12Z</time>
			</trkpt>
			<trkpt lat="19.269911" lon="98.537856">
				<ele>1118.089111</ele>
				<time>2016-02-07T04:11:13Z</time>
			</trkpt>
			<trkpt lat="19.269889" lon="98.538006">
				<ele>1116.954590</ele>
				<time>2016-02-07T04:11:14Z</time>
			</trkpt>
			<trkpt lat="19.269867" lon="98.538149">
				<ele>1118.246216</ele>
				<time>2016-02-07T04:11:15Z</time>
			</trkpt>
			<trkpt lat="19.269836" lon="98.538289">
				<ele>1116.941162</ele>
				<time>2016-02-07T04:11:16Z</time>
			</trkpt>
			<trkpt lat="19.269814" lon="98.538438">
				<ele>1116.881470</ele>
				<time>2016-02-07T04:11:17Z</time>
			</trkpt>
			<trkpt lat="19.269793" lon="98.538594">
				<ele>1117.214600</ele>
				<time>2016-02-07T04:11:18Z</time>
			</trkpt>
			<trkpt lat="19.269769" lon="98.538737">
				<ele>1117.192749</ele>
				<time>2016-02-07T04:11:19Z</time>
			</trkpt>
			<trkpt lat="19.269783" lon="98.538853">
				<ele>1116.995117</ele>
				<time>2016-02-07T04:11:20Z</time>
			</trkpt>
			<trkpt lat="19.269796" lon="98.538974">
				<ele>1116.497070</ele>
				<time>2016-02-07T04:11:21Z</time>
			</trkpt>
			<trkpt lat="19.269833" lon="98.539099">
				<ele>1115.385254</ele>
				<time>2016-02-07T04:11:22Z</time>
			</trkpt>
			<trkpt lat="19.269878" lon="98.539208">
				<ele>1116.205444</ele>
				<time>2016-02-07T04:11:23Z</time>
			</trkpt>
			<trkpt lat="19.269936" lon="98.539309">
				<ele>1116.397705</ele>
				<time>2016-02-07T04:11:24Z</time>
			</trkpt>
			<trkpt lat="19.270006" lon="98.539389">
				<ele>1120.954590</ele>
				<time>2016-02-07T04:11:25Z</time>
			</trkpt>
			<trkpt lat="19.270073" lon="98.539478">
				<ele>1122.337402</ele>
				<time>2016-02-07T04:11:26Z</time>
			</trkpt>
			<trkpt lat="19.270130" lon="98.539569">
				<ele>1122.999512</ele>
				<time>2016-02-07T04:11:27Z</time>
			</trkpt>
			<trkpt lat="19.270187" lon="98.539654">
				<ele>1122.737427</ele>
				<time>2016-02-07T04:11:28Z</time>
			</trkpt>
			<trkpt lat="19.270222" lon="98.539733">
				<ele>1122.000366</ele>
				<time>2016-02-07T04:11:29Z</time>
			</trkpt>
			<trkpt lat="19.270263" lon="98.539816">
				<ele>1122.846069</ele>
				<time>2016-02-07T04:11:30Z</time>
			</trkpt>
			<trkpt lat="19.270268" lon="98.539912">
				<ele>1121.567261</ele>
				<time>2016-02-07T04:11:31Z</time>
			</trkpt>
			<trkpt lat="19.270277" lon="98.540000">
				<ele>1121.440674</ele>
				<time>2016-02-07T04:11:32Z</time>
			</trkpt>
			<trkpt lat="19.270289" lon="98.540106">
				<ele>1122.480347</ele>
				<time>2016-02-07T04:11:33Z</time>
			</trkpt>
			<trkpt lat="19.270293" lon="98.540198">
				<ele>1122.375122</ele>
				<time>2016-02-07T04:11:34Z</time>
			</trkpt>
			<trkpt lat="19.270293" lon="98.540315">
				<ele>1122.870605</ele>
				<time>2016-02-07T04:11:35Z</time>
			</trkpt>
			<trkpt lat="19.270257" lon="98.540429">
				<ele>1124.674683</ele>
				<time>2016-02-07T04:11:36Z</time>
			</trkpt>
			<trkpt lat="19.270240" lon="98.540540">
				<ele>1124.397583</ele>
				<time>2016-02-07T04:11:37Z</time>
			</trkpt>
			<trkpt lat="19.270242" lon="98.540636">
				<ele>1124.437500</ele>
				<time>2016-02-07T04:11:38Z</time>
			</trkpt>
			<trkpt lat="19.270235" lon="98.540734">
				<ele>1124.127686</ele>
				<time>2016-02-07T04:11:39Z</time>
			</trkpt>
			<trkpt lat="19.270247" lon="98.540806">
				<ele>1123.007080</ele>
				<time>2016-02-07T04:11:40Z</time>
			</trkpt>
			<trkpt lat="19.270277" lon="98.540849">
				<ele>1122.327026</ele>
				<time>2016-02-07T04:11:41Z</time>
			</trkpt>
			<trkpt lat="19.270315" lon="98.540898">
				<ele>1122.117676</ele>
				<time>2016-02-07T04:11:42Z</time>
			</trkpt>
			<trkpt lat="19.270400" lon="98.540907">
				<ele>1118.998901</ele>
				<time>2016-02-07T04:11:43Z</time>
			</trkpt>
			<trkpt lat="19.270471" lon="98.540900">
				<ele>1119.430176</ele>
				<time>2016-02-07T04:11:44Z</time>
			</trkpt>
			<trkpt lat="19.270528" lon="98.540878">
				<ele>1120.390259</ele>
				<time>2016-02-07T04:11:45Z</time>
			</trkpt>
			<trkpt lat="19.270594" lon="98.540832">
				<ele>1119.624878</ele>
				<time>2016-02-07T04:11:46Z</time>
			</trkpt>
			<trkpt lat="19.270675" lon="98.540790">
				<ele>1119.577515</ele>
				<time>2016-02-07T04:11:47Z</time>
			</trkpt>
			<trkpt lat="19.270739" lon="98.540780">
				<ele>1119.635376</ele>
				<time>2016-02-07T04:11:48Z</time>
			</trkpt>
			<trkpt lat="19.270810" lon="98.540767">
				<ele>1117.119263</ele>
				<time>2016-02-07T04:11:49Z</time>
			</trkpt>
			<trkpt lat="19.270859" lon="98.540770">
				<ele>1116.274170</ele>
				<time>2016-02-07T04:11:50Z</time>
			</trkpt>
			<trkpt lat="19.270918" lon="98.540802">
				<ele>1116.927612</ele>
				<time>2016-02-07T04:11:51Z</time>
			</trkpt>
			<trkpt lat="19.270997" lon="98.540856">
				<ele>1116.759521</ele>
				<time>2016-02-07T04:11:52Z</time>
			</trkpt>
			<trkpt lat="19.271070" lon="98.540936">
				<ele>1116.763428</ele>
				<time>2016-02-07T04:11:53Z</time>
			</trkpt>
			<trkpt lat="19.271151" lon="98.541012">
				<ele>1116.809448</ele>
				<time>2016-02-07T04:11:54Z</time>
			</trkpt>
			<trkpt lat="19.271232" lon="98.541076">
				<ele>1115.987793</ele>
				<time>2016-02-07T04:11:55Z</time>
			</trkpt>
			<trkpt lat="19.271319" lon="98.541123">
				<ele>1114.349121</ele>
				<time>2016-02-07T04:11:56Z</time>
			</trkpt>
			<trkpt lat="19.271395" lon="98.541186">
				<ele>1115.665405</ele>
				<time>2016-02-07T04:11:57Z</time>
			</trkpt>
			<trkpt lat="19.271481" lon="98.541245">
				<ele>1116.296021</ele>
				<time>2016-02-07T04:11:58Z</time>
			</trkpt>
			<trkpt lat="19.271531" lon="98.541311">
				<ele>1117.859497</ele>
				<time>2016-02-07T04:11:59Z</time>
			</trkpt>
			<trkpt lat="19.271598" lon="98.541397">
				<ele>1118.354614</ele>
				<time>2016-02-07T04:12:00Z</time>
			</trkpt>
			<trkpt lat="19.271666" lon="98.541478">
				<ele>1118.429443</ele>
				<time>2016-02-07T04:12:01Z</time>
			</trkpt>
			<trkpt lat="19.271733" lon="98.541559">
				<ele>1117.990112</ele>
				<time>2016-02-07T04:12:02Z</time>
			</trkpt>
			<trkpt lat="19.271765" lon="98.541620">
				<ele>1116.109497</ele>
				<time>2016-02-07T04:12:03Z</time>
			</trkpt>
			<trkpt lat="19.271878" lon="98.541715">
				<ele>1116.557007</ele>
				<time>2016-02-07T04:12:04Z</time>
			</trkpt>
			<trkpt lat="19.271962" lon="98.541781">
				<ele>1117.452881</ele>
				<time>2016-02-07T04:12:05Z</time>
			</trkpt>
			<trkpt lat="19.272055" lon="98.541863">
				<ele>1117.276611</ele>
				<time>2016-02-07T04:12:06Z</time>
			</trkpt>
			<trkpt lat="19.272077" lon="98.541930">
				<ele>1118.204224</ele>
				<time>2016-02-07T04:12:07Z</time>
			</trkpt>
			<trkpt lat="19.272105" lon="98.541994">
				<ele>1119.885254</ele>
				<time>2016-02-07T04:12:08Z</time>
			</trkpt>
			<trkpt lat="19.272148" lon="98.542069">
				<ele>1121.216553</ele>
				<time>2016-02-07T04:12:09Z</time>
			</trkpt>
			<trkpt lat="19.272169" lon="98.542156">
				<ele>1121.015869</ele>
				<time>2016-02-07T04:12:10Z</time>
			</trkpt>
			<trkpt lat="19.272177" lon="98.542259">
				<ele>1121.625366</ele>
				<time>2016-02-07T04:12:11Z</time>
			</trkpt>
			<trkpt lat="19.272186" lon="98.542362">
				<ele>1121.803833</ele>
				<time>2016-02-07T04:12:12Z</time>
			</trkpt>
			<trkpt lat="19.272217" lon="98.542478">
				<ele>1122.439819</ele>
				<time>2016-02-07T04:12:13Z</time>
			</trkpt>
			<trkpt lat="19.272249" lon="98.542586">
				<ele>1122.406128</ele>
				<time>2016-02-07T04:12:14Z</time>
			</trkpt>
			<trkpt lat="19.272291" lon="98.542687">
				<ele>1123.378906</ele>
				<time>2016-02-07T04:12:15Z</time>
			</trkpt>
			<trkpt lat="19.272319" lon="98.542777">
				<ele>1123.792969</ele>
				<time>2016-02-07T04:12:16Z</time>
			</trkpt>
			<trkpt lat="19.272347" lon="98.542855">
				<ele>1124.461548</ele>
				<time>2016-02-07T04:12:17Z</time>
			</trkpt>
			<trkpt lat="19.272358" lon="98.542930">
				<ele>1125.549438</ele>
				<time>2016-02-07T04:12:18Z</time>
			</trkpt>
			<trkpt lat="19.272340" lon="98.543017">
				<ele>1126.909546</ele>
				<time>2016-02-07T04:12:19Z</time>
			</trkpt>
			<trkpt lat="19.272306" lon="98.543099">
				<ele>1129.804443</ele>
				<time>2016-02-07T04:12:20Z</time>
			</trkpt>
			<trkpt lat="19.272255" lon="98.543172">
				<ele>1131.893677</ele>
				<time>2016-02-07T04:12:21Z</time>
			</trkpt>
			<trkpt lat="19.272225" lon="98.543256">
				<ele>1133.176392</ele>
				<time>2016-02-07T04:12:22Z</time>
			</trkpt>
			<trkpt lat="19.272205" lon="98.543347">
				<ele>1133.171753</ele>
				<time>2016-02-07T04:12:23Z</time>
			</trkpt>
			<trkpt lat="19.272215" lon="98.543438">
				<ele>1133.271606</ele>
				<time>2016-02-07T04:12:24Z</time>
			</trkpt>
			<trkpt lat="19.272229" lon="98.543530">
				<ele>1133.036743</ele>
				<time>2016-02-07T04:12:25Z</time>
			</trkpt>
			<trkpt lat="19.272260" lon="98.543638">
				<ele>1134.187988</ele>
				<time>2016-02-07T04:12:26Z</time>
			</trkpt>
			<trkpt lat="19.272299" lon="98.543721">
				<ele>1135.513184</ele>
				<time>2016-02-07T04:12:27Z</time>
			</trkpt>
			<trkpt lat="19.272311" lon="98.543806">
				<ele>1136.052002</ele>
				<time>2016-02-07T04:12:28Z</time>
			</trkpt>
			<trkpt lat="19.272302" lon="98.543880">
				<ele>1133.862671</ele>
				<time>2016-02-07T04:12:29Z</time>
			</trkpt>
			<trkpt lat="19.272278" lon="98.543953">
				<ele>1135.945068</ele>
				<time>2016-02-07T04:12:30Z</time>
			</trkpt>
			<trkpt lat="19.272225" lon="98.544013">
				<ele>1137.390015</ele>
				<time>2016-02-07T04:12:31Z</time>
			</trkpt>
			<trkpt lat="19.272137" lon="98.544023">
				<ele>1139.979248</ele>
				<time>2016-02-07T04:12:32Z</time>
			</trkpt>
			<trkpt lat="19.272074" lon="98.544056">
				<ele>1140.396484</ele>
				<time>2016-02-07T04:12:33Z</time>
			</trkpt>
			<trkpt lat="19.271957" lon="98.544062">
				<ele>1140.134521</ele>
				<time>2016-02-07T04:12:34Z</time>
			</trkpt>
			<trkpt lat="19.271870" lon="98.544066">
				<ele>1140.515869</ele>
				<time>2016-02-07T04:12:35Z</time>
			</trkpt>
			<trkpt lat="19.271749" lon="98.544078">
				<ele>1141.215332</ele>
				<time>2016-02-07T04:12:36Z</time>
			</trkpt>
			<trkpt lat="19.271644" lon="98.544050">
				<ele>1143.382080</ele>
				<time>2016-02-07T04:12:37Z</time>
			</trkpt>
			<trkpt lat="19.271536" lon="98.544035">
				<ele>1144.747925</ele>
				<time>2016-02-07T04:12:38Z</time>
			</trkpt>
			<trkpt lat="19.271442" lon="98.544035">
				<ele>1145.644653</ele>
				<time>2016-02-07T04:12:39Z</time>
			</trkpt>
			<trkpt lat="19.271355" lon="98.544051">
				<ele>1147.124023</ele>
				<time>2016-02-07T04:12:40Z</time>
			</trkpt>
			<trkpt lat="19.271269" lon="98.544084">
				<ele>1148.747192</ele>
				<time>2016-02-07T04:12:41Z</time>
			</trkpt>
			<trkpt lat="19.271174" lon="98.544118">
				<ele>1148.917480</ele>
				<time>2016-02-07T04:12:42Z</time>
			</trkpt>
			<trkpt lat="19.271103" lon="98.544195">
				<ele>1152.578857</ele>
				<time>2016-02-07T04:12:43Z</time>
			</trkpt>
			<trkpt lat="19.271032" lon="98.544290">
				<ele>1153.343506</ele>
				<time>2016-02-07T04:12:44Z</time>
			</trkpt>
			<trkpt lat="19.270957" lon="98.544399">
				<ele>1154.387695</ele>
				<time>2016-02-07T04:12:45Z</time>
			</trkpt>
			<trkpt lat="19.270887" lon="98.544500">
				<ele>1153.851196</ele>
				<time>2016-02-07T04:12:46Z</time>
			</trkpt>
			<trkpt lat="19.270821" lon="98.544592">
				<ele>1153.934692</ele>
				<time>2016-02-07T04:12:47Z</time>
			</trkpt>
			<trkpt lat="19.270748" lon="98.544676">
				<ele>1154.117065</ele>
				<time>2016-02-07T04:12:48Z</time>
			</trkpt>
			<trkpt lat="19.270668" lon="98.544766">
				<ele>1154.272949</ele>
				<time>2016-02-07T04:12:49Z</time>
			</trkpt>
			<trkpt lat="19.270658" lon="98.544845">
				<ele>1152.774902</ele>
				<time>2016-02-07T04:12:50Z</time>
			</trkpt>
			<trkpt lat="19.270703" lon="98.544908">
				<ele>1153.417603</ele>
				<time>2016-02-07T04:12:51Z</time>
			</trkpt>
			<trkpt lat="19.270704" lon="98.544976">
				<ele>1153.193359</ele>
				<time>2016-02-07T04:12:52Z</time>
			</trkpt>
			<trkpt lat="19.270736" lon="98.545040">
				<ele>1153.600342</ele>
				<time>2016-02-07T04:12:53Z</time>
			</trkpt>
			<trkpt lat="19.270783" lon="98.545101">
				<ele>1153.417480</ele>
				<time>2016-02-07T04:12:54Z</time>
			</trkpt>
			<trkpt lat="19.270877" lon="98.545144">
				<ele>1152.301758</ele>
				<time>2016-02-07T04:12:55Z</time>
			</trkpt>
			<trkpt lat="19.270949" lon="98.545187">
				<ele>1152.731812</ele>
				<time>2016-02-07T04:12:56Z</time>
			</trkpt>
			<trkpt lat="19.271016" lon="98.545225">
				<ele>1152.822998</ele>
				<time>2016-02-07T04:12:57Z</time>
			</trkpt>
			<trkpt lat="19.271060" lon="98.545150">
				<ele>1152.547363</ele>
				<time>2016-02-07T04:12:58Z</time>
			</trkpt>
			<trkpt lat="19.271164" lon="98.545142">
				<ele>1152.487427</ele>
				<time>2016-02-07T04:12:59Z</time>
			</trkpt>
			<trkpt lat="19.271235" lon="98.545167">
				<ele>1152.155151</ele>
				<time>2016-02-07T04:13:00Z</time>
			</trkpt>
			<trkpt lat="19.271304" lon="98.545201">
				<ele>1151.222412</ele>
				<time>2016-02-07T04:13:01Z</time>
			</trkpt>
			<trkpt lat="19.271371" lon="98.545238">
				<ele>1150.830688</ele>
				<time>2016-02-07T04:13:02Z</time>
			</trkpt>
			<trkpt lat="19.271441" lon="98.545336">
				<ele>1150.032471</ele>
				<time>2016-02-07T04:13:03Z</time>
			</trkpt>
			<trkpt lat="19.271517" lon="98.545420">
				<ele>1150.692139</ele>
				<time>2016-02-07T04:13:04Z</time>
			</trkpt>
			<trkpt lat="19.271598" lon="98.545518">
				<ele>1150.973022</ele>
				<time>2016-02-07T04:13:05Z</time>
			</trkpt>
			<trkpt lat="19.271680" lon="98.545606">
				<ele>1150.692139</ele>
				<time>2016-02-07T04:13:06Z</time>
			</trkpt>
			<trkpt lat="19.271751" lon="98.545697">
				<ele>1150.597046</ele>
				<time>2016-02-07T04:13:07Z</time>
			</trkpt>
			<trkpt lat="19.271784" lon="98.545735">
				<ele>1147.599854</ele>
				<time>2016-02-07T04:13:08Z</time>
			</trkpt>
			<trkpt lat="19.271850" lon="98.545801">
				<ele>1148.045898</ele>
				<time>2016-02-07T04:13:09Z</time>
			</trkpt>
			<trkpt lat="19.271921" lon="98.545862">
				<ele>1148.835938</ele>
				<time>2016-02-07T04:13:10Z</time>
			</trkpt>
			<trkpt lat="19.271982" lon="98.545907">
				<ele>1149.490112</ele>
				<time>2016-02-07T04:13:11Z</time>
			</trkpt>
			<trkpt lat="19.272024" lon="98.545953">
				<ele>1149.911255</ele>
				<time>2016-02-07T04:13:12Z</time>
			</trkpt>
			<trkpt lat="19.272059" lon="98.545978">
				<ele>1151.841309</ele>
				<time>2016-02-07T04:13:13Z</time>
			</trkpt>
			<trkpt lat="19.272096" lon="98.545996">
				<ele>1151.260620</ele>
				<time>2016-02-07T04:13:14Z</time>
			</trkpt>
			<trkpt lat="19.272106" lon="98.546012">
				<ele>1151.333008</ele>
				<time>2016-02-07T04:13:15Z</time>
			</trkpt>
			<trkpt lat="19.272121" lon="98.546046">
				<ele>1151.215698</ele>
				<time>2016-02-07T04:13:16Z</time>
			</trkpt>
			<trkpt lat="19.272132" lon="98.546081">
				<ele>1151.281982</ele>
				<time>2016-02-07T04:13:17Z</time>
			</trkpt>
			<trkpt lat="19.272139" lon="98.546109">
				<ele>1152.220825</ele>
				<time>2016-02-07T04:13:18Z</time>
			</trkpt>
			<trkpt lat="19.272144" lon="98.546130">
				<ele>1152.214355</ele>
				<time>2016-02-07T04:13:19Z</time>
			</trkpt>
			<trkpt lat="19.272144" lon="98.546136">
				<ele>1154.579346</ele>
				<time>2016-02-07T04:13:20Z</time>
			</trkpt>
			<trkpt lat="19.272134" lon="98.546145">
				<ele>1154.336914</ele>
				<time>2016-02-07T04:13:23Z</time>
			</trkpt>
			<trkpt lat="19.272140" lon="98.546152">
				<ele>1156.296753</ele>
				<time>2016-02-07T04:13:27Z</time>
			</trkpt>
			<trkpt lat="19.272146" lon="98.546155">
				<ele>1158.546387</ele>
				<time>2016-02-07T04:13:28Z</time>
			</trkpt>
			<trkpt lat="19.272153" lon="98.546159">
				<ele>1159.740479</ele>
				<time>2016-02-07T04:13:29Z</time>
			</trkpt>
			<trkpt lat="19.272156" lon="98.546162">
				<ele>1161.466675</ele>
				<time>2016-02-07T04:13:30Z</time>
			</trkpt>
			<trkpt lat="19.272113" lon="98.546182">
				<ele>1165.136841</ele>
				<time>2016-02-07T04:13:50Z</time>
			</trkpt>
			<trkpt lat="19.272113" lon="98.546182">
				<ele>1164.893677</ele>
				<time>2016-02-07T04:18:32Z</time>
			</trkpt>
			<trkpt lat="19.272119" lon="98.546189">
				<ele>1166.490356</ele>
				<time>2016-02-07T04:20:41Z</time>
			</trkpt>
			<trkpt lat="19.272122" lon="98.546194">
				<ele>1165.503662</ele>
				<time>2016-02-07T04:20:42Z</time>
			</trkpt>
			<trkpt lat="19.272123" lon="98.546206">
				<ele>1165.788452</ele>
				<time>2016-02-07T04:20:43Z</time>
			</trkpt>
			<trkpt lat="19.272120" lon="98.546230">
				<ele>1165.455444</ele>
				<time>2016-02-07T04:20:44Z</time>
			</trkpt>
			<trkpt lat="19.272116" lon="98.546264">
				<ele>1165.123779</ele>
				<time>2016-02-07T04:20:45Z</time>
			</trkpt>
			<trkpt lat="19.272093" lon="98.546311">
				<ele>1165.094727</ele>
				<time>2016-02-07T04:20:46Z</time>
			</trkpt>
			<trkpt lat="19.272057" lon="98.546379">
				<ele>1164.663452</ele>
				<time>2016-02-07T04:20:47Z</time>
			</trkpt>
			<trkpt lat="19.272008" lon="98.546454">
				<ele>1164.248291</ele>
				<time>2016-02-07T04:20:48Z</time>
			</trkpt>
			<trkpt lat="19.271965" lon="98.546520">
				<ele>1162.456299</ele>
				<time>2016-02-07T04:20:49Z</time>
			</trkpt>
			<trkpt lat="19.271914" lon="98.546651">
				<ele>1161.237915</ele>
				<time>2016-02-07T04:20:50Z</time>
			</trkpt>
			<trkpt lat="19.271911" lon="98.546675">
				<ele>1160.272705</ele>
				<time>2016-02-07T04:20:51Z</time>
			</trkpt>
			<trkpt lat="19.271936" lon="98.546720">
				<ele>1159.862305</ele>
				<time>2016-02-07T04:20:52Z</time>
			</trkpt>
			<trkpt lat="19.271970" lon="98.546778">
				<ele>1159.759277</ele>
				<time>2016-02-07T04:20:53Z</time>
			</trkpt>
			<trkpt lat="19.272018" lon="98.546835">
				<ele>1159.673462</ele>
				<time>2016-02-07T04:20:54Z</time>
			</trkpt>
			<trkpt lat="19.272059" lon="98.546878">
				<ele>1158.702026</ele>
				<time>2016-02-07T04:20:55Z</time>
			</trkpt>
			<trkpt lat="19.272161" lon="98.546943">
				<ele>1158.444702</ele>
				<time>2016-02-07T04:20:56Z</time>
			</trkpt>
			<trkpt lat="19.272236" lon="98.546994">
				<ele>1158.237915</ele>
				<time>2016-02-07T04:20:57Z</time>
			</trkpt>
			<trkpt lat="19.272298" lon="98.547034">
				<ele>1157.091675</ele>
				<time>2016-02-07T04:20:58Z</time>
			</trkpt>
			<trkpt lat="19.272394" lon="98.547090">
				<ele>1155.963867</ele>
				<time>2016-02-07T04:20:59Z</time>
			</trkpt>
			<trkpt lat="19.272497" lon="98.547157">
				<ele>1155.471924</ele>
				<time>2016-02-07T04:21:00Z</time>
			</trkpt>
			<trkpt lat="19.272571" lon="98.547224">
				<ele>1155.692871</ele>
				<time>2016-02-07T04:21:01Z</time>
			</trkpt>
			<trkpt lat="19.272622" lon="98.547292">
				<ele>1154.823975</ele>
				<time>2016-02-07T04:21:02Z</time>
			</trkpt>
			<trkpt lat="19.272691" lon="98.547367">
				<ele>1154.735718</ele>
				<time>2016-02-07T04:21:03Z</time>
			</trkpt>
			<trkpt lat="19.272683" lon="98.547432">
				<ele>1156.932373</ele>
				<time>2016-02-07T04:21:04Z</time>
			</trkpt>
			<trkpt lat="19.272688" lon="98.547480">
				<ele>1155.566040</ele>
				<time>2016-02-07T04:21:05Z</time>
			</trkpt>
			<trkpt lat="19.272687" lon="98.547501">
				<ele>1154.336670</ele>
				<time>2016-02-07T04:21:06Z</time>
			</trkpt>
			<trkpt lat="19.272694" lon="98.547539">
				<ele>1153.340576</ele>
				<time>2016-02-07T04:21:07Z</time>
			</trkpt>
			<trkpt lat="19.272689" lon="98.547571">
				<ele>1152.933105</ele>
				<time>2016-02-07T04:21:08Z</time>
			</trkpt>
			<trkpt lat="19.272707" lon="98.547613">
				<ele>1153.126465</ele>
				<time>2016-02-07T04:21:09Z</time>
			</trkpt>
			<trkpt lat="19.272723" lon="98.547645">
				<ele>1151.649414</ele>
				<time>2016-02-07T04:21:10Z</time>
			</trkpt>
			<trkpt lat="19.272721" lon="98.547671">
				<ele>1151.165894</ele>
				<time>2016-02-07T04:21:11Z</time>
			</trkpt>
			<trkpt lat="19.272726" lon="98.547696">
				<ele>1151.206543</ele>
				<time>2016-02-07T04:21:12Z</time>
			</trkpt>
			<trkpt lat="19.272729" lon="98.547718">
				<ele>1151.971558</ele>
				<time>2016-02-07T04:21:13Z</time>
			</trkpt>
			<trkpt lat="19.272737" lon="98.547721">
				<ele>1151.266357</ele>
				<time>2016-02-07T04:21:14Z</time>
			</trkpt>
			<trkpt lat="19.272743" lon="98.547732">
				<ele>1150.224243</ele>
				<time>2016-02-07T04:21:15Z</time>
			</trkpt>
			<trkpt lat="19.272749" lon="98.547752">
				<ele>1148.829102</ele>
				<time>2016-02-07T04:21:16Z</time>
			</trkpt>
			<trkpt lat="19.272748" lon="98.547780">
				<ele>1148.320557</ele>
				<time>2016-02-07T04:21:17Z</time>
			</trkpt>
			<trkpt lat="19.272752" lon="98.547811">
				<ele>1148.210327</ele>
				<time>2016-02-07T04:21:18Z</time>
			</trkpt>
			<trkpt lat="19.272760" lon="98.547851">
				<ele>1148.867188</ele>
				<time>2016-02-07T04:21:19Z</time>
			</trkpt>
			<trkpt lat="19.272748" lon="98.547985">
				<ele>1148.880371</ele>
				<time>2016-02-07T04:21:20Z</time>
			</trkpt>
			<trkpt lat="19.272734" lon="98.548028">
				<ele>1147.153320</ele>
				<time>2016-02-07T04:21:21Z</time>
			</trkpt>
			<trkpt lat="19.272714" lon="98.548103">
				<ele>1148.046021</ele>
				<time>2016-02-07T04:21:22Z</time>
			</trkpt>
			<trkpt lat="19.272662" lon="98.548196">
				<ele>1149.436646</ele>
				<time>2016-02-07T04:21:23Z</time>
			</trkpt>
			<trkpt lat="19.272632" lon="98.548285">
				<ele>1148.698730</ele>
				<time>2016-02-07T04:21:24Z</time>
			</trkpt>
			<trkpt lat="19.272590" lon="98.548394">
				<ele>1146.881348</ele>
				<time>2016-02-07T04:21:25Z</time>
			</trkpt>
			<trkpt lat="19.272599" lon="98.548475">
				<ele>1147.332397</ele>
				<time>2016-02-07T04:21:26Z</time>
			</trkpt>
			<trkpt lat="19.272625" lon="98.548540">
				<ele>1148.448364</ele>
				<time>2016-02-07T04:21:27Z</time>
			</trkpt>
			<trkpt lat="19.272647" lon="98.548605">
				<ele>1149.058960</ele>
				<time>2016-02-07T04:21:28Z</time>
			</trkpt>
			<trkpt lat="19.272693" lon="98.548661">
				<ele>1148.962524</ele>
				<time>2016-02-07T04:21:29Z</time>
			</trkpt>
			<trkpt lat="19.272747" lon="98.548709">
				<ele>1149.106567</ele>
				<time>2016-02-07T04:21:30Z</time>
			</trkpt>
			<trkpt lat="19.272806" lon="98.548779">
				<ele>1149.448242</ele>
				<time>2016-02-07T04:21:31Z</time>
			</trkpt>
			<trkpt lat="19.272893" lon="98.548853">
				<ele>1150.622803</ele>
				<time>2016-02-07T04:21:32Z</time>
			</trkpt>
			<trkpt lat="19.272961" lon="98.548917">
				<ele>1150.924438</ele>
				<time>2016-02-07T04:21:33Z</time>
			</trkpt>
			<trkpt lat="19.273022" lon="98.548977">
				<ele>1151.462769</ele>
				<time>2016-02-07T04:21:34Z</time>
			</trkpt>
			<trkpt lat="19.273073" lon="98.549033">
				<ele>1151.342163</ele>
				<time>2016-02-07T04:21:35Z</time>
			</trkpt>
			<trkpt lat="19.273085" lon="98.549111">
				<ele>1152.218628</ele>
				<time>2016-02-07T04:21:36Z</time>
			</trkpt>
			<trkpt lat="19.273128" lon="98.549217">
				<ele>1152.267700</ele>
				<time>2016-02-07T04:21:37Z</time>
			</trkpt>
			<trkpt lat="19.273149" lon="98.549260">
				<ele>1151.832520</ele>
				<time>2016-02-07T04:21:38Z</time>
			</trkpt>
			<trkpt lat="19.273148" lon="98.549363">
				<ele>1152.810425</ele>
				<time>2016-02-07T04:21:39Z</time>
			</trkpt>
			<trkpt lat="19.273172" lon="98.549441">
				<ele>1153.734253</ele>
				<time>2016-02-07T04:21:40Z</time>
			</trkpt>
			<trkpt lat="19.273151" lon="98.549563">
				<ele>1153.658203</ele>
				<time>2016-02-07T04:21:41Z</time>
			</trkpt>
			<trkpt lat="19.273115" lon="98.549704">
				<ele>1155.917725</ele>
				<time>2016-02-07T04:21:42Z</time>
			</trkpt>
			<trkpt lat="19.273119" lon="98.549816">
				<ele>1157.098511</ele>
				<time>2016-02-07T04:21:43Z</time>
			</trkpt>
			<trkpt lat="19.273118" lon="98.549933">
				<ele>1156.987915</ele>
				<time>2016-02-07T04:21:44Z</time>
			</trkpt>
			<trkpt lat="19.273151" lon="98.550022">
				<ele>1156.968262</ele>
				<time>2016-02-07T04:21:45Z</time>
			</trkpt>
			<trkpt lat="19.273200" lon="98.550131">
				<ele>1159.085693</ele>
				<time>2016-02-07T04:21:46Z</time>
			</trkpt>
			<trkpt lat="19.273230" lon="98.550211">
				<ele>1158.318237</ele>
				<time>2016-02-07T04:21:47Z</time>
			</trkpt>
			<trkpt lat="19.273250" lon="98.550310">
				<ele>1159.483765</ele>
				<time>2016-02-07T04:21:48Z</time>
			</trkpt>
			<trkpt lat="19.273272" lon="98.550408">
				<ele>1159.648193</ele>
				<time>2016-02-07T04:21:49Z</time>
			</trkpt>
			<trkpt lat="19.273262" lon="98.550510">
				<ele>1159.957886</ele>
				<time>2016-02-07T04:21:50Z</time>
			</trkpt>
			<trkpt lat="19.273234" lon="98.550611">
				<ele>1163.164917</ele>
				<time>2016-02-07T04:21:51Z</time>
			</trkpt>
			<trkpt lat="19.273136" lon="98.550701">
				<ele>1165.309570</ele>
				<time>2016-02-07T04:21:52Z</time>
			</trkpt>
			<trkpt lat="19.273088" lon="98.550805">
				<ele>1166.024658</ele>
				<time>2016-02-07T04:21:53Z</time>
			</trkpt>
			<trkpt lat="19.273021" lon="98.550941">
				<ele>1162.889160</ele>
				<time>2016-02-07T04:21:54Z</time>
			</trkpt>
			<trkpt lat="19.273019" lon="98.551070">
				<ele>1163.267456</ele>
				<time>2016-02-07T04:21:55Z</time>
			</trkpt>
			<trkpt lat="19.273010" lon="98.551228">
				<ele>1163.315796</ele>
				<time>2016-02-07T04:21:56Z</time>
			</trkpt>
			<trkpt lat="19.273030" lon="98.551370">
				<ele>1163.633057</ele>
				<time>2016-02-07T04:21:57Z</time>
			</trkpt>
			<trkpt lat="19.273038" lon="98.551502">
				<ele>1164.488159</ele>
				<time>2016-02-07T04:21:58Z</time>
			</trkpt>
			<trkpt lat="19.273081" lon="98.551556">
				<ele>1166.065918</ele>
				<time>2016-02-07T04:21:59Z</time>
			</trkpt>
			<trkpt lat="19.273094" lon="98.551671">
				<ele>1166.826050</ele>
				<time>2016-02-07T04:22:00Z</time>
			</trkpt>
			<trkpt lat="19.273107" lon="98.551799">
				<ele>1167.884155</ele>
				<time>2016-02-07T04:22:01Z</time>
			</trkpt>
			<trkpt lat="19.272996" lon="98.551923">
				<ele>1169.902832</ele>
				<time>2016-02-07T04:22:02Z</time>
			</trkpt>
			<trkpt lat="19.272979" lon="98.552054">
				<ele>1170.615601</ele>
				<time>2016-02-07T04:22:03Z</time>
			</trkpt>
			<trkpt lat="19.272944" lon="98.552194">
				<ele>1173.152344</ele>
				<time>2016-02-07T04:22:04Z</time>
			</trkpt>
			<trkpt lat="19.272920" lon="98.552334">
				<ele>1175.073975</ele>
				<time>2016-02-07T04:22:05Z</time>
			</trkpt>
			<trkpt lat="19.272901" lon="98.552495">
				<ele>1177.582764</ele>
				<time>2016-02-07T04:22:06Z</time>
			</trkpt>
			<trkpt lat="19.272900" lon="98.552649">
				<ele>1177.744141</ele>
				<time>2016-02-07T04:22:07Z</time>
			</trkpt>
			<trkpt lat="19.272945" lon="98.552835">
				<ele>1178.869995</ele>
				<time>2016-02-07T04:22:08Z</time>
			</trkpt>
			<trkpt lat="19.272964" lon="98.553030">
				<ele>1179.964600</ele>
				<time>2016-02-07T04:22:09Z</time>
			</trkpt>
			<trkpt lat="19.272983" lon="98.553214">
				<ele>1182.392456</ele>
				<time>2016-02-07T04:22:10Z</time>
			</trkpt>
			<trkpt lat="19.273004" lon="98.553388">
				<ele>1183.295410</ele>
				<time>2016-02-07T04:22:11Z</time>
			</trkpt>
			<trkpt lat="19.273042" lon="98.553550">
				<ele>1183.227905</ele>
				<time>2016-02-07T04:22:12Z</time>
			</trkpt>
			<trkpt lat="19.273073" lon="98.553712">
				<ele>1184.358521</ele>
				<time>2016-02-07T04:22:13Z</time>
			</trkpt>
			<trkpt lat="19.273074" lon="98.553842">
				<ele>1183.658936</ele>
				<time>2016-02-07T04:22:14Z</time>
			</trkpt>
			<trkpt lat="19.273033" lon="98.553904">
				<ele>1181.689819</ele>
				<time>2016-02-07T04:22:15Z</time>
			</trkpt>
			<trkpt lat="19.273014" lon="98.554008">
				<ele>1181.037231</ele>
				<time>2016-02-07T04:22:16Z</time>
			</trkpt>
			<trkpt lat="19.272962" lon="98.554082">
				<ele>1180.544312</ele>
				<time>2016-02-07T04:22:17Z</time>
			</trkpt>
			<trkpt lat="19.272870" lon="98.554144">
				<ele>1181.991821</ele>
				<time>2016-02-07T04:22:18Z</time>
			</trkpt>
			<trkpt lat="19.272747" lon="98.554223">
				<ele>1184.558594</ele>
				<time>2016-02-07T04:22:19Z</time>
			</trkpt>
			<trkpt lat="19.272627" lon="98.554278">
				<ele>1185.300781</ele>
				<time>2016-02-07T04:22:20Z</time>
			</trkpt>
			<trkpt lat="19.272536" lon="98.554340">
				<ele>1186.789185</ele>
				<time>2016-02-07T04:22:21Z</time>
			</trkpt>
			<trkpt lat="19.272469" lon="98.554440">
				<ele>1187.791260</ele>
				<time>2016-02-07T04:22:22Z</time>
			</trkpt>
			<trkpt lat="19.272464" lon="98.554629">
				<ele>1189.710571</ele>
				<time>2016-02-07T04:22:23Z</time>
			</trkpt>
			<trkpt lat="19.272456" lon="98.554782">
				<ele>1189.213501</ele>
				<time>2016-02-07T04:22:24Z</time>
			</trkpt>
			<trkpt lat="19.272409" lon="98.554948">
				<ele>1190.765137</ele>
				<time>2016-02-07T04:22:25Z</time>
			</trkpt>
			<trkpt lat="19.272378" lon="98.555057">
				<ele>1191.732178</ele>
				<time>2016-02-07T04:22:26Z</time>
			</trkpt>
			<trkpt lat="19.272315" lon="98.555226">
				<ele>1192.199829</ele>
				<time>2016-02-07T04:22:27Z</time>
			</trkpt>
			<trkpt lat="19.272293" lon="98.555366">
				<ele>1194.037476</ele>
				<time>2016-02-07T04:22:28Z</time>
			</trkpt>
			<trkpt lat="19.272281" lon="98.555512">
				<ele>1194.905762</ele>
				<time>2016-02-07T04:22:29Z</time>
			</trkpt>
			<trkpt lat="19.272319" lon="98.555673">
				<ele>1197.913330</ele>
				<time>2016-02-07T04:22:30Z</time>
			</trkpt>
			<trkpt lat="19.272332" lon="98.555837">
				<ele>1198.098633</ele>
				<time>2016-02-07T04:22:31Z</time>
			</trkpt>
			<trkpt lat="19.272359" lon="98.555964">
				<ele>1199.878662</ele>
				<time>2016-02-07T04:22:32Z</time>
			</trkpt>
			<trkpt lat="19.272362" lon="98.556131">
				<ele>1200.253418</ele>
				<time>2016-02-07T04:22:33Z</time>
			</trkpt>
			<trkpt lat="19.272344" lon="98.556279">
				<ele>1200.507812</ele>
				<time>2016-02-07T04:22:34Z</time>
			</trkpt>
			<trkpt lat="19.272306" lon="98.556459">
				<ele>1200.221924</ele>
				<time>2016-02-07T04:22:35Z</time>
			</trkpt>
			<trkpt lat="19.272275" lon="98.556646">
				<ele>1202.701660</ele>
				<time>2016-02-07T04:22:36Z</time>
			</trkpt>
			<trkpt lat="19.272257" lon="98.556827">
				<ele>1203.430542</ele>
				<time>2016-02-07T04:22:37Z</time>
			</trkpt>
			<trkpt lat="19.272236" lon="98.557013">
				<ele>1204.860962</ele>
				<time>2016-02-07T04:22:38Z</time>
			</trkpt>
			<trkpt lat="19.272215" lon="98.557179">
				<ele>1204.285889</ele>
				<time>2016-02-07T04:22:39Z</time>
			</trkpt>
			<trkpt lat="19.272190" lon="98.557280">
				<ele>1202.840210</ele>
				<time>2016-02-07T04:22:40Z</time>
			</trkpt>
			<trkpt lat="19.272147" lon="98.557415">
				<ele>1201.493530</ele>
				<time>2016-02-07T04:22:41Z</time>
			</trkpt>
			<trkpt lat="19.272088" lon="98.557554">
				<ele>1200.619263</ele>
				<time>2016-02-07T04:22:42Z</time>
			</trkpt>
			<trkpt lat="19.271976" lon="98.557680">
				<ele>1199.723511</ele>
				<time>2016-02-07T04:22:43Z</time>
			</trkpt>
			<trkpt lat="19.271907" lon="98.557814">
				<ele>1199.880737</ele>
				<time>2016-02-07T04:22:44Z</time>
			</trkpt>
			<trkpt lat="19.271835" lon="98.557966">
				<ele>1199.374878</ele>
				<time>2016-02-07T04:22:45Z</time>
			</trkpt>
			<trkpt lat="19.271773" lon="98.558114">
				<ele>1200.126221</ele>
				<time>2016-02-07T04:22:46Z</time>
			</trkpt>
			<trkpt lat="19.271651" lon="98.558286">
				<ele>1200.664673</ele>
				<time>2016-02-07T04:22:47Z</time>
			</trkpt>
			<trkpt lat="19.271545" lon="98.558443">
				<ele>1201.126465</ele>
				<time>2016-02-07T04:22:48Z</time>
			</trkpt>
			<trkpt lat="19.271550" lon="98.558652">
				<ele>1201.657715</ele>
				<time>2016-02-07T04:22:49Z</time>
			</trkpt>
			<trkpt lat="19.271478" lon="98.558821">
				<ele>1202.595215</ele>
				<time>2016-02-07T04:22:50Z</time>
			</trkpt>
			<trkpt lat="19.271459" lon="98.558923">
				<ele>1202.948853</ele>
				<time>2016-02-07T04:22:51Z</time>
			</trkpt>
			<trkpt lat="19.271425" lon="98.559060">
				<ele>1202.297119</ele>
				<time>2016-02-07T04:22:52Z</time>
			</trkpt>
			<trkpt lat="19.271386" lon="98.559175">
				<ele>1203.531616</ele>
				<time>2016-02-07T04:22:53Z</time>
			</trkpt>
			<trkpt lat="19.271283" lon="98.559225">
				<ele>1203.771484</ele>
				<time>2016-02-07T04:22:54Z</time>
			</trkpt>
			<trkpt lat="19.271197" lon="98.559306">
				<ele>1204.161499</ele>
				<time>2016-02-07T04:22:55Z</time>
			</trkpt>
			<trkpt lat="19.271085" lon="98.559371">
				<ele>1205.432861</ele>
				<time>2016-02-07T04:22:56Z</time>
			</trkpt>
			<trkpt lat="19.270964" lon="98.559416">
				<ele>1204.855835</ele>
				<time>2016-02-07T04:22:57Z</time>
			</trkpt>
			<trkpt lat="19.270815" lon="98.559466">
				<ele>1206.833008</ele>
				<time>2016-02-07T04:22:58Z</time>
			</trkpt>
			<trkpt lat="19.270684" lon="98.559505">
				<ele>1207.139893</ele>
				<time>2016-02-07T04:22:59Z</time>
			</trkpt>
			<trkpt lat="19.270530" lon="98.559540">
				<ele>1208.251831</ele>
				<time>2016-02-07T04:23:00Z</time>
			</trkpt>
			<trkpt lat="19.270407" lon="98.559610">
				<ele>1208.357056</ele>
				<time>2016-02-07T04:23:01Z</time>
			</trkpt>
			<trkpt lat="19.270350" lon="98.559729">
				<ele>1208.696167</ele>
				<time>2016-02-07T04:23:02Z</time>
			</trkpt>
			<trkpt lat="19.270228" lon="98.559789">
				<ele>1207.920166</ele>
				<time>2016-02-07T04:23:03Z</time>
			</trkpt>
			<trkpt lat="19.270112" lon="98.559870">
				<ele>1208.550415</ele>
				<time>2016-02-07T04:23:04Z</time>
			</trkpt>
			<trkpt lat="19.270130" lon="98.559961">
				<ele>1207.412842</ele>
				<time>2016-02-07T04:23:05Z</time>
			</trkpt>
			<trkpt lat="19.270178" lon="98.560141">
				<ele>1206.479126</ele>
				<time>2016-02-07T04:23:06Z</time>
			</trkpt>
			<trkpt lat="19.270191" lon="98.560243">
				<ele>1205.999268</ele>
				<time>2016-02-07T04:23:07Z</time>
			</trkpt>
			<trkpt lat="19.270200" lon="98.560350">
				<ele>1206.078003</ele>
				<time>2016-02-07T04:23:08Z</time>
			</trkpt>
			<trkpt lat="19.270290" lon="98.560397">
				<ele>1203.245117</ele>
				<time>2016-02-07T04:23:09Z</time>
			</trkpt>
			<trkpt lat="19.270358" lon="98.560436">
				<ele>1202.972046</ele>
				<time>2016-02-07T04:23:10Z</time>
			</trkpt>
			<trkpt lat="19.270432" lon="98.560451">
				<ele>1202.761108</ele>
				<time>2016-02-07T04:23:11Z</time>
			</trkpt>
			<trkpt lat="19.270748" lon="98.560576">
				<ele>1204.180054</ele>
				<time>2016-02-07T04:23:12Z</time>
			</trkpt>
			<trkpt lat="19.270910" lon="98.560681">
				<ele>1204.313354</ele>
				<time>2016-02-07T04:23:13Z</time>
			</trkpt>
			<trkpt lat="19.271035" lon="98.560775">
				<ele>1204.522705</ele>
				<time>2016-02-07T04:23:14Z</time>
			</trkpt>
			<trkpt lat="19.271129" lon="98.560879">
				<ele>1204.672485</ele>
				<time>2016-02-07T04:23:15Z</time>
			</trkpt>
			<trkpt lat="19.271251" lon="98.561028">
				<ele>1202.940186</ele>
				<time>2016-02-07T04:23:16Z</time>
			</trkpt>
			<trkpt lat="19.271365" lon="98.561196">
				<ele>1202.747559</ele>
				<time>2016-02-07T04:23:17Z</time>
			</trkpt>
			<trkpt lat="19.271475" lon="98.561356">
				<ele>1200.984741</ele>
				<time>2016-02-07T04:23:18Z</time>
			</trkpt>
			<trkpt lat="19.271570" lon="98.561511">
				<ele>1200.592773</ele>
				<time>2016-02-07T04:23:19Z</time>
			</trkpt>
			<trkpt lat="19.271665" lon="98.561674">
				<ele>1200.777100</ele>
				<time>2016-02-07T04:23:20Z</time>
			</trkpt>
			<trkpt lat="19.271756" lon="98.561828">
				<ele>1199.982056</ele>
				<time>2016-02-07T04:23:21Z</time>
			</trkpt>
			<trkpt lat="19.271816" lon="98.561990">
				<ele>1198.772095</ele>
				<time>2016-02-07T04:23:22Z</time>
			</trkpt>
			<trkpt lat="19.271869" lon="98.562147">
				<ele>1200.917725</ele>
				<time>2016-02-07T04:23:23Z</time>
			</trkpt>
			<trkpt lat="19.271928" lon="98.562324">
				<ele>1200.786377</ele>
				<time>2016-02-07T04:23:24Z</time>
			</trkpt>
			<trkpt lat="19.271966" lon="98.562497">
				<ele>1202.223145</ele>
				<time>2016-02-07T04:23:25Z</time>
			</trkpt>
			<trkpt lat="19.272013" lon="98.562662">
				<ele>1201.625366</ele>
				<time>2016-02-07T04:23:26Z</time>
			</trkpt>
			<trkpt lat="19.272064" lon="98.562812">
				<ele>1201.706421</ele>
				<time>2016-02-07T04:23:27Z</time>
			</trkpt>
			<trkpt lat="19.272109" lon="98.562950">
				<ele>1201.463013</ele>
				<time>2016-02-07T04:23:28Z</time>
			</trkpt>
			<trkpt lat="19.272119" lon="98.563095">
				<ele>1200.640015</ele>
				<time>2016-02-07T04:23:29Z</time>
			</trkpt>
			<trkpt lat="19.272136" lon="98.563234">
				<ele>1199.949585</ele>
				<time>2016-02-07T04:23:30Z</time>
			</trkpt>
			<trkpt lat="19.272114" lon="98.563359">
				<ele>1200.446289</ele>
				<time>2016-02-07T04:23:31Z</time>
			</trkpt>
			<trkpt lat="19.272073" lon="98.563492">
				<ele>1200.460815</ele>
				<time>2016-02-07T04:23:32Z</time>
			</trkpt>
			<trkpt lat="19.272031" lon="98.563634">
				<ele>1198.625122</ele>
				<time>2016-02-07T04:23:33Z</time>
			</trkpt>
			<trkpt lat="19.271984" lon="98.563770">
				<ele>1198.142090</ele>
				<time>2016-02-07T04:23:34Z</time>
			</trkpt>
			<trkpt lat="19.271906" lon="98.563913">
				<ele>1198.357910</ele>
				<time>2016-02-07T04:23:35Z</time>
			</trkpt>
			<trkpt lat="19.271832" lon="98.564049">
				<ele>1196.467285</ele>
				<time>2016-02-07T04:23:36Z</time>
			</trkpt>
			<trkpt lat="19.271732" lon="98.564185">
				<ele>1195.124756</ele>
				<time>2016-02-07T04:23:37Z</time>
			</trkpt>
			<trkpt lat="19.271591" lon="98.564320">
				<ele>1193.696655</ele>
				<time>2016-02-07T04:23:38Z</time>
			</trkpt>
			<trkpt lat="19.271465" lon="98.564466">
				<ele>1193.761475</ele>
				<time>2016-02-07T04:23:39Z</time>
			</trkpt>
			<trkpt lat="19.271338" lon="98.564597">
				<ele>1191.695679</ele>
				<time>2016-02-07T04:23:40Z</time>
			</trkpt>
			<trkpt lat="19.271233" lon="98.564740">
				<ele>1190.451538</ele>
				<time>2016-02-07T04:23:41Z</time>
			</trkpt>
			<trkpt lat="19.271124" lon="98.564899">
				<ele>1190.519043</ele>
				<time>2016-02-07T04:23:42Z</time>
			</trkpt>
			<trkpt lat="19.271010" lon="98.565041">
				<ele>1190.991455</ele>
				<time>2016-02-07T04:23:43Z</time>
			</trkpt>
			<trkpt lat="19.270944" lon="98.565180">
				<ele>1193.687256</ele>
				<time>2016-02-07T04:23:44Z</time>
			</trkpt>
			<trkpt lat="19.270860" lon="98.565324">
				<ele>1193.975342</ele>
				<time>2016-02-07T04:23:45Z</time>
			</trkpt>
			<trkpt lat="19.270806" lon="98.565482">
				<ele>1193.495483</ele>
				<time>2016-02-07T04:23:46Z</time>
			</trkpt>
			<trkpt lat="19.270773" lon="98.565608">
				<ele>1191.510254</ele>
				<time>2016-02-07T04:23:47Z</time>
			</trkpt>
			<trkpt lat="19.270749" lon="98.565773">
				<ele>1192.591431</ele>
				<time>2016-02-07T04:23:48Z</time>
			</trkpt>
			<trkpt lat="19.270757" lon="98.565940">
				<ele>1193.426758</ele>
				<time>2016-02-07T04:23:49Z</time>
			</trkpt>
			<trkpt lat="19.270766" lon="98.566120">
				<ele>1194.042358</ele>
				<time>2016-02-07T04:23:50Z</time>
			</trkpt>
			<trkpt lat="19.270877" lon="98.566273">
				<ele>1194.286865</ele>
				<time>2016-02-07T04:23:51Z</time>
			</trkpt>
			<trkpt lat="19.270938" lon="98.566451">
				<ele>1194.598145</ele>
				<time>2016-02-07T04:23:52Z</time>
			</trkpt>
			<trkpt lat="19.270980" lon="98.566592">
				<ele>1196.389282</ele>
				<time>2016-02-07T04:23:53Z</time>
			</trkpt>
			<trkpt lat="19.271072" lon="98.566720">
				<ele>1196.190063</ele>
				<time>2016-02-07T04:23:54Z</time>
			</trkpt>
			<trkpt lat="19.271146" lon="98.566845">
				<ele>1196.500854</ele>
				<time>2016-02-07T04:23:55Z</time>
			</trkpt>
			<trkpt lat="19.271219" lon="98.567007">
				<ele>1196.235718</ele>
				<time>2016-02-07T04:23:56Z</time>
			</trkpt>
			<trkpt lat="19.271307" lon="98.567174">
				<ele>1196.373657</ele>
				<time>2016-02-07T04:23:57Z</time>
			</trkpt>
			<trkpt lat="19.271391" lon="98.567359">
				<ele>1198.915649</ele>
				<time>2016-02-07T04:23:58Z</time>
			</trkpt>
			<trkpt lat="19.271471" lon="98.567547">
				<ele>1200.321045</ele>
				<time>2016-02-07T04:23:59Z</time>
			</trkpt>
			<trkpt lat="19.271557" lon="98.567717">
				<ele>1200.214355</ele>
				<time>2016-02-07T04:24:00Z</time>
			</trkpt>
			<trkpt lat="19.271634" lon="98.567884">
				<ele>1198.135620</ele>
				<time>2016-02-07T04:24:01Z</time>
			</trkpt>
			<trkpt lat="19.271718" lon="98.568043">
				<ele>1199.241333</ele>
				<time>2016-02-07T04:24:02Z</time>
			</trkpt>
			<trkpt lat="19.271822" lon="98.568216">
				<ele>1200.410889</ele>
				<time>2016-02-07T04:24:03Z</time>
			</trkpt>
			<trkpt lat="19.271921" lon="98.568382">
				<ele>1199.812866</ele>
				<time>2016-02-07T04:24:04Z</time>
			</trkpt>
			<trkpt lat="19.272035" lon="98.568525">
				<ele>1200.787964</ele>
				<time>2016-02-07T04:24:05Z</time>
			</trkpt>
			<trkpt lat="19.272147" lon="98.568622">
				<ele>1202.057129</ele>
				<time>2016-02-07T04:24:06Z</time>
			</trkpt>
			<trkpt lat="19.272258" lon="98.568721">
				<ele>1202.666870</ele>
				<time>2016-02-07T04:24:07Z</time>
			</trkpt>
			<trkpt lat="19.272372" lon="98.568809">
				<ele>1202.148438</ele>
				<time>2016-02-07T04:24:08Z</time>
			</trkpt>
			<trkpt lat="19.272459" lon="98.568919">
				<ele>1204.181030</ele>
				<time>2016-02-07T04:24:09Z</time>
			</trkpt>
			<trkpt lat="19.272527" lon="98.569039">
				<ele>1204.990234</ele>
				<time>2016-02-07T04:24:10Z</time>
			</trkpt>
			<trkpt lat="19.272604" lon="98.569163">
				<ele>1205.664917</ele>
				<time>2016-02-07T04:24:11Z</time>
			</trkpt>
			<trkpt lat="19.272655" lon="98.569303">
				<ele>1207.060913</ele>
				<time>2016-02-07T04:24:12Z</time>
			</trkpt>
			<trkpt lat="19.272724" lon="98.569463">
				<ele>1207.756836</ele>
				<time>2016-02-07T04:24:13Z</time>
			</trkpt>
			<trkpt lat="19.272784" lon="98.569595">
				<ele>1206.960449</ele>
				<time>2016-02-07T04:24:14Z</time>
			</trkpt>
			<trkpt lat="19.272842" lon="98.569764">
				<ele>1207.838623</ele>
				<time>2016-02-07T04:24:15Z</time>
			</trkpt>
			<trkpt lat="19.272872" lon="98.569981">
				<ele>1206.557861</ele>
				<time>2016-02-07T04:24:16Z</time>
			</trkpt>
			<trkpt lat="19.272950" lon="98.570155">
				<ele>1207.397705</ele>
				<time>2016-02-07T04:24:17Z</time>
			</trkpt>
			<trkpt lat="19.273002" lon="98.570349">
				<ele>1209.100098</ele>
				<time>2016-02-07T04:24:18Z</time>
			</trkpt>
			<trkpt lat="19.273016" lon="98.570475">
				<ele>1209.912231</ele>
				<time>2016-02-07T04:24:19Z</time>
			</trkpt>
			<trkpt lat="19.273037" lon="98.570662">
				<ele>1209.104736</ele>
				<time>2016-02-07T04:24:20Z</time>
			</trkpt>
			<trkpt lat="19.273077" lon="98.570846">
				<ele>1207.914307</ele>
				<time>2016-02-07T04:24:21Z</time>
			</trkpt>
			<trkpt lat="19.273039" lon="98.570973">
				<ele>1210.182373</ele>
				<time>2016-02-07T04:24:22Z</time>
			</trkpt>
			<trkpt lat="19.272999" lon="98.571136">
				<ele>1213.363159</ele>
				<time>2016-02-07T04:24:23Z</time>
			</trkpt>
			<trkpt lat="19.272967" lon="98.571268">
				<ele>1215.473877</ele>
				<time>2016-02-07T04:24:24Z</time>
			</trkpt>
			<trkpt lat="19.272910" lon="98.571381">
				<ele>1215.846558</ele>
				<time>2016-02-07T04:24:25Z</time>
			</trkpt>
			<trkpt lat="19.272819" lon="98.571508">
				<ele>1219.608154</ele>
				<time>2016-02-07T04:24:26Z</time>
			</trkpt>
			<trkpt lat="19.272746" lon="98.571626">
				<ele>1219.424316</ele>
				<time>2016-02-07T04:24:27Z</time>
			</trkpt>
			<trkpt lat="19.272633" lon="98.571752">
				<ele>1220.725464</ele>
				<time>2016-02-07T04:24:28Z</time>
			</trkpt>
			<trkpt lat="19.272542" lon="98.571875">
				<ele>1221.057129</ele>
				<time>2016-02-07T04:24:29Z</time>
			</trkpt>
			<trkpt lat="19.272454" lon="98.571965">
				<ele>1221.572998</ele>
				<time>2016-02-07T04:24:30Z</time>
			</trkpt>
			<trkpt lat="19.272377" lon="98.572042">
				<ele>1223.780884</ele>
				<time>2016-02-07T04:24:31Z</time>
			</trkpt>
			<trkpt lat="19.272299" lon="98.572129">
				<ele>1224.217651</ele>
				<time>2016-02-07T04:24:32Z</time>
			</trkpt>
			<trkpt lat="19.272216" lon="98.572180">
				<ele>1224.220337</ele>
				<time>2016-02-07T04:24:33Z</time>
			</trkpt>
			<trkpt lat="19.272125" lon="98.572246">
				<ele>1225.939697</ele>
				<time>2016-02-07T04:24:34Z</time>
			</trkpt>
			<trkpt lat="19.272002" lon="98.572305">
				<ele>1227.834961</ele>
				<time>2016-02-07T04:24:35Z</time>
			</trkpt>
			<trkpt lat="19.271865" lon="98.572303">
				<ele>1230.086304</ele>
				<time>2016-02-07T04:24:36Z</time>
			</trkpt>
			<trkpt lat="19.271750" lon="98.572335">
				<ele>1233.203125</ele>
				<time>2016-02-07T04:24:37Z</time>
			</trkpt>
			<trkpt lat="19.271666" lon="98.572396">
				<ele>1232.558472</ele>
				<time>2016-02-07T04:24:38Z</time>
			</trkpt>
			<trkpt lat="19.271637" lon="98.572484">
				<ele>1234.592896</ele>
				<time>2016-02-07T04:24:39Z</time>
			</trkpt>
			<trkpt lat="19.271688" lon="98.572621">
				<ele>1237.290527</ele>
				<time>2016-02-07T04:24:40Z</time>
			</trkpt>
			<trkpt lat="19.271722" lon="98.572720">
				<ele>1238.739502</ele>
				<time>2016-02-07T04:24:41Z</time>
			</trkpt>
			<trkpt lat="19.271798" lon="98.572812">
				<ele>1240.413330</ele>
				<time>2016-02-07T04:24:42Z</time>
			</trkpt>
			<trkpt lat="19.271841" lon="98.572908">
				<ele>1241.542725</ele>
				<time>2016-02-07T04:24:43Z</time>
			</trkpt>
			<trkpt lat="19.271909" lon="98.573009">
				<ele>1241.786133</ele>
				<time>2016-02-07T04:24:44Z</time>
			</trkpt>
			<trkpt lat="19.271944" lon="98.573166">
				<ele>1243.247803</ele>
				<time>2016-02-07T04:24:45Z</time>
			</trkpt>
			<trkpt lat="19.271980" lon="98.573328">
				<ele>1244.452393</ele>
				<time>2016-02-07T04:24:46Z</time>
			</trkpt>
			<trkpt lat="19.272016" lon="98.573480">
				<ele>1245.594238</ele>
				<time>2016-02-07T04:24:47Z</time>
			</trkpt>
			<trkpt lat="19.272067" lon="98.573629">
				<ele>1246.290771</ele>
				<time>2016-02-07T04:24:48Z</time>
			</trkpt>
			<trkpt lat="19.272100" lon="98.573783">
				<ele>1248.046509</ele>
				<time>2016-02-07T04:24:49Z</time>
			</trkpt>
			<trkpt lat="19.272162" lon="98.573936">
				<ele>1250.549438</ele>
				<time>2016-02-07T04:24:50Z</time>
			</trkpt>
			<trkpt lat="19.272244" lon="98.574073">
				<ele>1252.036865</ele>
				<time>2016-02-07T04:24:51Z</time>
			</trkpt>
			<trkpt lat="19.272332" lon="98.574204">
				<ele>1253.562744</ele>
				<time>2016-02-07T04:24:52Z</time>
			</trkpt>
			<trkpt lat="19.272420" lon="98.574325">
				<ele>1255.518921</ele>
				<time>2016-02-07T04:24:53Z</time>
			</trkpt>
			<trkpt lat="19.272518" lon="98.574437">
				<ele>1255.511597</ele>
				<time>2016-02-07T04:24:54Z</time>
			</trkpt>
			<trkpt lat="19.272631" lon="98.574509">
				<ele>1257.151001</ele>
				<time>2016-02-07T04:24:55Z</time>
			</trkpt>
			<trkpt lat="19.272718" lon="98.574613">
				<ele>1258.990967</ele>
				<time>2016-02-07T04:24:56Z</time>
			</trkpt>
			<trkpt lat="19.272807" lon="98.574694">
				<ele>1260.493896</ele>
				<time>2016-02-07T04:24:57Z</time>
			</trkpt>
			<trkpt lat="19.272858" lon="98.574748">
				<ele>1260.833862</ele>
				<time>2016-02-07T04:24:58Z</time>
			</trkpt>
			<trkpt lat="19.272845" lon="98.574885">
				<ele>1261.148438</ele>
				<time>2016-02-07T04:24:59Z</time>
			</trkpt>
			<trkpt lat="19.272810" lon="98.575045">
				<ele>1263.672119</ele>
				<time>2016-02-07T04:25:00Z</time>
			</trkpt>
			<trkpt lat="19.272829" lon="98.575185">
				<ele>1266.105469</ele>
				<time>2016-02-07T04:25:01Z</time>
			</trkpt>
			<trkpt lat="19.272850" lon="98.575323">
				<ele>1267.724976</ele>
				<time>2016-02-07T04:25:02Z</time>
			</trkpt>
			<trkpt lat="19.272878" lon="98.575446">
				<ele>1268.639526</ele>
				<time>2016-02-07T04:25:03Z</time>
			</trkpt>
			<trkpt lat="19.272967" lon="98.575547">
				<ele>1268.798584</ele>
				<time>2016-02-07T04:25:04Z</time>
			</trkpt>
			<trkpt lat="19.273024" lon="98.575661">
				<ele>1269.159790</ele>
				<time>2016-02-07T04:25:05Z</time>
			</trkpt>
			<trkpt lat="19.273092" lon="98.575776">
				<ele>1270.955933</ele>
				<time>2016-02-07T04:25:06Z</time>
			</trkpt>
			<trkpt lat="19.273032" lon="98.575928">
				<ele>1270.223877</ele>
				<time>2016-02-07T04:25:07Z</time>
			</trkpt>
			<trkpt lat="19.273023" lon="98.576067">
				<ele>1270.696533</ele>
				<time>2016-02-07T04:25:08Z</time>
			</trkpt>
			<trkpt lat="19.273014" lon="98.576180">
				<ele>1270.083496</ele>
				<time>2016-02-07T04:25:09Z</time>
			</trkpt>
			<trkpt lat="19.272863" lon="98.576322">
				<ele>1271.771606</ele>
				<time>2016-02-07T04:25:10Z</time>
			</trkpt>
			<trkpt lat="19.272785" lon="98.576461">
				<ele>1274.537354</ele>
				<time>2016-02-07T04:25:11Z</time>
			</trkpt>
			<trkpt lat="19.272733" lon="98.576630">
				<ele>1275.616211</ele>
				<time>2016-02-07T04:25:12Z</time>
			</trkpt>
			<trkpt lat="19.272682" lon="98.576783">
				<ele>1276.529297</ele>
				<time>2016-02-07T04:25:13Z</time>
			</trkpt>
			<trkpt lat="19.272643" lon="98.576920">
				<ele>1278.735962</ele>
				<time>2016-02-07T04:25:14Z</time>
			</trkpt>
			<trkpt lat="19.272621" lon="98.577058">
				<ele>1278.791870</ele>
				<time>2016-02-07T04:25:15Z</time>
			</trkpt>
			<trkpt lat="19.272736" lon="98.577123">
				<ele>1281.210205</ele>
				<time>2016-02-07T04:25:16Z</time>
			</trkpt>
			<trkpt lat="19.272751" lon="98.577228">
				<ele>1281.032349</ele>
				<time>2016-02-07T04:25:17Z</time>
			</trkpt>
			<trkpt lat="19.272775" lon="98.577299">
				<ele>1280.779175</ele>
				<time>2016-02-07T04:25:18Z</time>
			</trkpt>
			<trkpt lat="19.272828" lon="98.577381">
				<ele>1281.263062</ele>
				<time>2016-02-07T04:25:19Z</time>
			</trkpt>
			<trkpt lat="19.272884" lon="98.577495">
				<ele>1284.984131</ele>
				<time>2016-02-07T04:25:20Z</time>
			</trkpt>
			<trkpt lat="19.272865" lon="98.577642">
				<ele>1288.563843</ele>
				<time>2016-02-07T04:25:21Z</time>
			</trkpt>
			<trkpt lat="19.272885" lon="98.577745">
				<ele>1287.801270</ele>
				<time>2016-02-07T04:25:22Z</time>
			</trkpt>
			<trkpt lat="19.272860" lon="98.577846">
				<ele>1289.562622</ele>
				<time>2016-02-07T04:25:23Z</time>
			</trkpt>
			<trkpt lat="19.272801" lon="98.577933">
				<ele>1291.198608</ele>
				<time>2016-02-07T04:25:24Z</time>
			</trkpt>
			<trkpt lat="19.272682" lon="98.577948">
				<ele>1293.255005</ele>
				<time>2016-02-07T04:25:25Z</time>
			</trkpt>
			<trkpt lat="19.272577" lon="98.577978">
				<ele>1295.899414</ele>
				<time>2016-02-07T04:25:26Z</time>
			</trkpt>
			<trkpt lat="19.272477" lon="98.577996">
				<ele>1297.422729</ele>
				<time>2016-02-07T04:25:27Z</time>
			</trkpt>
			<trkpt lat="19.272396" lon="98.578036">
				<ele>1297.570679</ele>
				<time>2016-02-07T04:25:28Z</time>
			</trkpt>
			<trkpt lat="19.272211" lon="98.577998">
				<ele>1298.007935</ele>
				<time>2016-02-07T04:25:29Z</time>
			</trkpt>
			<trkpt lat="19.272080" lon="98.577912">
				<ele>1297.442383</ele>
				<time>2016-02-07T04:25:30Z</time>
			</trkpt>
			<trkpt lat="19.272015" lon="98.577769">
				<ele>1297.027588</ele>
				<time>2016-02-07T04:25:31Z</time>
			</trkpt>
			<trkpt lat="19.271918" lon="98.577733">
				<ele>1296.971436</ele>
				<time>2016-02-07T04:25:32Z</time>
			</trkpt>
			<trkpt lat="19.271901" lon="98.577556">
				<ele>1298.700439</ele>
				<time>2016-02-07T04:25:33Z</time>
			</trkpt>
			<trkpt lat="19.271800" lon="98.577441">
				<ele>1299.550171</ele>
				<time>2016-02-07T04:25:34Z</time>
			</trkpt>
			<trkpt lat="19.271680" lon="98.577419">
				<ele>1300.205566</ele>
				<time>2016-02-07T04:25:35Z</time>
			</trkpt>
			<trkpt lat="19.271569" lon="98.577376">
				<ele>1300.194702</ele>
				<time>2016-02-07T04:25:36Z</time>
			</trkpt>
			<trkpt lat="19.271557" lon="98.577624">
				<ele>1301.233521</ele>
				<time>2016-02-07T04:25:37Z</time>
			</trkpt>
			<trkpt lat="19.271554" lon="98.577712">
				<ele>1301.723022</ele>
				<time>2016-02-07T04:25:38Z</time>
			</trkpt>
			<trkpt lat="19.271559" lon="98.577822">
				<ele>1303.263062</ele>
				<time>2016-02-07T04:25:39Z</time>
			</trkpt>
			<trkpt lat="19.271544" lon="98.577899">
				<ele>1304.906250</ele>
				<time>2016-02-07T04:25:40Z</time>
			</trkpt>
			<trkpt lat="19.271617" lon="98.577976">
				<ele>1304.887451</ele>
				<time>2016-02-07T04:25:41Z</time>
			</trkpt>
			<trkpt lat="19.271679" lon="98.578154">
				<ele>1305.292114</ele>
				<time>2016-02-07T04:25:42Z</time>
			</trkpt>
			<trkpt lat="19.271725" lon="98.578235">
				<ele>1304.542114</ele>
				<time>2016-02-07T04:25:43Z</time>
			</trkpt>
			<trkpt lat="19.271739" lon="98.578378">
				<ele>1305.498657</ele>
				<time>2016-02-07T04:25:44Z</time>
			</trkpt>
			<trkpt lat="19.271712" lon="98.578537">
				<ele>1305.119263</ele>
				<time>2016-02-07T04:25:45Z</time>
			</trkpt>
			<trkpt lat="19.271645" lon="98.578644">
				<ele>1309.411255</ele>
				<time>2016-02-07T04:25:46Z</time>
			</trkpt>
			<trkpt lat="19.271562" lon="98.578740">
				<ele>1312.791260</ele>
				<time>2016-02-07T04:25:47Z</time>
			</trkpt>
			<trkpt lat="19.271469" lon="98.578686">
				<ele>1313.785278</ele>
				<time>2016-02-07T04:25:48Z</time>
			</trkpt>
			<trkpt lat="19.271379" lon="98.578715">
				<ele>1314.836548</ele>
				<time>2016-02-07T04:25:49Z</time>
			</trkpt>
			<trkpt lat="19.271283" lon="98.578498">
				<ele>1317.817261</ele>
				<time>2016-02-07T04:25:50Z</time>
			</trkpt>
			<trkpt lat="19.271217" lon="98.578475">
				<ele>1319.579468</ele>
				<time>2016-02-07T04:25:51Z</time>
			</trkpt>
			<trkpt lat="19.271133" lon="98.578357">
				<ele>1321.547852</ele>
				<time>2016-02-07T04:25:52Z</time>
			</trkpt>
			<trkpt lat="19.271045" lon="98.578191">
				<ele>1323.670166</ele>
				<time>2016-02-07T04:25:53Z</time>
			</trkpt>
			<trkpt lat="19.270958" lon="98.578090">
				<ele>1323.997803</ele>
				<time>2016-02-07T04:25:54Z</time>
			</trkpt>
			<trkpt lat="19.270867" lon="98.578022">
				<ele>1326.089233</ele>
				<time>2016-02-07T04:25:55Z</time>
			</trkpt>
			<trkpt lat="19.270746" lon="98.577938">
				<ele>1326.232422</ele>
				<time>2016-02-07T04:25:56Z</time>
			</trkpt>
			<trkpt lat="19.270674" lon="98.577900">
				<ele>1324.386475</ele>
				<time>2016-02-07T04:25:57Z</time>
			</trkpt>
			<trkpt lat="19.270492" lon="98.577936">
				<ele>1325.533569</ele>
				<time>2016-02-07T04:25:58Z</time>
			</trkpt>
			<trkpt lat="19.270360" lon="98.578078">
				<ele>1326.023682</ele>
				<time>2016-02-07T04:25:59Z</time>
			</trkpt>
			<trkpt lat="19.270216" lon="98.578169">
				<ele>1326.015747</ele>
				<time>2016-02-07T04:26:00Z</time>
			</trkpt>
			<trkpt lat="19.270105" lon="98.578297">
				<ele>1324.835938</ele>
				<time>2016-02-07T04:26:01Z</time>
			</trkpt>
			<trkpt lat="19.270050" lon="98.578462">
				<ele>1325.513672</ele>
				<time>2016-02-07T04:26:02Z</time>
			</trkpt>
			<trkpt lat="19.270029" lon="98.578655">
				<ele>1327.059570</ele>
				<time>2016-02-07T04:26:03Z</time>
			</trkpt>
			<trkpt lat="19.269970" lon="98.578783">
				<ele>1325.858032</ele>
				<time>2016-02-07T04:26:04Z</time>
			</trkpt>
			<trkpt lat="19.269933" lon="98.578938">
				<ele>1327.131592</ele>
				<time>2016-02-07T04:26:05Z</time>
			</trkpt>
			<trkpt lat="19.269948" lon="98.579088">
				<ele>1327.535156</ele>
				<time>2016-02-07T04:26:06Z</time>
			</trkpt>
			<trkpt lat="19.269942" lon="98.579228">
				<ele>1325.068604</ele>
				<time>2016-02-07T04:26:07Z</time>
			</trkpt>
			<trkpt lat="19.269959" lon="98.579372">
				<ele>1324.134399</ele>
				<time>2016-02-07T04:26:08Z</time>
			</trkpt>
			<trkpt lat="19.269945" lon="98.579511">
				<ele>1326.624756</ele>
				<time>2016-02-07T04:26:09Z</time>
			</trkpt>
			<trkpt lat="19.269924" lon="98.579636">
				<ele>1323.769531</ele>
				<time>2016-02-07T04:26:10Z</time>
			</trkpt>
			<trkpt lat="19.269889" lon="98.579769">
				<ele>1324.148315</ele>
				<time>2016-02-07T04:26:11Z</time>
			</trkpt>
			<trkpt lat="19.269820" lon="98.579907">
				<ele>1324.768677</ele>
				<time>2016-02-07T04:26:12Z</time>
			</trkpt>
			<trkpt lat="19.269745" lon="98.580059">
				<ele>1324.309082</ele>
				<time>2016-02-07T04:26:13Z</time>
			</trkpt>
			<trkpt lat="19.269667" lon="98.580201">
				<ele>1325.015625</ele>
				<time>2016-02-07T04:26:14Z</time>
			</trkpt>
			<trkpt lat="19.269617" lon="98.580354">
				<ele>1323.663452</ele>
				<time>2016-02-07T04:26:15Z</time>
			</trkpt>
			<trkpt lat="19.269522" lon="98.580476">
				<ele>1322.299072</ele>
				<time>2016-02-07T04:26:16Z</time>
			</trkpt>
			<trkpt lat="19.269463" lon="98.580635">
				<ele>1321.380615</ele>
				<time>2016-02-07T04:26:17Z</time>
			</trkpt>
			<trkpt lat="19.269350" lon="98.580759">
				<ele>1319.862549</ele>
				<time>2016-02-07T04:26:18Z</time>
			</trkpt>
			<trkpt lat="19.269231" lon="98.580875">
				<ele>1318.874268</ele>
				<time>2016-02-07T04:26:19Z</time>
			</trkpt>
			<trkpt lat="19.269126" lon="98.580911">
				<ele>1317.670898</ele>
				<time>2016-02-07T04:26:20Z</time>
			</trkpt>
			<trkpt lat="19.268990" lon="98.580978">
				<ele>1317.474487</ele>
				<time>2016-02-07T04:26:21Z</time>
			</trkpt>
			<trkpt lat="19.268873" lon="98.581012">
				<ele>1318.190918</ele>
				<time>2016-02-07T04:26:22Z</time>
			</trkpt>
			<trkpt lat="19.268728" lon="98.580951">
				<ele>1319.648315</ele>
				<time>2016-02-07T04:26:23Z</time>
			</trkpt>
			<trkpt lat="19.268609" lon="98.580946">
				<ele>1319.248901</ele>
				<time>2016-02-07T04:26:24Z</time>
			</trkpt>
			<trkpt lat="19.268492" lon="98.581009">
				<ele>1318.836792</ele>
				<time>2016-02-07T04:26:25Z</time>
			</trkpt>
			<trkpt lat="19.268387" lon="98.581056">
				<ele>1320.005005</ele>
				<time>2016-02-07T04:26:26Z</time>
			</trkpt>
			<trkpt lat="19.268270" lon="98.581098">
				<ele>1319.670288</ele>
				<time>2016-02-07T04:26:27Z</time>
			</trkpt>
			<trkpt lat="19.268175" lon="98.581199">
				<ele>1320.724365</ele>
				<time>2016-02-07T04:26:28Z</time>
			</trkpt>
			<trkpt lat="19.268090" lon="98.581311">
				<ele>1321.656860</ele>
				<time>2016-02-07T04:26:29Z</time>
			</trkpt>
			<trkpt lat="19.268001" lon="98.581437">
				<ele>1320.991699</ele>
				<time>2016-02-07T04:26:30Z</time>
			</trkpt>
			<trkpt lat="19.267905" lon="98.581601">
				<ele>1320.150269</ele>
				<time>2016-02-07T04:26:31Z</time>
			</trkpt>
			<trkpt lat="19.267821" lon="98.581772">
				<ele>1320.814941</ele>
				<time>2016-02-07T04:26:32Z</time>
			</trkpt>
			<trkpt lat="19.267741" lon="98.581915">
				<ele>1321.791992</ele>
				<time>2016-02-07T04:26:33Z</time>
			</trkpt>
			<trkpt lat="19.267651" lon="98.582029">
				<ele>1323.675293</ele>
				<time>2016-02-07T04:26:34Z</time>
			</trkpt>
			<trkpt lat="19.267580" lon="98.582155">
				<ele>1324.279541</ele>
				<time>2016-02-07T04:26:35Z</time>
			</trkpt>
			<trkpt lat="19.267502" lon="98.582271">
				<ele>1325.354736</ele>
				<time>2016-02-07T04:26:36Z</time>
			</trkpt>
			<trkpt lat="19.267425" lon="98.582389">
				<ele>1326.109741</ele>
				<time>2016-02-07T04:26:37Z</time>
			</trkpt>
			<trkpt lat="19.267353" lon="98.582500">
				<ele>1325.582031</ele>
				<time>2016-02-07T04:26:38Z</time>
			</trkpt>
			<trkpt lat="19.267271" lon="98.582630">
				<ele>1325.957275</ele>
				<time>2016-02-07T04:26:39Z</time>
			</trkpt>
			<trkpt lat="19.267173" lon="98.582710">
				<ele>1325.448120</ele>
				<time>2016-02-07T04:26:40Z</time>
			</trkpt>
			<trkpt lat="19.267045" lon="98.582751">
				<ele>1327.877075</ele>
				<time>2016-02-07T04:26:41Z</time>
			</trkpt>
			<trkpt lat="19.266941" lon="98.582822">
				<ele>1328.905884</ele>
				<time>2016-02-07T04:26:42Z</time>
			</trkpt>
			<trkpt lat="19.266849" lon="98.582803">
				<ele>1329.876465</ele>
				<time>2016-02-07T04:26:43Z</time>
			</trkpt>
			<trkpt lat="19.266762" lon="98.582687">
				<ele>1332.885864</ele>
				<time>2016-02-07T04:26:44Z</time>
			</trkpt>
			<trkpt lat="19.266687" lon="98.582671">
				<ele>1334.142456</ele>
				<time>2016-02-07T04:26:45Z</time>
			</trkpt>
			<trkpt lat="19.266615" lon="98.582645">
				<ele>1335.807129</ele>
				<time>2016-02-07T04:26:46Z</time>
			</trkpt>
			<trkpt lat="19.266575" lon="98.582664">
				<ele>1339.437500</ele>
				<time>2016-02-07T04:26:47Z</time>
			</trkpt>
			<trkpt lat="19.266521" lon="98.582691">
				<ele>1340.143921</ele>
				<time>2016-02-07T04:26:48Z</time>
			</trkpt>
			<trkpt lat="19.266469" lon="98.582689">
				<ele>1341.210449</ele>
				<time>2016-02-07T04:26:49Z</time>
			</trkpt>
			<trkpt lat="19.266489" lon="98.582822">
				<ele>1341.165283</ele>
				<time>2016-02-07T04:26:50Z</time>
			</trkpt>
			<trkpt lat="19.266512" lon="98.582913">
				<ele>1344.729980</ele>
				<time>2016-02-07T04:26:51Z</time>
			</trkpt>
			<trkpt lat="19.266479" lon="98.583043">
				<ele>1345.877686</ele>
				<time>2016-02-07T04:26:52Z</time>
			</trkpt>
			<trkpt lat="19.266445" lon="98.583163">
				<ele>1344.929199</ele>
				<time>2016-02-07T04:26:53Z</time>
			</trkpt>
			<trkpt lat="19.266402" lon="98.583293">
				<ele>1344.768677</ele>
				<time>2016-02-07T04:26:54Z</time>
			</trkpt>
			<trkpt lat="19.266371" lon="98.583429">
				<ele>1343.524292</ele>
				<time>2016-02-07T04:26:55Z</time>
			</trkpt>
			<trkpt lat="19.266363" lon="98.583570">
				<ele>1346.255981</ele>
				<time>2016-02-07T04:26:56Z</time>
			</trkpt>
			<trkpt lat="19.266366" lon="98.583707">
				<ele>1346.145996</ele>
				<time>2016-02-07T04:26:57Z</time>
			</trkpt>
			<trkpt lat="19.266382" lon="98.583828">
				<ele>1345.229736</ele>
				<time>2016-02-07T04:26:58Z</time>
			</trkpt>
			<trkpt lat="19.266425" lon="98.583945">
				<ele>1345.520508</ele>
				<time>2016-02-07T04:26:59Z</time>
			</trkpt>
			<trkpt lat="19.266468" lon="98.584053">
				<ele>1347.786255</ele>
				<time>2016-02-07T04:27:00Z</time>
			</trkpt>
			<trkpt lat="19.266537" lon="98.584146">
				<ele>1346.728271</ele>
				<time>2016-02-07T04:27:01Z</time>
			</trkpt>
			<trkpt lat="19.266605" lon="98.584253">
				<ele>1348.469971</ele>
				<time>2016-02-07T04:27:02Z</time>
			</trkpt>
			<trkpt lat="19.266744" lon="98.584271">
				<ele>1348.102417</ele>
				<time>2016-02-07T04:27:03Z</time>
			</trkpt>
			<trkpt lat="19.266865" lon="98.584310">
				<ele>1350.148438</ele>
				<time>2016-02-07T04:27:04Z</time>
			</trkpt>
			<trkpt lat="19.266990" lon="98.584342">
				<ele>1350.802246</ele>
				<time>2016-02-07T04:27:05Z</time>
			</trkpt>
			<trkpt lat="19.267086" lon="98.584390">
				<ele>1351.587769</ele>
				<time>2016-02-07T04:27:06Z</time>
			</trkpt>
			<trkpt lat="19.267188" lon="98.584461">
				<ele>1352.625977</ele>
				<time>2016-02-07T04:27:07Z</time>
			</trkpt>
			<trkpt lat="19.267283" lon="98.584555">
				<ele>1354.222778</ele>
				<time>2016-02-07T04:27:08Z</time>
			</trkpt>
			<trkpt lat="19.267370" lon="98.584631">
				<ele>1353.869995</ele>
				<time>2016-02-07T04:27:09Z</time>
			</trkpt>
			<trkpt lat="19.267432" lon="98.584700">
				<ele>1357.451416</ele>
				<time>2016-02-07T04:27:10Z</time>
			</trkpt>
			<trkpt lat="19.267492" lon="98.584754">
				<ele>1359.070557</ele>
				<time>2016-02-07T04:27:11Z</time>
			</trkpt>
			<trkpt lat="19.267548" lon="98.584795">
				<ele>1357.352783</ele>
				<time>2016-02-07T04:27:12Z</time>
			</trkpt>
			<trkpt lat="19.267603" lon="98.584854">
				<ele>1356.669922</ele>
				<time>2016-02-07T04:27:13Z</time>
			</trkpt>
			<trkpt lat="19.267631" lon="98.584925">
				<ele>1356.354614</ele>
				<time>2016-02-07T04:27:14Z</time>
			</trkpt>
			<trkpt lat="19.267600" lon="98.585028">
				<ele>1356.397705</ele>
				<time>2016-02-07T04:27:15Z</time>
			</trkpt>
			<trkpt lat="19.267591" lon="98.585169">
				<ele>1356.620483</ele>
				<time>2016-02-07T04:27:16Z</time>
			</trkpt>
			<trkpt lat="19.267484" lon="98.585300">
				<ele>1356.694336</ele>
				<time>2016-02-07T04:27:17Z</time>
			</trkpt>
			<trkpt lat="19.267479" lon="98.585425">
				<ele>1357.583740</ele>
				<time>2016-02-07T04:27:18Z</time>
			</trkpt>
			<trkpt lat="19.267498" lon="98.585525">
				<ele>1357.478882</ele>
				<time>2016-02-07T04:27:19Z</time>
			</trkpt>
			<trkpt lat="19.267520" lon="98.585657">
				<ele>1360.327393</ele>
				<time>2016-02-07T04:27:20Z</time>
			</trkpt>
			<trkpt lat="19.267549" lon="98.585797">
				<ele>1360.276855</ele>
				<time>2016-02-07T04:27:21Z</time>
			</trkpt>
			<trkpt lat="19.267587" lon="98.585934">
				<ele>1358.446533</ele>
				<time>2016-02-07T04:27:22Z</time>
			</trkpt>
			<trkpt lat="19.267619" lon="98.586081">
				<ele>1358.088379</ele>
				<time>2016-02-07T04:27:23Z</time>
			</trkpt>
			<trkpt lat="19.267659" lon="98.586207">
				<ele>1357.589600</ele>
				<time>2016-02-07T04:27:24Z</time>
			</trkpt>
			<trkpt lat="19.267700" lon="98.586353">
				<ele>1358.444458</ele>
				<time>2016-02-07T04:27:25Z</time>
			</trkpt>
			<trkpt lat="19.267725" lon="98.586499">
				<ele>1357.705688</ele>
				<time>2016-02-07T04:27:26Z</time>
			</trkpt>
			<trkpt lat="19.267743" lon="98.586645">
				<ele>1357.750366</ele>
				<time>2016-02-07T04:27:27Z</time>
			</trkpt>
			<trkpt lat="19.267751" lon="98.586807">
				<ele>1358.301147</ele>
				<time>2016-02-07T04:27:28Z</time>
			</trkpt>
			<trkpt lat="19.267738" lon="98.586962">
				<ele>1357.871826</ele>
				<time>2016-02-07T04:27:29Z</time>
			</trkpt>
			<trkpt lat="19.267715" lon="98.587115">
				<ele>1357.766235</ele>
				<time>2016-02-07T04:27:30Z</time>
			</trkpt>
			<trkpt lat="19.267687" lon="98.587259">
				<ele>1356.332642</ele>
				<time>2016-02-07T04:27:31Z</time>
			</trkpt>
			<trkpt lat="19.267657" lon="98.587414">
				<ele>1356.103882</ele>
				<time>2016-02-07T04:27:32Z</time>
			</trkpt>
			<trkpt lat="19.267582" lon="98.587542">
				<ele>1357.250366</ele>
				<time>2016-02-07T04:27:33Z</time>
			</trkpt>
			<trkpt lat="19.267518" lon="98.587647">
				<ele>1356.468872</ele>
				<time>2016-02-07T04:27:34Z</time>
			</trkpt>
			<trkpt lat="19.267454" lon="98.587776">
				<ele>1355.700562</ele>
				<time>2016-02-07T04:27:35Z</time>
			</trkpt>
			<trkpt lat="19.267367" lon="98.587879">
				<ele>1356.979614</ele>
				<time>2016-02-07T04:27:36Z</time>
			</trkpt>
			<trkpt lat="19.267281" lon="98.587970">
				<ele>1358.314819</ele>
				<time>2016-02-07T04:27:37Z</time>
			</trkpt>
			<trkpt lat="19.267203" lon="98.588067">
				<ele>1357.419556</ele>
				<time>2016-02-07T04:27:38Z</time>
			</trkpt>
			<trkpt lat="19.267124" lon="98.588185">
				<ele>1356.881958</ele>
				<time>2016-02-07T04:27:39Z</time>
			</trkpt>
			<trkpt lat="19.267064" lon="98.588292">
				<ele>1358.658691</ele>
				<time>2016-02-07T04:27:40Z</time>
			</trkpt>
			<trkpt lat="19.267043" lon="98.588424">
				<ele>1361.711548</ele>
				<time>2016-02-07T04:27:41Z</time>
			</trkpt>
			<trkpt lat="19.267018" lon="98.588564">
				<ele>1361.844604</ele>
				<time>2016-02-07T04:27:42Z</time>
			</trkpt>
			<trkpt lat="19.266993" lon="98.588709">
				<ele>1362.784302</ele>
				<time>2016-02-07T04:27:43Z</time>
			</trkpt>
			<trkpt lat="19.266997" lon="98.588904">
				<ele>1364.698120</ele>
				<time>2016-02-07T04:27:44Z</time>
			</trkpt>
			<trkpt lat="19.266981" lon="98.589055">
				<ele>1364.893311</ele>
				<time>2016-02-07T04:27:45Z</time>
			</trkpt>
			<trkpt lat="19.266984" lon="98.589194">
				<ele>1367.310181</ele>
				<time>2016-02-07T04:27:46Z</time>
			</trkpt>
			<trkpt lat="19.266977" lon="98.589324">
				<ele>1367.594360</ele>
				<time>2016-02-07T04:27:47Z</time>
			</trkpt>
			<trkpt lat="19.266970" lon="98.589453">
				<ele>1368.285400</ele>
				<time>2016-02-07T04:27:48Z</time>
			</trkpt>
			<trkpt lat="19.266972" lon="98.589538">
				<ele>1368.267700</ele>
				<time>2016-02-07T04:27:49Z</time>
			</trkpt>
			<trkpt lat="19.266996" lon="98.589634">
				<ele>1369.283691</ele>
				<time>2016-02-07T04:27:50Z</time>
			</trkpt>
			<trkpt lat="19.267027" lon="98.589734">
				<ele>1369.952637</ele>
				<time>2016-02-07T04:27:51Z</time>
			</trkpt>
			<trkpt lat="19.267065" lon="98.589843">
				<ele>1370.107666</ele>
				<time>2016-02-07T04:27:52Z</time>
			</trkpt>
			<trkpt lat="19.267115" lon="98.589957">
				<ele>1370.543213</ele>
				<time>2016-02-07T04:27:53Z</time>
			</trkpt>
			<trkpt lat="19.267176" lon="98.590068">
				<ele>1370.052856</ele>
				<time>2016-02-07T04:27:54Z</time>
			</trkpt>
			<trkpt lat="19.267239" lon="98.590170">
				<ele>1370.997803</ele>
				<time>2016-02-07T04:27:55Z</time>
			</trkpt>
			<trkpt lat="19.267316" lon="98.590260">
				<ele>1371.607178</ele>
				<time>2016-02-07T04:27:56Z</time>
			</trkpt>
			<trkpt lat="19.267402" lon="98.590340">
				<ele>1373.275269</ele>
				<time>2016-02-07T04:27:57Z</time>
			</trkpt>
			<trkpt lat="19.267500" lon="98.590406">
				<ele>1374.303101</ele>
				<time>2016-02-07T04:27:58Z</time>
			</trkpt>
			<trkpt lat="19.267592" lon="98.590486">
				<ele>1375.325684</ele>
				<time>2016-02-07T04:27:59Z</time>
			</trkpt>
			<trkpt lat="19.267673" lon="98.590562">
				<ele>1376.362305</ele>
				<time>2016-02-07T04:28:00Z</time>
			</trkpt>
			<trkpt lat="19.267755" lon="98.590638">
				<ele>1375.356812</ele>
				<time>2016-02-07T04:28:01Z</time>
			</trkpt>
			<trkpt lat="19.267806" lon="98.590715">
				<ele>1376.419312</ele>
				<time>2016-02-07T04:28:02Z</time>
			</trkpt>
			<trkpt lat="19.267859" lon="98.590783">
				<ele>1375.781616</ele>
				<time>2016-02-07T04:28:03Z</time>
			</trkpt>
			<trkpt lat="19.267856" lon="98.590811">
				<ele>1376.198242</ele>
				<time>2016-02-07T04:28:04Z</time>
			</trkpt>
			<trkpt lat="19.267830" lon="98.590869">
				<ele>1378.318848</ele>
				<time>2016-02-07T04:28:05Z</time>
			</trkpt>
			<trkpt lat="19.267844" lon="98.590967">
				<ele>1378.745361</ele>
				<time>2016-02-07T04:28:06Z</time>
			</trkpt>
			<trkpt lat="19.267840" lon="98.591056">
				<ele>1380.846802</ele>
				<time>2016-02-07T04:28:07Z</time>
			</trkpt>
			<trkpt lat="19.267855" lon="98.591132">
				<ele>1381.085815</ele>
				<time>2016-02-07T04:28:08Z</time>
			</trkpt>
			<trkpt lat="19.267860" lon="98.591216">
				<ele>1382.768677</ele>
				<time>2016-02-07T04:28:09Z</time>
			</trkpt>
			<trkpt lat="19.267863" lon="98.591302">
				<ele>1382.852661</ele>
				<time>2016-02-07T04:28:10Z</time>
			</trkpt>
			<trkpt lat="19.267881" lon="98.591384">
				<ele>1383.367676</ele>
				<time>2016-02-07T04:28:11Z</time>
			</trkpt>
			<trkpt lat="19.267912" lon="98.591482">
				<ele>1383.671997</ele>
				<time>2016-02-07T04:28:12Z</time>
			</trkpt>
			<trkpt lat="19.267953" lon="98.591584">
				<ele>1384.269409</ele>
				<time>2016-02-07T04:28:13Z</time>
			</trkpt>
			<trkpt lat="19.267998" lon="98.591693">
				<ele>1384.596313</ele>
				<time>2016-02-07T04:28:14Z</time>
			</trkpt>
			<trkpt lat="19.268051" lon="98.591803">
				<ele>1384.861572</ele>
				<time>2016-02-07T04:28:15Z</time>
			</trkpt>
			<trkpt lat="19.268121" lon="98.591933">
				<ele>1385.324341</ele>
				<time>2016-02-07T04:28:16Z</time>
			</trkpt>
			<trkpt lat="19.268180" lon="98.592051">
				<ele>1386.409912</ele>
				<time>2016-02-07T04:28:17Z</time>
			</trkpt>
			<trkpt lat="19.268243" lon="98.592161">
				<ele>1386.530396</ele>
				<time>2016-02-07T04:28:18Z</time>
			</trkpt>
			<trkpt lat="19.268293" lon="98.592267">
				<ele>1386.609741</ele>
				<time>2016-02-07T04:28:19Z</time>
			</trkpt>
			<trkpt lat="19.268334" lon="98.592370">
				<ele>1386.235107</ele>
				<time>2016-02-07T04:28:20Z</time>
			</trkpt>
			<trkpt lat="19.268375" lon="98.592481">
				<ele>1386.707520</ele>
				<time>2016-02-07T04:28:21Z</time>
			</trkpt>
			<trkpt lat="19.268415" lon="98.592572">
				<ele>1387.034790</ele>
				<time>2016-02-07T04:28:22Z</time>
			</trkpt>
			<trkpt lat="19.268332" lon="98.592700">
				<ele>1387.819824</ele>
				<time>2016-02-07T04:28:23Z</time>
			</trkpt>
			<trkpt lat="19.268324" lon="98.592789">
				<ele>1386.988037</ele>
				<time>2016-02-07T04:28:24Z</time>
			</trkpt>
			<trkpt lat="19.268328" lon="98.592903">
				<ele>1386.780029</ele>
				<time>2016-02-07T04:28:25Z</time>
			</trkpt>
			<trkpt lat="19.268312" lon="98.593021">
				<ele>1387.223022</ele>
				<time>2016-02-07T04:28:26Z</time>
			</trkpt>
			<trkpt lat="19.268301" lon="98.593117">
				<ele>1387.402954</ele>
				<time>2016-02-07T04:28:27Z</time>
			</trkpt>
			<trkpt lat="19.268312" lon="98.593231">
				<ele>1387.851196</ele>
				<time>2016-02-07T04:28:28Z</time>
			</trkpt>
			<trkpt lat="19.268333" lon="98.593343">
				<ele>1387.019165</ele>
				<time>2016-02-07T04:28:29Z</time>
			</trkpt>
			<trkpt lat="19.268366" lon="98.593441">
				<ele>1386.664062</ele>
				<time>2016-02-07T04:28:30Z</time>
			</trkpt>
			<trkpt lat="19.268415" lon="98.593529">
				<ele>1388.029663</ele>
				<time>2016-02-07T04:28:31Z</time>
			</trkpt>
			<trkpt lat="19.268478" lon="98.593591">
				<ele>1385.708252</ele>
				<time>2016-02-07T04:28:32Z</time>
			</trkpt>
			<trkpt lat="19.268543" lon="98.593654">
				<ele>1388.037231</ele>
				<time>2016-02-07T04:28:33Z</time>
			</trkpt>
			<trkpt lat="19.268632" lon="98.593713">
				<ele>1388.794800</ele>
				<time>2016-02-07T04:28:34Z</time>
			</trkpt>
			<trkpt lat="19.268729" lon="98.593755">
				<ele>1388.318237</ele>
				<time>2016-02-07T04:28:35Z</time>
			</trkpt>
			<trkpt lat="19.268823" lon="98.593796">
				<ele>1389.423584</ele>
				<time>2016-02-07T04:28:36Z</time>
			</trkpt>
			<trkpt lat="19.268913" lon="98.593846">
				<ele>1389.392700</ele>
				<time>2016-02-07T04:28:37Z</time>
			</trkpt>
			<trkpt lat="19.268993" lon="98.593919">
				<ele>1389.200562</ele>
				<time>2016-02-07T04:28:38Z</time>
			</trkpt>
			<trkpt lat="19.269062" lon="98.593963">
				<ele>1387.555176</ele>
				<time>2016-02-07T04:28:39Z</time>
			</trkpt>
			<trkpt lat="19.269125" lon="98.594080">
				<ele>1388.482788</ele>
				<time>2016-02-07T04:28:40Z</time>
			</trkpt>
			<trkpt lat="19.269210" lon="98.594283">
				<ele>1385.958496</ele>
				<time>2016-02-07T04:28:41Z</time>
			</trkpt>
			<trkpt lat="19.269282" lon="98.594468">
				<ele>1385.756836</ele>
				<time>2016-02-07T04:28:42Z</time>
			</trkpt>
			<trkpt lat="19.269379" lon="98.594663">
				<ele>1385.833862</ele>
				<time>2016-02-07T04:28:43Z</time>
			</trkpt>
			<trkpt lat="19.269489" lon="98.594854">
				<ele>1385.158691</ele>
				<time>2016-02-07T04:28:44Z</time>
			</trkpt>
			<trkpt lat="19.269615" lon="98.595025">
				<ele>1384.457886</ele>
				<time>2016-02-07T04:28:45Z</time>
			</trkpt>
			<trkpt lat="19.269729" lon="98.595216">
				<ele>1384.589966</ele>
				<time>2016-02-07T04:28:46Z</time>
			</trkpt>
			<trkpt lat="19.269802" lon="98.595383">
				<ele>1384.100708</ele>
				<time>2016-02-07T04:28:47Z</time>
			</trkpt>
			<trkpt lat="19.269900" lon="98.595580">
				<ele>1384.091064</ele>
				<time>2016-02-07T04:28:48Z</time>
			</trkpt>
			<trkpt lat="19.269997" lon="98.595773">
				<ele>1383.310547</ele>
				<time>2016-02-07T04:28:49Z</time>
			</trkpt>
			<trkpt lat="19.270095" lon="98.595959">
				<ele>1384.316528</ele>
				<time>2016-02-07T04:28:50Z</time>
			</trkpt>
			<trkpt lat="19.270182" lon="98.596154">
				<ele>1384.327759</ele>
				<time>2016-02-07T04:28:51Z</time>
			</trkpt>
			<trkpt lat="19.270245" lon="98.596320">
				<ele>1383.429443</ele>
				<time>2016-02-07T04:28:52Z</time>
			</trkpt>
			<trkpt lat="19.270299" lon="98.596497">
				<ele>1384.463623</ele>
				<time>2016-02-07T04:28:53Z</time>
			</trkpt>
			<trkpt lat="19.270373" lon="98.596632">
				<ele>1382.809937</ele>
				<time>2016-02-07T04:28:54Z</time>
			</trkpt>
			<trkpt lat="19.270483" lon="98.596759">
				<ele>1382.951660</ele>
				<time>2016-02-07T04:28:55Z</time>
			</trkpt>
			<trkpt lat="19.270594" lon="98.596875">
				<ele>1383.161011</ele>
				<time>2016-02-07T04:28:56Z</time>
			</trkpt>
			<trkpt lat="19.270711" lon="98.596991">
				<ele>1381.608398</ele>
				<time>2016-02-07T04:28:57Z</time>
			</trkpt>
			<trkpt lat="19.270808" lon="98.597070">
				<ele>1380.678833</ele>
				<time>2016-02-07T04:28:58Z</time>
			</trkpt>
			<trkpt lat="19.270870" lon="98.597179">
				<ele>1381.099365</ele>
				<time>2016-02-07T04:28:59Z</time>
			</trkpt>
			<trkpt lat="19.270938" lon="98.597267">
				<ele>1380.405029</ele>
				<time>2016-02-07T04:29:00Z</time>
			</trkpt>
			<trkpt lat="19.270990" lon="98.597344">
				<ele>1379.097412</ele>
				<time>2016-02-07T04:29:01Z</time>
			</trkpt>
			<trkpt lat="19.271023" lon="98.597441">
				<ele>1378.820557</ele>
				<time>2016-02-07T04:29:02Z</time>
			</trkpt>
			<trkpt lat="19.271025" lon="98.597517">
				<ele>1380.196411</ele>
				<time>2016-02-07T04:29:03Z</time>
			</trkpt>
			<trkpt lat="19.271012" lon="98.597668">
				<ele>1377.561157</ele>
				<time>2016-02-07T04:29:04Z</time>
			</trkpt>
			<trkpt lat="19.271014" lon="98.597832">
				<ele>1377.874756</ele>
				<time>2016-02-07T04:29:05Z</time>
			</trkpt>
			<trkpt lat="19.271009" lon="98.597985">
				<ele>1379.129883</ele>
				<time>2016-02-07T04:29:06Z</time>
			</trkpt>
			<trkpt lat="19.271049" lon="98.598112">
				<ele>1380.263916</ele>
				<time>2016-02-07T04:29:07Z</time>
			</trkpt>
			<trkpt lat="19.271122" lon="98.598223">
				<ele>1378.293945</ele>
				<time>2016-02-07T04:29:08Z</time>
			</trkpt>
			<trkpt lat="19.271199" lon="98.598363">
				<ele>1377.806763</ele>
				<time>2016-02-07T04:29:09Z</time>
			</trkpt>
			<trkpt lat="19.271309" lon="98.598441">
				<ele>1378.240967</ele>
				<time>2016-02-07T04:29:10Z</time>
			</trkpt>
			<trkpt lat="19.271420" lon="98.598514">
				<ele>1377.134644</ele>
				<time>2016-02-07T04:29:11Z</time>
			</trkpt>
			<trkpt lat="19.271541" lon="98.598581">
				<ele>1377.271973</ele>
				<time>2016-02-07T04:29:12Z</time>
			</trkpt>
			<trkpt lat="19.271710" lon="98.598593">
				<ele>1375.841919</ele>
				<time>2016-02-07T04:29:13Z</time>
			</trkpt>
			<trkpt lat="19.271842" lon="98.598587">
				<ele>1375.139648</ele>
				<time>2016-02-07T04:29:14Z</time>
			</trkpt>
			<trkpt lat="19.271997" lon="98.598566">
				<ele>1376.473022</ele>
				<time>2016-02-07T04:29:15Z</time>
			</trkpt>
			<trkpt lat="19.272142" lon="98.598575">
				<ele>1375.042236</ele>
				<time>2016-02-07T04:29:16Z</time>
			</trkpt>
			<trkpt lat="19.272302" lon="98.598582">
				<ele>1375.229858</ele>
				<time>2016-02-07T04:29:17Z</time>
			</trkpt>
			<trkpt lat="19.272452" lon="98.598562">
				<ele>1374.936646</ele>
				<time>2016-02-07T04:29:18Z</time>
			</trkpt>
			<trkpt lat="19.272654" lon="98.598579">
				<ele>1374.498535</ele>
				<time>2016-02-07T04:29:19Z</time>
			</trkpt>
			<trkpt lat="19.272807" lon="98.598583">
				<ele>1372.382080</ele>
				<time>2016-02-07T04:29:20Z</time>
			</trkpt>
			<trkpt lat="19.272940" lon="98.598566">
				<ele>1371.731445</ele>
				<time>2016-02-07T04:29:21Z</time>
			</trkpt>
			<trkpt lat="19.273147" lon="98.598534">
				<ele>1368.742676</ele>
				<time>2016-02-07T04:29:22Z</time>
			</trkpt>
			<trkpt lat="19.273332" lon="98.598519">
				<ele>1368.348755</ele>
				<time>2016-02-07T04:29:23Z</time>
			</trkpt>
			<trkpt lat="19.273506" lon="98.598513">
				<ele>1368.453491</ele>
				<time>2016-02-07T04:29:24Z</time>
			</trkpt>
			<trkpt lat="19.273656" lon="98.598511">
				<ele>1363.786133</ele>
				<time>2016-02-07T04:29:25Z</time>
			</trkpt>
			<trkpt lat="19.273816" lon="98.598501">
				<ele>1360.794678</ele>
				<time>2016-02-07T04:29:26Z</time>
			</trkpt>
			<trkpt lat="19.273971" lon="98.598506">
				<ele>1361.225098</ele>
				<time>2016-02-07T04:29:27Z</time>
			</trkpt>
			<trkpt lat="19.274151" lon="98.598519">
				<ele>1361.832031</ele>
				<time>2016-02-07T04:29:28Z</time>
			</trkpt>
			<trkpt lat="19.274254" lon="98.598563">
				<ele>1360.095215</ele>
				<time>2016-02-07T04:29:29Z</time>
			</trkpt>
			<trkpt lat="19.274400" lon="98.598587">
				<ele>1359.594971</ele>
				<time>2016-02-07T04:29:30Z</time>
			</trkpt>
			<trkpt lat="19.274531" lon="98.598656">
				<ele>1357.033813</ele>
				<time>2016-02-07T04:29:31Z</time>
			</trkpt>
			<trkpt lat="19.274709" lon="98.598787">
				<ele>1357.110107</ele>
				<time>2016-02-07T04:29:32Z</time>
			</trkpt>
			<trkpt lat="19.274875" lon="98.598889">
				<ele>1357.192627</ele>
				<time>2016-02-07T04:29:33Z</time>
			</trkpt>
			<trkpt lat="19.275026" lon="98.598973">
				<ele>1357.099854</ele>
				<time>2016-02-07T04:29:34Z</time>
			</trkpt>
			<trkpt lat="19.275192" lon="98.599035">
				<ele>1356.477051</ele>
				<time>2016-02-07T04:29:35Z</time>
			</trkpt>
			<trkpt lat="19.275359" lon="98.599117">
				<ele>1357.522583</ele>
				<time>2016-02-07T04:29:36Z</time>
			</trkpt>
			<trkpt lat="19.275564" lon="98.599115">
				<ele>1358.208130</ele>
				<time>2016-02-07T04:29:37Z</time>
			</trkpt>
			<trkpt lat="19.275757" lon="98.599142">
				<ele>1357.586426</ele>
				<time>2016-02-07T04:29:38Z</time>
			</trkpt>
			<trkpt lat="19.275889" lon="98.599139">
				<ele>1359.062012</ele>
				<time>2016-02-07T04:29:39Z</time>
			</trkpt>
			<trkpt lat="19.276041" lon="98.599158">
				<ele>1358.601074</ele>
				<time>2016-02-07T04:29:40Z</time>
			</trkpt>
			<trkpt lat="19.276227" lon="98.599186">
				<ele>1359.434448</ele>
				<time>2016-02-07T04:29:41Z</time>
			</trkpt>
			<trkpt lat="19.276351" lon="98.599237">
				<ele>1361.304565</ele>
				<time>2016-02-07T04:29:42Z</time>
			</trkpt>
			<trkpt lat="19.276491" lon="98.599321">
				<ele>1360.497192</ele>
				<time>2016-02-07T04:29:43Z</time>
			</trkpt>
			<trkpt lat="19.276629" lon="98.599395">
				<ele>1360.113647</ele>
				<time>2016-02-07T04:29:44Z</time>
			</trkpt>
			<trkpt lat="19.276780" lon="98.599510">
				<ele>1357.816772</ele>
				<time>2016-02-07T04:29:45Z</time>
			</trkpt>
			<trkpt lat="19.276874" lon="98.599669">
				<ele>1357.110962</ele>
				<time>2016-02-07T04:29:46Z</time>
			</trkpt>
			<trkpt lat="19.276961" lon="98.599810">
				<ele>1357.750610</ele>
				<time>2016-02-07T04:29:47Z</time>
			</trkpt>
			<trkpt lat="19.276961" lon="98.599962">
				<ele>1362.166260</ele>
				<time>2016-02-07T04:29:48Z</time>
			</trkpt>
			<trkpt lat="19.276932" lon="98.600145">
				<ele>1360.339966</ele>
				<time>2016-02-07T04:29:49Z</time>
			</trkpt>
			<trkpt lat="19.276915" lon="98.600282">
				<ele>1361.556763</ele>
				<time>2016-02-07T04:29:50Z</time>
			</trkpt>
			<trkpt lat="19.276918" lon="98.600423">
				<ele>1361.762085</ele>
				<time>2016-02-07T04:29:51Z</time>
			</trkpt>
			<trkpt lat="19.276906" lon="98.600577">
				<ele>1360.962402</ele>
				<time>2016-02-07T04:29:52Z</time>
			</trkpt>
			<trkpt lat="19.276906" lon="98.600755">
				<ele>1363.653076</ele>
				<time>2016-02-07T04:29:53Z</time>
			</trkpt>
			<trkpt lat="19.276898" lon="98.600948">
				<ele>1366.285034</ele>
				<time>2016-02-07T04:29:54Z</time>
			</trkpt>
			<trkpt lat="19.276905" lon="98.601145">
				<ele>1366.916260</ele>
				<time>2016-02-07T04:29:55Z</time>
			</trkpt>
			<trkpt lat="19.276893" lon="98.601333">
				<ele>1369.431519</ele>
				<time>2016-02-07T04:29:56Z</time>
			</trkpt>
			<trkpt lat="19.276900" lon="98.601488">
				<ele>1370.331787</ele>
				<time>2016-02-07T04:29:57Z</time>
			</trkpt>
			<trkpt lat="19.276896" lon="98.601630">
				<ele>1371.945068</ele>
				<time>2016-02-07T04:29:58Z</time>
			</trkpt>
			<trkpt lat="19.276910" lon="98.601788">
				<ele>1372.395142</ele>
				<time>2016-02-07T04:29:59Z</time>
			</trkpt>
			<trkpt lat="19.276908" lon="98.601933">
				<ele>1371.990845</ele>
				<time>2016-02-07T04:30:00Z</time>
			</trkpt>
			<trkpt lat="19.276959" lon="98.602082">
				<ele>1373.545044</ele>
				<time>2016-02-07T04:30:01Z</time>
			</trkpt>
			<trkpt lat="19.276997" lon="98.602227">
				<ele>1374.614868</ele>
				<time>2016-02-07T04:30:02Z</time>
			</trkpt>
			<trkpt lat="19.277098" lon="98.602307">
				<ele>1374.297974</ele>
				<time>2016-02-07T04:30:03Z</time>
			</trkpt>
			<trkpt lat="19.277160" lon="98.602428">
				<ele>1374.553589</ele>
				<time>2016-02-07T04:30:04Z</time>
			</trkpt>
			<trkpt lat="19.277237" lon="98.602577">
				<ele>1375.114136</ele>
				<time>2016-02-07T04:30:05Z</time>
			</trkpt>
			<trkpt lat="19.277296" lon="98.602719">
				<ele>1375.964722</ele>
				<time>2016-02-07T04:30:06Z</time>
			</trkpt>
			<trkpt lat="19.277359" lon="98.602828">
				<ele>1378.663452</ele>
				<time>2016-02-07T04:30:07Z</time>
			</trkpt>
			<trkpt lat="19.277457" lon="98.602977">
				<ele>1380.021973</ele>
				<time>2016-02-07T04:30:08Z</time>
			</trkpt>
			<trkpt lat="19.277556" lon="98.603071">
				<ele>1381.904541</ele>
				<time>2016-02-07T04:30:09Z</time>
			</trkpt>
			<trkpt lat="19.277665" lon="98.603131">
				<ele>1380.979614</ele>
				<time>2016-02-07T04:30:10Z</time>
			</trkpt>
			<trkpt lat="19.277787" lon="98.603206">
				<ele>1381.742065</ele>
				<time>2016-02-07T04:30:11Z</time>
			</trkpt>
			<trkpt lat="19.277893" lon="98.603254">
				<ele>1383.007202</ele>
				<time>2016-02-07T04:30:12Z</time>
			</trkpt>
			<trkpt lat="19.278006" lon="98.603331">
				<ele>1384.650513</ele>
				<time>2016-02-07T04:30:13Z</time>
			</trkpt>
			<trkpt lat="19.278097" lon="98.603391">
				<ele>1385.286377</ele>
				<time>2016-02-07T04:30:14Z</time>
			</trkpt>
			<trkpt lat="19.278179" lon="98.603467">
				<ele>1386.251587</ele>
				<time>2016-02-07T04:30:15Z</time>
			</trkpt>
			<trkpt lat="19.278264" lon="98.603561">
				<ele>1388.379395</ele>
				<time>2016-02-07T04:30:16Z</time>
			</trkpt>
			<trkpt lat="19.278345" lon="98.603670">
				<ele>1389.586792</ele>
				<time>2016-02-07T04:30:17Z</time>
			</trkpt>
			<trkpt lat="19.278407" lon="98.603795">
				<ele>1389.875366</ele>
				<time>2016-02-07T04:30:18Z</time>
			</trkpt>
			<trkpt lat="19.278460" lon="98.603911">
				<ele>1389.495605</ele>
				<time>2016-02-07T04:30:19Z</time>
			</trkpt>
			<trkpt lat="19.278492" lon="98.604033">
				<ele>1391.274536</ele>
				<time>2016-02-07T04:30:20Z</time>
			</trkpt>
			<trkpt lat="19.278516" lon="98.604159">
				<ele>1390.997314</ele>
				<time>2016-02-07T04:30:21Z</time>
			</trkpt>
			<trkpt lat="19.278539" lon="98.604289">
				<ele>1392.000732</ele>
				<time>2016-02-07T04:30:22Z</time>
			</trkpt>
			<trkpt lat="19.278469" lon="98.604391">
				<ele>1391.922852</ele>
				<time>2016-02-07T04:30:23Z</time>
			</trkpt>
			<trkpt lat="19.278405" lon="98.604501">
				<ele>1391.009277</ele>
				<time>2016-02-07T04:30:24Z</time>
			</trkpt>
			<trkpt lat="19.278334" lon="98.604623">
				<ele>1389.949219</ele>
				<time>2016-02-07T04:30:25Z</time>
			</trkpt>
			<trkpt lat="19.278282" lon="98.604749">
				<ele>1391.232544</ele>
				<time>2016-02-07T04:30:26Z</time>
			</trkpt>
			<trkpt lat="19.278211" lon="98.604890">
				<ele>1390.978271</ele>
				<time>2016-02-07T04:30:27Z</time>
			</trkpt>
			<trkpt lat="19.278171" lon="98.605044">
				<ele>1390.143311</ele>
				<time>2016-02-07T04:30:28Z</time>
			</trkpt>
			<trkpt lat="19.278119" lon="98.605180">
				<ele>1389.513062</ele>
				<time>2016-02-07T04:30:29Z</time>
			</trkpt>
			<trkpt lat="19.278092" lon="98.605329">
				<ele>1389.178101</ele>
				<time>2016-02-07T04:30:30Z</time>
			</trkpt>
			<trkpt lat="19.278043" lon="98.605466">
				<ele>1389.056396</ele>
				<time>2016-02-07T04:30:31Z</time>
			</trkpt>
			<trkpt lat="19.277993" lon="98.605595">
				<ele>1388.940430</ele>
				<time>2016-02-07T04:30:32Z</time>
			</trkpt>
			<trkpt lat="19.277939" lon="98.605731">
				<ele>1389.231445</ele>
				<time>2016-02-07T04:30:33Z</time>
			</trkpt>
			<trkpt lat="19.277874" lon="98.605872">
				<ele>1389.585693</ele>
				<time>2016-02-07T04:30:34Z</time>
			</trkpt>
			<trkpt lat="19.277811" lon="98.606002">
				<ele>1389.644775</ele>
				<time>2016-02-07T04:30:35Z</time>
			</trkpt>
			<trkpt lat="19.277758" lon="98.606139">
				<ele>1390.098511</ele>
				<time>2016-02-07T04:30:36Z</time>
			</trkpt>
			<trkpt lat="19.277675" lon="98.606296">
				<ele>1389.546631</ele>
				<time>2016-02-07T04:30:37Z</time>
			</trkpt>
			<trkpt lat="19.277626" lon="98.606449">
				<ele>1389.820312</ele>
				<time>2016-02-07T04:30:38Z</time>
			</trkpt>
			<trkpt lat="19.277589" lon="98.606607">
				<ele>1389.931519</ele>
				<time>2016-02-07T04:30:39Z</time>
			</trkpt>
			<trkpt lat="19.277565" lon="98.606750">
				<ele>1390.150146</ele>
				<time>2016-02-07T04:30:40Z</time>
			</trkpt>
			<trkpt lat="19.277527" lon="98.606883">
				<ele>1390.423462</ele>
				<time>2016-02-07T04:30:41Z</time>
			</trkpt>
			<trkpt lat="19.277466" lon="98.606985">
				<ele>1388.943481</ele>
				<time>2016-02-07T04:30:42Z</time>
			</trkpt>
			<trkpt lat="19.277316" lon="98.607053">
				<ele>1384.388428</ele>
				<time>2016-02-07T04:30:43Z</time>
			</trkpt>
			<trkpt lat="19.277202" lon="98.607103">
				<ele>1381.424805</ele>
				<time>2016-02-07T04:30:44Z</time>
			</trkpt>
			<trkpt lat="19.277121" lon="98.607158">
				<ele>1379.367554</ele>
				<time>2016-02-07T04:30:45Z</time>
			</trkpt>
			<trkpt lat="19.277074" lon="98.607190">
				<ele>1377.011353</ele>
				<time>2016-02-07T04:30:46Z</time>
			</trkpt>
			<trkpt lat="19.276978" lon="98.607239">
				<ele>1374.780273</ele>
				<time>2016-02-07T04:30:47Z</time>
			</trkpt>
			<trkpt lat="19.276861" lon="98.607255">
				<ele>1374.274536</ele>
				<time>2016-02-07T04:30:48Z</time>
			</trkpt>
			<trkpt lat="19.276768" lon="98.607304">
				<ele>1371.995117</ele>
				<time>2016-02-07T04:30:49Z</time>
			</trkpt>
			<trkpt lat="19.276657" lon="98.607364">
				<ele>1370.428955</ele>
				<time>2016-02-07T04:30:50Z</time>
			</trkpt>
			<trkpt lat="19.276538" lon="98.607390">
				<ele>1368.917236</ele>
				<time>2016-02-07T04:30:51Z</time>
			</trkpt>
			<trkpt lat="19.276415" lon="98.607402">
				<ele>1369.658325</ele>
				<time>2016-02-07T04:30:52Z</time>
			</trkpt>
			<trkpt lat="19.276293" lon="98.607425">
				<ele>1368.860596</ele>
				<time>2016-02-07T04:30:53Z</time>
			</trkpt>
			<trkpt lat="19.276176" lon="98.607452">
				<ele>1367.888306</ele>
				<time>2016-02-07T04:30:54Z</time>
			</trkpt>
			<trkpt lat="19.276061" lon="98.607498">
				<ele>1367.653320</ele>
				<time>2016-02-07T04:30:55Z</time>
			</trkpt>
			<trkpt lat="19.275957" lon="98.607556">
				<ele>1367.730103</ele>
				<time>2016-02-07T04:30:56Z</time>
			</trkpt>
			<trkpt lat="19.275852" lon="98.607626">
				<ele>1369.951904</ele>
				<time>2016-02-07T04:30:57Z</time>
			</trkpt>
			<trkpt lat="19.275764" lon="98.607707">
				<ele>1372.055298</ele>
				<time>2016-02-07T04:30:58Z</time>
			</trkpt>
			<trkpt lat="19.275691" lon="98.607791">
				<ele>1374.100098</ele>
				<time>2016-02-07T04:30:59Z</time>
			</trkpt>
			<trkpt lat="19.275624" lon="98.607868">
				<ele>1375.045654</ele>
				<time>2016-02-07T04:31:00Z</time>
			</trkpt>
			<trkpt lat="19.275563" lon="98.607949">
				<ele>1375.204468</ele>
				<time>2016-02-07T04:31:01Z</time>
			</trkpt>
			<trkpt lat="19.275515" lon="98.608019">
				<ele>1372.509888</ele>
				<time>2016-02-07T04:31:02Z</time>
			</trkpt>
			<trkpt lat="19.275445" lon="98.608085">
				<ele>1374.489380</ele>
				<time>2016-02-07T04:31:03Z</time>
			</trkpt>
			<trkpt lat="19.275371" lon="98.608141">
				<ele>1374.764160</ele>
				<time>2016-02-07T04:31:04Z</time>
			</trkpt>
			<trkpt lat="19.275285" lon="98.608181">
				<ele>1373.649658</ele>
				<time>2016-02-07T04:31:05Z</time>
			</trkpt>
			<trkpt lat="19.275196" lon="98.608207">
				<ele>1373.699341</ele>
				<time>2016-02-07T04:31:06Z</time>
			</trkpt>
			<trkpt lat="19.275099" lon="98.608240">
				<ele>1374.055420</ele>
				<time>2016-02-07T04:31:07Z</time>
			</trkpt>
			<trkpt lat="19.274999" lon="98.608280">
				<ele>1373.771118</ele>
				<time>2016-02-07T04:31:08Z</time>
			</trkpt>
			<trkpt lat="19.274903" lon="98.608292">
				<ele>1374.137817</ele>
				<time>2016-02-07T04:31:09Z</time>
			</trkpt>
			<trkpt lat="19.274811" lon="98.608314">
				<ele>1375.174927</ele>
				<time>2016-02-07T04:31:10Z</time>
			</trkpt>
			<trkpt lat="19.274715" lon="98.608345">
				<ele>1375.008667</ele>
				<time>2016-02-07T04:31:11Z</time>
			</trkpt>
			<trkpt lat="19.274600" lon="98.608349">
				<ele>1375.182495</ele>
				<time>2016-02-07T04:31:12Z</time>
			</trkpt>
			<trkpt lat="19.274571" lon="98.608324">
				<ele>1374.882324</ele>
				<time>2016-02-07T04:31:13Z</time>
			</trkpt>
			<trkpt lat="19.274511" lon="98.608305">
				<ele>1376.745483</ele>
				<time>2016-02-07T04:31:14Z</time>
			</trkpt>
			<trkpt lat="19.274466" lon="98.608290">
				<ele>1377.452393</ele>
				<time>2016-02-07T04:31:15Z</time>
			</trkpt>
			<trkpt lat="19.274428" lon="98.608294">
				<ele>1378.858887</ele>
				<time>2016-02-07T04:31:16Z</time>
			</trkpt>
			<trkpt lat="19.274377" lon="98.608276">
				<ele>1379.277954</ele>
				<time>2016-02-07T04:31:17Z</time>
			</trkpt>
			<trkpt lat="19.274347" lon="98.608289">
				<ele>1378.734253</ele>
				<time>2016-02-07T04:31:18Z</time>
			</trkpt>
			<trkpt lat="19.274306" lon="98.608305">
				<ele>1377.438965</ele>
				<time>2016-02-07T04:31:19Z</time>
			</trkpt>
			<trkpt lat="19.274284" lon="98.608361">
				<ele>1375.857788</ele>
				<time>2016-02-07T04:31:20Z</time>
			</trkpt>
			<trkpt lat="19.274291" lon="98.608409">
				<ele>1376.328979</ele>
				<time>2016-02-07T04:31:21Z</time>
			</trkpt>
			<trkpt lat="19.274306" lon="98.608473">
				<ele>1375.556885</ele>
				<time>2016-02-07T04:31:22Z</time>
			</trkpt>
			<trkpt lat="19.274330" lon="98.608517">
				<ele>1374.137695</ele>
				<time>2016-02-07T04:31:23Z</time>
			</trkpt>
			<trkpt lat="19.274342" lon="98.608560">
				<ele>1373.123779</ele>
				<time>2016-02-07T04:31:24Z</time>
			</trkpt>
			<trkpt lat="19.274351" lon="98.608598">
				<ele>1372.046875</ele>
				<time>2016-02-07T04:31:25Z</time>
			</trkpt>
			<trkpt lat="19.274373" lon="98.608633">
				<ele>1372.016357</ele>
				<time>2016-02-07T04:31:26Z</time>
			</trkpt>
			<trkpt lat="19.274407" lon="98.608692">
				<ele>1370.259888</ele>
				<time>2016-02-07T04:31:27Z</time>
			</trkpt>
			<trkpt lat="19.274448" lon="98.608755">
				<ele>1369.062744</ele>
				<time>2016-02-07T04:31:28Z</time>
			</trkpt>
			<trkpt lat="19.274492" lon="98.608823">
				<ele>1368.253662</ele>
				<time>2016-02-07T04:31:29Z</time>
			</trkpt>
			<trkpt lat="19.274545" lon="98.608895">
				<ele>1366.865601</ele>
				<time>2016-02-07T04:31:30Z</time>
			</trkpt>
			<trkpt lat="19.274589" lon="98.608959">
				<ele>1366.478394</ele>
				<time>2016-02-07T04:31:31Z</time>
			</trkpt>
			<trkpt lat="19.274635" lon="98.609004">
				<ele>1363.098877</ele>
				<time>2016-02-07T04:31:32Z</time>
			</trkpt>
			<trkpt lat="19.274683" lon="98.609063">
				<ele>1361.779297</ele>
				<time>2016-02-07T04:31:33Z</time>
			</trkpt>
			<trkpt lat="19.274732" lon="98.609122">
				<ele>1361.139282</ele>
				<time>2016-02-07T04:31:34Z</time>
			</trkpt>
			<trkpt lat="19.274788" lon="98.609182">
				<ele>1361.108154</ele>
				<time>2016-02-07T04:31:35Z</time>
			</trkpt>
			<trkpt lat="19.274848" lon="98.609230">
				<ele>1360.756714</ele>
				<time>2016-02-07T04:31:36Z</time>
			</trkpt>
			<trkpt lat="19.274907" lon="98.609267">
				<ele>1359.289185</ele>
				<time>2016-02-07T04:31:37Z</time>
			</trkpt>
			<trkpt lat="19.274981" lon="98.609302">
				<ele>1357.460327</ele>
				<time>2016-02-07T04:31:38Z</time>
			</trkpt>
			<trkpt lat="19.275052" lon="98.609335">
				<ele>1355.745850</ele>
				<time>2016-02-07T04:31:39Z</time>
			</trkpt>
			<trkpt lat="19.275125" lon="98.609371">
				<ele>1355.145996</ele>
				<time>2016-02-07T04:31:40Z</time>
			</trkpt>
			<trkpt lat="19.275195" lon="98.609403">
				<ele>1354.168579</ele>
				<time>2016-02-07T04:31:41Z</time>
			</trkpt>
			<trkpt lat="19.275265" lon="98.609432">
				<ele>1353.138550</ele>
				<time>2016-02-07T04:31:42Z</time>
			</trkpt>
			<trkpt lat="19.275329" lon="98.609460">
				<ele>1352.039795</ele>
				<time>2016-02-07T04:31:43Z</time>
			</trkpt>
			<trkpt lat="19.275402" lon="98.609487">
				<ele>1350.972046</ele>
				<time>2016-02-07T04:31:44Z</time>
			</trkpt>
			<trkpt lat="19.275471" lon="98.609518">
				<ele>1350.577759</ele>
				<time>2016-02-07T04:31:45Z</time>
			</trkpt>
			<trkpt lat="19.275528" lon="98.609548">
				<ele>1349.697510</ele>
				<time>2016-02-07T04:31:46Z</time>
			</trkpt>
			<trkpt lat="19.275592" lon="98.609581">
				<ele>1348.644653</ele>
				<time>2016-02-07T04:31:47Z</time>
			</trkpt>
			<trkpt lat="19.275669" lon="98.609627">
				<ele>1347.955566</ele>
				<time>2016-02-07T04:31:48Z</time>
			</trkpt>
			<trkpt lat="19.275749" lon="98.609673">
				<ele>1346.934570</ele>
				<time>2016-02-07T04:31:49Z</time>
			</trkpt>
			<trkpt lat="19.275841" lon="98.609728">
				<ele>1345.257080</ele>
				<time>2016-02-07T04:31:50Z</time>
			</trkpt>
			<trkpt lat="19.275928" lon="98.609800">
				<ele>1345.591675</ele>
				<time>2016-02-07T04:31:51Z</time>
			</trkpt>
			<trkpt lat="19.276011" lon="98.609862">
				<ele>1344.903076</ele>
				<time>2016-02-07T04:31:52Z</time>
			</trkpt>
			<trkpt lat="19.276097" lon="98.609923">
				<ele>1342.808105</ele>
				<time>2016-02-07T04:31:53Z</time>
			</trkpt>
			<trkpt lat="19.276182" lon="98.609988">
				<ele>1341.696899</ele>
				<time>2016-02-07T04:31:54Z</time>
			</trkpt>
			<trkpt lat="19.276274" lon="98.610053">
				<ele>1340.653076</ele>
				<time>2016-02-07T04:31:55Z</time>
			</trkpt>
			<trkpt lat="19.276375" lon="98.610112">
				<ele>1340.120361</ele>
				<time>2016-02-07T04:31:56Z</time>
			</trkpt>
			<trkpt lat="19.276471" lon="98.610165">
				<ele>1339.302246</ele>
				<time>2016-02-07T04:31:57Z</time>
			</trkpt>
			<trkpt lat="19.276571" lon="98.610203">
				<ele>1337.654907</ele>
				<time>2016-02-07T04:31:58Z</time>
			</trkpt>
			<trkpt lat="19.276673" lon="98.610243">
				<ele>1337.008179</ele>
				<time>2016-02-07T04:31:59Z</time>
			</trkpt>
			<trkpt lat="19.276777" lon="98.610279">
				<ele>1336.837280</ele>
				<time>2016-02-07T04:32:00Z</time>
			</trkpt>
			<trkpt lat="19.276900" lon="98.610280">
				<ele>1335.529175</ele>
				<time>2016-02-07T04:32:01Z</time>
			</trkpt>
			<trkpt lat="19.277016" lon="98.610278">
				<ele>1334.959595</ele>
				<time>2016-02-07T04:32:02Z</time>
			</trkpt>
			<trkpt lat="19.277126" lon="98.610284">
				<ele>1334.014160</ele>
				<time>2016-02-07T04:32:03Z</time>
			</trkpt>
			<trkpt lat="19.277233" lon="98.610301">
				<ele>1332.580688</ele>
				<time>2016-02-07T04:32:04Z</time>
			</trkpt>
			<trkpt lat="19.277317" lon="98.610312">
				<ele>1332.868530</ele>
				<time>2016-02-07T04:32:05Z</time>
			</trkpt>
			<trkpt lat="19.277420" lon="98.610327">
				<ele>1332.596436</ele>
				<time>2016-02-07T04:32:06Z</time>
			</trkpt>
			<trkpt lat="19.277542" lon="98.610428">
				<ele>1333.241455</ele>
				<time>2016-02-07T04:32:07Z</time>
			</trkpt>
			<trkpt lat="19.277673" lon="98.610487">
				<ele>1332.702148</ele>
				<time>2016-02-07T04:32:08Z</time>
			</trkpt>
			<trkpt lat="19.277792" lon="98.610515">
				<ele>1334.399048</ele>
				<time>2016-02-07T04:32:09Z</time>
			</trkpt>
			<trkpt lat="19.277914" lon="98.610526">
				<ele>1332.999878</ele>
				<time>2016-02-07T04:32:10Z</time>
			</trkpt>
			<trkpt lat="19.278047" lon="98.610560">
				<ele>1333.156250</ele>
				<time>2016-02-07T04:32:11Z</time>
			</trkpt>
			<trkpt lat="19.278164" lon="98.610587">
				<ele>1332.144409</ele>
				<time>2016-02-07T04:32:12Z</time>
			</trkpt>
			<trkpt lat="19.278282" lon="98.610614">
				<ele>1331.944214</ele>
				<time>2016-02-07T04:32:13Z</time>
			</trkpt>
			<trkpt lat="19.278368" lon="98.610713">
				<ele>1333.599121</ele>
				<time>2016-02-07T04:32:14Z</time>
			</trkpt>
			<trkpt lat="19.278423" lon="98.610782">
				<ele>1333.097168</ele>
				<time>2016-02-07T04:32:15Z</time>
			</trkpt>
			<trkpt lat="19.278493" lon="98.610862">
				<ele>1333.165283</ele>
				<time>2016-02-07T04:32:16Z</time>
			</trkpt>
			<trkpt lat="19.278562" lon="98.610950">
				<ele>1329.686401</ele>
				<time>2016-02-07T04:32:17Z</time>
			</trkpt>
			<trkpt lat="19.278628" lon="98.611035">
				<ele>1329.735596</ele>
				<time>2016-02-07T04:32:18Z</time>
			</trkpt>
			<trkpt lat="19.278644" lon="98.611155">
				<ele>1330.211182</ele>
				<time>2016-02-07T04:32:19Z</time>
			</trkpt>
			<trkpt lat="19.278568" lon="98.611342">
				<ele>1329.727661</ele>
				<time>2016-02-07T04:32:20Z</time>
			</trkpt>
			<trkpt lat="19.278564" lon="98.611496">
				<ele>1330.767700</ele>
				<time>2016-02-07T04:32:21Z</time>
			</trkpt>
			<trkpt lat="19.278565" lon="98.611636">
				<ele>1332.219971</ele>
				<time>2016-02-07T04:32:22Z</time>
			</trkpt>
			<trkpt lat="19.278559" lon="98.611819">
				<ele>1332.022217</ele>
				<time>2016-02-07T04:32:23Z</time>
			</trkpt>
			<trkpt lat="19.278536" lon="98.612016">
				<ele>1331.609375</ele>
				<time>2016-02-07T04:32:24Z</time>
			</trkpt>
			<trkpt lat="19.278491" lon="98.612249">
				<ele>1330.831055</ele>
				<time>2016-02-07T04:32:25Z</time>
			</trkpt>
			<trkpt lat="19.278454" lon="98.612460">
				<ele>1331.743896</ele>
				<time>2016-02-07T04:32:26Z</time>
			</trkpt>
			<trkpt lat="19.278425" lon="98.612648">
				<ele>1331.619751</ele>
				<time>2016-02-07T04:32:27Z</time>
			</trkpt>
			<trkpt lat="19.278418" lon="98.612837">
				<ele>1333.054932</ele>
				<time>2016-02-07T04:32:28Z</time>
			</trkpt>
			<trkpt lat="19.278434" lon="98.613039">
				<ele>1334.469727</ele>
				<time>2016-02-07T04:32:29Z</time>
			</trkpt>
			<trkpt lat="19.278485" lon="98.613216">
				<ele>1335.110596</ele>
				<time>2016-02-07T04:32:30Z</time>
			</trkpt>
			<trkpt lat="19.278535" lon="98.613418">
				<ele>1335.680298</ele>
				<time>2016-02-07T04:32:31Z</time>
			</trkpt>
			<trkpt lat="19.278567" lon="98.613606">
				<ele>1337.754761</ele>
				<time>2016-02-07T04:32:32Z</time>
			</trkpt>
			<trkpt lat="19.278579" lon="98.613805">
				<ele>1339.502319</ele>
				<time>2016-02-07T04:32:33Z</time>
			</trkpt>
			<trkpt lat="19.278578" lon="98.613994">
				<ele>1341.772705</ele>
				<time>2016-02-07T04:32:34Z</time>
			</trkpt>
			<trkpt lat="19.278580" lon="98.614176">
				<ele>1340.574707</ele>
				<time>2016-02-07T04:32:35Z</time>
			</trkpt>
			<trkpt lat="19.278583" lon="98.614371">
				<ele>1340.735229</ele>
				<time>2016-02-07T04:32:36Z</time>
			</trkpt>
			<trkpt lat="19.278580" lon="98.614548">
				<ele>1340.788330</ele>
				<time>2016-02-07T04:32:37Z</time>
			</trkpt>
			<trkpt lat="19.278572" lon="98.614710">
				<ele>1339.676147</ele>
				<time>2016-02-07T04:32:38Z</time>
			</trkpt>
			<trkpt lat="19.278550" lon="98.614844">
				<ele>1336.302979</ele>
				<time>2016-02-07T04:32:39Z</time>
			</trkpt>
			<trkpt lat="19.278521" lon="98.614976">
				<ele>1333.885986</ele>
				<time>2016-02-07T04:32:40Z</time>
			</trkpt>
			<trkpt lat="19.278479" lon="98.615103">
				<ele>1333.372681</ele>
				<time>2016-02-07T04:32:41Z</time>
			</trkpt>
			<trkpt lat="19.278378" lon="98.615240">
				<ele>1330.484131</ele>
				<time>2016-02-07T04:32:42Z</time>
			</trkpt>
			<trkpt lat="19.278190" lon="98.615376">
				<ele>1327.843506</ele>
				<time>2016-02-07T04:32:43Z</time>
			</trkpt>
			<trkpt lat="19.278092" lon="98.615509">
				<ele>1326.792847</ele>
				<time>2016-02-07T04:32:44Z</time>
			</trkpt>
			<trkpt lat="19.278003" lon="98.615662">
				<ele>1324.068237</ele>
				<time>2016-02-07T04:32:45Z</time>
			</trkpt>
			<trkpt lat="19.277919" lon="98.615810">
				<ele>1323.071167</ele>
				<time>2016-02-07T04:32:46Z</time>
			</trkpt>
			<trkpt lat="19.277828" lon="98.615971">
				<ele>1323.602417</ele>
				<time>2016-02-07T04:32:47Z</time>
			</trkpt>
			<trkpt lat="19.277768" lon="98.616150">
				<ele>1323.629272</ele>
				<time>2016-02-07T04:32:48Z</time>
			</trkpt>
			<trkpt lat="19.277759" lon="98.616358">
				<ele>1322.199707</ele>
				<time>2016-02-07T04:32:49Z</time>
			</trkpt>
			<trkpt lat="19.277742" lon="98.616532">
				<ele>1322.489502</ele>
				<time>2016-02-07T04:32:50Z</time>
			</trkpt>
			<trkpt lat="19.277694" lon="98.616721">
				<ele>1322.887207</ele>
				<time>2016-02-07T04:32:51Z</time>
			</trkpt>
			<trkpt lat="19.277634" lon="98.616910">
				<ele>1321.242188</ele>
				<time>2016-02-07T04:32:52Z</time>
			</trkpt>
			<trkpt lat="19.277584" lon="98.617076">
				<ele>1321.232300</ele>
				<time>2016-02-07T04:32:53Z</time>
			</trkpt>
			<trkpt lat="19.277489" lon="98.617305">
				<ele>1323.626709</ele>
				<time>2016-02-07T04:32:54Z</time>
			</trkpt>
			<trkpt lat="19.277407" lon="98.617483">
				<ele>1323.166992</ele>
				<time>2016-02-07T04:32:55Z</time>
			</trkpt>
			<trkpt lat="19.277319" lon="98.617648">
				<ele>1321.145630</ele>
				<time>2016-02-07T04:32:56Z</time>
			</trkpt>
			<trkpt lat="19.277222" lon="98.617801">
				<ele>1318.994751</ele>
				<time>2016-02-07T04:32:57Z</time>
			</trkpt>
			<trkpt lat="19.277105" lon="98.617978">
				<ele>1318.578613</ele>
				<time>2016-02-07T04:32:58Z</time>
			</trkpt>
			<trkpt lat="19.276988" lon="98.618132">
				<ele>1318.804565</ele>
				<time>2016-02-07T04:32:59Z</time>
			</trkpt>
			<trkpt lat="19.276856" lon="98.618234">
				<ele>1318.089355</ele>
				<time>2016-02-07T04:33:00Z</time>
			</trkpt>
			<trkpt lat="19.276709" lon="98.618345">
				<ele>1318.645264</ele>
				<time>2016-02-07T04:33:01Z</time>
			</trkpt>
			<trkpt lat="19.276556" lon="98.618433">
				<ele>1318.593750</ele>
				<time>2016-02-07T04:33:02Z</time>
			</trkpt>
			<trkpt lat="19.276404" lon="98.618535">
				<ele>1318.258423</ele>
				<time>2016-02-07T04:33:03Z</time>
			</trkpt>
			<trkpt lat="19.276290" lon="98.618667">
				<ele>1317.866089</ele>
				<time>2016-02-07T04:33:04Z</time>
			</trkpt>
			<trkpt lat="19.276173" lon="98.618800">
				<ele>1317.010742</ele>
				<time>2016-02-07T04:33:05Z</time>
			</trkpt>
			<trkpt lat="19.276083" lon="98.618941">
				<ele>1316.121704</ele>
				<time>2016-02-07T04:33:06Z</time>
			</trkpt>
			<trkpt lat="19.276029" lon="98.619113">
				<ele>1314.845581</ele>
				<time>2016-02-07T04:33:07Z</time>
			</trkpt>
			<trkpt lat="19.275981" lon="98.619308">
				<ele>1315.457886</ele>
				<time>2016-02-07T04:33:08Z</time>
			</trkpt>
			<trkpt lat="19.275941" lon="98.619499">
				<ele>1316.138550</ele>
				<time>2016-02-07T04:33:09Z</time>
			</trkpt>
			<trkpt lat="19.275977" lon="98.619699">
				<ele>1316.219604</ele>
				<time>2016-02-07T04:33:10Z</time>
			</trkpt>
			<trkpt lat="19.275982" lon="98.619902">
				<ele>1315.661865</ele>
				<time>2016-02-07T04:33:11Z</time>
			</trkpt>
			<trkpt lat="19.275996" lon="98.620066">
				<ele>1315.756348</ele>
				<time>2016-02-07T04:33:12Z</time>
			</trkpt>
			<trkpt lat="19.275997" lon="98.620205">
				<ele>1316.449219</ele>
				<time>2016-02-07T04:33:13Z</time>
			</trkpt>
			<trkpt lat="19.275980" lon="98.620370">
				<ele>1315.707153</ele>
				<time>2016-02-07T04:33:14Z</time>
			</trkpt>
			<trkpt lat="19.275965" lon="98.620552">
				<ele>1315.013550</ele>
				<time>2016-02-07T04:33:15Z</time>
			</trkpt>
			<trkpt lat="19.275922" lon="98.620700">
				<ele>1314.560181</ele>
				<time>2016-02-07T04:33:16Z</time>
			</trkpt>
			<trkpt lat="19.275890" lon="98.620863">
				<ele>1315.019043</ele>
				<time>2016-02-07T04:33:17Z</time>
			</trkpt>
			<trkpt lat="19.275854" lon="98.621038">
				<ele>1315.039429</ele>
				<time>2016-02-07T04:33:18Z</time>
			</trkpt>
			<trkpt lat="19.275828" lon="98.621207">
				<ele>1314.807251</ele>
				<time>2016-02-07T04:33:19Z</time>
			</trkpt>
			<trkpt lat="19.275778" lon="98.621371">
				<ele>1315.872803</ele>
				<time>2016-02-07T04:33:20Z</time>
			</trkpt>
			<trkpt lat="19.275736" lon="98.621527">
				<ele>1316.068970</ele>
				<time>2016-02-07T04:33:21Z</time>
			</trkpt>
			<trkpt lat="19.275688" lon="98.621692">
				<ele>1315.447876</ele>
				<time>2016-02-07T04:33:22Z</time>
			</trkpt>
			<trkpt lat="19.275600" lon="98.621834">
				<ele>1317.245972</ele>
				<time>2016-02-07T04:33:23Z</time>
			</trkpt>
			<trkpt lat="19.275517" lon="98.621952">
				<ele>1316.191284</ele>
				<time>2016-02-07T04:33:24Z</time>
			</trkpt>
			<trkpt lat="19.275434" lon="98.622050">
				<ele>1313.523804</ele>
				<time>2016-02-07T04:33:25Z</time>
			</trkpt>
			<trkpt lat="19.275355" lon="98.622146">
				<ele>1313.924805</ele>
				<time>2016-02-07T04:33:26Z</time>
			</trkpt>
			<trkpt lat="19.275271" lon="98.622210">
				<ele>1313.954468</ele>
				<time>2016-02-07T04:33:27Z</time>
			</trkpt>
			<trkpt lat="19.275167" lon="98.622286">
				<ele>1313.641357</ele>
				<time>2016-02-07T04:33:28Z</time>
			</trkpt>
			<trkpt lat="19.275065" lon="98.622353">
				<ele>1314.048706</ele>
				<time>2016-02-07T04:33:29Z</time>
			</trkpt>
			<trkpt lat="19.274866" lon="98.622413">
				<ele>1313.122925</ele>
				<time>2016-02-07T04:33:30Z</time>
			</trkpt>
			<trkpt lat="19.274704" lon="98.622402">
				<ele>1312.699829</ele>
				<time>2016-02-07T04:33:31Z</time>
			</trkpt>
			<trkpt lat="19.274553" lon="98.622462">
				<ele>1313.606201</ele>
				<time>2016-02-07T04:33:32Z</time>
			</trkpt>
			<trkpt lat="19.274377" lon="98.622378">
				<ele>1311.392212</ele>
				<time>2016-02-07T04:33:33Z</time>
			</trkpt>
			<trkpt lat="19.274252" lon="98.622391">
				<ele>1311.685059</ele>
				<time>2016-02-07T04:33:34Z</time>
			</trkpt>
			<trkpt lat="19.274075" lon="98.622333">
				<ele>1310.933228</ele>
				<time>2016-02-07T04:33:35Z</time>
			</trkpt>
			<trkpt lat="19.273937" lon="98.622325">
				<ele>1312.264771</ele>
				<time>2016-02-07T04:33:36Z</time>
			</trkpt>
			<trkpt lat="19.273797" lon="98.622300">
				<ele>1312.804688</ele>
				<time>2016-02-07T04:33:37Z</time>
			</trkpt>
			<trkpt lat="19.273657" lon="98.622244">
				<ele>1312.078613</ele>
				<time>2016-02-07T04:33:38Z</time>
			</trkpt>
			<trkpt lat="19.273499" lon="98.622219">
				<ele>1312.603516</ele>
				<time>2016-02-07T04:33:39Z</time>
			</trkpt>
			<trkpt lat="19.273368" lon="98.622221">
				<ele>1309.742554</ele>
				<time>2016-02-07T04:33:40Z</time>
			</trkpt>
			<trkpt lat="19.273257" lon="98.622182">
				<ele>1307.609497</ele>
				<time>2016-02-07T04:33:41Z</time>
			</trkpt>
			<trkpt lat="19.273137" lon="98.622161">
				<ele>1306.757202</ele>
				<time>2016-02-07T04:33:42Z</time>
			</trkpt>
			<trkpt lat="19.273026" lon="98.622124">
				<ele>1306.945435</ele>
				<time>2016-02-07T04:33:43Z</time>
			</trkpt>
			<trkpt lat="19.272915" lon="98.622091">
				<ele>1307.959595</ele>
				<time>2016-02-07T04:33:44Z</time>
			</trkpt>
			<trkpt lat="19.272794" lon="98.622082">
				<ele>1305.352173</ele>
				<time>2016-02-07T04:33:45Z</time>
			</trkpt>
			<trkpt lat="19.272687" lon="98.622132">
				<ele>1304.672852</ele>
				<time>2016-02-07T04:33:46Z</time>
			</trkpt>
			<trkpt lat="19.272574" lon="98.622168">
				<ele>1303.679321</ele>
				<time>2016-02-07T04:33:47Z</time>
			</trkpt>
			<trkpt lat="19.272487" lon="98.622203">
				<ele>1303.032593</ele>
				<time>2016-02-07T04:33:48Z</time>
			</trkpt>
			<trkpt lat="19.272393" lon="98.622259">
				<ele>1302.677246</ele>
				<time>2016-02-07T04:33:49Z</time>
			</trkpt>
			<trkpt lat="19.272296" lon="98.622378">
				<ele>1303.196899</ele>
				<time>2016-02-07T04:33:50Z</time>
			</trkpt>
			<trkpt lat="19.272212" lon="98.622492">
				<ele>1301.681763</ele>
				<time>2016-02-07T04:33:51Z</time>
			</trkpt>
			<trkpt lat="19.272145" lon="98.622634">
				<ele>1301.229736</ele>
				<time>2016-02-07T04:33:52Z</time>
			</trkpt>
			<trkpt lat="19.272130" lon="98.622837">
				<ele>1298.917358</ele>
				<time>2016-02-07T04:33:53Z</time>
			</trkpt>
			<trkpt lat="19.272091" lon="98.622997">
				<ele>1294.856812</ele>
				<time>2016-02-07T04:33:54Z</time>
			</trkpt>
			<trkpt lat="19.272068" lon="98.623144">
				<ele>1292.027710</ele>
				<time>2016-02-07T04:33:55Z</time>
			</trkpt>
			<trkpt lat="19.272041" lon="98.623295">
				<ele>1291.613281</ele>
				<time>2016-02-07T04:33:56Z</time>
			</trkpt>
			<trkpt lat="19.271995" lon="98.623467">
				<ele>1290.580688</ele>
				<time>2016-02-07T04:33:57Z</time>
			</trkpt>
			<trkpt lat="19.271928" lon="98.623626">
				<ele>1288.720703</ele>
				<time>2016-02-07T04:33:58Z</time>
			</trkpt>
			<trkpt lat="19.271861" lon="98.623771">
				<ele>1289.150879</ele>
				<time>2016-02-07T04:33:59Z</time>
			</trkpt>
			<trkpt lat="19.271754" lon="98.623892">
				<ele>1287.709473</ele>
				<time>2016-02-07T04:34:00Z</time>
			</trkpt>
			<trkpt lat="19.271656" lon="98.624025">
				<ele>1288.820679</ele>
				<time>2016-02-07T04:34:01Z</time>
			</trkpt>
			<trkpt lat="19.271534" lon="98.624132">
				<ele>1289.018799</ele>
				<time>2016-02-07T04:34:02Z</time>
			</trkpt>
			<trkpt lat="19.271436" lon="98.624239">
				<ele>1289.120361</ele>
				<time>2016-02-07T04:34:03Z</time>
			</trkpt>
			<trkpt lat="19.271332" lon="98.624350">
				<ele>1287.601074</ele>
				<time>2016-02-07T04:34:04Z</time>
			</trkpt>
			<trkpt lat="19.271268" lon="98.624453">
				<ele>1287.234741</ele>
				<time>2016-02-07T04:34:05Z</time>
			</trkpt>
			<trkpt lat="19.271149" lon="98.624537">
				<ele>1286.586426</ele>
				<time>2016-02-07T04:34:06Z</time>
			</trkpt>
			<trkpt lat="19.271000" lon="98.624616">
				<ele>1286.323975</ele>
				<time>2016-02-07T04:34:07Z</time>
			</trkpt>
			<trkpt lat="19.270876" lon="98.624669">
				<ele>1285.762695</ele>
				<time>2016-02-07T04:34:08Z</time>
			</trkpt>
			<trkpt lat="19.270758" lon="98.624745">
				<ele>1286.373169</ele>
				<time>2016-02-07T04:34:09Z</time>
			</trkpt>
			<trkpt lat="19.270638" lon="98.624780">
				<ele>1285.361938</ele>
				<time>2016-02-07T04:34:10Z</time>
			</trkpt>
			<trkpt lat="19.270519" lon="98.624827">
				<ele>1288.331177</ele>
				<time>2016-02-07T04:34:11Z</time>
			</trkpt>
			<trkpt lat="19.270409" lon="98.624847">
				<ele>1291.561157</ele>
				<time>2016-02-07T04:34:12Z</time>
			</trkpt>
			<trkpt lat="19.270302" lon="98.624928">
				<ele>1290.594727</ele>
				<time>2016-02-07T04:34:13Z</time>
			</trkpt>
			<trkpt lat="19.270225" lon="98.624993">
				<ele>1291.487305</ele>
				<time>2016-02-07T04:34:14Z</time>
			</trkpt>
			<trkpt lat="19.270203" lon="98.625054">
				<ele>1290.840210</ele>
				<time>2016-02-07T04:34:15Z</time>
			</trkpt>
			<trkpt lat="19.270253" lon="98.625246">
				<ele>1291.996094</ele>
				<time>2016-02-07T04:34:16Z</time>
			</trkpt>
			<trkpt lat="19.270233" lon="98.625377">
				<ele>1292.998291</ele>
				<time>2016-02-07T04:34:17Z</time>
			</trkpt>
			<trkpt lat="19.270188" lon="98.625514">
				<ele>1293.027222</ele>
				<time>2016-02-07T04:34:18Z</time>
			</trkpt>
			<trkpt lat="19.270150" lon="98.625660">
				<ele>1294.120850</ele>
				<time>2016-02-07T04:34:19Z</time>
			</trkpt>
			<trkpt lat="19.270144" lon="98.625825">
				<ele>1293.188232</ele>
				<time>2016-02-07T04:34:20Z</time>
			</trkpt>
			<trkpt lat="19.270140" lon="98.625972">
				<ele>1294.763794</ele>
				<time>2016-02-07T04:34:21Z</time>
			</trkpt>
			<trkpt lat="19.270163" lon="98.626114">
				<ele>1297.284546</ele>
				<time>2016-02-07T04:34:22Z</time>
			</trkpt>
			<trkpt lat="19.270227" lon="98.626269">
				<ele>1298.649780</ele>
				<time>2016-02-07T04:34:23Z</time>
			</trkpt>
			<trkpt lat="19.270253" lon="98.626422">
				<ele>1299.750610</ele>
				<time>2016-02-07T04:34:24Z</time>
			</trkpt>
			<trkpt lat="19.270272" lon="98.626583">
				<ele>1300.381348</ele>
				<time>2016-02-07T04:34:25Z</time>
			</trkpt>
			<trkpt lat="19.270303" lon="98.626730">
				<ele>1299.252686</ele>
				<time>2016-02-07T04:34:26Z</time>
			</trkpt>
			<trkpt lat="19.270304" lon="98.626834">
				<ele>1301.561646</ele>
				<time>2016-02-07T04:34:27Z</time>
			</trkpt>
			<trkpt lat="19.270288" lon="98.626940">
				<ele>1301.334229</ele>
				<time>2016-02-07T04:34:28Z</time>
			</trkpt>
			<trkpt lat="19.270277" lon="98.627065">
				<ele>1302.455933</ele>
				<time>2016-02-07T04:34:29Z</time>
			</trkpt>
			<trkpt lat="19.270260" lon="98.627197">
				<ele>1302.693115</ele>
				<time>2016-02-07T04:34:30Z</time>
			</trkpt>
			<trkpt lat="19.270188" lon="98.627299">
				<ele>1302.869995</ele>
				<time>2016-02-07T04:34:31Z</time>
			</trkpt>
			<trkpt lat="19.270119" lon="98.627411">
				<ele>1303.272949</ele>
				<time>2016-02-07T04:34:32Z</time>
			</trkpt>
			<trkpt lat="19.270040" lon="98.627511">
				<ele>1305.008911</ele>
				<time>2016-02-07T04:34:33Z</time>
			</trkpt>
			<trkpt lat="19.269945" lon="98.627613">
				<ele>1305.122437</ele>
				<time>2016-02-07T04:34:34Z</time>
			</trkpt>
			<trkpt lat="19.269855" lon="98.627735">
				<ele>1304.928833</ele>
				<time>2016-02-07T04:34:35Z</time>
			</trkpt>
			<trkpt lat="19.269757" lon="98.627841">
				<ele>1303.254272</ele>
				<time>2016-02-07T04:34:36Z</time>
			</trkpt>
			<trkpt lat="19.269654" lon="98.627938">
				<ele>1304.865479</ele>
				<time>2016-02-07T04:34:37Z</time>
			</trkpt>
			<trkpt lat="19.269550" lon="98.628094">
				<ele>1304.302612</ele>
				<time>2016-02-07T04:34:38Z</time>
			</trkpt>
			<trkpt lat="19.269439" lon="98.628229">
				<ele>1303.882324</ele>
				<time>2016-02-07T04:34:39Z</time>
			</trkpt>
			<trkpt lat="19.269319" lon="98.628363">
				<ele>1302.297485</ele>
				<time>2016-02-07T04:34:40Z</time>
			</trkpt>
			<trkpt lat="19.269265" lon="98.628546">
				<ele>1300.464233</ele>
				<time>2016-02-07T04:34:41Z</time>
			</trkpt>
			<trkpt lat="19.269203" lon="98.628716">
				<ele>1295.107666</ele>
				<time>2016-02-07T04:34:42Z</time>
			</trkpt>
			<trkpt lat="19.269171" lon="98.628900">
				<ele>1293.267578</ele>
				<time>2016-02-07T04:34:43Z</time>
			</trkpt>
			<trkpt lat="19.269158" lon="98.629085">
				<ele>1293.004150</ele>
				<time>2016-02-07T04:34:44Z</time>
			</trkpt>
			<trkpt lat="19.269123" lon="98.629254">
				<ele>1293.887695</ele>
				<time>2016-02-07T04:34:45Z</time>
			</trkpt>
			<trkpt lat="19.269083" lon="98.629413">
				<ele>1294.312622</ele>
				<time>2016-02-07T04:34:46Z</time>
			</trkpt>
			<trkpt lat="19.269033" lon="98.629574">
				<ele>1294.487793</ele>
				<time>2016-02-07T04:34:47Z</time>
			</trkpt>
			<trkpt lat="19.268973" lon="98.629745">
				<ele>1294.345093</ele>
				<time>2016-02-07T04:34:48Z</time>
			</trkpt>
			<trkpt lat="19.268931" lon="98.629913">
				<ele>1295.270020</ele>
				<time>2016-02-07T04:34:49Z</time>
			</trkpt>
			<trkpt lat="19.268838" lon="98.630054">
				<ele>1296.062378</ele>
				<time>2016-02-07T04:34:50Z</time>
			</trkpt>
			<trkpt lat="19.268733" lon="98.630174">
				<ele>1296.470825</ele>
				<time>2016-02-07T04:34:51Z</time>
			</trkpt>
			<trkpt lat="19.268636" lon="98.630334">
				<ele>1295.875854</ele>
				<time>2016-02-07T04:34:52Z</time>
			</trkpt>
			<trkpt lat="19.268535" lon="98.630477">
				<ele>1296.550537</ele>
				<time>2016-02-07T04:34:53Z</time>
			</trkpt>
			<trkpt lat="19.268402" lon="98.630585">
				<ele>1297.759766</ele>
				<time>2016-02-07T04:34:54Z</time>
			</trkpt>
			<trkpt lat="19.268278" lon="98.630715">
				<ele>1298.088135</ele>
				<time>2016-02-07T04:34:55Z</time>
			</trkpt>
			<trkpt lat="19.268157" lon="98.630852">
				<ele>1298.883057</ele>
				<time>2016-02-07T04:34:56Z</time>
			</trkpt>
			<trkpt lat="19.268023" lon="98.630962">
				<ele>1299.371582</ele>
				<time>2016-02-07T04:34:57Z</time>
			</trkpt>
			<trkpt lat="19.267879" lon="98.631060">
				<ele>1300.551270</ele>
				<time>2016-02-07T04:34:58Z</time>
			</trkpt>
			<trkpt lat="19.267751" lon="98.631195">
				<ele>1299.664062</ele>
				<time>2016-02-07T04:34:59Z</time>
			</trkpt>
			<trkpt lat="19.267615" lon="98.631306">
				<ele>1300.334351</ele>
				<time>2016-02-07T04:35:00Z</time>
			</trkpt>
			<trkpt lat="19.267485" lon="98.631438">
				<ele>1301.542847</ele>
				<time>2016-02-07T04:35:01Z</time>
			</trkpt>
			<trkpt lat="19.267390" lon="98.631570">
				<ele>1304.780029</ele>
				<time>2016-02-07T04:35:02Z</time>
			</trkpt>
			<trkpt lat="19.267293" lon="98.631706">
				<ele>1307.502441</ele>
				<time>2016-02-07T04:35:03Z</time>
			</trkpt>
			<trkpt lat="19.267197" lon="98.631846">
				<ele>1308.079224</ele>
				<time>2016-02-07T04:35:04Z</time>
			</trkpt>
			<trkpt lat="19.267107" lon="98.631979">
				<ele>1308.469238</ele>
				<time>2016-02-07T04:35:05Z</time>
			</trkpt>
			<trkpt lat="19.267003" lon="98.632097">
				<ele>1309.291138</ele>
				<time>2016-02-07T04:35:06Z</time>
			</trkpt>
			<trkpt lat="19.266872" lon="98.632188">
				<ele>1309.520752</ele>
				<time>2016-02-07T04:35:07Z</time>
			</trkpt>
			<trkpt lat="19.266748" lon="98.632292">
				<ele>1310.971069</ele>
				<time>2016-02-07T04:35:08Z</time>
			</trkpt>
			<trkpt lat="19.266662" lon="98.632373">
				<ele>1313.095825</ele>
				<time>2016-02-07T04:35:09Z</time>
			</trkpt>
			<trkpt lat="19.266553" lon="98.632472">
				<ele>1314.204346</ele>
				<time>2016-02-07T04:35:10Z</time>
			</trkpt>
			<trkpt lat="19.266417" lon="98.632507">
				<ele>1314.053955</ele>
				<time>2016-02-07T04:35:11Z</time>
			</trkpt>
			<trkpt lat="19.266261" lon="98.632539">
				<ele>1313.018921</ele>
				<time>2016-02-07T04:35:12Z</time>
			</trkpt>
			<trkpt lat="19.266123" lon="98.632559">
				<ele>1313.419189</ele>
				<time>2016-02-07T04:35:13Z</time>
			</trkpt>
			<trkpt lat="19.265987" lon="98.632606">
				<ele>1314.556152</ele>
				<time>2016-02-07T04:35:14Z</time>
			</trkpt>
			<trkpt lat="19.265853" lon="98.632701">
				<ele>1317.191528</ele>
				<time>2016-02-07T04:35:15Z</time>
			</trkpt>
			<trkpt lat="19.265761" lon="98.632796">
				<ele>1316.852051</ele>
				<time>2016-02-07T04:35:16Z</time>
			</trkpt>
			<trkpt lat="19.265668" lon="98.632890">
				<ele>1315.697876</ele>
				<time>2016-02-07T04:35:17Z</time>
			</trkpt>
			<trkpt lat="19.265590" lon="98.632997">
				<ele>1316.579956</ele>
				<time>2016-02-07T04:35:18Z</time>
			</trkpt>
			<trkpt lat="19.265513" lon="98.633088">
				<ele>1318.611572</ele>
				<time>2016-02-07T04:35:19Z</time>
			</trkpt>
			<trkpt lat="19.265405" lon="98.633176">
				<ele>1316.491333</ele>
				<time>2016-02-07T04:35:20Z</time>
			</trkpt>
			<trkpt lat="19.265293" lon="98.633245">
				<ele>1316.980103</ele>
				<time>2016-02-07T04:35:21Z</time>
			</trkpt>
			<trkpt lat="19.265156" lon="98.633302">
				<ele>1317.604614</ele>
				<time>2016-02-07T04:35:22Z</time>
			</trkpt>
			<trkpt lat="19.265042" lon="98.633323">
				<ele>1317.609863</ele>
				<time>2016-02-07T04:35:23Z</time>
			</trkpt>
			<trkpt lat="19.264922" lon="98.633371">
				<ele>1317.599121</ele>
				<time>2016-02-07T04:35:24Z</time>
			</trkpt>
			<trkpt lat="19.264770" lon="98.633328">
				<ele>1317.258057</ele>
				<time>2016-02-07T04:35:25Z</time>
			</trkpt>
			<trkpt lat="19.264592" lon="98.633267">
				<ele>1317.596924</ele>
				<time>2016-02-07T04:35:26Z</time>
			</trkpt>
			<trkpt lat="19.264412" lon="98.633252">
				<ele>1319.004028</ele>
				<time>2016-02-07T04:35:27Z</time>
			</trkpt>
			<trkpt lat="19.264270" lon="98.633239">
				<ele>1320.895264</ele>
				<time>2016-02-07T04:35:28Z</time>
			</trkpt>
			<trkpt lat="19.264124" lon="98.633262">
				<ele>1322.273560</ele>
				<time>2016-02-07T04:35:29Z</time>
			</trkpt>
			<trkpt lat="19.263997" lon="98.633352">
				<ele>1322.305664</ele>
				<time>2016-02-07T04:35:30Z</time>
			</trkpt>
			<trkpt lat="19.263863" lon="98.633443">
				<ele>1322.892822</ele>
				<time>2016-02-07T04:35:31Z</time>
			</trkpt>
			<trkpt lat="19.263705" lon="98.633551">
				<ele>1320.685669</ele>
				<time>2016-02-07T04:35:32Z</time>
			</trkpt>
			<trkpt lat="19.263602" lon="98.633701">
				<ele>1320.054077</ele>
				<time>2016-02-07T04:35:33Z</time>
			</trkpt>
			<trkpt lat="19.263480" lon="98.633834">
				<ele>1321.025513</ele>
				<time>2016-02-07T04:35:34Z</time>
			</trkpt>
			<trkpt lat="19.263366" lon="98.633950">
				<ele>1321.836914</ele>
				<time>2016-02-07T04:35:35Z</time>
			</trkpt>
			<trkpt lat="19.263269" lon="98.634068">
				<ele>1322.738525</ele>
				<time>2016-02-07T04:35:36Z</time>
			</trkpt>
			<trkpt lat="19.263158" lon="98.634165">
				<ele>1323.528198</ele>
				<time>2016-02-07T04:35:37Z</time>
			</trkpt>
			<trkpt lat="19.263048" lon="98.634222">
				<ele>1322.588501</ele>
				<time>2016-02-07T04:35:38Z</time>
			</trkpt>
			<trkpt lat="19.262921" lon="98.634291">
				<ele>1321.612915</ele>
				<time>2016-02-07T04:35:39Z</time>
			</trkpt>
			<trkpt lat="19.262798" lon="98.634331">
				<ele>1321.112427</ele>
				<time>2016-02-07T04:35:40Z</time>
			</trkpt>
			<trkpt lat="19.262679" lon="98.634363">
				<ele>1321.078369</ele>
				<time>2016-02-07T04:35:41Z</time>
			</trkpt>
			<trkpt lat="19.262576" lon="98.634409">
				<ele>1321.538574</ele>
				<time>2016-02-07T04:35:42Z</time>
			</trkpt>
			<trkpt lat="19.262479" lon="98.634434">
				<ele>1321.327393</ele>
				<time>2016-02-07T04:35:43Z</time>
			</trkpt>
			<trkpt lat="19.262378" lon="98.634460">
				<ele>1322.456909</ele>
				<time>2016-02-07T04:35:44Z</time>
			</trkpt>
			<trkpt lat="19.262295" lon="98.634477">
				<ele>1322.277832</ele>
				<time>2016-02-07T04:35:45Z</time>
			</trkpt>
			<trkpt lat="19.262219" lon="98.634499">
				<ele>1322.283691</ele>
				<time>2016-02-07T04:35:46Z</time>
			</trkpt>
			<trkpt lat="19.262131" lon="98.634492">
				<ele>1322.497070</ele>
				<time>2016-02-07T04:35:47Z</time>
			</trkpt>
			<trkpt lat="19.262102" lon="98.634405">
				<ele>1323.651123</ele>
				<time>2016-02-07T04:35:48Z</time>
			</trkpt>
			<trkpt lat="19.261999" lon="98.634196">
				<ele>1323.224487</ele>
				<time>2016-02-07T04:35:49Z</time>
			</trkpt>
			<trkpt lat="19.261912" lon="98.634096">
				<ele>1322.241333</ele>
				<time>2016-02-07T04:35:50Z</time>
			</trkpt>
			<trkpt lat="19.261829" lon="98.634036">
				<ele>1320.608276</ele>
				<time>2016-02-07T04:35:51Z</time>
			</trkpt>
			<trkpt lat="19.261747" lon="98.633971">
				<ele>1320.163574</ele>
				<time>2016-02-07T04:35:52Z</time>
			</trkpt>
			<trkpt lat="19.261670" lon="98.633901">
				<ele>1319.798340</ele>
				<time>2016-02-07T04:35:53Z</time>
			</trkpt>
			<trkpt lat="19.261560" lon="98.633893">
				<ele>1319.216431</ele>
				<time>2016-02-07T04:35:54Z</time>
			</trkpt>
			<trkpt lat="19.261442" lon="98.633925">
				<ele>1318.719971</ele>
				<time>2016-02-07T04:35:55Z</time>
			</trkpt>
			<trkpt lat="19.261325" lon="98.634014">
				<ele>1317.677612</ele>
				<time>2016-02-07T04:35:56Z</time>
			</trkpt>
			<trkpt lat="19.261236" lon="98.634087">
				<ele>1317.086182</ele>
				<time>2016-02-07T04:35:57Z</time>
			</trkpt>
			<trkpt lat="19.261162" lon="98.634153">
				<ele>1315.366577</ele>
				<time>2016-02-07T04:35:58Z</time>
			</trkpt>
			<trkpt lat="19.261107" lon="98.634226">
				<ele>1315.673584</ele>
				<time>2016-02-07T04:35:59Z</time>
			</trkpt>
			<trkpt lat="19.261141" lon="98.634355">
				<ele>1313.923096</ele>
				<time>2016-02-07T04:36:00Z</time>
			</trkpt>
			<trkpt lat="19.261221" lon="98.634416">
				<ele>1314.137939</ele>
				<time>2016-02-07T04:36:01Z</time>
			</trkpt>
			<trkpt lat="19.261326" lon="98.634462">
				<ele>1314.028564</ele>
				<time>2016-02-07T04:36:02Z</time>
			</trkpt>
			<trkpt lat="19.261405" lon="98.634484">
				<ele>1314.251221</ele>
				<time>2016-02-07T04:36:03Z</time>
			</trkpt>
			<trkpt lat="19.261510" lon="98.634518">
				<ele>1313.874878</ele>
				<time>2016-02-07T04:36:04Z</time>
			</trkpt>
			<trkpt lat="19.261599" lon="98.634574">
				<ele>1315.022705</ele>
				<time>2016-02-07T04:36:05Z</time>
			</trkpt>
			<trkpt lat="19.261655" lon="98.634631">
				<ele>1315.801636</ele>
				<time>2016-02-07T04:36:06Z</time>
			</trkpt>
			<trkpt lat="19.261742" lon="98.634718">
				<ele>1316.171875</ele>
				<time>2016-02-07T04:36:07Z</time>
			</trkpt>
			<trkpt lat="19.261727" lon="98.634862">
				<ele>1315.616699</ele>
				<time>2016-02-07T04:36:08Z</time>
			</trkpt>
			<trkpt lat="19.261716" lon="98.634965">
				<ele>1315.402222</ele>
				<time>2016-02-07T04:36:09Z</time>
			</trkpt>
			<trkpt lat="19.261719" lon="98.635081">
				<ele>1313.828857</ele>
				<time>2016-02-07T04:36:10Z</time>
			</trkpt>
			<trkpt lat="19.261715" lon="98.635191">
				<ele>1314.965210</ele>
				<time>2016-02-07T04:36:11Z</time>
			</trkpt>
			<trkpt lat="19.261791" lon="98.635233">
				<ele>1314.211304</ele>
				<time>2016-02-07T04:36:12Z</time>
			</trkpt>
			<trkpt lat="19.261817" lon="98.635297">
				<ele>1317.696777</ele>
				<time>2016-02-07T04:36:13Z</time>
			</trkpt>
			<trkpt lat="19.261861" lon="98.635340">
				<ele>1317.382446</ele>
				<time>2016-02-07T04:36:14Z</time>
			</trkpt>
			<trkpt lat="19.261908" lon="98.635344">
				<ele>1317.374023</ele>
				<time>2016-02-07T04:36:15Z</time>
			</trkpt>
			<trkpt lat="19.262016" lon="98.635390">
				<ele>1316.250122</ele>
				<time>2016-02-07T04:36:16Z</time>
			</trkpt>
			<trkpt lat="19.262104" lon="98.635434">
				<ele>1315.959839</ele>
				<time>2016-02-07T04:36:17Z</time>
			</trkpt>
			<trkpt lat="19.262172" lon="98.635480">
				<ele>1315.802124</ele>
				<time>2016-02-07T04:36:18Z</time>
			</trkpt>
			<trkpt lat="19.262208" lon="98.635568">
				<ele>1317.189331</ele>
				<time>2016-02-07T04:36:19Z</time>
			</trkpt>
			<trkpt lat="19.262264" lon="98.635649">
				<ele>1317.226685</ele>
				<time>2016-02-07T04:36:20Z</time>
			</trkpt>
			<trkpt lat="19.262296" lon="98.635782">
				<ele>1315.212036</ele>
				<time>2016-02-07T04:36:21Z</time>
			</trkpt>
			<trkpt lat="19.262268" lon="98.635919">
				<ele>1313.263672</ele>
				<time>2016-02-07T04:36:22Z</time>
			</trkpt>
			<trkpt lat="19.262257" lon="98.636039">
				<ele>1310.892456</ele>
				<time>2016-02-07T04:36:23Z</time>
			</trkpt>
			<trkpt lat="19.262240" lon="98.636163">
				<ele>1309.734497</ele>
				<time>2016-02-07T04:36:24Z</time>
			</trkpt>
			<trkpt lat="19.262226" lon="98.636298">
				<ele>1308.011108</ele>
				<time>2016-02-07T04:36:25Z</time>
			</trkpt>
			<trkpt lat="19.262268" lon="98.636428">
				<ele>1308.065430</ele>
				<time>2016-02-07T04:36:26Z</time>
			</trkpt>
			<trkpt lat="19.262299" lon="98.636535">
				<ele>1307.602417</ele>
				<time>2016-02-07T04:36:27Z</time>
			</trkpt>
			<trkpt lat="19.262332" lon="98.636620">
				<ele>1308.941895</ele>
				<time>2016-02-07T04:36:28Z</time>
			</trkpt>
			<trkpt lat="19.262345" lon="98.636722">
				<ele>1308.332153</ele>
				<time>2016-02-07T04:36:29Z</time>
			</trkpt>
			<trkpt lat="19.262341" lon="98.636815">
				<ele>1308.852051</ele>
				<time>2016-02-07T04:36:30Z</time>
			</trkpt>
			<trkpt lat="19.262339" lon="98.636920">
				<ele>1307.779419</ele>
				<time>2016-02-07T04:36:31Z</time>
			</trkpt>
			<trkpt lat="19.262324" lon="98.637037">
				<ele>1306.873901</ele>
				<time>2016-02-07T04:36:32Z</time>
			</trkpt>
			<trkpt lat="19.262234" lon="98.637144">
				<ele>1304.815430</ele>
				<time>2016-02-07T04:36:33Z</time>
			</trkpt>
			<trkpt lat="19.262091" lon="98.637163">
				<ele>1303.134155</ele>
				<time>2016-02-07T04:36:34Z</time>
			</trkpt>
			<trkpt lat="19.261995" lon="98.637258">
				<ele>1301.707642</ele>
				<time>2016-02-07T04:36:35Z</time>
			</trkpt>
			<trkpt lat="19.261928" lon="98.637382">
				<ele>1301.817993</ele>
				<time>2016-02-07T04:36:36Z</time>
			</trkpt>
			<trkpt lat="19.261852" lon="98.637490">
				<ele>1299.863403</ele>
				<time>2016-02-07T04:36:37Z</time>
			</trkpt>
			<trkpt lat="19.261853" lon="98.637644">
				<ele>1299.133789</ele>
				<time>2016-02-07T04:36:38Z</time>
			</trkpt>
			<trkpt lat="19.261878" lon="98.637778">
				<ele>1299.445679</ele>
				<time>2016-02-07T04:36:39Z</time>
			</trkpt>
			<trkpt lat="19.261830" lon="98.637892">
				<ele>1298.835815</ele>
				<time>2016-02-07T04:36:40Z</time>
			</trkpt>
			<trkpt lat="19.261786" lon="98.637969">
				<ele>1298.194458</ele>
				<time>2016-02-07T04:36:41Z</time>
			</trkpt>
			<trkpt lat="19.261751" lon="98.638040">
				<ele>1294.711792</ele>
				<time>2016-02-07T04:36:42Z</time>
			</trkpt>
			<trkpt lat="19.261706" lon="98.638110">
				<ele>1293.681885</ele>
				<time>2016-02-07T04:36:43Z</time>
			</trkpt>
			<trkpt lat="19.261640" lon="98.638185">
				<ele>1293.217529</ele>
				<time>2016-02-07T04:36:44Z</time>
			</trkpt>
			<trkpt lat="19.261558" lon="98.638236">
				<ele>1292.260498</ele>
				<time>2016-02-07T04:36:45Z</time>
			</trkpt>
			<trkpt lat="19.261437" lon="98.638191">
				<ele>1290.770142</ele>
				<time>2016-02-07T04:36:46Z</time>
			</trkpt>
			<trkpt lat="19.261300" lon="98.638098">
				<ele>1290.225952</ele>
				<time>2016-02-07T04:36:47Z</time>
			</trkpt>
			<trkpt lat="19.261201" lon="98.638006">
				<ele>1288.337036</ele>
				<time>2016-02-07T04:36:48Z</time>
			</trkpt>
			<trkpt lat="19.261095" lon="98.637912">
				<ele>1288.344238</ele>
				<time>2016-02-07T04:36:49Z</time>
			</trkpt>
			<trkpt lat="19.261053" lon="98.637820">
				<ele>1286.845459</ele>
				<time>2016-02-07T04:36:50Z</time>
			</trkpt>
			<trkpt lat="19.261015" lon="98.637759">
				<ele>1285.979980</ele>
				<time>2016-02-07T04:36:51Z</time>
			</trkpt>
			<trkpt lat="19.260898" lon="98.637721">
				<ele>1282.647461</ele>
				<time>2016-02-07T04:36:52Z</time>
			</trkpt>
			<trkpt lat="19.260761" lon="98.637734">
				<ele>1280.094116</ele>
				<time>2016-02-07T04:36:53Z</time>
			</trkpt>
			<trkpt lat="19.260706" lon="98.637914">
				<ele>1276.236938</ele>
				<time>2016-02-07T04:36:54Z</time>
			</trkpt>
			<trkpt lat="19.260635" lon="98.637975">
				<ele>1274.860229</ele>
				<time>2016-02-07T04:36:55Z</time>
			</trkpt>
			<trkpt lat="19.260574" lon="98.638041">
				<ele>1272.628906</ele>
				<time>2016-02-07T04:36:56Z</time>
			</trkpt>
			<trkpt lat="19.260519" lon="98.638095">
				<ele>1272.744385</ele>
				<time>2016-02-07T04:36:57Z</time>
			</trkpt>
			<trkpt lat="19.260519" lon="98.638193">
				<ele>1272.934692</ele>
				<time>2016-02-07T04:36:58Z</time>
			</trkpt>
			<trkpt lat="19.260511" lon="98.638224">
				<ele>1272.153687</ele>
				<time>2016-02-07T04:36:59Z</time>
			</trkpt>
			<trkpt lat="19.260552" lon="98.638325">
				<ele>1271.474976</ele>
				<time>2016-02-07T04:37:00Z</time>
			</trkpt>
			<trkpt lat="19.260542" lon="98.638461">
				<ele>1270.536255</ele>
				<time>2016-02-07T04:37:01Z</time>
			</trkpt>
			<trkpt lat="19.260536" lon="98.638553">
				<ele>1270.488770</ele>
				<time>2016-02-07T04:37:02Z</time>
			</trkpt>
			<trkpt lat="19.260492" lon="98.638652">
				<ele>1270.006226</ele>
				<time>2016-02-07T04:37:03Z</time>
			</trkpt>
			<trkpt lat="19.260454" lon="98.638737">
				<ele>1270.694824</ele>
				<time>2016-02-07T04:37:04Z</time>
			</trkpt>
			<trkpt lat="19.260413" lon="98.638819">
				<ele>1273.352783</ele>
				<time>2016-02-07T04:37:05Z</time>
			</trkpt>
			<trkpt lat="19.260357" lon="98.638873">
				<ele>1273.486938</ele>
				<time>2016-02-07T04:37:06Z</time>
			</trkpt>
			<trkpt lat="19.260199" lon="98.638886">
				<ele>1272.620972</ele>
				<time>2016-02-07T04:37:07Z</time>
			</trkpt>
			<trkpt lat="19.260071" lon="98.638919">
				<ele>1272.423462</ele>
				<time>2016-02-07T04:37:08Z</time>
			</trkpt>
			<trkpt lat="19.259946" lon="98.638993">
				<ele>1271.740234</ele>
				<time>2016-02-07T04:37:09Z</time>
			</trkpt>
			<trkpt lat="19.259872" lon="98.639012">
				<ele>1269.228394</ele>
				<time>2016-02-07T04:37:10Z</time>
			</trkpt>
			<trkpt lat="19.259797" lon="98.639036">
				<ele>1266.369751</ele>
				<time>2016-02-07T04:37:11Z</time>
			</trkpt>
			<trkpt lat="19.259714" lon="98.639096">
				<ele>1266.110352</ele>
				<time>2016-02-07T04:37:12Z</time>
			</trkpt>
			<trkpt lat="19.259616" lon="98.639133">
				<ele>1264.998169</ele>
				<time>2016-02-07T04:37:13Z</time>
			</trkpt>
			<trkpt lat="19.259543" lon="98.639217">
				<ele>1264.875488</ele>
				<time>2016-02-07T04:37:14Z</time>
			</trkpt>
			<trkpt lat="19.259502" lon="98.639313">
				<ele>1263.650391</ele>
				<time>2016-02-07T04:37:15Z</time>
			</trkpt>
			<trkpt lat="19.259458" lon="98.639418">
				<ele>1263.630615</ele>
				<time>2016-02-07T04:37:16Z</time>
			</trkpt>
			<trkpt lat="19.259388" lon="98.639504">
				<ele>1263.772217</ele>
				<time>2016-02-07T04:37:17Z</time>
			</trkpt>
			<trkpt lat="19.259283" lon="98.639562">
				<ele>1261.934814</ele>
				<time>2016-02-07T04:37:18Z</time>
			</trkpt>
			<trkpt lat="19.259191" lon="98.639623">
				<ele>1259.334595</ele>
				<time>2016-02-07T04:37:19Z</time>
			</trkpt>
			<trkpt lat="19.259064" lon="98.639632">
				<ele>1255.665283</ele>
				<time>2016-02-07T04:37:20Z</time>
			</trkpt>
			<trkpt lat="19.258893" lon="98.639583">
				<ele>1251.665283</ele>
				<time>2016-02-07T04:37:21Z</time>
			</trkpt>
			<trkpt lat="19.258743" lon="98.639625">
				<ele>1249.101074</ele>
				<time>2016-02-07T04:37:22Z</time>
			</trkpt>
			<trkpt lat="19.258610" lon="98.639647">
				<ele>1248.302734</ele>
				<time>2016-02-07T04:37:23Z</time>
			</trkpt>
			<trkpt lat="19.258465" lon="98.639657">
				<ele>1248.092773</ele>
				<time>2016-02-07T04:37:24Z</time>
			</trkpt>
			<trkpt lat="19.258351" lon="98.639639">
				<ele>1248.532104</ele>
				<time>2016-02-07T04:37:25Z</time>
			</trkpt>
			<trkpt lat="19.258274" lon="98.639622">
				<ele>1247.086182</ele>
				<time>2016-02-07T04:37:26Z</time>
			</trkpt>
			<trkpt lat="19.258190" lon="98.639573">
				<ele>1247.318604</ele>
				<time>2016-02-07T04:37:27Z</time>
			</trkpt>
			<trkpt lat="19.258121" lon="98.639578">
				<ele>1246.127563</ele>
				<time>2016-02-07T04:37:28Z</time>
			</trkpt>
			<trkpt lat="19.258088" lon="98.639487">
				<ele>1243.255737</ele>
				<time>2016-02-07T04:37:29Z</time>
			</trkpt>
			<trkpt lat="19.258034" lon="98.639410">
				<ele>1242.896729</ele>
				<time>2016-02-07T04:37:30Z</time>
			</trkpt>
			<trkpt lat="19.258004" lon="98.639259">
				<ele>1243.301147</ele>
				<time>2016-02-07T04:37:31Z</time>
			</trkpt>
			<trkpt lat="19.258023" lon="98.639098">
				<ele>1242.486328</ele>
				<time>2016-02-07T04:37:32Z</time>
			</trkpt>
			<trkpt lat="19.258021" lon="98.638958">
				<ele>1241.345703</ele>
				<time>2016-02-07T04:37:33Z</time>
			</trkpt>
			<trkpt lat="19.257992" lon="98.638855">
				<ele>1238.572998</ele>
				<time>2016-02-07T04:37:34Z</time>
			</trkpt>
			<trkpt lat="19.257931" lon="98.638825">
				<ele>1239.232422</ele>
				<time>2016-02-07T04:37:35Z</time>
			</trkpt>
			<trkpt lat="19.257882" lon="98.638765">
				<ele>1236.797852</ele>
				<time>2016-02-07T04:37:36Z</time>
			</trkpt>
			<trkpt lat="19.257796" lon="98.638748">
				<ele>1237.560791</ele>
				<time>2016-02-07T04:37:37Z</time>
			</trkpt>
			<trkpt lat="19.257707" lon="98.638702">
				<ele>1236.087524</ele>
				<time>2016-02-07T04:37:38Z</time>
			</trkpt>
			<trkpt lat="19.257590" lon="98.638745">
				<ele>1235.820190</ele>
				<time>2016-02-07T04:37:39Z</time>
			</trkpt>
			<trkpt lat="19.257434" lon="98.638751">
				<ele>1236.455322</ele>
				<time>2016-02-07T04:37:40Z</time>
			</trkpt>
			<trkpt lat="19.257239" lon="98.638846">
				<ele>1236.962524</ele>
				<time>2016-02-07T04:37:41Z</time>
			</trkpt>
			<trkpt lat="19.257087" lon="98.638812">
				<ele>1238.170898</ele>
				<time>2016-02-07T04:37:42Z</time>
			</trkpt>
			<trkpt lat="19.256987" lon="98.638806">
				<ele>1238.179565</ele>
				<time>2016-02-07T04:37:43Z</time>
			</trkpt>
			<trkpt lat="19.256847" lon="98.638726">
				<ele>1237.000366</ele>
				<time>2016-02-07T04:37:44Z</time>
			</trkpt>
			<trkpt lat="19.256836" lon="98.638730">
				<ele>1235.460449</ele>
				<time>2016-02-07T04:37:45Z</time>
			</trkpt>
			<trkpt lat="19.256770" lon="98.638599">
				<ele>1231.251587</ele>
				<time>2016-02-07T04:37:46Z</time>
			</trkpt>
			<trkpt lat="19.256670" lon="98.638535">
				<ele>1228.914185</ele>
				<time>2016-02-07T04:37:47Z</time>
			</trkpt>
			<trkpt lat="19.256592" lon="98.638487">
				<ele>1227.371826</ele>
				<time>2016-02-07T04:37:48Z</time>
			</trkpt>
			<trkpt lat="19.256504" lon="98.638429">
				<ele>1226.378784</ele>
				<time>2016-02-07T04:37:49Z</time>
			</trkpt>
			<trkpt lat="19.256411" lon="98.638395">
				<ele>1224.028809</ele>
				<time>2016-02-07T04:37:50Z</time>
			</trkpt>
			<trkpt lat="19.256343" lon="98.638358">
				<ele>1224.289551</ele>
				<time>2016-02-07T04:37:51Z</time>
			</trkpt>
			<trkpt lat="19.256268" lon="98.638411">
				<ele>1224.575684</ele>
				<time>2016-02-07T04:37:52Z</time>
			</trkpt>
			<trkpt lat="19.256208" lon="98.638465">
				<ele>1223.651489</ele>
				<time>2016-02-07T04:37:53Z</time>
			</trkpt>
			<trkpt lat="19.256231" lon="98.638673">
				<ele>1222.814087</ele>
				<time>2016-02-07T04:37:54Z</time>
			</trkpt>
			<trkpt lat="19.256162" lon="98.638768">
				<ele>1222.589600</ele>
				<time>2016-02-07T04:37:55Z</time>
			</trkpt>
			<trkpt lat="19.256096" lon="98.638840">
				<ele>1220.991455</ele>
				<time>2016-02-07T04:37:56Z</time>
			</trkpt>
			<trkpt lat="19.256007" lon="98.638825">
				<ele>1220.541870</ele>
				<time>2016-02-07T04:37:57Z</time>
			</trkpt>
			<trkpt lat="19.255937" lon="98.638875">
				<ele>1218.253418</ele>
				<time>2016-02-07T04:37:58Z</time>
			</trkpt>
			<trkpt lat="19.255852" lon="98.638833">
				<ele>1217.958618</ele>
				<time>2016-02-07T04:37:59Z</time>
			</trkpt>
			<trkpt lat="19.255774" lon="98.638821">
				<ele>1216.536987</ele>
				<time>2016-02-07T04:38:00Z</time>
			</trkpt>
			<trkpt lat="19.255680" lon="98.638823">
				<ele>1214.690796</ele>
				<time>2016-02-07T04:38:01Z</time>
			</trkpt>
			<trkpt lat="19.255598" lon="98.638910">
				<ele>1215.890259</ele>
				<time>2016-02-07T04:38:02Z</time>
			</trkpt>
			<trkpt lat="19.255518" lon="98.638984">
				<ele>1216.048462</ele>
				<time>2016-02-07T04:38:03Z</time>
			</trkpt>
			<trkpt lat="19.255451" lon="98.639033">
				<ele>1215.384033</ele>
				<time>2016-02-07T04:38:04Z</time>
			</trkpt>
			<trkpt lat="19.255458" lon="98.639193">
				<ele>1214.166382</ele>
				<time>2016-02-07T04:38:05Z</time>
			</trkpt>
			<trkpt lat="19.255488" lon="98.639328">
				<ele>1214.585205</ele>
				<time>2016-02-07T04:38:06Z</time>
			</trkpt>
			<trkpt lat="19.255446" lon="98.639444">
				<ele>1217.344482</ele>
				<time>2016-02-07T04:38:07Z</time>
			</trkpt>
			<trkpt lat="19.255403" lon="98.639574">
				<ele>1218.223511</ele>
				<time>2016-02-07T04:38:08Z</time>
			</trkpt>
			<trkpt lat="19.255361" lon="98.639665">
				<ele>1217.539429</ele>
				<time>2016-02-07T04:38:09Z</time>
			</trkpt>
			<trkpt lat="19.255283" lon="98.639758">
				<ele>1217.688110</ele>
				<time>2016-02-07T04:38:10Z</time>
			</trkpt>
			<trkpt lat="19.255196" lon="98.639824">
				<ele>1217.586060</ele>
				<time>2016-02-07T04:38:11Z</time>
			</trkpt>
			<trkpt lat="19.255156" lon="98.639864">
				<ele>1217.398193</ele>
				<time>2016-02-07T04:38:12Z</time>
			</trkpt>
			<trkpt lat="19.255104" lon="98.639901">
				<ele>1216.398682</ele>
				<time>2016-02-07T04:38:13Z</time>
			</trkpt>
			<trkpt lat="19.255029" lon="98.639955">
				<ele>1215.932251</ele>
				<time>2016-02-07T04:38:14Z</time>
			</trkpt>
			<trkpt lat="19.254959" lon="98.639825">
				<ele>1215.556152</ele>
				<time>2016-02-07T04:38:15Z</time>
			</trkpt>
			<trkpt lat="19.254904" lon="98.639775">
				<ele>1214.244629</ele>
				<time>2016-02-07T04:38:16Z</time>
			</trkpt>
			<trkpt lat="19.254833" lon="98.639622">
				<ele>1214.153076</ele>
				<time>2016-02-07T04:38:17Z</time>
			</trkpt>
			<trkpt lat="19.254708" lon="98.639582">
				<ele>1213.274902</ele>
				<time>2016-02-07T04:38:18Z</time>
			</trkpt>
			<trkpt lat="19.254605" lon="98.639538">
				<ele>1212.179565</ele>
				<time>2016-02-07T04:38:19Z</time>
			</trkpt>
			<trkpt lat="19.254503" lon="98.639487">
				<ele>1211.992798</ele>
				<time>2016-02-07T04:38:20Z</time>
			</trkpt>
			<trkpt lat="19.254397" lon="98.639448">
				<ele>1211.938477</ele>
				<time>2016-02-07T04:38:21Z</time>
			</trkpt>
			<trkpt lat="19.254299" lon="98.639338">
				<ele>1212.040161</ele>
				<time>2016-02-07T04:38:22Z</time>
			</trkpt>
			<trkpt lat="19.254203" lon="98.639313">
				<ele>1211.041870</ele>
				<time>2016-02-07T04:38:23Z</time>
			</trkpt>
			<trkpt lat="19.254099" lon="98.639204">
				<ele>1210.362183</ele>
				<time>2016-02-07T04:38:24Z</time>
			</trkpt>
			<trkpt lat="19.254086" lon="98.639094">
				<ele>1208.739990</ele>
				<time>2016-02-07T04:38:25Z</time>
			</trkpt>
			<trkpt lat="19.254066" lon="98.638951">
				<ele>1207.741455</ele>
				<time>2016-02-07T04:38:26Z</time>
			</trkpt>
			<trkpt lat="19.254074" lon="98.638849">
				<ele>1207.563110</ele>
				<time>2016-02-07T04:38:27Z</time>
			</trkpt>
			<trkpt lat="19.254140" lon="98.638782">
				<ele>1206.416992</ele>
				<time>2016-02-07T04:38:28Z</time>
			</trkpt>
			<trkpt lat="19.254181" lon="98.638681">
				<ele>1207.645020</ele>
				<time>2016-02-07T04:38:29Z</time>
			</trkpt>
			<trkpt lat="19.254107" lon="98.638637">
				<ele>1206.405029</ele>
				<time>2016-02-07T04:38:30Z</time>
			</trkpt>
			<trkpt lat="19.254035" lon="98.638609">
				<ele>1203.490845</ele>
				<time>2016-02-07T04:38:31Z</time>
			</trkpt>
			<trkpt lat="19.253961" lon="98.638612">
				<ele>1202.156006</ele>
				<time>2016-02-07T04:38:32Z</time>
			</trkpt>
			<trkpt lat="19.253865" lon="98.638663">
				<ele>1200.709229</ele>
				<time>2016-02-07T04:38:33Z</time>
			</trkpt>
			<trkpt lat="19.253757" lon="98.638699">
				<ele>1198.802368</ele>
				<time>2016-02-07T04:38:34Z</time>
			</trkpt>
			<trkpt lat="19.253626" lon="98.638771">
				<ele>1197.298828</ele>
				<time>2016-02-07T04:38:35Z</time>
			</trkpt>
			<trkpt lat="19.253501" lon="98.638844">
				<ele>1197.054199</ele>
				<time>2016-02-07T04:38:36Z</time>
			</trkpt>
			<trkpt lat="19.253389" lon="98.638910">
				<ele>1194.831055</ele>
				<time>2016-02-07T04:38:37Z</time>
			</trkpt>
			<trkpt lat="19.253300" lon="98.638975">
				<ele>1194.715210</ele>
				<time>2016-02-07T04:38:38Z</time>
			</trkpt>
			<trkpt lat="19.253206" lon="98.639030">
				<ele>1194.807007</ele>
				<time>2016-02-07T04:38:39Z</time>
			</trkpt>
			<trkpt lat="19.253117" lon="98.639060">
				<ele>1195.911621</ele>
				<time>2016-02-07T04:38:40Z</time>
			</trkpt>
			<trkpt lat="19.253019" lon="98.639098">
				<ele>1196.147217</ele>
				<time>2016-02-07T04:38:41Z</time>
			</trkpt>
			<trkpt lat="19.252928" lon="98.639133">
				<ele>1196.100220</ele>
				<time>2016-02-07T04:38:42Z</time>
			</trkpt>
			<trkpt lat="19.252834" lon="98.639078">
				<ele>1195.140015</ele>
				<time>2016-02-07T04:38:43Z</time>
			</trkpt>
			<trkpt lat="19.252741" lon="98.639037">
				<ele>1193.838257</ele>
				<time>2016-02-07T04:38:44Z</time>
			</trkpt>
			<trkpt lat="19.252665" lon="98.638956">
				<ele>1192.638672</ele>
				<time>2016-02-07T04:38:45Z</time>
			</trkpt>
			<trkpt lat="19.252610" lon="98.638837">
				<ele>1189.842041</ele>
				<time>2016-02-07T04:38:46Z</time>
			</trkpt>
			<trkpt lat="19.252611" lon="98.638714">
				<ele>1188.998657</ele>
				<time>2016-02-07T04:38:47Z</time>
			</trkpt>
			<trkpt lat="19.252642" lon="98.638630">
				<ele>1188.907593</ele>
				<time>2016-02-07T04:38:48Z</time>
			</trkpt>
			<trkpt lat="19.252593" lon="98.638498">
				<ele>1188.808105</ele>
				<time>2016-02-07T04:38:49Z</time>
			</trkpt>
			<trkpt lat="19.252602" lon="98.638361">
				<ele>1188.112061</ele>
				<time>2016-02-07T04:38:50Z</time>
			</trkpt>
			<trkpt lat="19.252636" lon="98.638224">
				<ele>1187.078613</ele>
				<time>2016-02-07T04:38:51Z</time>
			</trkpt>
			<trkpt lat="19.252673" lon="98.638070">
				<ele>1187.287231</ele>
				<time>2016-02-07T04:38:52Z</time>
			</trkpt>
			<trkpt lat="19.252756" lon="98.637935">
				<ele>1187.206299</ele>
				<time>2016-02-07T04:38:53Z</time>
			</trkpt>
			<trkpt lat="19.252715" lon="98.637774">
				<ele>1185.111206</ele>
				<time>2016-02-07T04:38:54Z</time>
			</trkpt>
			<trkpt lat="19.252694" lon="98.637644">
				<ele>1183.957642</ele>
				<time>2016-02-07T04:38:55Z</time>
			</trkpt>
			<trkpt lat="19.252642" lon="98.637570">
				<ele>1183.942871</ele>
				<time>2016-02-07T04:38:56Z</time>
			</trkpt>
			<trkpt lat="19.252558" lon="98.637523">
				<ele>1182.010254</ele>
				<time>2016-02-07T04:38:57Z</time>
			</trkpt>
			<trkpt lat="19.252442" lon="98.637465">
				<ele>1180.483398</ele>
				<time>2016-02-07T04:38:58Z</time>
			</trkpt>
			<trkpt lat="19.252343" lon="98.637416">
				<ele>1181.034912</ele>
				<time>2016-02-07T04:38:59Z</time>
			</trkpt>
			<trkpt lat="19.252260" lon="98.637343">
				<ele>1179.902100</ele>
				<time>2016-02-07T04:39:00Z</time>
			</trkpt>
			<trkpt lat="19.252189" lon="98.637305">
				<ele>1178.750366</ele>
				<time>2016-02-07T04:39:01Z</time>
			</trkpt>
			<trkpt lat="19.252108" lon="98.637291">
				<ele>1175.582275</ele>
				<time>2016-02-07T04:39:02Z</time>
			</trkpt>
			<trkpt lat="19.252027" lon="98.637258">
				<ele>1172.485229</ele>
				<time>2016-02-07T04:39:03Z</time>
			</trkpt>
			<trkpt lat="19.251958" lon="98.637248">
				<ele>1170.245605</ele>
				<time>2016-02-07T04:39:04Z</time>
			</trkpt>
			<trkpt lat="19.251906" lon="98.637247">
				<ele>1168.196289</ele>
				<time>2016-02-07T04:39:05Z</time>
			</trkpt>
			<trkpt lat="19.251849" lon="98.637236">
				<ele>1167.513184</ele>
				<time>2016-02-07T04:39:06Z</time>
			</trkpt>
			<trkpt lat="19.251794" lon="98.637253">
				<ele>1167.765259</ele>
				<time>2016-02-07T04:39:07Z</time>
			</trkpt>
			<trkpt lat="19.251702" lon="98.637247">
				<ele>1165.891357</ele>
				<time>2016-02-07T04:39:08Z</time>
			</trkpt>
			<trkpt lat="19.251624" lon="98.637283">
				<ele>1165.494019</ele>
				<time>2016-02-07T04:39:09Z</time>
			</trkpt>
			<trkpt lat="19.251564" lon="98.637340">
				<ele>1166.584473</ele>
				<time>2016-02-07T04:39:10Z</time>
			</trkpt>
			<trkpt lat="19.251502" lon="98.637433">
				<ele>1164.410034</ele>
				<time>2016-02-07T04:39:11Z</time>
			</trkpt>
			<trkpt lat="19.251429" lon="98.637468">
				<ele>1166.220093</ele>
				<time>2016-02-07T04:39:12Z</time>
			</trkpt>
			<trkpt lat="19.251337" lon="98.637523">
				<ele>1168.757935</ele>
				<time>2016-02-07T04:39:13Z</time>
			</trkpt>
			<trkpt lat="19.251269" lon="98.637591">
				<ele>1171.607666</ele>
				<time>2016-02-07T04:39:14Z</time>
			</trkpt>
			<trkpt lat="19.251310" lon="98.637680">
				<ele>1170.121338</ele>
				<time>2016-02-07T04:39:15Z</time>
			</trkpt>
			<trkpt lat="19.251290" lon="98.637752">
				<ele>1170.971558</ele>
				<time>2016-02-07T04:39:16Z</time>
			</trkpt>
			<trkpt lat="19.251292" lon="98.637831">
				<ele>1169.281494</ele>
				<time>2016-02-07T04:39:17Z</time>
			</trkpt>
			<trkpt lat="19.251291" lon="98.637913">
				<ele>1169.805054</ele>
				<time>2016-02-07T04:39:18Z</time>
			</trkpt>
			<trkpt lat="19.251279" lon="98.637985">
				<ele>1170.380737</ele>
				<time>2016-02-07T04:39:19Z</time>
			</trkpt>
			<trkpt lat="19.251282" lon="98.638060">
				<ele>1170.428711</ele>
				<time>2016-02-07T04:39:20Z</time>
			</trkpt>
			<trkpt lat="19.251309" lon="98.638145">
				<ele>1171.324951</ele>
				<time>2016-02-07T04:39:21Z</time>
			</trkpt>
			<trkpt lat="19.251357" lon="98.638241">
				<ele>1170.564209</ele>
				<time>2016-02-07T04:39:22Z</time>
			</trkpt>
			<trkpt lat="19.251376" lon="98.638339">
				<ele>1169.430420</ele>
				<time>2016-02-07T04:39:23Z</time>
			</trkpt>
			<trkpt lat="19.251393" lon="98.638437">
				<ele>1168.536987</ele>
				<time>2016-02-07T04:39:24Z</time>
			</trkpt>
			<trkpt lat="19.251365" lon="98.638530">
				<ele>1168.280518</ele>
				<time>2016-02-07T04:39:25Z</time>
			</trkpt>
			<trkpt lat="19.251321" lon="98.638615">
				<ele>1168.430054</ele>
				<time>2016-02-07T04:39:26Z</time>
			</trkpt>
			<trkpt lat="19.251257" lon="98.638692">
				<ele>1168.509277</ele>
				<time>2016-02-07T04:39:27Z</time>
			</trkpt>
			<trkpt lat="19.251109" lon="98.638737">
				<ele>1168.747925</ele>
				<time>2016-02-07T04:39:28Z</time>
			</trkpt>
			<trkpt lat="19.251030" lon="98.638794">
				<ele>1166.795776</ele>
				<time>2016-02-07T04:39:29Z</time>
			</trkpt>
			<trkpt lat="19.250954" lon="98.638872">
				<ele>1167.068237</ele>
				<time>2016-02-07T04:39:30Z</time>
			</trkpt>
			<trkpt lat="19.250832" lon="98.638962">
				<ele>1166.503174</ele>
				<time>2016-02-07T04:39:31Z</time>
			</trkpt>
			<trkpt lat="19.250913" lon="98.639132">
				<ele>1168.362671</ele>
				<time>2016-02-07T04:39:32Z</time>
			</trkpt>
			<trkpt lat="19.250904" lon="98.639275">
				<ele>1168.453613</ele>
				<time>2016-02-07T04:39:33Z</time>
			</trkpt>
			<trkpt lat="19.250930" lon="98.639412">
				<ele>1168.215576</ele>
				<time>2016-02-07T04:39:34Z</time>
			</trkpt>
			<trkpt lat="19.251015" lon="98.639564">
				<ele>1168.985474</ele>
				<time>2016-02-07T04:39:35Z</time>
			</trkpt>
			<trkpt lat="19.251075" lon="98.639707">
				<ele>1169.455566</ele>
				<time>2016-02-07T04:39:36Z</time>
			</trkpt>
			<trkpt lat="19.251073" lon="98.639841">
				<ele>1168.861694</ele>
				<time>2016-02-07T04:39:37Z</time>
			</trkpt>
			<trkpt lat="19.251067" lon="98.639968">
				<ele>1167.774780</ele>
				<time>2016-02-07T04:39:38Z</time>
			</trkpt>
			<trkpt lat="19.251038" lon="98.640071">
				<ele>1167.496338</ele>
				<time>2016-02-07T04:39:39Z</time>
			</trkpt>
			<trkpt lat="19.250993" lon="98.640190">
				<ele>1168.087158</ele>
				<time>2016-02-07T04:39:40Z</time>
			</trkpt>
			<trkpt lat="19.250879" lon="98.640222">
				<ele>1167.560791</ele>
				<time>2016-02-07T04:39:41Z</time>
			</trkpt>
			<trkpt lat="19.250792" lon="98.640270">
				<ele>1166.640991</ele>
				<time>2016-02-07T04:39:42Z</time>
			</trkpt>
			<trkpt lat="19.250662" lon="98.640317">
				<ele>1165.301758</ele>
				<time>2016-02-07T04:39:43Z</time>
			</trkpt>
			<trkpt lat="19.250555" lon="98.640344">
				<ele>1164.230469</ele>
				<time>2016-02-07T04:39:44Z</time>
			</trkpt>
			<trkpt lat="19.250443" lon="98.640404">
				<ele>1161.339600</ele>
				<time>2016-02-07T04:39:45Z</time>
			</trkpt>
			<trkpt lat="19.250349" lon="98.640503">
				<ele>1162.826904</ele>
				<time>2016-02-07T04:39:46Z</time>
			</trkpt>
			<trkpt lat="19.250277" lon="98.640587">
				<ele>1161.699707</ele>
				<time>2016-02-07T04:39:47Z</time>
			</trkpt>
			<trkpt lat="19.250211" lon="98.640704">
				<ele>1159.842163</ele>
				<time>2016-02-07T04:39:48Z</time>
			</trkpt>
			<trkpt lat="19.250120" lon="98.640817">
				<ele>1156.908447</ele>
				<time>2016-02-07T04:39:49Z</time>
			</trkpt>
			<trkpt lat="19.250034" lon="98.640916">
				<ele>1153.521973</ele>
				<time>2016-02-07T04:39:50Z</time>
			</trkpt>
			<trkpt lat="19.249965" lon="98.641007">
				<ele>1153.610596</ele>
				<time>2016-02-07T04:39:51Z</time>
			</trkpt>
			<trkpt lat="19.249893" lon="98.641120">
				<ele>1152.013428</ele>
				<time>2016-02-07T04:39:52Z</time>
			</trkpt>
			<trkpt lat="19.249873" lon="98.641257">
				<ele>1152.051758</ele>
				<time>2016-02-07T04:39:53Z</time>
			</trkpt>
			<trkpt lat="19.249859" lon="98.641397">
				<ele>1152.076904</ele>
				<time>2016-02-07T04:39:54Z</time>
			</trkpt>
			<trkpt lat="19.249831" lon="98.641538">
				<ele>1152.073730</ele>
				<time>2016-02-07T04:39:55Z</time>
			</trkpt>
			<trkpt lat="19.249790" lon="98.641676">
				<ele>1150.823364</ele>
				<time>2016-02-07T04:39:56Z</time>
			</trkpt>
			<trkpt lat="19.249774" lon="98.641802">
				<ele>1151.696167</ele>
				<time>2016-02-07T04:39:57Z</time>
			</trkpt>
			<trkpt lat="19.249793" lon="98.641892">
				<ele>1152.322266</ele>
				<time>2016-02-07T04:39:58Z</time>
			</trkpt>
			<trkpt lat="19.249839" lon="98.641971">
				<ele>1152.250122</ele>
				<time>2016-02-07T04:39:59Z</time>
			</trkpt>
			<trkpt lat="19.249906" lon="98.642030">
				<ele>1151.133667</ele>
				<time>2016-02-07T04:40:00Z</time>
			</trkpt>
			<trkpt lat="19.249984" lon="98.642094">
				<ele>1149.913086</ele>
				<time>2016-02-07T04:40:01Z</time>
			</trkpt>
			<trkpt lat="19.250065" lon="98.642137">
				<ele>1150.221558</ele>
				<time>2016-02-07T04:40:02Z</time>
			</trkpt>
			<trkpt lat="19.250169" lon="98.642130">
				<ele>1151.495972</ele>
				<time>2016-02-07T04:40:03Z</time>
			</trkpt>
			<trkpt lat="19.250270" lon="98.642157">
				<ele>1153.261841</ele>
				<time>2016-02-07T04:40:04Z</time>
			</trkpt>
			<trkpt lat="19.250343" lon="98.642227">
				<ele>1154.180176</ele>
				<time>2016-02-07T04:40:05Z</time>
			</trkpt>
			<trkpt lat="19.250440" lon="98.642300">
				<ele>1154.086426</ele>
				<time>2016-02-07T04:40:06Z</time>
			</trkpt>
			<trkpt lat="19.250517" lon="98.642341">
				<ele>1155.018433</ele>
				<time>2016-02-07T04:40:07Z</time>
			</trkpt>
			<trkpt lat="19.250590" lon="98.642377">
				<ele>1154.613037</ele>
				<time>2016-02-07T04:40:08Z</time>
			</trkpt>
			<trkpt lat="19.250669" lon="98.642413">
				<ele>1154.871826</ele>
				<time>2016-02-07T04:40:09Z</time>
			</trkpt>
			<trkpt lat="19.250737" lon="98.642371">
				<ele>1155.502808</ele>
				<time>2016-02-07T04:40:10Z</time>
			</trkpt>
			<trkpt lat="19.250796" lon="98.642276">
				<ele>1155.252930</ele>
				<time>2016-02-07T04:40:11Z</time>
			</trkpt>
			<trkpt lat="19.250879" lon="98.642199">
				<ele>1155.915283</ele>
				<time>2016-02-07T04:40:12Z</time>
			</trkpt>
			<trkpt lat="19.250969" lon="98.642168">
				<ele>1155.952637</ele>
				<time>2016-02-07T04:40:13Z</time>
			</trkpt>
			<trkpt lat="19.251111" lon="98.642174">
				<ele>1154.399658</ele>
				<time>2016-02-07T04:40:14Z</time>
			</trkpt>
			<trkpt lat="19.251217" lon="98.642170">
				<ele>1153.782837</ele>
				<time>2016-02-07T04:40:15Z</time>
			</trkpt>
			<trkpt lat="19.251351" lon="98.642264">
				<ele>1153.172241</ele>
				<time>2016-02-07T04:40:16Z</time>
			</trkpt>
			<trkpt lat="19.251424" lon="98.642399">
				<ele>1155.435547</ele>
				<time>2016-02-07T04:40:17Z</time>
			</trkpt>
			<trkpt lat="19.251498" lon="98.642468">
				<ele>1155.841675</ele>
				<time>2016-02-07T04:40:18Z</time>
			</trkpt>
			<trkpt lat="19.251561" lon="98.642540">
				<ele>1153.169800</ele>
				<time>2016-02-07T04:40:19Z</time>
			</trkpt>
			<trkpt lat="19.251609" lon="98.642639">
				<ele>1151.527588</ele>
				<time>2016-02-07T04:40:20Z</time>
			</trkpt>
			<trkpt lat="19.251658" lon="98.642734">
				<ele>1148.880981</ele>
				<time>2016-02-07T04:40:21Z</time>
			</trkpt>
			<trkpt lat="19.251709" lon="98.642817">
				<ele>1146.472412</ele>
				<time>2016-02-07T04:40:22Z</time>
			</trkpt>
			<trkpt lat="19.251726" lon="98.642898">
				<ele>1145.316528</ele>
				<time>2016-02-07T04:40:23Z</time>
			</trkpt>
			<trkpt lat="19.251774" lon="98.642982">
				<ele>1144.894409</ele>
				<time>2016-02-07T04:40:24Z</time>
			</trkpt>
			<trkpt lat="19.251851" lon="98.643049">
				<ele>1144.719849</ele>
				<time>2016-02-07T04:40:25Z</time>
			</trkpt>
			<trkpt lat="19.251957" lon="98.643112">
				<ele>1143.174316</ele>
				<time>2016-02-07T04:40:26Z</time>
			</trkpt>
			<trkpt lat="19.252035" lon="98.643202">
				<ele>1143.379150</ele>
				<time>2016-02-07T04:40:27Z</time>
			</trkpt>
			<trkpt lat="19.252126" lon="98.643298">
				<ele>1142.986694</ele>
				<time>2016-02-07T04:40:28Z</time>
			</trkpt>
			<trkpt lat="19.252172" lon="98.643429">
				<ele>1140.977661</ele>
				<time>2016-02-07T04:40:29Z</time>
			</trkpt>
			<trkpt lat="19.252183" lon="98.643590">
				<ele>1140.889771</ele>
				<time>2016-02-07T04:40:30Z</time>
			</trkpt>
			<trkpt lat="19.252246" lon="98.643749">
				<ele>1140.072021</ele>
				<time>2016-02-07T04:40:31Z</time>
			</trkpt>
			<trkpt lat="19.252285" lon="98.643879">
				<ele>1140.263672</ele>
				<time>2016-02-07T04:40:32Z</time>
			</trkpt>
			<trkpt lat="19.252343" lon="98.644005">
				<ele>1140.771240</ele>
				<time>2016-02-07T04:40:33Z</time>
			</trkpt>
			<trkpt lat="19.252390" lon="98.644132">
				<ele>1139.758423</ele>
				<time>2016-02-07T04:40:34Z</time>
			</trkpt>
			<trkpt lat="19.252448" lon="98.644198">
				<ele>1137.740845</ele>
				<time>2016-02-07T04:40:35Z</time>
			</trkpt>
			<trkpt lat="19.252514" lon="98.644218">
				<ele>1137.067261</ele>
				<time>2016-02-07T04:40:36Z</time>
			</trkpt>
			<trkpt lat="19.252610" lon="98.644258">
				<ele>1135.996094</ele>
				<time>2016-02-07T04:40:37Z</time>
			</trkpt>
			<trkpt lat="19.252709" lon="98.644314">
				<ele>1135.347412</ele>
				<time>2016-02-07T04:40:38Z</time>
			</trkpt>
			<trkpt lat="19.252861" lon="98.644315">
				<ele>1134.330444</ele>
				<time>2016-02-07T04:40:39Z</time>
			</trkpt>
			<trkpt lat="19.252949" lon="98.644301">
				<ele>1133.183472</ele>
				<time>2016-02-07T04:40:40Z</time>
			</trkpt>
			<trkpt lat="19.253063" lon="98.644339">
				<ele>1132.224243</ele>
				<time>2016-02-07T04:40:41Z</time>
			</trkpt>
			<trkpt lat="19.253156" lon="98.644341">
				<ele>1132.834717</ele>
				<time>2016-02-07T04:40:42Z</time>
			</trkpt>
			<trkpt lat="19.253257" lon="98.644323">
				<ele>1131.072266</ele>
				<time>2016-02-07T04:40:43Z</time>
			</trkpt>
			<trkpt lat="19.253346" lon="98.644275">
				<ele>1131.619263</ele>
				<time>2016-02-07T04:40:44Z</time>
			</trkpt>
			<trkpt lat="19.253367" lon="98.644188">
				<ele>1131.671387</ele>
				<time>2016-02-07T04:40:45Z</time>
			</trkpt>
			<trkpt lat="19.253441" lon="98.644075">
				<ele>1129.594727</ele>
				<time>2016-02-07T04:40:46Z</time>
			</trkpt>
			<trkpt lat="19.253464" lon="98.643950">
				<ele>1129.525635</ele>
				<time>2016-02-07T04:40:47Z</time>
			</trkpt>
			<trkpt lat="19.253549" lon="98.643793">
				<ele>1130.174438</ele>
				<time>2016-02-07T04:40:48Z</time>
			</trkpt>
			<trkpt lat="19.253606" lon="98.643662">
				<ele>1130.377930</ele>
				<time>2016-02-07T04:40:49Z</time>
			</trkpt>
			<trkpt lat="19.253654" lon="98.643555">
				<ele>1129.284790</ele>
				<time>2016-02-07T04:40:50Z</time>
			</trkpt>
			<trkpt lat="19.253698" lon="98.643443">
				<ele>1129.643555</ele>
				<time>2016-02-07T04:40:51Z</time>
			</trkpt>
			<trkpt lat="19.253738" lon="98.643351">
				<ele>1129.916870</ele>
				<time>2016-02-07T04:40:52Z</time>
			</trkpt>
			<trkpt lat="19.253787" lon="98.643259">
				<ele>1128.572754</ele>
				<time>2016-02-07T04:40:53Z</time>
			</trkpt>
			<trkpt lat="19.253864" lon="98.643166">
				<ele>1129.114014</ele>
				<time>2016-02-07T04:40:54Z</time>
			</trkpt>
			<trkpt lat="19.253932" lon="98.643079">
				<ele>1129.280518</ele>
				<time>2016-02-07T04:40:55Z</time>
			</trkpt>
			<trkpt lat="19.254016" lon="98.643049">
				<ele>1132.184570</ele>
				<time>2016-02-07T04:40:56Z</time>
			</trkpt>
			<trkpt lat="19.254140" lon="98.643090">
				<ele>1131.693359</ele>
				<time>2016-02-07T04:40:57Z</time>
			</trkpt>
			<trkpt lat="19.254219" lon="98.643108">
				<ele>1131.249756</ele>
				<time>2016-02-07T04:40:58Z</time>
			</trkpt>
			<trkpt lat="19.254281" lon="98.643117">
				<ele>1131.942017</ele>
				<time>2016-02-07T04:40:59Z</time>
			</trkpt>
			<trkpt lat="19.254313" lon="98.643169">
				<ele>1131.060425</ele>
				<time>2016-02-07T04:41:00Z</time>
			</trkpt>
			<trkpt lat="19.254409" lon="98.643266">
				<ele>1130.723999</ele>
				<time>2016-02-07T04:41:01Z</time>
			</trkpt>
			<trkpt lat="19.254497" lon="98.643350">
				<ele>1130.221436</ele>
				<time>2016-02-07T04:41:02Z</time>
			</trkpt>
			<trkpt lat="19.254576" lon="98.643429">
				<ele>1131.654053</ele>
				<time>2016-02-07T04:41:03Z</time>
			</trkpt>
			<trkpt lat="19.254626" lon="98.643480">
				<ele>1131.824585</ele>
				<time>2016-02-07T04:41:04Z</time>
			</trkpt>
			<trkpt lat="19.254683" lon="98.643484">
				<ele>1131.589478</ele>
				<time>2016-02-07T04:41:05Z</time>
			</trkpt>
			<trkpt lat="19.254739" lon="98.643444">
				<ele>1130.593384</ele>
				<time>2016-02-07T04:41:06Z</time>
			</trkpt>
			<trkpt lat="19.254797" lon="98.643359">
				<ele>1130.839111</ele>
				<time>2016-02-07T04:41:07Z</time>
			</trkpt>
			<trkpt lat="19.254876" lon="98.643275">
				<ele>1130.680786</ele>
				<time>2016-02-07T04:41:08Z</time>
			</trkpt>
			<trkpt lat="19.254942" lon="98.643229">
				<ele>1130.021118</ele>
				<time>2016-02-07T04:41:09Z</time>
			</trkpt>
			<trkpt lat="19.255073" lon="98.643325">
				<ele>1130.088257</ele>
				<time>2016-02-07T04:41:10Z</time>
			</trkpt>
			<trkpt lat="19.255148" lon="98.643337">
				<ele>1131.143921</ele>
				<time>2016-02-07T04:41:11Z</time>
			</trkpt>
			<trkpt lat="19.255270" lon="98.643344">
				<ele>1129.124512</ele>
				<time>2016-02-07T04:41:12Z</time>
			</trkpt>
			<trkpt lat="19.255363" lon="98.643373">
				<ele>1131.670898</ele>
				<time>2016-02-07T04:41:13Z</time>
			</trkpt>
			<trkpt lat="19.255460" lon="98.643317">
				<ele>1129.798096</ele>
				<time>2016-02-07T04:41:14Z</time>
			</trkpt>
			<trkpt lat="19.255556" lon="98.643224">
				<ele>1127.093384</ele>
				<time>2016-02-07T04:41:15Z</time>
			</trkpt>
			<trkpt lat="19.255596" lon="98.643153">
				<ele>1127.608521</ele>
				<time>2016-02-07T04:41:16Z</time>
			</trkpt>
			<trkpt lat="19.255603" lon="98.643034">
				<ele>1126.830078</ele>
				<time>2016-02-07T04:41:17Z</time>
			</trkpt>
			<trkpt lat="19.255645" lon="98.642926">
				<ele>1125.942383</ele>
				<time>2016-02-07T04:41:18Z</time>
			</trkpt>
			<trkpt lat="19.255676" lon="98.642766">
				<ele>1125.230225</ele>
				<time>2016-02-07T04:41:19Z</time>
			</trkpt>
			<trkpt lat="19.255700" lon="98.642603">
				<ele>1124.644287</ele>
				<time>2016-02-07T04:41:20Z</time>
			</trkpt>
			<trkpt lat="19.255722" lon="98.642530">
				<ele>1123.860352</ele>
				<time>2016-02-07T04:41:21Z</time>
			</trkpt>
			<trkpt lat="19.255703" lon="98.642472">
				<ele>1121.792480</ele>
				<time>2016-02-07T04:41:22Z</time>
			</trkpt>
			<trkpt lat="19.255731" lon="98.642418">
				<ele>1121.253418</ele>
				<time>2016-02-07T04:41:23Z</time>
			</trkpt>
			<trkpt lat="19.255786" lon="98.642394">
				<ele>1120.666138</ele>
				<time>2016-02-07T04:41:24Z</time>
			</trkpt>
			<trkpt lat="19.255832" lon="98.642371">
				<ele>1119.839233</ele>
				<time>2016-02-07T04:41:25Z</time>
			</trkpt>
			<trkpt lat="19.255901" lon="98.642356">
				<ele>1120.492554</ele>
				<time>2016-02-07T04:41:26Z</time>
			</trkpt>
			<trkpt lat="19.255867" lon="98.642412">
				<ele>1120.606934</ele>
				<time>2016-02-07T04:41:27Z</time>
			</trkpt>
			<trkpt lat="19.255912" lon="98.642521">
				<ele>1118.734253</ele>
				<time>2016-02-07T04:41:28Z</time>
			</trkpt>
			<trkpt lat="19.255937" lon="98.642689">
				<ele>1117.828003</ele>
				<time>2016-02-07T04:41:29Z</time>
			</trkpt>
			<trkpt lat="19.255970" lon="98.642820">
				<ele>1118.151001</ele>
				<time>2016-02-07T04:41:30Z</time>
			</trkpt>
			<trkpt lat="19.255978" lon="98.642953">
				<ele>1117.325806</ele>
				<time>2016-02-07T04:41:31Z</time>
			</trkpt>
			<trkpt lat="19.255977" lon="98.643107">
				<ele>1116.194580</ele>
				<time>2016-02-07T04:41:32Z</time>
			</trkpt>
			<trkpt lat="19.255960" lon="98.643276">
				<ele>1113.848877</ele>
				<time>2016-02-07T04:41:33Z</time>
			</trkpt>
			<trkpt lat="19.255945" lon="98.643439">
				<ele>1112.819214</ele>
				<time>2016-02-07T04:41:34Z</time>
			</trkpt>
			<trkpt lat="19.255929" lon="98.643554">
				<ele>1110.518433</ele>
				<time>2016-02-07T04:41:35Z</time>
			</trkpt>
			<trkpt lat="19.255934" lon="98.643699">
				<ele>1109.807983</ele>
				<time>2016-02-07T04:41:36Z</time>
			</trkpt>
			<trkpt lat="19.255926" lon="98.643816">
				<ele>1110.757324</ele>
				<time>2016-02-07T04:41:37Z</time>
			</trkpt>
			<trkpt lat="19.255880" lon="98.643941">
				<ele>1110.940186</ele>
				<time>2016-02-07T04:41:38Z</time>
			</trkpt>
			<trkpt lat="19.255800" lon="98.643954">
				<ele>1108.538452</ele>
				<time>2016-02-07T04:41:39Z</time>
			</trkpt>
			<trkpt lat="19.255690" lon="98.643958">
				<ele>1109.980591</ele>
				<time>2016-02-07T04:41:40Z</time>
			</trkpt>
			<trkpt lat="19.255562" lon="98.643991">
				<ele>1108.932007</ele>
				<time>2016-02-07T04:41:41Z</time>
			</trkpt>
			<trkpt lat="19.255463" lon="98.644008">
				<ele>1107.641846</ele>
				<time>2016-02-07T04:41:42Z</time>
			</trkpt>
			<trkpt lat="19.255366" lon="98.644111">
				<ele>1105.879761</ele>
				<time>2016-02-07T04:41:43Z</time>
			</trkpt>
			<trkpt lat="19.255290" lon="98.644239">
				<ele>1103.922119</ele>
				<time>2016-02-07T04:41:44Z</time>
			</trkpt>
			<trkpt lat="19.255241" lon="98.644365">
				<ele>1103.105713</ele>
				<time>2016-02-07T04:41:45Z</time>
			</trkpt>
			<trkpt lat="19.255191" lon="98.644529">
				<ele>1103.283936</ele>
				<time>2016-02-07T04:41:46Z</time>
			</trkpt>
			<trkpt lat="19.255118" lon="98.644697">
				<ele>1102.793213</ele>
				<time>2016-02-07T04:41:47Z</time>
			</trkpt>
			<trkpt lat="19.255023" lon="98.644859">
				<ele>1101.427734</ele>
				<time>2016-02-07T04:41:48Z</time>
			</trkpt>
			<trkpt lat="19.254901" lon="98.645007">
				<ele>1100.655640</ele>
				<time>2016-02-07T04:41:49Z</time>
			</trkpt>
			<trkpt lat="19.254794" lon="98.645137">
				<ele>1099.992920</ele>
				<time>2016-02-07T04:41:50Z</time>
			</trkpt>
			<trkpt lat="19.254670" lon="98.645230">
				<ele>1099.233032</ele>
				<time>2016-02-07T04:41:51Z</time>
			</trkpt>
			<trkpt lat="19.254547" lon="98.645317">
				<ele>1098.474731</ele>
				<time>2016-02-07T04:41:52Z</time>
			</trkpt>
			<trkpt lat="19.254401" lon="98.645373">
				<ele>1097.517334</ele>
				<time>2016-02-07T04:41:53Z</time>
			</trkpt>
			<trkpt lat="19.254272" lon="98.645453">
				<ele>1095.964966</ele>
				<time>2016-02-07T04:41:54Z</time>
			</trkpt>
			<trkpt lat="19.254147" lon="98.645544">
				<ele>1094.610474</ele>
				<time>2016-02-07T04:41:55Z</time>
			</trkpt>
			<trkpt lat="19.254047" lon="98.645652">
				<ele>1092.222046</ele>
				<time>2016-02-07T04:41:56Z</time>
			</trkpt>
			<trkpt lat="19.253941" lon="98.645765">
				<ele>1091.440674</ele>
				<time>2016-02-07T04:41:57Z</time>
			</trkpt>
			<trkpt lat="19.253842" lon="98.645873">
				<ele>1091.450562</ele>
				<time>2016-02-07T04:41:58Z</time>
			</trkpt>
			<trkpt lat="19.253765" lon="98.645981">
				<ele>1091.526489</ele>
				<time>2016-02-07T04:41:59Z</time>
			</trkpt>
			<trkpt lat="19.253689" lon="98.646058">
				<ele>1090.442017</ele>
				<time>2016-02-07T04:42:00Z</time>
			</trkpt>
			<trkpt lat="19.253577" lon="98.646121">
				<ele>1088.595093</ele>
				<time>2016-02-07T04:42:01Z</time>
			</trkpt>
			<trkpt lat="19.253510" lon="98.646174">
				<ele>1087.402832</ele>
				<time>2016-02-07T04:42:02Z</time>
			</trkpt>
			<trkpt lat="19.253414" lon="98.646253">
				<ele>1084.744019</ele>
				<time>2016-02-07T04:42:03Z</time>
			</trkpt>
			<trkpt lat="19.253341" lon="98.646327">
				<ele>1083.820679</ele>
				<time>2016-02-07T04:42:04Z</time>
			</trkpt>
			<trkpt lat="19.253278" lon="98.646386">
				<ele>1083.647217</ele>
				<time>2016-02-07T04:42:05Z</time>
			</trkpt>
			<trkpt lat="19.253296" lon="98.646487">
				<ele>1083.285156</ele>
				<time>2016-02-07T04:42:06Z</time>
			</trkpt>
			<trkpt lat="19.253315" lon="98.646581">
				<ele>1082.012573</ele>
				<time>2016-02-07T04:42:07Z</time>
			</trkpt>
			<trkpt lat="19.253339" lon="98.646680">
				<ele>1082.779907</ele>
				<time>2016-02-07T04:42:08Z</time>
			</trkpt>
			<trkpt lat="19.253403" lon="98.646742">
				<ele>1080.937256</ele>
				<time>2016-02-07T04:42:09Z</time>
			</trkpt>
			<trkpt lat="19.253456" lon="98.646757">
				<ele>1079.963257</ele>
				<time>2016-02-07T04:42:10Z</time>
			</trkpt>
			<trkpt lat="19.253508" lon="98.646787">
				<ele>1079.094482</ele>
				<time>2016-02-07T04:42:11Z</time>
			</trkpt>
			<trkpt lat="19.253542" lon="98.646802">
				<ele>1079.877197</ele>
				<time>2016-02-07T04:42:12Z</time>
			</trkpt>
			<trkpt lat="19.253629" lon="98.646826">
				<ele>1078.699707</ele>
				<time>2016-02-07T04:42:13Z</time>
			</trkpt>
			<trkpt lat="19.253733" lon="98.646850">
				<ele>1078.564331</ele>
				<time>2016-02-07T04:42:14Z</time>
			</trkpt>
			<trkpt lat="19.253839" lon="98.646861">
				<ele>1078.803833</ele>
				<time>2016-02-07T04:42:15Z</time>
			</trkpt>
			<trkpt lat="19.253965" lon="98.646874">
				<ele>1078.310547</ele>
				<time>2016-02-07T04:42:16Z</time>
			</trkpt>
			<trkpt lat="19.254096" lon="98.646871">
				<ele>1077.624023</ele>
				<time>2016-02-07T04:42:17Z</time>
			</trkpt>
			<trkpt lat="19.254220" lon="98.646877">
				<ele>1076.647339</ele>
				<time>2016-02-07T04:42:18Z</time>
			</trkpt>
			<trkpt lat="19.254334" lon="98.646876">
				<ele>1075.701294</ele>
				<time>2016-02-07T04:42:19Z</time>
			</trkpt>
			<trkpt lat="19.254400" lon="98.646869">
				<ele>1074.437866</ele>
				<time>2016-02-07T04:42:20Z</time>
			</trkpt>
			<trkpt lat="19.254472" lon="98.646865">
				<ele>1073.695801</ele>
				<time>2016-02-07T04:42:21Z</time>
			</trkpt>
			<trkpt lat="19.254561" lon="98.646898">
				<ele>1074.113403</ele>
				<time>2016-02-07T04:42:22Z</time>
			</trkpt>
			<trkpt lat="19.254605" lon="98.646932">
				<ele>1072.374756</ele>
				<time>2016-02-07T04:42:23Z</time>
			</trkpt>
			<trkpt lat="19.254646" lon="98.646965">
				<ele>1072.060913</ele>
				<time>2016-02-07T04:42:24Z</time>
			</trkpt>
			<trkpt lat="19.254646" lon="98.647007">
				<ele>1072.601929</ele>
				<time>2016-02-07T04:42:25Z</time>
			</trkpt>
			<trkpt lat="19.254593" lon="98.647058">
				<ele>1073.263794</ele>
				<time>2016-02-07T04:42:26Z</time>
			</trkpt>
			<trkpt lat="19.254583" lon="98.647118">
				<ele>1073.417236</ele>
				<time>2016-02-07T04:42:27Z</time>
			</trkpt>
			<trkpt lat="19.254547" lon="98.647172">
				<ele>1074.184448</ele>
				<time>2016-02-07T04:42:28Z</time>
			</trkpt>
			<trkpt lat="19.254499" lon="98.647229">
				<ele>1075.018677</ele>
				<time>2016-02-07T04:42:29Z</time>
			</trkpt>
			<trkpt lat="19.254419" lon="98.647279">
				<ele>1075.876831</ele>
				<time>2016-02-07T04:42:30Z</time>
			</trkpt>
			<trkpt lat="19.254249" lon="98.647319">
				<ele>1073.892944</ele>
				<time>2016-02-07T04:42:31Z</time>
			</trkpt>
			<trkpt lat="19.254156" lon="98.647362">
				<ele>1073.150269</ele>
				<time>2016-02-07T04:42:32Z</time>
			</trkpt>
			<trkpt lat="19.254060" lon="98.647388">
				<ele>1071.791748</ele>
				<time>2016-02-07T04:42:33Z</time>
			</trkpt>
			<trkpt lat="19.253988" lon="98.647451">
				<ele>1072.339844</ele>
				<time>2016-02-07T04:42:34Z</time>
			</trkpt>
			<trkpt lat="19.253907" lon="98.647481">
				<ele>1070.032471</ele>
				<time>2016-02-07T04:42:35Z</time>
			</trkpt>
			<trkpt lat="19.253861" lon="98.647527">
				<ele>1068.200684</ele>
				<time>2016-02-07T04:42:36Z</time>
			</trkpt>
			<trkpt lat="19.253810" lon="98.647556">
				<ele>1065.566284</ele>
				<time>2016-02-07T04:42:37Z</time>
			</trkpt>
			<trkpt lat="19.253750" lon="98.647576">
				<ele>1064.830811</ele>
				<time>2016-02-07T04:42:38Z</time>
			</trkpt>
			<trkpt lat="19.253689" lon="98.647576">
				<ele>1065.234009</ele>
				<time>2016-02-07T04:42:39Z</time>
			</trkpt>
			<trkpt lat="19.253632" lon="98.647582">
				<ele>1064.955566</ele>
				<time>2016-02-07T04:42:40Z</time>
			</trkpt>
			<trkpt lat="19.253576" lon="98.647574">
				<ele>1065.371460</ele>
				<time>2016-02-07T04:42:41Z</time>
			</trkpt>
			<trkpt lat="19.253520" lon="98.647567">
				<ele>1064.342041</ele>
				<time>2016-02-07T04:42:42Z</time>
			</trkpt>
			<trkpt lat="19.253477" lon="98.647562">
				<ele>1061.374146</ele>
				<time>2016-02-07T04:42:43Z</time>
			</trkpt>
			<trkpt lat="19.253448" lon="98.647556">
				<ele>1060.824951</ele>
				<time>2016-02-07T04:42:44Z</time>
			</trkpt>
			<trkpt lat="19.253415" lon="98.647560">
				<ele>1060.608643</ele>
				<time>2016-02-07T04:42:45Z</time>
			</trkpt>
			<trkpt lat="19.253402" lon="98.647555">
				<ele>1061.424316</ele>
				<time>2016-02-07T04:42:46Z</time>
			</trkpt>
			<trkpt lat="19.253389" lon="98.647558">
				<ele>1062.273560</ele>
				<time>2016-02-07T04:42:47Z</time>
			</trkpt>
			<trkpt lat="19.253361" lon="98.647567">
				<ele>1064.144409</ele>
				<time>2016-02-07T04:42:48Z</time>
			</trkpt>
			<trkpt lat="19.253338" lon="98.647563">
				<ele>1063.978516</ele>
				<time>2016-02-07T04:42:49Z</time>
			</trkpt>
			<trkpt lat="19.253310" lon="98.647556">
				<ele>1064.310303</ele>
				<time>2016-02-07T04:42:50Z</time>
			</trkpt>
			<trkpt lat="19.253282" lon="98.647568">
				<ele>1064.310791</ele>
				<time>2016-02-07T04:42:51Z</time>
			</trkpt>
			<trkpt lat="19.253249" lon="98.647582">
				<ele>1066.772705</ele>
				<time>2016-02-07T04:42:52Z</time>
			</trkpt>
			<trkpt lat="19.253218" lon="98.647590">
				<ele>1064.738159</ele>
				<time>2016-02-07T04:42:53Z</time>
			</trkpt>
			<trkpt lat="19.253201" lon="98.647597">
				<ele>1065.358398</ele>
				<time>2016-02-07T04:42:54Z</time>
			</trkpt>
			<trkpt lat="19.253182" lon="98.647600">
				<ele>1065.739380</ele>
				<time>2016-02-07T04:42:55Z</time>
			</trkpt>
			<trkpt lat="19.253155" lon="98.647600">
				<ele>1065.432495</ele>
				<time>2016-02-07T04:42:56Z</time>
			</trkpt>
			<trkpt lat="19.253082" lon="98.647629">
				<ele>1063.668579</ele>
				<time>2016-02-07T04:42:57Z</time>
			</trkpt>
			<trkpt lat="19.253014" lon="98.647683">
				<ele>1063.686157</ele>
				<time>2016-02-07T04:42:58Z</time>
			</trkpt>
			<trkpt lat="19.252951" lon="98.647727">
				<ele>1062.542358</ele>
				<time>2016-02-07T04:42:59Z</time>
			</trkpt>
			<trkpt lat="19.252902" lon="98.647804">
				<ele>1061.911499</ele>
				<time>2016-02-07T04:43:00Z</time>
			</trkpt>
			<trkpt lat="19.252869" lon="98.647871">
				<ele>1060.726196</ele>
				<time>2016-02-07T04:43:01Z</time>
			</trkpt>
			<trkpt lat="19.252851" lon="98.647911">
				<ele>1059.669312</ele>
				<time>2016-02-07T04:43:02Z</time>
			</trkpt>
			<trkpt lat="19.252846" lon="98.647971">
				<ele>1057.712280</ele>
				<time>2016-02-07T04:43:03Z</time>
			</trkpt>
			<trkpt lat="19.252836" lon="98.648023">
				<ele>1056.669434</ele>
				<time>2016-02-07T04:43:04Z</time>
			</trkpt>
			<trkpt lat="19.252853" lon="98.648094">
				<ele>1057.317017</ele>
				<time>2016-02-07T04:43:05Z</time>
			</trkpt>
			<trkpt lat="19.252891" lon="98.648147">
				<ele>1057.263672</ele>
				<time>2016-02-07T04:43:06Z</time>
			</trkpt>
			<trkpt lat="19.252940" lon="98.648168">
				<ele>1057.455811</ele>
				<time>2016-02-07T04:43:07Z</time>
			</trkpt>
			<trkpt lat="19.252990" lon="98.648197">
				<ele>1057.813965</ele>
				<time>2016-02-07T04:43:08Z</time>
			</trkpt>
			<trkpt lat="19.253048" lon="98.648208">
				<ele>1057.588379</ele>
				<time>2016-02-07T04:43:09Z</time>
			</trkpt>
			<trkpt lat="19.253132" lon="98.648261">
				<ele>1056.594238</ele>
				<time>2016-02-07T04:43:10Z</time>
			</trkpt>
			<trkpt lat="19.253209" lon="98.648305">
				<ele>1056.994629</ele>
				<time>2016-02-07T04:43:11Z</time>
			</trkpt>
			<trkpt lat="19.253279" lon="98.648371">
				<ele>1058.927490</ele>
				<time>2016-02-07T04:43:12Z</time>
			</trkpt>
			<trkpt lat="19.253346" lon="98.648413">
				<ele>1060.531128</ele>
				<time>2016-02-07T04:43:13Z</time>
			</trkpt>
			<trkpt lat="19.253407" lon="98.648458">
				<ele>1060.930542</ele>
				<time>2016-02-07T04:43:14Z</time>
			</trkpt>
			<trkpt lat="19.253450" lon="98.648517">
				<ele>1060.859741</ele>
				<time>2016-02-07T04:43:15Z</time>
			</trkpt>
			<trkpt lat="19.253471" lon="98.648521">
				<ele>1062.088257</ele>
				<time>2016-02-07T04:43:16Z</time>
			</trkpt>
			<trkpt lat="19.253501" lon="98.648543">
				<ele>1063.174316</ele>
				<time>2016-02-07T04:43:17Z</time>
			</trkpt>
			<trkpt lat="19.253538" lon="98.648585">
				<ele>1062.269531</ele>
				<time>2016-02-07T04:43:18Z</time>
			</trkpt>
			<trkpt lat="19.253563" lon="98.648650">
				<ele>1064.079590</ele>
				<time>2016-02-07T04:43:19Z</time>
			</trkpt>
			<trkpt lat="19.253558" lon="98.648728">
				<ele>1065.409912</ele>
				<time>2016-02-07T04:43:20Z</time>
			</trkpt>
			<trkpt lat="19.253551" lon="98.648748">
				<ele>1065.302246</ele>
				<time>2016-02-07T04:43:21Z</time>
			</trkpt>
			<trkpt lat="19.253499" lon="98.648750">
				<ele>1064.296875</ele>
				<time>2016-02-07T04:43:22Z</time>
			</trkpt>
			<trkpt lat="19.253450" lon="98.648767">
				<ele>1063.851318</ele>
				<time>2016-02-07T04:43:23Z</time>
			</trkpt>
			<trkpt lat="19.253419" lon="98.648779">
				<ele>1063.755981</ele>
				<time>2016-02-07T04:43:24Z</time>
			</trkpt>
			<trkpt lat="19.253344" lon="98.648769">
				<ele>1062.334351</ele>
				<time>2016-02-07T04:43:25Z</time>
			</trkpt>
			<trkpt lat="19.253250" lon="98.648733">
				<ele>1063.508301</ele>
				<time>2016-02-07T04:43:26Z</time>
			</trkpt>
			<trkpt lat="19.253152" lon="98.648744">
				<ele>1063.522217</ele>
				<time>2016-02-07T04:43:27Z</time>
			</trkpt>
			<trkpt lat="19.253082" lon="98.648767">
				<ele>1061.886963</ele>
				<time>2016-02-07T04:43:28Z</time>
			</trkpt>
			<trkpt lat="19.253050" lon="98.648783">
				<ele>1061.384399</ele>
				<time>2016-02-07T04:43:29Z</time>
			</trkpt>
			<trkpt lat="19.252999" lon="98.648800">
				<ele>1059.781982</ele>
				<time>2016-02-07T04:43:30Z</time>
			</trkpt>
			<trkpt lat="19.252955" lon="98.648822">
				<ele>1059.344971</ele>
				<time>2016-02-07T04:43:31Z</time>
			</trkpt>
			<trkpt lat="19.252925" lon="98.648917">
				<ele>1058.540039</ele>
				<time>2016-02-07T04:43:32Z</time>
			</trkpt>
			<trkpt lat="19.252908" lon="98.649012">
				<ele>1055.764404</ele>
				<time>2016-02-07T04:43:33Z</time>
			</trkpt>
			<trkpt lat="19.252924" lon="98.649089">
				<ele>1053.492310</ele>
				<time>2016-02-07T04:43:34Z</time>
			</trkpt>
			<trkpt lat="19.252944" lon="98.649167">
				<ele>1053.661865</ele>
				<time>2016-02-07T04:43:35Z</time>
			</trkpt>
			<trkpt lat="19.252977" lon="98.649270">
				<ele>1053.115723</ele>
				<time>2016-02-07T04:43:36Z</time>
			</trkpt>
			<trkpt lat="19.252988" lon="98.649368">
				<ele>1052.210693</ele>
				<time>2016-02-07T04:43:37Z</time>
			</trkpt>
			<trkpt lat="19.252960" lon="98.649378">
				<ele>1052.543701</ele>
				<time>2016-02-07T04:43:38Z</time>
			</trkpt>
			<trkpt lat="19.252934" lon="98.649455">
				<ele>1052.366699</ele>
				<time>2016-02-07T04:43:39Z</time>
			</trkpt>
			<trkpt lat="19.252898" lon="98.649487">
				<ele>1052.270020</ele>
				<time>2016-02-07T04:43:40Z</time>
			</trkpt>
			<trkpt lat="19.252836" lon="98.649502">
				<ele>1052.316162</ele>
				<time>2016-02-07T04:43:41Z</time>
			</trkpt>
			<trkpt lat="19.252770" lon="98.649535">
				<ele>1052.930908</ele>
				<time>2016-02-07T04:43:42Z</time>
			</trkpt>
			<trkpt lat="19.252722" lon="98.649545">
				<ele>1051.527588</ele>
				<time>2016-02-07T04:43:43Z</time>
			</trkpt>
			<trkpt lat="19.252652" lon="98.649558">
				<ele>1052.363770</ele>
				<time>2016-02-07T04:43:44Z</time>
			</trkpt>
			<trkpt lat="19.252588" lon="98.649554">
				<ele>1051.493652</ele>
				<time>2016-02-07T04:43:45Z</time>
			</trkpt>
			<trkpt lat="19.252468" lon="98.649527">
				<ele>1051.666016</ele>
				<time>2016-02-07T04:43:46Z</time>
			</trkpt>
			<trkpt lat="19.252343" lon="98.649503">
				<ele>1050.513672</ele>
				<time>2016-02-07T04:43:47Z</time>
			</trkpt>
			<trkpt lat="19.252280" lon="98.649504">
				<ele>1049.696411</ele>
				<time>2016-02-07T04:43:48Z</time>
			</trkpt>
			<trkpt lat="19.252154" lon="98.649414">
				<ele>1049.358643</ele>
				<time>2016-02-07T04:43:49Z</time>
			</trkpt>
			<trkpt lat="19.252078" lon="98.649327">
				<ele>1048.704712</ele>
				<time>2016-02-07T04:43:50Z</time>
			</trkpt>
			<trkpt lat="19.251984" lon="98.649255">
				<ele>1047.003540</ele>
				<time>2016-02-07T04:43:51Z</time>
			</trkpt>
			<trkpt lat="19.251869" lon="98.649235">
				<ele>1047.116943</ele>
				<time>2016-02-07T04:43:52Z</time>
			</trkpt>
			<trkpt lat="19.251775" lon="98.649188">
				<ele>1046.789917</ele>
				<time>2016-02-07T04:43:53Z</time>
			</trkpt>
			<trkpt lat="19.251685" lon="98.649153">
				<ele>1044.291748</ele>
				<time>2016-02-07T04:43:54Z</time>
			</trkpt>
			<trkpt lat="19.251565" lon="98.649144">
				<ele>1041.837891</ele>
				<time>2016-02-07T04:43:55Z</time>
			</trkpt>
			<trkpt lat="19.251445" lon="98.649150">
				<ele>1039.737305</ele>
				<time>2016-02-07T04:43:56Z</time>
			</trkpt>
			<trkpt lat="19.251308" lon="98.649148">
				<ele>1038.044189</ele>
				<time>2016-02-07T04:43:57Z</time>
			</trkpt>
			<trkpt lat="19.251221" lon="98.649127">
				<ele>1037.047119</ele>
				<time>2016-02-07T04:43:58Z</time>
			</trkpt>
			<trkpt lat="19.251131" lon="98.649143">
				<ele>1030.585327</ele>
				<time>2016-02-07T04:43:59Z</time>
			</trkpt>
			<trkpt lat="19.251063" lon="98.649099">
				<ele>1029.954712</ele>
				<time>2016-02-07T04:44:00Z</time>
			</trkpt>
			<trkpt lat="19.251017" lon="98.649082">
				<ele>1030.079590</ele>
				<time>2016-02-07T04:44:01Z</time>
			</trkpt>
			<trkpt lat="19.250936" lon="98.649015">
				<ele>1029.973877</ele>
				<time>2016-02-07T04:44:02Z</time>
			</trkpt>
			<trkpt lat="19.250881" lon="98.648984">
				<ele>1031.009888</ele>
				<time>2016-02-07T04:44:03Z</time>
			</trkpt>
			<trkpt lat="19.250795" lon="98.648961">
				<ele>1030.309570</ele>
				<time>2016-02-07T04:44:04Z</time>
			</trkpt>
			<trkpt lat="19.250703" lon="98.648988">
				<ele>1028.588623</ele>
				<time>2016-02-07T04:44:05Z</time>
			</trkpt>
			<trkpt lat="19.250652" lon="98.649079">
				<ele>1028.407715</ele>
				<time>2016-02-07T04:44:06Z</time>
			</trkpt>
			<trkpt lat="19.250688" lon="98.649175">
				<ele>1027.108521</ele>
				<time>2016-02-07T04:44:07Z</time>
			</trkpt>
			<trkpt lat="19.250682" lon="98.649240">
				<ele>1025.844360</ele>
				<time>2016-02-07T04:44:08Z</time>
			</trkpt>
			<trkpt lat="19.250703" lon="98.649324">
				<ele>1023.253906</ele>
				<time>2016-02-07T04:44:09Z</time>
			</trkpt>
			<trkpt lat="19.250743" lon="98.649418">
				<ele>1023.218750</ele>
				<time>2016-02-07T04:44:10Z</time>
			</trkpt>
			<trkpt lat="19.250800" lon="98.649474">
				<ele>1021.768066</ele>
				<time>2016-02-07T04:44:11Z</time>
			</trkpt>
			<trkpt lat="19.250873" lon="98.649565">
				<ele>1020.573242</ele>
				<time>2016-02-07T04:44:12Z</time>
			</trkpt>
			<trkpt lat="19.250951" lon="98.649634">
				<ele>1021.244385</ele>
				<time>2016-02-07T04:44:13Z</time>
			</trkpt>
			<trkpt lat="19.251015" lon="98.649732">
				<ele>1020.662842</ele>
				<time>2016-02-07T04:44:14Z</time>
			</trkpt>
			<trkpt lat="19.251101" lon="98.649808">
				<ele>1020.223267</ele>
				<time>2016-02-07T04:44:15Z</time>
			</trkpt>
			<trkpt lat="19.251158" lon="98.649871">
				<ele>1018.319092</ele>
				<time>2016-02-07T04:44:16Z</time>
			</trkpt>
			<trkpt lat="19.251220" lon="98.649961">
				<ele>1018.752197</ele>
				<time>2016-02-07T04:44:17Z</time>
			</trkpt>
			<trkpt lat="19.251282" lon="98.650053">
				<ele>1017.708496</ele>
				<time>2016-02-07T04:44:18Z</time>
			</trkpt>
			<trkpt lat="19.251310" lon="98.650127">
				<ele>1017.689209</ele>
				<time>2016-02-07T04:44:19Z</time>
			</trkpt>
			<trkpt lat="19.251375" lon="98.650132">
				<ele>1015.437866</ele>
				<time>2016-02-07T04:44:20Z</time>
			</trkpt>
			<trkpt lat="19.251415" lon="98.650212">
				<ele>1015.507568</ele>
				<time>2016-02-07T04:44:21Z</time>
			</trkpt>
			<trkpt lat="19.251454" lon="98.650225">
				<ele>1015.224854</ele>
				<time>2016-02-07T04:44:22Z</time>
			</trkpt>
			<trkpt lat="19.251494" lon="98.650278">
				<ele>1016.106934</ele>
				<time>2016-02-07T04:44:23Z</time>
			</trkpt>
			<trkpt lat="19.251433" lon="98.650345">
				<ele>1015.896240</ele>
				<time>2016-02-07T04:44:24Z</time>
			</trkpt>
			<trkpt lat="19.251405" lon="98.650450">
				<ele>1015.898926</ele>
				<time>2016-02-07T04:44:25Z</time>
			</trkpt>
			<trkpt lat="19.251352" lon="98.650514">
				<ele>1016.356934</ele>
				<time>2016-02-07T04:44:26Z</time>
			</trkpt>
			<trkpt lat="19.251266" lon="98.650583">
				<ele>1017.365479</ele>
				<time>2016-02-07T04:44:27Z</time>
			</trkpt>
			<trkpt lat="19.251165" lon="98.650636">
				<ele>1018.722168</ele>
				<time>2016-02-07T04:44:28Z</time>
			</trkpt>
			<trkpt lat="19.251060" lon="98.650652">
				<ele>1017.971558</ele>
				<time>2016-02-07T04:44:29Z</time>
			</trkpt>
			<trkpt lat="19.250941" lon="98.650601">
				<ele>1017.219360</ele>
				<time>2016-02-07T04:44:30Z</time>
			</trkpt>
			<trkpt lat="19.250810" lon="98.650565">
				<ele>1017.441895</ele>
				<time>2016-02-07T04:44:31Z</time>
			</trkpt>
			<trkpt lat="19.250573" lon="98.650434">
				<ele>1014.570801</ele>
				<time>2016-02-07T04:44:32Z</time>
			</trkpt>
			<trkpt lat="19.250396" lon="98.650372">
				<ele>1014.014160</ele>
				<time>2016-02-07T04:44:33Z</time>
			</trkpt>
			<trkpt lat="19.250254" lon="98.650205">
				<ele>1012.375000</ele>
				<time>2016-02-07T04:44:34Z</time>
			</trkpt>
			<trkpt lat="19.250073" lon="98.650057">
				<ele>1010.014526</ele>
				<time>2016-02-07T04:44:35Z</time>
			</trkpt>
			<trkpt lat="19.249932" lon="98.649997">
				<ele>1008.688477</ele>
				<time>2016-02-07T04:44:36Z</time>
			</trkpt>
			<trkpt lat="19.249827" lon="98.649972">
				<ele>1008.047607</ele>
				<time>2016-02-07T04:44:37Z</time>
			</trkpt>
			<trkpt lat="19.249753" lon="98.649909">
				<ele>1007.422119</ele>
				<time>2016-02-07T04:44:38Z</time>
			</trkpt>
			<trkpt lat="19.249666" lon="98.649890">
				<ele>1006.286743</ele>
				<time>2016-02-07T04:44:39Z</time>
			</trkpt>
			<trkpt lat="19.249580" lon="98.649879">
				<ele>1002.925537</ele>
				<time>2016-02-07T04:44:40Z</time>
			</trkpt>
			<trkpt lat="19.249490" lon="98.649855">
				<ele>1002.499268</ele>
				<time>2016-02-07T04:44:41Z</time>
			</trkpt>
			<trkpt lat="19.249390" lon="98.649850">
				<ele>1003.566895</ele>
				<time>2016-02-07T04:44:42Z</time>
			</trkpt>
			<trkpt lat="19.249301" lon="98.649814">
				<ele>1002.729004</ele>
				<time>2016-02-07T04:44:43Z</time>
			</trkpt>
			<trkpt lat="19.249238" lon="98.649888">
				<ele>1003.135010</ele>
				<time>2016-02-07T04:44:44Z</time>
			</trkpt>
			<trkpt lat="19.249159" lon="98.649987">
				<ele>1003.973145</ele>
				<time>2016-02-07T04:44:45Z</time>
			</trkpt>
			<trkpt lat="19.249124" lon="98.650052">
				<ele>1004.341431</ele>
				<time>2016-02-07T04:44:46Z</time>
			</trkpt>
			<trkpt lat="19.249146" lon="98.650156">
				<ele>1002.924316</ele>
				<time>2016-02-07T04:44:47Z</time>
			</trkpt>
			<trkpt lat="19.249134" lon="98.650215">
				<ele>1003.410034</ele>
				<time>2016-02-07T04:44:48Z</time>
			</trkpt>
			<trkpt lat="19.249124" lon="98.650344">
				<ele>1004.281738</ele>
				<time>2016-02-07T04:44:49Z</time>
			</trkpt>
			<trkpt lat="19.249193" lon="98.650440">
				<ele>1004.201416</ele>
				<time>2016-02-07T04:44:50Z</time>
			</trkpt>
			<trkpt lat="19.249216" lon="98.650453">
				<ele>1004.250977</ele>
				<time>2016-02-07T04:44:51Z</time>
			</trkpt>
			<trkpt lat="19.249180" lon="98.650517">
				<ele>1003.585938</ele>
				<time>2016-02-07T04:44:52Z</time>
			</trkpt>
			<trkpt lat="19.249148" lon="98.650576">
				<ele>1000.851562</ele>
				<time>2016-02-07T04:44:53Z</time>
			</trkpt>
			<trkpt lat="19.249104" lon="98.650641">
				<ele>1000.147583</ele>
				<time>2016-02-07T04:44:54Z</time>
			</trkpt>
			<trkpt lat="19.249058" lon="98.650698">
				<ele>1000.227173</ele>
				<time>2016-02-07T04:44:55Z</time>
			</trkpt>
			<trkpt lat="19.249031" lon="98.650762">
				<ele>1000.562134</ele>
				<time>2016-02-07T04:44:56Z</time>
			</trkpt>
			<trkpt lat="19.249008" lon="98.650739">
				<ele>1000.261475</ele>
				<time>2016-02-07T04:44:57Z</time>
			</trkpt>
			<trkpt lat="19.248954" lon="98.650699">
				<ele>999.107300</ele>
				<time>2016-02-07T04:44:58Z</time>
			</trkpt>
			<trkpt lat="19.248860" lon="98.650645">
				<ele>1000.086060</ele>
				<time>2016-02-07T04:44:59Z</time>
			</trkpt>
			<trkpt lat="19.248778" lon="98.650402">
				<ele>1000.618164</ele>
				<time>2016-02-07T04:45:00Z</time>
			</trkpt>
			<trkpt lat="19.248713" lon="98.650326">
				<ele>1000.646484</ele>
				<time>2016-02-07T04:45:01Z</time>
			</trkpt>
			<trkpt lat="19.248618" lon="98.650250">
				<ele>999.419922</ele>
				<time>2016-02-07T04:45:02Z</time>
			</trkpt>
			<trkpt lat="19.248516" lon="98.650225">
				<ele>999.100586</ele>
				<time>2016-02-07T04:45:03Z</time>
			</trkpt>
			<trkpt lat="19.248407" lon="98.650182">
				<ele>999.928711</ele>
				<time>2016-02-07T04:45:04Z</time>
			</trkpt>
			<trkpt lat="19.248259" lon="98.650133">
				<ele>997.235107</ele>
				<time>2016-02-07T04:45:05Z</time>
			</trkpt>
			<trkpt lat="19.248146" lon="98.650145">
				<ele>995.074097</ele>
				<time>2016-02-07T04:45:06Z</time>
			</trkpt>
			<trkpt lat="19.247999" lon="98.650135">
				<ele>995.394287</ele>
				<time>2016-02-07T04:45:07Z</time>
			</trkpt>
			<trkpt lat="19.247845" lon="98.650109">
				<ele>994.098389</ele>
				<time>2016-02-07T04:45:08Z</time>
			</trkpt>
			<trkpt lat="19.247705" lon="98.650070">
				<ele>994.873901</ele>
				<time>2016-02-07T04:45:09Z</time>
			</trkpt>
			<trkpt lat="19.247576" lon="98.650015">
				<ele>995.748291</ele>
				<time>2016-02-07T04:45:10Z</time>
			</trkpt>
			<trkpt lat="19.247494" lon="98.649984">
				<ele>995.547607</ele>
				<time>2016-02-07T04:45:11Z</time>
			</trkpt>
			<trkpt lat="19.247376" lon="98.649912">
				<ele>992.704834</ele>
				<time>2016-02-07T04:45:12Z</time>
			</trkpt>
			<trkpt lat="19.247281" lon="98.649912">
				<ele>991.824097</ele>
				<time>2016-02-07T04:45:13Z</time>
			</trkpt>
			<trkpt lat="19.247186" lon="98.649965">
				<ele>989.966797</ele>
				<time>2016-02-07T04:45:14Z</time>
			</trkpt>
			<trkpt lat="19.247127" lon="98.650011">
				<ele>987.003418</ele>
				<time>2016-02-07T04:45:15Z</time>
			</trkpt>
			<trkpt lat="19.247073" lon="98.650047">
				<ele>982.985352</ele>
				<time>2016-02-07T04:45:16Z</time>
			</trkpt>
			<trkpt lat="19.247026" lon="98.650109">
				<ele>982.519287</ele>
				<time>2016-02-07T04:45:17Z</time>
			</trkpt>
			<trkpt lat="19.247002" lon="98.650196">
				<ele>982.365234</ele>
				<time>2016-02-07T04:45:18Z</time>
			</trkpt>
			<trkpt lat="19.246991" lon="98.650291">
				<ele>981.568359</ele>
				<time>2016-02-07T04:45:19Z</time>
			</trkpt>
			<trkpt lat="19.246980" lon="98.650361">
				<ele>983.384033</ele>
				<time>2016-02-07T04:45:20Z</time>
			</trkpt>
			<trkpt lat="19.247036" lon="98.650430">
				<ele>983.828979</ele>
				<time>2016-02-07T04:45:21Z</time>
			</trkpt>
			<trkpt lat="19.247059" lon="98.650507">
				<ele>984.174072</ele>
				<time>2016-02-07T04:45:22Z</time>
			</trkpt>
			<trkpt lat="19.247091" lon="98.650591">
				<ele>984.568726</ele>
				<time>2016-02-07T04:45:23Z</time>
			</trkpt>
			<trkpt lat="19.247114" lon="98.650692">
				<ele>984.829346</ele>
				<time>2016-02-07T04:45:24Z</time>
			</trkpt>
			<trkpt lat="19.247042" lon="98.650808">
				<ele>983.887573</ele>
				<time>2016-02-07T04:45:25Z</time>
			</trkpt>
			<trkpt lat="19.247011" lon="98.650908">
				<ele>982.931152</ele>
				<time>2016-02-07T04:45:26Z</time>
			</trkpt>
			<trkpt lat="19.246971" lon="98.651057">
				<ele>984.090820</ele>
				<time>2016-02-07T04:45:27Z</time>
			</trkpt>
			<trkpt lat="19.246923" lon="98.651208">
				<ele>983.246094</ele>
				<time>2016-02-07T04:45:28Z</time>
			</trkpt>
			<trkpt lat="19.246858" lon="98.651277">
				<ele>984.526611</ele>
				<time>2016-02-07T04:45:29Z</time>
			</trkpt>
			<trkpt lat="19.246821" lon="98.651356">
				<ele>981.248535</ele>
				<time>2016-02-07T04:45:30Z</time>
			</trkpt>
			<trkpt lat="19.246795" lon="98.651456">
				<ele>979.475586</ele>
				<time>2016-02-07T04:45:31Z</time>
			</trkpt>
			<trkpt lat="19.246792" lon="98.651541">
				<ele>977.736816</ele>
				<time>2016-02-07T04:45:32Z</time>
			</trkpt>
			<trkpt lat="19.246805" lon="98.651638">
				<ele>977.809204</ele>
				<time>2016-02-07T04:45:33Z</time>
			</trkpt>
			<trkpt lat="19.246884" lon="98.651725">
				<ele>976.217529</ele>
				<time>2016-02-07T04:45:34Z</time>
			</trkpt>
			<trkpt lat="19.246955" lon="98.651776">
				<ele>975.930420</ele>
				<time>2016-02-07T04:45:35Z</time>
			</trkpt>
			<trkpt lat="19.247034" lon="98.651816">
				<ele>975.682251</ele>
				<time>2016-02-07T04:45:36Z</time>
			</trkpt>
			<trkpt lat="19.247053" lon="98.651855">
				<ele>975.483154</ele>
				<time>2016-02-07T04:45:37Z</time>
			</trkpt>
			<trkpt lat="19.247096" lon="98.651932">
				<ele>974.947998</ele>
				<time>2016-02-07T04:45:38Z</time>
			</trkpt>
			<trkpt lat="19.247128" lon="98.652013">
				<ele>973.631714</ele>
				<time>2016-02-07T04:45:39Z</time>
			</trkpt>
			<trkpt lat="19.247115" lon="98.652087">
				<ele>972.887939</ele>
				<time>2016-02-07T04:45:40Z</time>
			</trkpt>
			<trkpt lat="19.247087" lon="98.652169">
				<ele>972.331299</ele>
				<time>2016-02-07T04:45:41Z</time>
			</trkpt>
			<trkpt lat="19.247024" lon="98.652271">
				<ele>973.618408</ele>
				<time>2016-02-07T04:45:42Z</time>
			</trkpt>
			<trkpt lat="19.246911" lon="98.652375">
				<ele>971.096436</ele>
				<time>2016-02-07T04:45:43Z</time>
			</trkpt>
			<trkpt lat="19.246837" lon="98.652504">
				<ele>970.676392</ele>
				<time>2016-02-07T04:45:44Z</time>
			</trkpt>
			<trkpt lat="19.246802" lon="98.652582">
				<ele>967.846436</ele>
				<time>2016-02-07T04:45:45Z</time>
			</trkpt>
			<trkpt lat="19.246688" lon="98.652671">
				<ele>968.653809</ele>
				<time>2016-02-07T04:45:46Z</time>
			</trkpt>
			<trkpt lat="19.246600" lon="98.652759">
				<ele>969.174072</ele>
				<time>2016-02-07T04:45:47Z</time>
			</trkpt>
			<trkpt lat="19.246524" lon="98.652828">
				<ele>968.459473</ele>
				<time>2016-02-07T04:45:48Z</time>
			</trkpt>
			<trkpt lat="19.246452" lon="98.652894">
				<ele>968.280029</ele>
				<time>2016-02-07T04:45:49Z</time>
			</trkpt>
			<trkpt lat="19.246388" lon="98.652935">
				<ele>968.772095</ele>
				<time>2016-02-07T04:45:50Z</time>
			</trkpt>
			<trkpt lat="19.246319" lon="98.653047">
				<ele>969.331177</ele>
				<time>2016-02-07T04:45:51Z</time>
			</trkpt>
			<trkpt lat="19.246242" lon="98.653022">
				<ele>968.018311</ele>
				<time>2016-02-07T04:45:52Z</time>
			</trkpt>
			<trkpt lat="19.246110" lon="98.653009">
				<ele>968.647705</ele>
				<time>2016-02-07T04:45:53Z</time>
			</trkpt>
			<trkpt lat="19.246009" lon="98.653027">
				<ele>966.547607</ele>
				<time>2016-02-07T04:45:54Z</time>
			</trkpt>
			<trkpt lat="19.245927" lon="98.653063">
				<ele>962.357788</ele>
				<time>2016-02-07T04:45:55Z</time>
			</trkpt>
			<trkpt lat="19.245836" lon="98.653126">
				<ele>959.763672</ele>
				<time>2016-02-07T04:45:56Z</time>
			</trkpt>
			<trkpt lat="19.245767" lon="98.653193">
				<ele>956.902710</ele>
				<time>2016-02-07T04:45:57Z</time>
			</trkpt>
			<trkpt lat="19.245699" lon="98.653244">
				<ele>956.056885</ele>
				<time>2016-02-07T04:45:58Z</time>
			</trkpt>
			<trkpt lat="19.245684" lon="98.653373">
				<ele>950.881592</ele>
				<time>2016-02-07T04:45:59Z</time>
			</trkpt>
			<trkpt lat="19.245657" lon="98.653462">
				<ele>950.087158</ele>
				<time>2016-02-07T04:46:00Z</time>
			</trkpt>
			<trkpt lat="19.245656" lon="98.653562">
				<ele>950.861816</ele>
				<time>2016-02-07T04:46:01Z</time>
			</trkpt>
			<trkpt lat="19.245628" lon="98.653658">
				<ele>950.586182</ele>
				<time>2016-02-07T04:46:02Z</time>
			</trkpt>
			<trkpt lat="19.245578" lon="98.653754">
				<ele>949.581421</ele>
				<time>2016-02-07T04:46:03Z</time>
			</trkpt>
			<trkpt lat="19.245530" lon="98.653831">
				<ele>948.509766</ele>
				<time>2016-02-07T04:46:04Z</time>
			</trkpt>
			<trkpt lat="19.245456" lon="98.653932">
				<ele>949.722656</ele>
				<time>2016-02-07T04:46:05Z</time>
			</trkpt>
			<trkpt lat="19.245368" lon="98.654005">
				<ele>948.940918</ele>
				<time>2016-02-07T04:46:06Z</time>
			</trkpt>
			<trkpt lat="19.245233" lon="98.654018">
				<ele>948.061035</ele>
				<time>2016-02-07T04:46:07Z</time>
			</trkpt>
			<trkpt lat="19.245115" lon="98.654075">
				<ele>948.207031</ele>
				<time>2016-02-07T04:46:08Z</time>
			</trkpt>
			<trkpt lat="19.245008" lon="98.654105">
				<ele>946.452881</ele>
				<time>2016-02-07T04:46:09Z</time>
			</trkpt>
			<trkpt lat="19.244901" lon="98.654124">
				<ele>945.838379</ele>
				<time>2016-02-07T04:46:10Z</time>
			</trkpt>
			<trkpt lat="19.244808" lon="98.654156">
				<ele>944.516113</ele>
				<time>2016-02-07T04:46:11Z</time>
			</trkpt>
			<trkpt lat="19.244717" lon="98.654215">
				<ele>943.318848</ele>
				<time>2016-02-07T04:46:12Z</time>
			</trkpt>
			<trkpt lat="19.244641" lon="98.654285">
				<ele>943.533691</ele>
				<time>2016-02-07T04:46:13Z</time>
			</trkpt>
			<trkpt lat="19.244556" lon="98.654370">
				<ele>943.783691</ele>
				<time>2016-02-07T04:46:14Z</time>
			</trkpt>
			<trkpt lat="19.244481" lon="98.654468">
				<ele>945.267212</ele>
				<time>2016-02-07T04:46:15Z</time>
			</trkpt>
			<trkpt lat="19.244407" lon="98.654572">
				<ele>945.592041</ele>
				<time>2016-02-07T04:46:16Z</time>
			</trkpt>
			<trkpt lat="19.244324" lon="98.654695">
				<ele>946.049927</ele>
				<time>2016-02-07T04:46:17Z</time>
			</trkpt>
			<trkpt lat="19.244250" lon="98.654830">
				<ele>944.677002</ele>
				<time>2016-02-07T04:46:18Z</time>
			</trkpt>
			<trkpt lat="19.244169" lon="98.654954">
				<ele>942.947998</ele>
				<time>2016-02-07T04:46:19Z</time>
			</trkpt>
			<trkpt lat="19.244080" lon="98.655079">
				<ele>943.771240</ele>
				<time>2016-02-07T04:46:20Z</time>
			</trkpt>
			<trkpt lat="19.243979" lon="98.655221">
				<ele>944.693604</ele>
				<time>2016-02-07T04:46:21Z</time>
			</trkpt>
			<trkpt lat="19.243897" lon="98.655365">
				<ele>944.678223</ele>
				<time>2016-02-07T04:46:22Z</time>
			</trkpt>
			<trkpt lat="19.243811" lon="98.655505">
				<ele>944.598999</ele>
				<time>2016-02-07T04:46:23Z</time>
			</trkpt>
			<trkpt lat="19.243724" lon="98.655656">
				<ele>944.402222</ele>
				<time>2016-02-07T04:46:24Z</time>
			</trkpt>
			<trkpt lat="19.243625" lon="98.655801">
				<ele>944.033325</ele>
				<time>2016-02-07T04:46:25Z</time>
			</trkpt>
			<trkpt lat="19.243546" lon="98.655946">
				<ele>944.212402</ele>
				<time>2016-02-07T04:46:26Z</time>
			</trkpt>
			<trkpt lat="19.243469" lon="98.656061">
				<ele>946.147949</ele>
				<time>2016-02-07T04:46:27Z</time>
			</trkpt>
			<trkpt lat="19.243394" lon="98.656179">
				<ele>946.593018</ele>
				<time>2016-02-07T04:46:28Z</time>
			</trkpt>
			<trkpt lat="19.243306" lon="98.656314">
				<ele>946.298340</ele>
				<time>2016-02-07T04:46:29Z</time>
			</trkpt>
			<trkpt lat="19.243188" lon="98.656428">
				<ele>946.453491</ele>
				<time>2016-02-07T04:46:30Z</time>
			</trkpt>
			<trkpt lat="19.243060" lon="98.656543">
				<ele>947.025269</ele>
				<time>2016-02-07T04:46:31Z</time>
			</trkpt>
			<trkpt lat="19.242965" lon="98.656671">
				<ele>947.712891</ele>
				<time>2016-02-07T04:46:32Z</time>
			</trkpt>
			<trkpt lat="19.242800" lon="98.656788">
				<ele>946.513916</ele>
				<time>2016-02-07T04:46:33Z</time>
			</trkpt>
			<trkpt lat="19.242675" lon="98.656838">
				<ele>946.843750</ele>
				<time>2016-02-07T04:46:34Z</time>
			</trkpt>
			<trkpt lat="19.242579" lon="98.656843">
				<ele>947.057983</ele>
				<time>2016-02-07T04:46:35Z</time>
			</trkpt>
			<trkpt lat="19.242436" lon="98.656887">
				<ele>948.213135</ele>
				<time>2016-02-07T04:46:36Z</time>
			</trkpt>
			<trkpt lat="19.242330" lon="98.656981">
				<ele>950.083496</ele>
				<time>2016-02-07T04:46:37Z</time>
			</trkpt>
			<trkpt lat="19.242214" lon="98.657012">
				<ele>949.439697</ele>
				<time>2016-02-07T04:46:38Z</time>
			</trkpt>
			<trkpt lat="19.242101" lon="98.657030">
				<ele>948.595215</ele>
				<time>2016-02-07T04:46:39Z</time>
			</trkpt>
			<trkpt lat="19.241969" lon="98.657058">
				<ele>947.995850</ele>
				<time>2016-02-07T04:46:40Z</time>
			</trkpt>
			<trkpt lat="19.241823" lon="98.657025">
				<ele>947.168701</ele>
				<time>2016-02-07T04:46:41Z</time>
			</trkpt>
			<trkpt lat="19.241690" lon="98.656974">
				<ele>947.356445</ele>
				<time>2016-02-07T04:46:42Z</time>
			</trkpt>
			<trkpt lat="19.241573" lon="98.656843">
				<ele>948.041748</ele>
				<time>2016-02-07T04:46:43Z</time>
			</trkpt>
			<trkpt lat="19.241429" lon="98.656534">
				<ele>950.609375</ele>
				<time>2016-02-07T04:46:44Z</time>
			</trkpt>
			<trkpt lat="19.241291" lon="98.656367">
				<ele>951.201172</ele>
				<time>2016-02-07T04:46:45Z</time>
			</trkpt>
			<trkpt lat="19.241176" lon="98.656149">
				<ele>951.520508</ele>
				<time>2016-02-07T04:46:46Z</time>
			</trkpt>
			<trkpt lat="19.241083" lon="98.655900">
				<ele>950.582764</ele>
				<time>2016-02-07T04:46:47Z</time>
			</trkpt>
			<trkpt lat="19.241012" lon="98.655688">
				<ele>949.751465</ele>
				<time>2016-02-07T04:46:48Z</time>
			</trkpt>
			<trkpt lat="19.240947" lon="98.655568">
				<ele>950.177246</ele>
				<time>2016-02-07T04:46:49Z</time>
			</trkpt>
			<trkpt lat="19.240891" lon="98.655420">
				<ele>951.623535</ele>
				<time>2016-02-07T04:46:50Z</time>
			</trkpt>
			<trkpt lat="19.240852" lon="98.655283">
				<ele>952.603638</ele>
				<time>2016-02-07T04:46:51Z</time>
			</trkpt>
			<trkpt lat="19.240768" lon="98.655226">
				<ele>953.967407</ele>
				<time>2016-02-07T04:46:52Z</time>
			</trkpt>
			<trkpt lat="19.240691" lon="98.655200">
				<ele>954.973022</ele>
				<time>2016-02-07T04:46:53Z</time>
			</trkpt>
			<trkpt lat="19.240555" lon="98.655280">
				<ele>955.844971</ele>
				<time>2016-02-07T04:46:54Z</time>
			</trkpt>
			<trkpt lat="19.240529" lon="98.655345">
				<ele>955.294434</ele>
				<time>2016-02-07T04:46:55Z</time>
			</trkpt>
			<trkpt lat="19.240507" lon="98.655499">
				<ele>957.612671</ele>
				<time>2016-02-07T04:46:56Z</time>
			</trkpt>
			<trkpt lat="19.240450" lon="98.655535">
				<ele>957.810913</ele>
				<time>2016-02-07T04:46:57Z</time>
			</trkpt>
			<trkpt lat="19.240442" lon="98.655607">
				<ele>959.428833</ele>
				<time>2016-02-07T04:46:58Z</time>
			</trkpt>
			<trkpt lat="19.240402" lon="98.655667">
				<ele>960.070801</ele>
				<time>2016-02-07T04:46:59Z</time>
			</trkpt>
			<trkpt lat="19.240405" lon="98.655782">
				<ele>963.103027</ele>
				<time>2016-02-07T04:47:00Z</time>
			</trkpt>
			<trkpt lat="19.240365" lon="98.655865">
				<ele>964.568115</ele>
				<time>2016-02-07T04:47:01Z</time>
			</trkpt>
			<trkpt lat="19.240316" lon="98.655962">
				<ele>964.656982</ele>
				<time>2016-02-07T04:47:02Z</time>
			</trkpt>
			<trkpt lat="19.240248" lon="98.656054">
				<ele>964.208740</ele>
				<time>2016-02-07T04:47:03Z</time>
			</trkpt>
			<trkpt lat="19.240178" lon="98.656206">
				<ele>964.624878</ele>
				<time>2016-02-07T04:47:04Z</time>
			</trkpt>
			<trkpt lat="19.240102" lon="98.656319">
				<ele>966.267578</ele>
				<time>2016-02-07T04:47:05Z</time>
			</trkpt>
			<trkpt lat="19.240098" lon="98.656504">
				<ele>964.071045</ele>
				<time>2016-02-07T04:47:06Z</time>
			</trkpt>
			<trkpt lat="19.240079" lon="98.656653">
				<ele>962.781128</ele>
				<time>2016-02-07T04:47:07Z</time>
			</trkpt>
			<trkpt lat="19.240079" lon="98.656821">
				<ele>962.436523</ele>
				<time>2016-02-07T04:47:08Z</time>
			</trkpt>
			<trkpt lat="19.240099" lon="98.656925">
				<ele>962.843994</ele>
				<time>2016-02-07T04:47:09Z</time>
			</trkpt>
			<trkpt lat="19.240196" lon="98.657095">
				<ele>959.971924</ele>
				<time>2016-02-07T04:47:10Z</time>
			</trkpt>
			<trkpt lat="19.240222" lon="98.657228">
				<ele>962.240112</ele>
				<time>2016-02-07T04:47:11Z</time>
			</trkpt>
			<trkpt lat="19.240212" lon="98.657403">
				<ele>962.315796</ele>
				<time>2016-02-07T04:47:12Z</time>
			</trkpt>
			<trkpt lat="19.240179" lon="98.657611">
				<ele>963.774414</ele>
				<time>2016-02-07T04:47:13Z</time>
			</trkpt>
			<trkpt lat="19.240157" lon="98.657724">
				<ele>962.623047</ele>
				<time>2016-02-07T04:47:14Z</time>
			</trkpt>
			<trkpt lat="19.240058" lon="98.657899">
				<ele>963.034180</ele>
				<time>2016-02-07T04:47:15Z</time>
			</trkpt>
			<trkpt lat="19.239985" lon="98.658055">
				<ele>963.149780</ele>
				<time>2016-02-07T04:47:16Z</time>
			</trkpt>
			<trkpt lat="19.239919" lon="98.658202">
				<ele>962.084961</ele>
				<time>2016-02-07T04:47:17Z</time>
			</trkpt>
			<trkpt lat="19.239854" lon="98.658342">
				<ele>963.435303</ele>
				<time>2016-02-07T04:47:18Z</time>
			</trkpt>
			<trkpt lat="19.239795" lon="98.658475">
				<ele>963.569092</ele>
				<time>2016-02-07T04:47:19Z</time>
			</trkpt>
			<trkpt lat="19.239749" lon="98.658631">
				<ele>965.128906</ele>
				<time>2016-02-07T04:47:20Z</time>
			</trkpt>
			<trkpt lat="19.239723" lon="98.658778">
				<ele>966.199097</ele>
				<time>2016-02-07T04:47:21Z</time>
			</trkpt>
			<trkpt lat="19.239724" lon="98.658912">
				<ele>968.145508</ele>
				<time>2016-02-07T04:47:22Z</time>
			</trkpt>
			<trkpt lat="19.239743" lon="98.658962">
				<ele>969.888062</ele>
				<time>2016-02-07T04:47:23Z</time>
			</trkpt>
			<trkpt lat="19.239749" lon="98.659106">
				<ele>970.269775</ele>
				<time>2016-02-07T04:47:24Z</time>
			</trkpt>
			<trkpt lat="19.239721" lon="98.659210">
				<ele>973.516113</ele>
				<time>2016-02-07T04:47:25Z</time>
			</trkpt>
			<trkpt lat="19.239700" lon="98.659241">
				<ele>970.420898</ele>
				<time>2016-02-07T04:47:26Z</time>
			</trkpt>
			<trkpt lat="19.239660" lon="98.659309">
				<ele>971.054443</ele>
				<time>2016-02-07T04:47:27Z</time>
			</trkpt>
			<trkpt lat="19.239616" lon="98.659366">
				<ele>972.579590</ele>
				<time>2016-02-07T04:47:28Z</time>
			</trkpt>
			<trkpt lat="19.239563" lon="98.659421">
				<ele>972.614258</ele>
				<time>2016-02-07T04:47:29Z</time>
			</trkpt>
			<trkpt lat="19.239439" lon="98.659339">
				<ele>970.998779</ele>
				<time>2016-02-07T04:47:30Z</time>
			</trkpt>
			<trkpt lat="19.239308" lon="98.659296">
				<ele>971.509644</ele>
				<time>2016-02-07T04:47:31Z</time>
			</trkpt>
			<trkpt lat="19.239203" lon="98.659252">
				<ele>973.634033</ele>
				<time>2016-02-07T04:47:32Z</time>
			</trkpt>
			<trkpt lat="19.239073" lon="98.659109">
				<ele>974.224854</ele>
				<time>2016-02-07T04:47:33Z</time>
			</trkpt>
			<trkpt lat="19.238969" lon="98.659100">
				<ele>975.091309</ele>
				<time>2016-02-07T04:47:34Z</time>
			</trkpt>
			<trkpt lat="19.238906" lon="98.659048">
				<ele>977.716309</ele>
				<time>2016-02-07T04:47:35Z</time>
			</trkpt>
			<trkpt lat="19.238852" lon="98.658939">
				<ele>975.756226</ele>
				<time>2016-02-07T04:47:36Z</time>
			</trkpt>
			<trkpt lat="19.238788" lon="98.658828">
				<ele>976.045898</ele>
				<time>2016-02-07T04:47:37Z</time>
			</trkpt>
			<trkpt lat="19.238665" lon="98.658750">
				<ele>976.926514</ele>
				<time>2016-02-07T04:47:38Z</time>
			</trkpt>
			<trkpt lat="19.238526" lon="98.658685">
				<ele>977.868164</ele>
				<time>2016-02-07T04:47:39Z</time>
			</trkpt>
			<trkpt lat="19.238403" lon="98.658613">
				<ele>976.639404</ele>
				<time>2016-02-07T04:47:40Z</time>
			</trkpt>
			<trkpt lat="19.238270" lon="98.658556">
				<ele>976.896729</ele>
				<time>2016-02-07T04:47:41Z</time>
			</trkpt>
			<trkpt lat="19.238155" lon="98.658505">
				<ele>974.041504</ele>
				<time>2016-02-07T04:47:42Z</time>
			</trkpt>
			<trkpt lat="19.238002" lon="98.658451">
				<ele>975.018921</ele>
				<time>2016-02-07T04:47:43Z</time>
			</trkpt>
			<trkpt lat="19.237814" lon="98.658388">
				<ele>976.047852</ele>
				<time>2016-02-07T04:47:44Z</time>
			</trkpt>
			<trkpt lat="19.237653" lon="98.658435">
				<ele>975.683350</ele>
				<time>2016-02-07T04:47:45Z</time>
			</trkpt>
			<trkpt lat="19.237415" lon="98.658461">
				<ele>976.014404</ele>
				<time>2016-02-07T04:47:46Z</time>
			</trkpt>
			<trkpt lat="19.237231" lon="98.658350">
				<ele>975.358643</ele>
				<time>2016-02-07T04:47:47Z</time>
			</trkpt>
			<trkpt lat="19.236991" lon="98.658254">
				<ele>974.717773</ele>
				<time>2016-02-07T04:47:48Z</time>
			</trkpt>
			<trkpt lat="19.236808" lon="98.658280">
				<ele>974.687500</ele>
				<time>2016-02-07T04:47:49Z</time>
			</trkpt>
			<trkpt lat="19.236597" lon="98.658188">
				<ele>975.248779</ele>
				<time>2016-02-07T04:47:50Z</time>
			</trkpt>
			<trkpt lat="19.236386" lon="98.658219">
				<ele>976.509766</ele>
				<time>2016-02-07T04:47:51Z</time>
			</trkpt>
			<trkpt lat="19.236301" lon="98.658402">
				<ele>979.118896</ele>
				<time>2016-02-07T04:47:52Z</time>
			</trkpt>
			<trkpt lat="19.236167" lon="98.658507">
				<ele>981.410156</ele>
				<time>2016-02-07T04:47:53Z</time>
			</trkpt>
			<trkpt lat="19.236056" lon="98.658614">
				<ele>980.658203</ele>
				<time>2016-02-07T04:47:54Z</time>
			</trkpt>
			<trkpt lat="19.235958" lon="98.658719">
				<ele>980.873535</ele>
				<time>2016-02-07T04:47:55Z</time>
			</trkpt>
			<trkpt lat="19.235851" lon="98.658813">
				<ele>981.373047</ele>
				<time>2016-02-07T04:47:56Z</time>
			</trkpt>
			<trkpt lat="19.235723" lon="98.658889">
				<ele>980.682373</ele>
				<time>2016-02-07T04:47:57Z</time>
			</trkpt>
			<trkpt lat="19.235573" lon="98.658988">
				<ele>980.987793</ele>
				<time>2016-02-07T04:47:58Z</time>
			</trkpt>
			<trkpt lat="19.235391" lon="98.659036">
				<ele>981.218628</ele>
				<time>2016-02-07T04:47:59Z</time>
			</trkpt>
			<trkpt lat="19.235206" lon="98.659033">
				<ele>981.314209</ele>
				<time>2016-02-07T04:48:00Z</time>
			</trkpt>
			<trkpt lat="19.235035" lon="98.658918">
				<ele>980.349243</ele>
				<time>2016-02-07T04:48:01Z</time>
			</trkpt>
			<trkpt lat="19.234895" lon="98.658942">
				<ele>980.023682</ele>
				<time>2016-02-07T04:48:02Z</time>
			</trkpt>
			<trkpt lat="19.234766" lon="98.658927">
				<ele>977.253418</ele>
				<time>2016-02-07T04:48:03Z</time>
			</trkpt>
			<trkpt lat="19.234630" lon="98.658940">
				<ele>977.457031</ele>
				<time>2016-02-07T04:48:04Z</time>
			</trkpt>
			<trkpt lat="19.234529" lon="98.658933">
				<ele>978.129883</ele>
				<time>2016-02-07T04:48:05Z</time>
			</trkpt>
			<trkpt lat="19.234414" lon="98.658930">
				<ele>979.507812</ele>
				<time>2016-02-07T04:48:06Z</time>
			</trkpt>
			<trkpt lat="19.234317" lon="98.658954">
				<ele>980.900269</ele>
				<time>2016-02-07T04:48:07Z</time>
			</trkpt>
			<trkpt lat="19.234264" lon="98.658980">
				<ele>984.527344</ele>
				<time>2016-02-07T04:48:08Z</time>
			</trkpt>
			<trkpt lat="19.234243" lon="98.659002">
				<ele>986.618408</ele>
				<time>2016-02-07T04:48:09Z</time>
			</trkpt>
			<trkpt lat="19.234318" lon="98.659026">
				<ele>987.464966</ele>
				<time>2016-02-07T04:48:10Z</time>
			</trkpt>
			<trkpt lat="19.234417" lon="98.659131">
				<ele>989.398071</ele>
				<time>2016-02-07T04:48:11Z</time>
			</trkpt>
			<trkpt lat="19.234481" lon="98.659204">
				<ele>990.538940</ele>
				<time>2016-02-07T04:48:12Z</time>
			</trkpt>
			<trkpt lat="19.234639" lon="98.659282">
				<ele>990.715698</ele>
				<time>2016-02-07T04:48:13Z</time>
			</trkpt>
			<trkpt lat="19.234800" lon="98.659313">
				<ele>993.049561</ele>
				<time>2016-02-07T04:48:14Z</time>
			</trkpt>
			<trkpt lat="19.235000" lon="98.659378">
				<ele>994.342041</ele>
				<time>2016-02-07T04:48:15Z</time>
			</trkpt>
			<trkpt lat="19.235203" lon="98.659428">
				<ele>995.804932</ele>
				<time>2016-02-07T04:48:16Z</time>
			</trkpt>
			<trkpt lat="19.235461" lon="98.659480">
				<ele>994.834839</ele>
				<time>2016-02-07T04:48:17Z</time>
			</trkpt>
			<trkpt lat="19.235673" lon="98.659528">
				<ele>995.778931</ele>
				<time>2016-02-07T04:48:18Z</time>
			</trkpt>
			<trkpt lat="19.235904" lon="98.659564">
				<ele>995.442139</ele>
				<time>2016-02-07T04:48:19Z</time>
			</trkpt>
			<trkpt lat="19.236091" lon="98.659561">
				<ele>997.108398</ele>
				<time>2016-02-07T04:48:20Z</time>
			</trkpt>
			<trkpt lat="19.236233" lon="98.659611">
				<ele>997.089600</ele>
				<time>2016-02-07T04:48:21Z</time>
			</trkpt>
			<trkpt lat="19.236405" lon="98.659665">
				<ele>995.402832</ele>
				<time>2016-02-07T04:48:22Z</time>
			</trkpt>
			<trkpt lat="19.236573" lon="98.659701">
				<ele>997.005493</ele>
				<time>2016-02-07T04:48:23Z</time>
			</trkpt>
			<trkpt lat="19.236678" lon="98.659667">
				<ele>996.844238</ele>
				<time>2016-02-07T04:48:24Z</time>
			</trkpt>
			<trkpt lat="19.236841" lon="98.659655">
				<ele>996.895752</ele>
				<time>2016-02-07T04:48:25Z</time>
			</trkpt>
			<trkpt lat="19.236979" lon="98.659700">
				<ele>998.164307</ele>
				<time>2016-02-07T04:48:26Z</time>
			</trkpt>
			<trkpt lat="19.237107" lon="98.659782">
				<ele>1001.204834</ele>
				<time>2016-02-07T04:48:27Z</time>
			</trkpt>
			<trkpt lat="19.237203" lon="98.659891">
				<ele>1004.113770</ele>
				<time>2016-02-07T04:48:28Z</time>
			</trkpt>
			<trkpt lat="19.237161" lon="98.659962">
				<ele>1009.677002</ele>
				<time>2016-02-07T04:48:29Z</time>
			</trkpt>
			<trkpt lat="19.237038" lon="98.660096">
				<ele>1012.642334</ele>
				<time>2016-02-07T04:48:30Z</time>
			</trkpt>
			<trkpt lat="19.236959" lon="98.660160">
				<ele>1015.479248</ele>
				<time>2016-02-07T04:48:31Z</time>
			</trkpt>
			<trkpt lat="19.236762" lon="98.660156">
				<ele>1017.413574</ele>
				<time>2016-02-07T04:48:32Z</time>
			</trkpt>
			<trkpt lat="19.236660" lon="98.660176">
				<ele>1016.399292</ele>
				<time>2016-02-07T04:48:33Z</time>
			</trkpt>
			<trkpt lat="19.236490" lon="98.660187">
				<ele>1017.509766</ele>
				<time>2016-02-07T04:48:34Z</time>
			</trkpt>
			<trkpt lat="19.236321" lon="98.660218">
				<ele>1018.823975</ele>
				<time>2016-02-07T04:48:35Z</time>
			</trkpt>
			<trkpt lat="19.236166" lon="98.660287">
				<ele>1021.026367</ele>
				<time>2016-02-07T04:48:36Z</time>
			</trkpt>
			<trkpt lat="19.236102" lon="98.660395">
				<ele>1019.884766</ele>
				<time>2016-02-07T04:48:37Z</time>
			</trkpt>
			<trkpt lat="19.236004" lon="98.660530">
				<ele>1020.688477</ele>
				<time>2016-02-07T04:48:38Z</time>
			</trkpt>
			<trkpt lat="19.236014" lon="98.660683">
				<ele>1018.921631</ele>
				<time>2016-02-07T04:48:39Z</time>
			</trkpt>
			<trkpt lat="19.236003" lon="98.660831">
				<ele>1019.623535</ele>
				<time>2016-02-07T04:48:40Z</time>
			</trkpt>
			<trkpt lat="19.236052" lon="98.660957">
				<ele>1020.057617</ele>
				<time>2016-02-07T04:48:41Z</time>
			</trkpt>
			<trkpt lat="19.236041" lon="98.661071">
				<ele>1022.744141</ele>
				<time>2016-02-07T04:48:42Z</time>
			</trkpt>
			<trkpt lat="19.236161" lon="98.661193">
				<ele>1020.668213</ele>
				<time>2016-02-07T04:48:43Z</time>
			</trkpt>
			<trkpt lat="19.236203" lon="98.661290">
				<ele>1023.324585</ele>
				<time>2016-02-07T04:48:44Z</time>
			</trkpt>
			<trkpt lat="19.236213" lon="98.661320">
				<ele>1024.969360</ele>
				<time>2016-02-07T04:48:45Z</time>
			</trkpt>
			<trkpt lat="19.236179" lon="98.661439">
				<ele>1024.082764</ele>
				<time>2016-02-07T04:48:46Z</time>
			</trkpt>
			<trkpt lat="19.236125" lon="98.661537">
				<ele>1026.657959</ele>
				<time>2016-02-07T04:48:47Z</time>
			</trkpt>
			<trkpt lat="19.236056" lon="98.661656">
				<ele>1029.166260</ele>
				<time>2016-02-07T04:48:48Z</time>
			</trkpt>
			<trkpt lat="19.235986" lon="98.661765">
				<ele>1029.563477</ele>
				<time>2016-02-07T04:48:49Z</time>
			</trkpt>
			<trkpt lat="19.235900" lon="98.661854">
				<ele>1031.142822</ele>
				<time>2016-02-07T04:48:50Z</time>
			</trkpt>
			<trkpt lat="19.235784" lon="98.661925">
				<ele>1031.309326</ele>
				<time>2016-02-07T04:48:51Z</time>
			</trkpt>
			<trkpt lat="19.235660" lon="98.662006">
				<ele>1032.255371</ele>
				<time>2016-02-07T04:48:52Z</time>
			</trkpt>
			<trkpt lat="19.235518" lon="98.662081">
				<ele>1032.837158</ele>
				<time>2016-02-07T04:48:53Z</time>
			</trkpt>
			<trkpt lat="19.235385" lon="98.662080">
				<ele>1033.576660</ele>
				<time>2016-02-07T04:48:54Z</time>
			</trkpt>
			<trkpt lat="19.235249" lon="98.661997">
				<ele>1033.475098</ele>
				<time>2016-02-07T04:48:55Z</time>
			</trkpt>
			<trkpt lat="19.235123" lon="98.661934">
				<ele>1034.702759</ele>
				<time>2016-02-07T04:48:56Z</time>
			</trkpt>
			<trkpt lat="19.234994" lon="98.661913">
				<ele>1035.335815</ele>
				<time>2016-02-07T04:48:57Z</time>
			</trkpt>
			<trkpt lat="19.234883" lon="98.661970">
				<ele>1038.979248</ele>
				<time>2016-02-07T04:48:58Z</time>
			</trkpt>
			<trkpt lat="19.234785" lon="98.662032">
				<ele>1041.473389</ele>
				<time>2016-02-07T04:48:59Z</time>
			</trkpt>
			<trkpt lat="19.234730" lon="98.662182">
				<ele>1042.341553</ele>
				<time>2016-02-07T04:49:00Z</time>
			</trkpt>
			<trkpt lat="19.234835" lon="98.662385">
				<ele>1044.453735</ele>
				<time>2016-02-07T04:49:01Z</time>
			</trkpt>
			<trkpt lat="19.234837" lon="98.662492">
				<ele>1043.707275</ele>
				<time>2016-02-07T04:49:02Z</time>
			</trkpt>
			<trkpt lat="19.234851" lon="98.662626">
				<ele>1043.661133</ele>
				<time>2016-02-07T04:49:03Z</time>
			</trkpt>
			<trkpt lat="19.234802" lon="98.662712">
				<ele>1043.623047</ele>
				<time>2016-02-07T04:49:04Z</time>
			</trkpt>
			<trkpt lat="19.234731" lon="98.662764">
				<ele>1039.215088</ele>
				<time>2016-02-07T04:49:05Z</time>
			</trkpt>
			<trkpt lat="19.234680" lon="98.662825">
				<ele>1037.727539</ele>
				<time>2016-02-07T04:49:06Z</time>
			</trkpt>
			<trkpt lat="19.234591" lon="98.662877">
				<ele>1036.462158</ele>
				<time>2016-02-07T04:49:07Z</time>
			</trkpt>
			<trkpt lat="19.234502" lon="98.662913">
				<ele>1035.100830</ele>
				<time>2016-02-07T04:49:08Z</time>
			</trkpt>
			<trkpt lat="19.234437" lon="98.662805">
				<ele>1034.044067</ele>
				<time>2016-02-07T04:49:09Z</time>
			</trkpt>
			<trkpt lat="19.234366" lon="98.662640">
				<ele>1034.020264</ele>
				<time>2016-02-07T04:49:10Z</time>
			</trkpt>
			<trkpt lat="19.234299" lon="98.662566">
				<ele>1034.523193</ele>
				<time>2016-02-07T04:49:11Z</time>
			</trkpt>
			<trkpt lat="19.234287" lon="98.662409">
				<ele>1035.173340</ele>
				<time>2016-02-07T04:49:12Z</time>
			</trkpt>
			<trkpt lat="19.234245" lon="98.662279">
				<ele>1036.585938</ele>
				<time>2016-02-07T04:49:13Z</time>
			</trkpt>
			<trkpt lat="19.234176" lon="98.662177">
				<ele>1038.307861</ele>
				<time>2016-02-07T04:49:14Z</time>
			</trkpt>
			<trkpt lat="19.234148" lon="98.662045">
				<ele>1039.991333</ele>
				<time>2016-02-07T04:49:15Z</time>
			</trkpt>
			<trkpt lat="19.234077" lon="98.661940">
				<ele>1039.153809</ele>
				<time>2016-02-07T04:49:16Z</time>
			</trkpt>
			<trkpt lat="19.233989" lon="98.661955">
				<ele>1038.960449</ele>
				<time>2016-02-07T04:49:17Z</time>
			</trkpt>
			<trkpt lat="19.233915" lon="98.661962">
				<ele>1038.873779</ele>
				<time>2016-02-07T04:49:18Z</time>
			</trkpt>
			<trkpt lat="19.233817" lon="98.662084">
				<ele>1040.369141</ele>
				<time>2016-02-07T04:49:19Z</time>
			</trkpt>
			<trkpt lat="19.233722" lon="98.662127">
				<ele>1040.301147</ele>
				<time>2016-02-07T04:49:20Z</time>
			</trkpt>
			<trkpt lat="19.233622" lon="98.662164">
				<ele>1040.753784</ele>
				<time>2016-02-07T04:49:21Z</time>
			</trkpt>
			<trkpt lat="19.233484" lon="98.662204">
				<ele>1040.601562</ele>
				<time>2016-02-07T04:49:22Z</time>
			</trkpt>
			<trkpt lat="19.233298" lon="98.662193">
				<ele>1041.530029</ele>
				<time>2016-02-07T04:49:23Z</time>
			</trkpt>
			<trkpt lat="19.233134" lon="98.662119">
				<ele>1040.445801</ele>
				<time>2016-02-07T04:49:24Z</time>
			</trkpt>
			<trkpt lat="19.232980" lon="98.662083">
				<ele>1040.826416</ele>
				<time>2016-02-07T04:49:25Z</time>
			</trkpt>
			<trkpt lat="19.232840" lon="98.662190">
				<ele>1042.920044</ele>
				<time>2016-02-07T04:49:26Z</time>
			</trkpt>
			<trkpt lat="19.232716" lon="98.662273">
				<ele>1044.095703</ele>
				<time>2016-02-07T04:49:27Z</time>
			</trkpt>
			<trkpt lat="19.232587" lon="98.662391">
				<ele>1043.833862</ele>
				<time>2016-02-07T04:49:28Z</time>
			</trkpt>
			<trkpt lat="19.232493" lon="98.662523">
				<ele>1046.229248</ele>
				<time>2016-02-07T04:49:29Z</time>
			</trkpt>
			<trkpt lat="19.232359" lon="98.662608">
				<ele>1046.827393</ele>
				<time>2016-02-07T04:49:30Z</time>
			</trkpt>
			<trkpt lat="19.232244" lon="98.662711">
				<ele>1047.773682</ele>
				<time>2016-02-07T04:49:31Z</time>
			</trkpt>
			<trkpt lat="19.232068" lon="98.662831">
				<ele>1048.012207</ele>
				<time>2016-02-07T04:49:32Z</time>
			</trkpt>
			<trkpt lat="19.231942" lon="98.662917">
				<ele>1048.386230</ele>
				<time>2016-02-07T04:49:33Z</time>
			</trkpt>
			<trkpt lat="19.231859" lon="98.663089">
				<ele>1048.290894</ele>
				<time>2016-02-07T04:49:34Z</time>
			</trkpt>
			<trkpt lat="19.231755" lon="98.663247">
				<ele>1048.351807</ele>
				<time>2016-02-07T04:49:35Z</time>
			</trkpt>
			<trkpt lat="19.231677" lon="98.663383">
				<ele>1046.845215</ele>
				<time>2016-02-07T04:49:36Z</time>
			</trkpt>
			<trkpt lat="19.231592" lon="98.663527">
				<ele>1047.847900</ele>
				<time>2016-02-07T04:49:37Z</time>
			</trkpt>
			<trkpt lat="19.231498" lon="98.663669">
				<ele>1047.783569</ele>
				<time>2016-02-07T04:49:38Z</time>
			</trkpt>
			<trkpt lat="19.231406" lon="98.663796">
				<ele>1047.682007</ele>
				<time>2016-02-07T04:49:39Z</time>
			</trkpt>
			<trkpt lat="19.231306" lon="98.663922">
				<ele>1047.343506</ele>
				<time>2016-02-07T04:49:40Z</time>
			</trkpt>
			<trkpt lat="19.231267" lon="98.664049">
				<ele>1046.189209</ele>
				<time>2016-02-07T04:49:41Z</time>
			</trkpt>
			<trkpt lat="19.231401" lon="98.664095">
				<ele>1046.339600</ele>
				<time>2016-02-07T04:49:42Z</time>
			</trkpt>
			<trkpt lat="19.231447" lon="98.664173">
				<ele>1045.576782</ele>
				<time>2016-02-07T04:49:43Z</time>
			</trkpt>
			<trkpt lat="19.231484" lon="98.664272">
				<ele>1045.476685</ele>
				<time>2016-02-07T04:49:44Z</time>
			</trkpt>
			<trkpt lat="19.231532" lon="98.664382">
				<ele>1044.846069</ele>
				<time>2016-02-07T04:49:45Z</time>
			</trkpt>
			<trkpt lat="19.231609" lon="98.664518">
				<ele>1043.515015</ele>
				<time>2016-02-07T04:49:46Z</time>
			</trkpt>
			<trkpt lat="19.231671" lon="98.664680">
				<ele>1042.108887</ele>
				<time>2016-02-07T04:49:47Z</time>
			</trkpt>
			<trkpt lat="19.231731" lon="98.664743">
				<ele>1040.950195</ele>
				<time>2016-02-07T04:49:48Z</time>
			</trkpt>
			<trkpt lat="19.231797" lon="98.664810">
				<ele>1039.745605</ele>
				<time>2016-02-07T04:49:49Z</time>
			</trkpt>
			<trkpt lat="19.231877" lon="98.664882">
				<ele>1037.171631</ele>
				<time>2016-02-07T04:49:50Z</time>
			</trkpt>
			<trkpt lat="19.231972" lon="98.664941">
				<ele>1037.885254</ele>
				<time>2016-02-07T04:49:51Z</time>
			</trkpt>
			<trkpt lat="19.232121" lon="98.665027">
				<ele>1037.554688</ele>
				<time>2016-02-07T04:49:52Z</time>
			</trkpt>
			<trkpt lat="19.232276" lon="98.665116">
				<ele>1036.433105</ele>
				<time>2016-02-07T04:49:53Z</time>
			</trkpt>
			<trkpt lat="19.232366" lon="98.665118">
				<ele>1037.501465</ele>
				<time>2016-02-07T04:49:54Z</time>
			</trkpt>
			<trkpt lat="19.232415" lon="98.665148">
				<ele>1038.062012</ele>
				<time>2016-02-07T04:49:55Z</time>
			</trkpt>
			<trkpt lat="19.232531" lon="98.665168">
				<ele>1038.797974</ele>
				<time>2016-02-07T04:49:56Z</time>
			</trkpt>
			<trkpt lat="19.232562" lon="98.665185">
				<ele>1035.387939</ele>
				<time>2016-02-07T04:49:57Z</time>
			</trkpt>
			<trkpt lat="19.232591" lon="98.665232">
				<ele>1035.668457</ele>
				<time>2016-02-07T04:49:58Z</time>
			</trkpt>
			<trkpt lat="19.232631" lon="98.665250">
				<ele>1035.231934</ele>
				<time>2016-02-07T04:49:59Z</time>
			</trkpt>
			<trkpt lat="19.232598" lon="98.665335">
				<ele>1036.076904</ele>
				<time>2016-02-07T04:50:00Z</time>
			</trkpt>
			<trkpt lat="19.232587" lon="98.665450">
				<ele>1034.986572</ele>
				<time>2016-02-07T04:50:01Z</time>
			</trkpt>
			<trkpt lat="19.232594" lon="98.665586">
				<ele>1034.997314</ele>
				<time>2016-02-07T04:50:02Z</time>
			</trkpt>
			<trkpt lat="19.232450" lon="98.665704">
				<ele>1034.675537</ele>
				<time>2016-02-07T04:50:03Z</time>
			</trkpt>
			<trkpt lat="19.232395" lon="98.665792">
				<ele>1035.236816</ele>
				<time>2016-02-07T04:50:04Z</time>
			</trkpt>
			<trkpt lat="19.232288" lon="98.665867">
				<ele>1035.782593</ele>
				<time>2016-02-07T04:50:05Z</time>
			</trkpt>
			<trkpt lat="19.232242" lon="98.666058">
				<ele>1036.913086</ele>
				<time>2016-02-07T04:50:06Z</time>
			</trkpt>
			<trkpt lat="19.232145" lon="98.666131">
				<ele>1036.118896</ele>
				<time>2016-02-07T04:50:07Z</time>
			</trkpt>
			<trkpt lat="19.231988" lon="98.666172">
				<ele>1036.765869</ele>
				<time>2016-02-07T04:50:08Z</time>
			</trkpt>
			<trkpt lat="19.231762" lon="98.666062">
				<ele>1036.228516</ele>
				<time>2016-02-07T04:50:09Z</time>
			</trkpt>
			<trkpt lat="19.231576" lon="98.666005">
				<ele>1036.572021</ele>
				<time>2016-02-07T04:50:10Z</time>
			</trkpt>
			<trkpt lat="19.231396" lon="98.665946">
				<ele>1037.215088</ele>
				<time>2016-02-07T04:50:11Z</time>
			</trkpt>
			<trkpt lat="19.231342" lon="98.666016">
				<ele>1038.237305</ele>
				<time>2016-02-07T04:50:12Z</time>
			</trkpt>
			<trkpt lat="19.231299" lon="98.666097">
				<ele>1035.577759</ele>
				<time>2016-02-07T04:50:13Z</time>
			</trkpt>
			<trkpt lat="19.231274" lon="98.666177">
				<ele>1032.413940</ele>
				<time>2016-02-07T04:50:14Z</time>
			</trkpt>
			<trkpt lat="19.231280" lon="98.666269">
				<ele>1032.600342</ele>
				<time>2016-02-07T04:50:15Z</time>
			</trkpt>
			<trkpt lat="19.231384" lon="98.666374">
				<ele>1032.126465</ele>
				<time>2016-02-07T04:50:16Z</time>
			</trkpt>
			<trkpt lat="19.231459" lon="98.666476">
				<ele>1033.036011</ele>
				<time>2016-02-07T04:50:17Z</time>
			</trkpt>
			<trkpt lat="19.231535" lon="98.666553">
				<ele>1031.112305</ele>
				<time>2016-02-07T04:50:18Z</time>
			</trkpt>
			<trkpt lat="19.231633" lon="98.666670">
				<ele>1032.274292</ele>
				<time>2016-02-07T04:50:19Z</time>
			</trkpt>
			<trkpt lat="19.231683" lon="98.666811">
				<ele>1032.770874</ele>
				<time>2016-02-07T04:50:20Z</time>
			</trkpt>
			<trkpt lat="19.231735" lon="98.666929">
				<ele>1031.883057</ele>
				<time>2016-02-07T04:50:21Z</time>
			</trkpt>
			<trkpt lat="19.231780" lon="98.667030">
				<ele>1031.514526</ele>
				<time>2016-02-07T04:50:22Z</time>
			</trkpt>
			<trkpt lat="19.231785" lon="98.667175">
				<ele>1030.511230</ele>
				<time>2016-02-07T04:50:23Z</time>
			</trkpt>
			<trkpt lat="19.231761" lon="98.667309">
				<ele>1030.755493</ele>
				<time>2016-02-07T04:50:24Z</time>
			</trkpt>
			<trkpt lat="19.231730" lon="98.667431">
				<ele>1029.388794</ele>
				<time>2016-02-07T04:50:25Z</time>
			</trkpt>
			<trkpt lat="19.231698" lon="98.667535">
				<ele>1029.166748</ele>
				<time>2016-02-07T04:50:26Z</time>
			</trkpt>
			<trkpt lat="19.231665" lon="98.667645">
				<ele>1029.384766</ele>
				<time>2016-02-07T04:50:27Z</time>
			</trkpt>
			<trkpt lat="19.231611" lon="98.667730">
				<ele>1031.133789</ele>
				<time>2016-02-07T04:50:28Z</time>
			</trkpt>
			<trkpt lat="19.231588" lon="98.667813">
				<ele>1030.222656</ele>
				<time>2016-02-07T04:50:29Z</time>
			</trkpt>
			<trkpt lat="19.231552" lon="98.667880">
				<ele>1029.756836</ele>
				<time>2016-02-07T04:50:30Z</time>
			</trkpt>
			<trkpt lat="19.231519" lon="98.667953">
				<ele>1027.716309</ele>
				<time>2016-02-07T04:50:31Z</time>
			</trkpt>
			<trkpt lat="19.231443" lon="98.667953">
				<ele>1026.692627</ele>
				<time>2016-02-07T04:50:32Z</time>
			</trkpt>
			<trkpt lat="19.231366" lon="98.667952">
				<ele>1026.564941</ele>
				<time>2016-02-07T04:50:33Z</time>
			</trkpt>
			<trkpt lat="19.231308" lon="98.667968">
				<ele>1026.226807</ele>
				<time>2016-02-07T04:50:34Z</time>
			</trkpt>
			<trkpt lat="19.231256" lon="98.667964">
				<ele>1024.133789</ele>
				<time>2016-02-07T04:50:35Z</time>
			</trkpt>
			<trkpt lat="19.231168" lon="98.667928">
				<ele>1021.745972</ele>
				<time>2016-02-07T04:50:36Z</time>
			</trkpt>
			<trkpt lat="19.231182" lon="98.667790">
				<ele>1021.051758</ele>
				<time>2016-02-07T04:50:37Z</time>
			</trkpt>
			<trkpt lat="19.231153" lon="98.667728">
				<ele>1019.804932</ele>
				<time>2016-02-07T04:50:38Z</time>
			</trkpt>
			<trkpt lat="19.231107" lon="98.667639">
				<ele>1019.758789</ele>
				<time>2016-02-07T04:50:39Z</time>
			</trkpt>
			<trkpt lat="19.231058" lon="98.667660">
				<ele>1019.352905</ele>
				<time>2016-02-07T04:50:40Z</time>
			</trkpt>
			<trkpt lat="19.231034" lon="98.667679">
				<ele>1018.135620</ele>
				<time>2016-02-07T04:50:41Z</time>
			</trkpt>
			<trkpt lat="19.230997" lon="98.667698">
				<ele>1016.215088</ele>
				<time>2016-02-07T04:50:42Z</time>
			</trkpt>
			<trkpt lat="19.230954" lon="98.667738">
				<ele>1013.622070</ele>
				<time>2016-02-07T04:50:43Z</time>
			</trkpt>
			<trkpt lat="19.230969" lon="98.667802">
				<ele>1013.830322</ele>
				<time>2016-02-07T04:50:44Z</time>
			</trkpt>
			<trkpt lat="19.231015" lon="98.667997">
				<ele>1013.656738</ele>
				<time>2016-02-07T04:50:45Z</time>
			</trkpt>
			<trkpt lat="19.231053" lon="98.668121">
				<ele>1012.358643</ele>
				<time>2016-02-07T04:50:46Z</time>
			</trkpt>
			<trkpt lat="19.231075" lon="98.668253">
				<ele>1009.751221</ele>
				<time>2016-02-07T04:50:47Z</time>
			</trkpt>
			<trkpt lat="19.231113" lon="98.668367">
				<ele>1009.004639</ele>
				<time>2016-02-07T04:50:48Z</time>
			</trkpt>
			<trkpt lat="19.231172" lon="98.668481">
				<ele>1007.602539</ele>
				<time>2016-02-07T04:50:49Z</time>
			</trkpt>
			<trkpt lat="19.231249" lon="98.668580">
				<ele>1006.010010</ele>
				<time>2016-02-07T04:50:50Z</time>
			</trkpt>
			<trkpt lat="19.231312" lon="98.668683">
				<ele>1006.018311</ele>
				<time>2016-02-07T04:50:51Z</time>
			</trkpt>
			<trkpt lat="19.231362" lon="98.668801">
				<ele>1004.443359</ele>
				<time>2016-02-07T04:50:52Z</time>
			</trkpt>
			<trkpt lat="19.231406" lon="98.668921">
				<ele>1004.876099</ele>
				<time>2016-02-07T04:50:53Z</time>
			</trkpt>
			<trkpt lat="19.231437" lon="98.669045">
				<ele>1004.218994</ele>
				<time>2016-02-07T04:50:54Z</time>
			</trkpt>
			<trkpt lat="19.231468" lon="98.669172">
				<ele>1004.510742</ele>
				<time>2016-02-07T04:50:55Z</time>
			</trkpt>
			<trkpt lat="19.231396" lon="98.669253">
				<ele>1003.859375</ele>
				<time>2016-02-07T04:50:56Z</time>
			</trkpt>
			<trkpt lat="19.231364" lon="98.669335">
				<ele>1002.957031</ele>
				<time>2016-02-07T04:50:57Z</time>
			</trkpt>
			<trkpt lat="19.231297" lon="98.669453">
				<ele>1001.561401</ele>
				<time>2016-02-07T04:50:58Z</time>
			</trkpt>
			<trkpt lat="19.231198" lon="98.669544">
				<ele>1000.833496</ele>
				<time>2016-02-07T04:50:59Z</time>
			</trkpt>
			<trkpt lat="19.231073" lon="98.669629">
				<ele>1000.518555</ele>
				<time>2016-02-07T04:51:00Z</time>
			</trkpt>
			<trkpt lat="19.230951" lon="98.669740">
				<ele>998.984863</ele>
				<time>2016-02-07T04:51:01Z</time>
			</trkpt>
			<trkpt lat="19.230871" lon="98.669850">
				<ele>997.986450</ele>
				<time>2016-02-07T04:51:02Z</time>
			</trkpt>
			<trkpt lat="19.230796" lon="98.669985">
				<ele>997.125000</ele>
				<time>2016-02-07T04:51:03Z</time>
			</trkpt>
			<trkpt lat="19.230728" lon="98.670100">
				<ele>997.478027</ele>
				<time>2016-02-07T04:51:04Z</time>
			</trkpt>
			<trkpt lat="19.230675" lon="98.670217">
				<ele>997.542725</ele>
				<time>2016-02-07T04:51:05Z</time>
			</trkpt>
			<trkpt lat="19.230623" lon="98.670341">
				<ele>997.839111</ele>
				<time>2016-02-07T04:51:06Z</time>
			</trkpt>
			<trkpt lat="19.230546" lon="98.670473">
				<ele>999.060913</ele>
				<time>2016-02-07T04:51:07Z</time>
			</trkpt>
			<trkpt lat="19.230498" lon="98.670618">
				<ele>999.201172</ele>
				<time>2016-02-07T04:51:08Z</time>
			</trkpt>
			<trkpt lat="19.230444" lon="98.670741">
				<ele>998.748901</ele>
				<time>2016-02-07T04:51:09Z</time>
			</trkpt>
			<trkpt lat="19.230382" lon="98.670835">
				<ele>997.873657</ele>
				<time>2016-02-07T04:51:10Z</time>
			</trkpt>
			<trkpt lat="19.230257" lon="98.670904">
				<ele>997.516968</ele>
				<time>2016-02-07T04:51:11Z</time>
			</trkpt>
			<trkpt lat="19.230119" lon="98.670993">
				<ele>996.883545</ele>
				<time>2016-02-07T04:51:12Z</time>
			</trkpt>
			<trkpt lat="19.230045" lon="98.670973">
				<ele>997.448730</ele>
				<time>2016-02-07T04:51:13Z</time>
			</trkpt>
			<trkpt lat="19.229892" lon="98.670971">
				<ele>997.288574</ele>
				<time>2016-02-07T04:51:14Z</time>
			</trkpt>
			<trkpt lat="19.229748" lon="98.670961">
				<ele>995.229370</ele>
				<time>2016-02-07T04:51:15Z</time>
			</trkpt>
			<trkpt lat="19.229571" lon="98.670841">
				<ele>990.534668</ele>
				<time>2016-02-07T04:51:16Z</time>
			</trkpt>
			<trkpt lat="19.229448" lon="98.670836">
				<ele>989.941895</ele>
				<time>2016-02-07T04:51:17Z</time>
			</trkpt>
			<trkpt lat="19.229353" lon="98.670871">
				<ele>988.296143</ele>
				<time>2016-02-07T04:51:18Z</time>
			</trkpt>
			<trkpt lat="19.229266" lon="98.670922">
				<ele>987.274658</ele>
				<time>2016-02-07T04:51:19Z</time>
			</trkpt>
			<trkpt lat="19.229212" lon="98.670998">
				<ele>985.156982</ele>
				<time>2016-02-07T04:51:20Z</time>
			</trkpt>
			<trkpt lat="19.229167" lon="98.671082">
				<ele>984.533569</ele>
				<time>2016-02-07T04:51:21Z</time>
			</trkpt>
			<trkpt lat="19.229158" lon="98.671165">
				<ele>982.313965</ele>
				<time>2016-02-07T04:51:22Z</time>
			</trkpt>
			<trkpt lat="19.229147" lon="98.671253">
				<ele>983.409302</ele>
				<time>2016-02-07T04:51:23Z</time>
			</trkpt>
			<trkpt lat="19.229139" lon="98.671370">
				<ele>982.914307</ele>
				<time>2016-02-07T04:51:24Z</time>
			</trkpt>
			<trkpt lat="19.229094" lon="98.671439">
				<ele>982.706055</ele>
				<time>2016-02-07T04:51:25Z</time>
			</trkpt>
			<trkpt lat="19.229018" lon="98.671506">
				<ele>982.590576</ele>
				<time>2016-02-07T04:51:26Z</time>
			</trkpt>
			<trkpt lat="19.228942" lon="98.671541">
				<ele>980.805176</ele>
				<time>2016-02-07T04:51:27Z</time>
			</trkpt>
			<trkpt lat="19.228829" lon="98.671603">
				<ele>979.987793</ele>
				<time>2016-02-07T04:51:28Z</time>
			</trkpt>
			<trkpt lat="19.228709" lon="98.671716">
				<ele>978.356934</ele>
				<time>2016-02-07T04:51:29Z</time>
			</trkpt>
			<trkpt lat="19.228579" lon="98.671859">
				<ele>975.824341</ele>
				<time>2016-02-07T04:51:30Z</time>
			</trkpt>
			<trkpt lat="19.228461" lon="98.671971">
				<ele>975.357666</ele>
				<time>2016-02-07T04:51:31Z</time>
			</trkpt>
			<trkpt lat="19.228337" lon="98.672056">
				<ele>973.064697</ele>
				<time>2016-02-07T04:51:32Z</time>
			</trkpt>
			<trkpt lat="19.228218" lon="98.672130">
				<ele>971.994141</ele>
				<time>2016-02-07T04:51:33Z</time>
			</trkpt>
			<trkpt lat="19.228104" lon="98.672174">
				<ele>972.050781</ele>
				<time>2016-02-07T04:51:34Z</time>
			</trkpt>
			<trkpt lat="19.227995" lon="98.672224">
				<ele>970.544678</ele>
				<time>2016-02-07T04:51:35Z</time>
			</trkpt>
			<trkpt lat="19.227906" lon="98.672252">
				<ele>967.218750</ele>
				<time>2016-02-07T04:51:36Z</time>
			</trkpt>
			<trkpt lat="19.227816" lon="98.672248">
				<ele>966.016968</ele>
				<time>2016-02-07T04:51:37Z</time>
			</trkpt>
			<trkpt lat="19.227712" lon="98.672241">
				<ele>965.807495</ele>
				<time>2016-02-07T04:51:38Z</time>
			</trkpt>
			<trkpt lat="19.227633" lon="98.672152">
				<ele>966.232666</ele>
				<time>2016-02-07T04:51:39Z</time>
			</trkpt>
			<trkpt lat="19.227556" lon="98.672143">
				<ele>965.691895</ele>
				<time>2016-02-07T04:51:40Z</time>
			</trkpt>
			<trkpt lat="19.227481" lon="98.672112">
				<ele>964.134033</ele>
				<time>2016-02-07T04:51:41Z</time>
			</trkpt>
			<trkpt lat="19.227408" lon="98.672188">
				<ele>958.669922</ele>
				<time>2016-02-07T04:51:42Z</time>
			</trkpt>
			<trkpt lat="19.227332" lon="98.672207">
				<ele>956.613403</ele>
				<time>2016-02-07T04:51:43Z</time>
			</trkpt>
			<trkpt lat="19.227284" lon="98.672278">
				<ele>956.103271</ele>
				<time>2016-02-07T04:51:44Z</time>
			</trkpt>
			<trkpt lat="19.227230" lon="98.672371">
				<ele>956.647217</ele>
				<time>2016-02-07T04:51:45Z</time>
			</trkpt>
			<trkpt lat="19.227172" lon="98.672442">
				<ele>956.220947</ele>
				<time>2016-02-07T04:51:46Z</time>
			</trkpt>
			<trkpt lat="19.227092" lon="98.672508">
				<ele>956.793945</ele>
				<time>2016-02-07T04:51:47Z</time>
			</trkpt>
			<trkpt lat="19.227010" lon="98.672554">
				<ele>955.202393</ele>
				<time>2016-02-07T04:51:48Z</time>
			</trkpt>
			<trkpt lat="19.226911" lon="98.672576">
				<ele>955.421753</ele>
				<time>2016-02-07T04:51:49Z</time>
			</trkpt>
			<trkpt lat="19.226814" lon="98.672569">
				<ele>952.298340</ele>
				<time>2016-02-07T04:51:50Z</time>
			</trkpt>
			<trkpt lat="19.226652" lon="98.672441">
				<ele>950.223389</ele>
				<time>2016-02-07T04:51:51Z</time>
			</trkpt>
			<trkpt lat="19.226528" lon="98.672321">
				<ele>949.473877</ele>
				<time>2016-02-07T04:51:52Z</time>
			</trkpt>
			<trkpt lat="19.226314" lon="98.672299">
				<ele>948.476929</ele>
				<time>2016-02-07T04:51:53Z</time>
			</trkpt>
			<trkpt lat="19.226148" lon="98.672253">
				<ele>945.077148</ele>
				<time>2016-02-07T04:51:54Z</time>
			</trkpt>
			<trkpt lat="19.226025" lon="98.672213">
				<ele>946.359497</ele>
				<time>2016-02-07T04:51:55Z</time>
			</trkpt>
			<trkpt lat="19.225948" lon="98.672179">
				<ele>947.219971</ele>
				<time>2016-02-07T04:51:56Z</time>
			</trkpt>
			<trkpt lat="19.225866" lon="98.672196">
				<ele>948.810425</ele>
				<time>2016-02-07T04:51:57Z</time>
			</trkpt>
			<trkpt lat="19.225809" lon="98.672216">
				<ele>947.364624</ele>
				<time>2016-02-07T04:51:58Z</time>
			</trkpt>
			<trkpt lat="19.225763" lon="98.672240">
				<ele>945.970703</ele>
				<time>2016-02-07T04:51:59Z</time>
			</trkpt>
			<trkpt lat="19.225760" lon="98.672344">
				<ele>944.199829</ele>
				<time>2016-02-07T04:52:00Z</time>
			</trkpt>
			<trkpt lat="19.225729" lon="98.672404">
				<ele>944.904419</ele>
				<time>2016-02-07T04:52:01Z</time>
			</trkpt>
			<trkpt lat="19.225681" lon="98.672477">
				<ele>944.184570</ele>
				<time>2016-02-07T04:52:02Z</time>
			</trkpt>
			<trkpt lat="19.225610" lon="98.672518">
				<ele>944.362305</ele>
				<time>2016-02-07T04:52:03Z</time>
			</trkpt>
			<trkpt lat="19.225540" lon="98.672556">
				<ele>943.666748</ele>
				<time>2016-02-07T04:52:04Z</time>
			</trkpt>
			<trkpt lat="19.225443" lon="98.672565">
				<ele>943.208984</ele>
				<time>2016-02-07T04:52:05Z</time>
			</trkpt>
			<trkpt lat="19.225343" lon="98.672580">
				<ele>942.034790</ele>
				<time>2016-02-07T04:52:06Z</time>
			</trkpt>
			<trkpt lat="19.225217" lon="98.672551">
				<ele>941.184570</ele>
				<time>2016-02-07T04:52:07Z</time>
			</trkpt>
			<trkpt lat="19.225097" lon="98.672462">
				<ele>940.167725</ele>
				<time>2016-02-07T04:52:08Z</time>
			</trkpt>
			<trkpt lat="19.224994" lon="98.672414">
				<ele>939.320801</ele>
				<time>2016-02-07T04:52:09Z</time>
			</trkpt>
			<trkpt lat="19.224877" lon="98.672359">
				<ele>938.700684</ele>
				<time>2016-02-07T04:52:10Z</time>
			</trkpt>
			<trkpt lat="19.224756" lon="98.672392">
				<ele>935.764893</ele>
				<time>2016-02-07T04:52:11Z</time>
			</trkpt>
			<trkpt lat="19.224635" lon="98.672401">
				<ele>934.453857</ele>
				<time>2016-02-07T04:52:12Z</time>
			</trkpt>
			<trkpt lat="19.224513" lon="98.672476">
				<ele>934.256958</ele>
				<time>2016-02-07T04:52:13Z</time>
			</trkpt>
			<trkpt lat="19.224396" lon="98.672522">
				<ele>933.271362</ele>
				<time>2016-02-07T04:52:14Z</time>
			</trkpt>
			<trkpt lat="19.224275" lon="98.672558">
				<ele>931.784302</ele>
				<time>2016-02-07T04:52:15Z</time>
			</trkpt>
			<trkpt lat="19.224150" lon="98.672584">
				<ele>931.335938</ele>
				<time>2016-02-07T04:52:16Z</time>
			</trkpt>
			<trkpt lat="19.224045" lon="98.672645">
				<ele>929.471802</ele>
				<time>2016-02-07T04:52:17Z</time>
			</trkpt>
			<trkpt lat="19.223973" lon="98.672732">
				<ele>926.541016</ele>
				<time>2016-02-07T04:52:18Z</time>
			</trkpt>
			<trkpt lat="19.223913" lon="98.672825">
				<ele>928.031738</ele>
				<time>2016-02-07T04:52:19Z</time>
			</trkpt>
			<trkpt lat="19.223881" lon="98.672966">
				<ele>927.230835</ele>
				<time>2016-02-07T04:52:20Z</time>
			</trkpt>
			<trkpt lat="19.223864" lon="98.673099">
				<ele>927.106201</ele>
				<time>2016-02-07T04:52:21Z</time>
			</trkpt>
			<trkpt lat="19.223851" lon="98.673224">
				<ele>928.367432</ele>
				<time>2016-02-07T04:52:22Z</time>
			</trkpt>
			<trkpt lat="19.223847" lon="98.673369">
				<ele>926.424072</ele>
				<time>2016-02-07T04:52:23Z</time>
			</trkpt>
			<trkpt lat="19.223830" lon="98.673495">
				<ele>925.249878</ele>
				<time>2016-02-07T04:52:24Z</time>
			</trkpt>
			<trkpt lat="19.223816" lon="98.673624">
				<ele>924.693848</ele>
				<time>2016-02-07T04:52:25Z</time>
			</trkpt>
			<trkpt lat="19.223783" lon="98.673718">
				<ele>924.307129</ele>
				<time>2016-02-07T04:52:26Z</time>
			</trkpt>
			<trkpt lat="19.223719" lon="98.673823">
				<ele>924.393066</ele>
				<time>2016-02-07T04:52:27Z</time>
			</trkpt>
			<trkpt lat="19.223581" lon="98.673897">
				<ele>924.997803</ele>
				<time>2016-02-07T04:52:28Z</time>
			</trkpt>
			<trkpt lat="19.223477" lon="98.673981">
				<ele>923.998779</ele>
				<time>2016-02-07T04:52:29Z</time>
			</trkpt>
			<trkpt lat="19.223379" lon="98.674062">
				<ele>923.318359</ele>
				<time>2016-02-07T04:52:30Z</time>
			</trkpt>
			<trkpt lat="19.223295" lon="98.674118">
				<ele>922.476807</ele>
				<time>2016-02-07T04:52:31Z</time>
			</trkpt>
			<trkpt lat="19.223200" lon="98.674132">
				<ele>923.474976</ele>
				<time>2016-02-07T04:52:32Z</time>
			</trkpt>
			<trkpt lat="19.223119" lon="98.674125">
				<ele>924.507446</ele>
				<time>2016-02-07T04:52:33Z</time>
			</trkpt>
			<trkpt lat="19.223057" lon="98.674110">
				<ele>924.079102</ele>
				<time>2016-02-07T04:52:34Z</time>
			</trkpt>
			<trkpt lat="19.223003" lon="98.674077">
				<ele>923.407471</ele>
				<time>2016-02-07T04:52:35Z</time>
			</trkpt>
			<trkpt lat="19.223026" lon="98.673984">
				<ele>923.080444</ele>
				<time>2016-02-07T04:52:36Z</time>
			</trkpt>
			<trkpt lat="19.223044" lon="98.673889">
				<ele>923.019775</ele>
				<time>2016-02-07T04:52:37Z</time>
			</trkpt>
			<trkpt lat="19.223067" lon="98.673813">
				<ele>925.762085</ele>
				<time>2016-02-07T04:52:38Z</time>
			</trkpt>
			<trkpt lat="19.223206" lon="98.673753">
				<ele>924.609375</ele>
				<time>2016-02-07T04:52:39Z</time>
			</trkpt>
			<trkpt lat="19.223313" lon="98.673687">
				<ele>923.802490</ele>
				<time>2016-02-07T04:52:40Z</time>
			</trkpt>
			<trkpt lat="19.223407" lon="98.673612">
				<ele>923.045166</ele>
				<time>2016-02-07T04:52:41Z</time>
			</trkpt>
			<trkpt lat="19.223479" lon="98.673520">
				<ele>922.210449</ele>
				<time>2016-02-07T04:52:42Z</time>
			</trkpt>
			<trkpt lat="19.223537" lon="98.673427">
				<ele>922.335693</ele>
				<time>2016-02-07T04:52:43Z</time>
			</trkpt>
			<trkpt lat="19.223492" lon="98.673283">
				<ele>921.073120</ele>
				<time>2016-02-07T04:52:44Z</time>
			</trkpt>
			<trkpt lat="19.223484" lon="98.673153">
				<ele>920.802734</ele>
				<time>2016-02-07T04:52:45Z</time>
			</trkpt>
			<trkpt lat="19.223464" lon="98.673021">
				<ele>919.461670</ele>
				<time>2016-02-07T04:52:46Z</time>
			</trkpt>
			<trkpt lat="19.223469" lon="98.672893">
				<ele>917.771973</ele>
				<time>2016-02-07T04:52:47Z</time>
			</trkpt>
			<trkpt lat="19.223478" lon="98.672770">
				<ele>916.089478</ele>
				<time>2016-02-07T04:52:48Z</time>
			</trkpt>
			<trkpt lat="19.223493" lon="98.672643">
				<ele>915.393555</ele>
				<time>2016-02-07T04:52:49Z</time>
			</trkpt>
			<trkpt lat="19.223557" lon="98.672531">
				<ele>911.935791</ele>
				<time>2016-02-07T04:52:50Z</time>
			</trkpt>
			<trkpt lat="19.223619" lon="98.672425">
				<ele>910.835205</ele>
				<time>2016-02-07T04:52:51Z</time>
			</trkpt>
			<trkpt lat="19.223688" lon="98.672311">
				<ele>910.334717</ele>
				<time>2016-02-07T04:52:52Z</time>
			</trkpt>
			<trkpt lat="19.223746" lon="98.672191">
				<ele>909.266846</ele>
				<time>2016-02-07T04:52:53Z</time>
			</trkpt>
			<trkpt lat="19.223830" lon="98.672096">
				<ele>909.680542</ele>
				<time>2016-02-07T04:52:54Z</time>
			</trkpt>
			<trkpt lat="19.223968" lon="98.672006">
				<ele>909.040283</ele>
				<time>2016-02-07T04:52:55Z</time>
			</trkpt>
			<trkpt lat="19.224210" lon="98.671973">
				<ele>908.937134</ele>
				<time>2016-02-07T04:52:56Z</time>
			</trkpt>
			<trkpt lat="19.224365" lon="98.671906">
				<ele>910.090820</ele>
				<time>2016-02-07T04:52:57Z</time>
			</trkpt>
			<trkpt lat="19.224510" lon="98.671849">
				<ele>910.288452</ele>
				<time>2016-02-07T04:52:58Z</time>
			</trkpt>
			<trkpt lat="19.224634" lon="98.671800">
				<ele>908.573486</ele>
				<time>2016-02-07T04:52:59Z</time>
			</trkpt>
			<trkpt lat="19.224757" lon="98.671794">
				<ele>906.248047</ele>
				<time>2016-02-07T04:53:00Z</time>
			</trkpt>
			<trkpt lat="19.224877" lon="98.671800">
				<ele>901.249268</ele>
				<time>2016-02-07T04:53:01Z</time>
			</trkpt>
			<trkpt lat="19.224982" lon="98.671789">
				<ele>898.903564</ele>
				<time>2016-02-07T04:53:02Z</time>
			</trkpt>
			<trkpt lat="19.225058" lon="98.671739">
				<ele>897.017822</ele>
				<time>2016-02-07T04:53:03Z</time>
			</trkpt>
			<trkpt lat="19.225134" lon="98.671680">
				<ele>895.629150</ele>
				<time>2016-02-07T04:53:04Z</time>
			</trkpt>
			<trkpt lat="19.225218" lon="98.671616">
				<ele>895.500244</ele>
				<time>2016-02-07T04:53:05Z</time>
			</trkpt>
			<trkpt lat="19.225245" lon="98.671489">
				<ele>893.494019</ele>
				<time>2016-02-07T04:53:06Z</time>
			</trkpt>
			<trkpt lat="19.225225" lon="98.671364">
				<ele>892.392578</ele>
				<time>2016-02-07T04:53:07Z</time>
			</trkpt>
			<trkpt lat="19.225215" lon="98.671210">
				<ele>892.030029</ele>
				<time>2016-02-07T04:53:08Z</time>
			</trkpt>
			<trkpt lat="19.225245" lon="98.671070">
				<ele>891.407471</ele>
				<time>2016-02-07T04:53:09Z</time>
			</trkpt>
			<trkpt lat="19.225291" lon="98.670922">
				<ele>890.905273</ele>
				<time>2016-02-07T04:53:10Z</time>
			</trkpt>
			<trkpt lat="19.225312" lon="98.670838">
				<ele>890.755493</ele>
				<time>2016-02-07T04:53:11Z</time>
			</trkpt>
			<trkpt lat="19.225408" lon="98.670786">
				<ele>888.845215</ele>
				<time>2016-02-07T04:53:12Z</time>
			</trkpt>
			<trkpt lat="19.225472" lon="98.670690">
				<ele>888.490967</ele>
				<time>2016-02-07T04:53:13Z</time>
			</trkpt>
			<trkpt lat="19.225554" lon="98.670621">
				<ele>887.776367</ele>
				<time>2016-02-07T04:53:14Z</time>
			</trkpt>
			<trkpt lat="19.225670" lon="98.670634">
				<ele>886.834961</ele>
				<time>2016-02-07T04:53:15Z</time>
			</trkpt>
			<trkpt lat="19.225792" lon="98.670767">
				<ele>884.073486</ele>
				<time>2016-02-07T04:53:16Z</time>
			</trkpt>
			<trkpt lat="19.225931" lon="98.670895">
				<ele>880.967407</ele>
				<time>2016-02-07T04:53:17Z</time>
			</trkpt>
			<trkpt lat="19.226065" lon="98.670979">
				<ele>881.500977</ele>
				<time>2016-02-07T04:53:18Z</time>
			</trkpt>
			<trkpt lat="19.226172" lon="98.671041">
				<ele>881.648926</ele>
				<time>2016-02-07T04:53:19Z</time>
			</trkpt>
			<trkpt lat="19.226268" lon="98.671042">
				<ele>882.571289</ele>
				<time>2016-02-07T04:53:20Z</time>
			</trkpt>
			<trkpt lat="19.226365" lon="98.671019">
				<ele>881.591797</ele>
				<time>2016-02-07T04:53:21Z</time>
			</trkpt>
			<trkpt lat="19.226437" lon="98.671025">
				<ele>881.213867</ele>
				<time>2016-02-07T04:53:22Z</time>
			</trkpt>
			<trkpt lat="19.226485" lon="98.670977">
				<ele>881.151611</ele>
				<time>2016-02-07T04:53:23Z</time>
			</trkpt>
			<trkpt lat="19.226550" lon="98.670923">
				<ele>880.214355</ele>
				<time>2016-02-07T04:53:24Z</time>
			</trkpt>
			<trkpt lat="19.226628" lon="98.670856">
				<ele>880.985596</ele>
				<time>2016-02-07T04:53:25Z</time>
			</trkpt>
			<trkpt lat="19.226671" lon="98.670811">
				<ele>876.396362</ele>
				<time>2016-02-07T04:53:26Z</time>
			</trkpt>
			<trkpt lat="19.226716" lon="98.670787">
				<ele>876.766357</ele>
				<time>2016-02-07T04:53:27Z</time>
			</trkpt>
			<trkpt lat="19.226802" lon="98.670782">
				<ele>873.723633</ele>
				<time>2016-02-07T04:53:28Z</time>
			</trkpt>
			<trkpt lat="19.226905" lon="98.670739">
				<ele>873.779541</ele>
				<time>2016-02-07T04:53:29Z</time>
			</trkpt>
			<trkpt lat="19.227108" lon="98.670801">
				<ele>872.266846</ele>
				<time>2016-02-07T04:53:30Z</time>
			</trkpt>
			<trkpt lat="19.227219" lon="98.670802">
				<ele>871.342041</ele>
				<time>2016-02-07T04:53:31Z</time>
			</trkpt>
			<trkpt lat="19.227311" lon="98.670797">
				<ele>870.712280</ele>
				<time>2016-02-07T04:53:32Z</time>
			</trkpt>
			<trkpt lat="19.227444" lon="98.670731">
				<ele>870.879639</ele>
				<time>2016-02-07T04:53:33Z</time>
			</trkpt>
			<trkpt lat="19.227527" lon="98.670670">
				<ele>872.075928</ele>
				<time>2016-02-07T04:53:34Z</time>
			</trkpt>
			<trkpt lat="19.227565" lon="98.670605">
				<ele>872.522217</ele>
				<time>2016-02-07T04:53:35Z</time>
			</trkpt>
			<trkpt lat="19.227585" lon="98.670493">
				<ele>871.897583</ele>
				<time>2016-02-07T04:53:36Z</time>
			</trkpt>
			<trkpt lat="19.227560" lon="98.670412">
				<ele>869.501221</ele>
				<time>2016-02-07T04:53:37Z</time>
			</trkpt>
			<trkpt lat="19.227530" lon="98.670357">
				<ele>873.244019</ele>
				<time>2016-02-07T04:53:38Z</time>
			</trkpt>
			<trkpt lat="19.227408" lon="98.670304">
				<ele>870.550537</ele>
				<time>2016-02-07T04:53:39Z</time>
			</trkpt>
			<trkpt lat="19.227331" lon="98.670282">
				<ele>870.912842</ele>
				<time>2016-02-07T04:53:40Z</time>
			</trkpt>
			<trkpt lat="19.227234" lon="98.670273">
				<ele>870.804932</ele>
				<time>2016-02-07T04:53:41Z</time>
			</trkpt>
			<trkpt lat="19.227083" lon="98.670246">
				<ele>870.052490</ele>
				<time>2016-02-07T04:53:42Z</time>
			</trkpt>
			<trkpt lat="19.226965" lon="98.670240">
				<ele>868.235107</ele>
				<time>2016-02-07T04:53:43Z</time>
			</trkpt>
			<trkpt lat="19.226852" lon="98.670223">
				<ele>867.586182</ele>
				<time>2016-02-07T04:53:44Z</time>
			</trkpt>
			<trkpt lat="19.226745" lon="98.670182">
				<ele>866.123291</ele>
				<time>2016-02-07T04:53:45Z</time>
			</trkpt>
			<trkpt lat="19.226704" lon="98.670206">
				<ele>862.303955</ele>
				<time>2016-02-07T04:53:46Z</time>
			</trkpt>
			<trkpt lat="19.226627" lon="98.670151">
				<ele>860.677979</ele>
				<time>2016-02-07T04:53:47Z</time>
			</trkpt>
			<trkpt lat="19.226527" lon="98.670137">
				<ele>859.599609</ele>
				<time>2016-02-07T04:53:48Z</time>
			</trkpt>
			<trkpt lat="19.226449" lon="98.670147">
				<ele>858.528076</ele>
				<time>2016-02-07T04:53:49Z</time>
			</trkpt>
			<trkpt lat="19.226393" lon="98.670238">
				<ele>857.378662</ele>
				<time>2016-02-07T04:53:50Z</time>
			</trkpt>
			<trkpt lat="19.226344" lon="98.670337">
				<ele>858.340088</ele>
				<time>2016-02-07T04:53:51Z</time>
			</trkpt>
			<trkpt lat="19.226286" lon="98.670388">
				<ele>857.848511</ele>
				<time>2016-02-07T04:53:52Z</time>
			</trkpt>
			<trkpt lat="19.226236" lon="98.670429">
				<ele>857.114990</ele>
				<time>2016-02-07T04:53:53Z</time>
			</trkpt>
			<trkpt lat="19.226168" lon="98.670439">
				<ele>857.118774</ele>
				<time>2016-02-07T04:53:54Z</time>
			</trkpt>
			<trkpt lat="19.226099" lon="98.670480">
				<ele>856.358643</ele>
				<time>2016-02-07T04:53:55Z</time>
			</trkpt>
			<trkpt lat="19.226037" lon="98.670509">
				<ele>854.025146</ele>
				<time>2016-02-07T04:53:56Z</time>
			</trkpt>
			<trkpt lat="19.225974" lon="98.670492">
				<ele>854.568848</ele>
				<time>2016-02-07T04:53:57Z</time>
			</trkpt>
			<trkpt lat="19.225939" lon="98.670444">
				<ele>854.729004</ele>
				<time>2016-02-07T04:53:58Z</time>
			</trkpt>
			<trkpt lat="19.225831" lon="98.670398">
				<ele>853.073242</ele>
				<time>2016-02-07T04:53:59Z</time>
			</trkpt>
			<trkpt lat="19.225701" lon="98.670277">
				<ele>852.063965</ele>
				<time>2016-02-07T04:54:00Z</time>
			</trkpt>
			<trkpt lat="19.225571" lon="98.670197">
				<ele>850.365723</ele>
				<time>2016-02-07T04:54:01Z</time>
			</trkpt>
			<trkpt lat="19.225454" lon="98.670150">
				<ele>848.183105</ele>
				<time>2016-02-07T04:54:02Z</time>
			</trkpt>
			<trkpt lat="19.225325" lon="98.670132">
				<ele>848.639648</ele>
				<time>2016-02-07T04:54:03Z</time>
			</trkpt>
			<trkpt lat="19.225205" lon="98.670134">
				<ele>849.608398</ele>
				<time>2016-02-07T04:54:04Z</time>
			</trkpt>
			<trkpt lat="19.225099" lon="98.670122">
				<ele>848.919434</ele>
				<time>2016-02-07T04:54:05Z</time>
			</trkpt>
			<trkpt lat="19.224999" lon="98.670110">
				<ele>848.775391</ele>
				<time>2016-02-07T04:54:06Z</time>
			</trkpt>
			<trkpt lat="19.224905" lon="98.670137">
				<ele>845.547119</ele>
				<time>2016-02-07T04:54:07Z</time>
			</trkpt>
			<trkpt lat="19.224817" lon="98.670158">
				<ele>845.677124</ele>
				<time>2016-02-07T04:54:08Z</time>
			</trkpt>
			<trkpt lat="19.224754" lon="98.670206">
				<ele>846.167969</ele>
				<time>2016-02-07T04:54:09Z</time>
			</trkpt>
			<trkpt lat="19.224687" lon="98.670236">
				<ele>848.322510</ele>
				<time>2016-02-07T04:54:10Z</time>
			</trkpt>
			<trkpt lat="19.224637" lon="98.670323">
				<ele>847.105957</ele>
				<time>2016-02-07T04:54:11Z</time>
			</trkpt>
			<trkpt lat="19.224588" lon="98.670406">
				<ele>844.766968</ele>
				<time>2016-02-07T04:54:12Z</time>
			</trkpt>
			<trkpt lat="19.224521" lon="98.670484">
				<ele>844.063721</ele>
				<time>2016-02-07T04:54:13Z</time>
			</trkpt>
			<trkpt lat="19.224442" lon="98.670571">
				<ele>844.069580</ele>
				<time>2016-02-07T04:54:14Z</time>
			</trkpt>
			<trkpt lat="19.224344" lon="98.670615">
				<ele>843.752930</ele>
				<time>2016-02-07T04:54:15Z</time>
			</trkpt>
			<trkpt lat="19.224185" lon="98.670644">
				<ele>844.380371</ele>
				<time>2016-02-07T04:54:16Z</time>
			</trkpt>
			<trkpt lat="19.224054" lon="98.670690">
				<ele>844.437012</ele>
				<time>2016-02-07T04:54:17Z</time>
			</trkpt>
			<trkpt lat="19.223932" lon="98.670725">
				<ele>843.828369</ele>
				<time>2016-02-07T04:54:18Z</time>
			</trkpt>
			<trkpt lat="19.223793" lon="98.670739">
				<ele>843.996094</ele>
				<time>2016-02-07T04:54:19Z</time>
			</trkpt>
			<trkpt lat="19.223628" lon="98.670676">
				<ele>841.824341</ele>
				<time>2016-02-07T04:54:20Z</time>
			</trkpt>
			<trkpt lat="19.223498" lon="98.670694">
				<ele>841.331665</ele>
				<time>2016-02-07T04:54:21Z</time>
			</trkpt>
			<trkpt lat="19.223382" lon="98.670706">
				<ele>842.389893</ele>
				<time>2016-02-07T04:54:22Z</time>
			</trkpt>
			<trkpt lat="19.223269" lon="98.670705">
				<ele>843.413574</ele>
				<time>2016-02-07T04:54:23Z</time>
			</trkpt>
			<trkpt lat="19.223185" lon="98.670731">
				<ele>840.595703</ele>
				<time>2016-02-07T04:54:24Z</time>
			</trkpt>
			<trkpt lat="19.223119" lon="98.670790">
				<ele>837.900391</ele>
				<time>2016-02-07T04:54:25Z</time>
			</trkpt>
			<trkpt lat="19.223057" lon="98.670841">
				<ele>836.558350</ele>
				<time>2016-02-07T04:54:26Z</time>
			</trkpt>
			<trkpt lat="19.223079" lon="98.670915">
				<ele>836.670410</ele>
				<time>2016-02-07T04:54:27Z</time>
			</trkpt>
			<trkpt lat="19.223106" lon="98.670987">
				<ele>836.458252</ele>
				<time>2016-02-07T04:54:28Z</time>
			</trkpt>
			<trkpt lat="19.223164" lon="98.671072">
				<ele>834.839844</ele>
				<time>2016-02-07T04:54:29Z</time>
			</trkpt>
			<trkpt lat="19.223200" lon="98.671145">
				<ele>833.960815</ele>
				<time>2016-02-07T04:54:30Z</time>
			</trkpt>
			<trkpt lat="19.223162" lon="98.671243">
				<ele>834.366211</ele>
				<time>2016-02-07T04:54:31Z</time>
			</trkpt>
			<trkpt lat="19.223090" lon="98.671298">
				<ele>835.864014</ele>
				<time>2016-02-07T04:54:32Z</time>
			</trkpt>
			<trkpt lat="19.223012" lon="98.671364">
				<ele>836.369141</ele>
				<time>2016-02-07T04:54:33Z</time>
			</trkpt>
			<trkpt lat="19.222908" lon="98.671426">
				<ele>835.209229</ele>
				<time>2016-02-07T04:54:34Z</time>
			</trkpt>
			<trkpt lat="19.222814" lon="98.671510">
				<ele>835.604614</ele>
				<time>2016-02-07T04:54:35Z</time>
			</trkpt>
			<trkpt lat="19.222667" lon="98.671556">
				<ele>833.969604</ele>
				<time>2016-02-07T04:54:36Z</time>
			</trkpt>
			<trkpt lat="19.222529" lon="98.671476">
				<ele>834.212158</ele>
				<time>2016-02-07T04:54:37Z</time>
			</trkpt>
			<trkpt lat="19.222411" lon="98.671492">
				<ele>832.819702</ele>
				<time>2016-02-07T04:54:38Z</time>
			</trkpt>
			<trkpt lat="19.222331" lon="98.671506">
				<ele>831.485840</ele>
				<time>2016-02-07T04:54:39Z</time>
			</trkpt>
			<trkpt lat="19.222259" lon="98.671538">
				<ele>830.854004</ele>
				<time>2016-02-07T04:54:40Z</time>
			</trkpt>
			<trkpt lat="19.222212" lon="98.671623">
				<ele>828.425537</ele>
				<time>2016-02-07T04:54:41Z</time>
			</trkpt>
			<trkpt lat="19.222209" lon="98.671733">
				<ele>828.481812</ele>
				<time>2016-02-07T04:54:42Z</time>
			</trkpt>
			<trkpt lat="19.222211" lon="98.671877">
				<ele>827.846191</ele>
				<time>2016-02-07T04:54:43Z</time>
			</trkpt>
			<trkpt lat="19.222211" lon="98.671970">
				<ele>826.651123</ele>
				<time>2016-02-07T04:54:44Z</time>
			</trkpt>
			<trkpt lat="19.222190" lon="98.672028">
				<ele>824.962402</ele>
				<time>2016-02-07T04:54:45Z</time>
			</trkpt>
			<trkpt lat="19.222135" lon="98.672072">
				<ele>825.385742</ele>
				<time>2016-02-07T04:54:46Z</time>
			</trkpt>
			<trkpt lat="19.222069" lon="98.672091">
				<ele>826.116333</ele>
				<time>2016-02-07T04:54:47Z</time>
			</trkpt>
			<trkpt lat="19.221995" lon="98.672111">
				<ele>825.048340</ele>
				<time>2016-02-07T04:54:48Z</time>
			</trkpt>
			<trkpt lat="19.221919" lon="98.672036">
				<ele>823.594971</ele>
				<time>2016-02-07T04:54:49Z</time>
			</trkpt>
			<trkpt lat="19.221839" lon="98.671985">
				<ele>822.898926</ele>
				<time>2016-02-07T04:54:50Z</time>
			</trkpt>
			<trkpt lat="19.221760" lon="98.671943">
				<ele>819.891113</ele>
				<time>2016-02-07T04:54:51Z</time>
			</trkpt>
			<trkpt lat="19.221665" lon="98.671868">
				<ele>821.666748</ele>
				<time>2016-02-07T04:54:52Z</time>
			</trkpt>
			<trkpt lat="19.221569" lon="98.671842">
				<ele>818.734619</ele>
				<time>2016-02-07T04:54:53Z</time>
			</trkpt>
			<trkpt lat="19.221471" lon="98.671831">
				<ele>816.613647</ele>
				<time>2016-02-07T04:54:54Z</time>
			</trkpt>
			<trkpt lat="19.221359" lon="98.671854">
				<ele>815.072021</ele>
				<time>2016-02-07T04:54:55Z</time>
			</trkpt>
			<trkpt lat="19.221253" lon="98.671880">
				<ele>815.260742</ele>
				<time>2016-02-07T04:54:56Z</time>
			</trkpt>
			<trkpt lat="19.221137" lon="98.671935">
				<ele>814.387207</ele>
				<time>2016-02-07T04:54:57Z</time>
			</trkpt>
			<trkpt lat="19.221028" lon="98.671983">
				<ele>813.680176</ele>
				<time>2016-02-07T04:54:58Z</time>
			</trkpt>
			<trkpt lat="19.220913" lon="98.672024">
				<ele>811.758301</ele>
				<time>2016-02-07T04:54:59Z</time>
			</trkpt>
			<trkpt lat="19.220792" lon="98.672069">
				<ele>812.058838</ele>
				<time>2016-02-07T04:55:00Z</time>
			</trkpt>
			<trkpt lat="19.220662" lon="98.672147">
				<ele>811.061768</ele>
				<time>2016-02-07T04:55:01Z</time>
			</trkpt>
			<trkpt lat="19.220548" lon="98.672243">
				<ele>808.078369</ele>
				<time>2016-02-07T04:55:02Z</time>
			</trkpt>
			<trkpt lat="19.220419" lon="98.672341">
				<ele>807.159912</ele>
				<time>2016-02-07T04:55:03Z</time>
			</trkpt>
			<trkpt lat="19.220296" lon="98.672429">
				<ele>806.721191</ele>
				<time>2016-02-07T04:55:04Z</time>
			</trkpt>
			<trkpt lat="19.220173" lon="98.672520">
				<ele>805.400146</ele>
				<time>2016-02-07T04:55:05Z</time>
			</trkpt>
			<trkpt lat="19.220061" lon="98.672584">
				<ele>803.830200</ele>
				<time>2016-02-07T04:55:06Z</time>
			</trkpt>
			<trkpt lat="19.219954" lon="98.672651">
				<ele>802.928467</ele>
				<time>2016-02-07T04:55:07Z</time>
			</trkpt>
			<trkpt lat="19.219854" lon="98.672713">
				<ele>802.197754</ele>
				<time>2016-02-07T04:55:08Z</time>
			</trkpt>
			<trkpt lat="19.219747" lon="98.672749">
				<ele>801.406860</ele>
				<time>2016-02-07T04:55:09Z</time>
			</trkpt>
			<trkpt lat="19.219634" lon="98.672783">
				<ele>801.095215</ele>
				<time>2016-02-07T04:55:10Z</time>
			</trkpt>
			<trkpt lat="19.219539" lon="98.672804">
				<ele>800.131958</ele>
				<time>2016-02-07T04:55:11Z</time>
			</trkpt>
			<trkpt lat="19.219442" lon="98.672783">
				<ele>800.365723</ele>
				<time>2016-02-07T04:55:12Z</time>
			</trkpt>
			<trkpt lat="19.219351" lon="98.672764">
				<ele>800.942139</ele>
				<time>2016-02-07T04:55:13Z</time>
			</trkpt>
			<trkpt lat="19.219222" lon="98.672642">
				<ele>800.791138</ele>
				<time>2016-02-07T04:55:14Z</time>
			</trkpt>
			<trkpt lat="19.219100" lon="98.672586">
				<ele>797.514282</ele>
				<time>2016-02-07T04:55:15Z</time>
			</trkpt>
			<trkpt lat="19.218953" lon="98.672466">
				<ele>796.253174</ele>
				<time>2016-02-07T04:55:16Z</time>
			</trkpt>
			<trkpt lat="19.218827" lon="98.672431">
				<ele>794.939453</ele>
				<time>2016-02-07T04:55:17Z</time>
			</trkpt>
			<trkpt lat="19.218729" lon="98.672388">
				<ele>795.812988</ele>
				<time>2016-02-07T04:55:18Z</time>
			</trkpt>
			<trkpt lat="19.218642" lon="98.672450">
				<ele>792.808228</ele>
				<time>2016-02-07T04:55:19Z</time>
			</trkpt>
			<trkpt lat="19.218580" lon="98.672492">
				<ele>790.910645</ele>
				<time>2016-02-07T04:55:20Z</time>
			</trkpt>
			<trkpt lat="19.218538" lon="98.672561">
				<ele>790.882080</ele>
				<time>2016-02-07T04:55:21Z</time>
			</trkpt>
			<trkpt lat="19.218504" lon="98.672624">
				<ele>791.144043</ele>
				<time>2016-02-07T04:55:22Z</time>
			</trkpt>
			<trkpt lat="19.218467" lon="98.672684">
				<ele>790.134399</ele>
				<time>2016-02-07T04:55:23Z</time>
			</trkpt>
			<trkpt lat="19.218415" lon="98.672716">
				<ele>790.204834</ele>
				<time>2016-02-07T04:55:24Z</time>
			</trkpt>
			<trkpt lat="19.218362" lon="98.672740">
				<ele>791.461182</ele>
				<time>2016-02-07T04:55:25Z</time>
			</trkpt>
			<trkpt lat="19.218299" lon="98.672765">
				<ele>791.264648</ele>
				<time>2016-02-07T04:55:26Z</time>
			</trkpt>
			<trkpt lat="19.218245" lon="98.672741">
				<ele>792.272461</ele>
				<time>2016-02-07T04:55:27Z</time>
			</trkpt>
			<trkpt lat="19.218193" lon="98.672613">
				<ele>793.875000</ele>
				<time>2016-02-07T04:55:28Z</time>
			</trkpt>
			<trkpt lat="19.218246" lon="98.672491">
				<ele>795.075195</ele>
				<time>2016-02-07T04:55:29Z</time>
			</trkpt>
			<trkpt lat="19.218286" lon="98.672368">
				<ele>795.100342</ele>
				<time>2016-02-07T04:55:30Z</time>
			</trkpt>
			<trkpt lat="19.218389" lon="98.672242">
				<ele>795.130859</ele>
				<time>2016-02-07T04:55:31Z</time>
			</trkpt>
			<trkpt lat="19.218454" lon="98.672079">
				<ele>795.745117</ele>
				<time>2016-02-07T04:55:32Z</time>
			</trkpt>
			<trkpt lat="19.218592" lon="98.672095">
				<ele>794.745239</ele>
				<time>2016-02-07T04:55:33Z</time>
			</trkpt>
			<trkpt lat="19.218711" lon="98.672038">
				<ele>793.119141</ele>
				<time>2016-02-07T04:55:34Z</time>
			</trkpt>
			<trkpt lat="19.218825" lon="98.671980">
				<ele>792.240112</ele>
				<time>2016-02-07T04:55:35Z</time>
			</trkpt>
			<trkpt lat="19.218934" lon="98.671933">
				<ele>790.514404</ele>
				<time>2016-02-07T04:55:36Z</time>
			</trkpt>
			<trkpt lat="19.219073" lon="98.671936">
				<ele>790.632690</ele>
				<time>2016-02-07T04:55:37Z</time>
			</trkpt>
			<trkpt lat="19.219155" lon="98.672014">
				<ele>790.152100</ele>
				<time>2016-02-07T04:55:38Z</time>
			</trkpt>
			<trkpt lat="19.219243" lon="98.672122">
				<ele>787.917236</ele>
				<time>2016-02-07T04:55:39Z</time>
			</trkpt>
			<trkpt lat="19.219321" lon="98.672171">
				<ele>787.395264</ele>
				<time>2016-02-07T04:55:40Z</time>
			</trkpt>
			<trkpt lat="19.219426" lon="98.672217">
				<ele>786.154175</ele>
				<time>2016-02-07T04:55:41Z</time>
			</trkpt>
			<trkpt lat="19.219521" lon="98.672262">
				<ele>785.954590</ele>
				<time>2016-02-07T04:55:42Z</time>
			</trkpt>
			<trkpt lat="19.219653" lon="98.672275">
				<ele>783.690918</ele>
				<time>2016-02-07T04:55:43Z</time>
			</trkpt>
			<trkpt lat="19.219760" lon="98.672229">
				<ele>783.141968</ele>
				<time>2016-02-07T04:55:44Z</time>
			</trkpt>
			<trkpt lat="19.219866" lon="98.672170">
				<ele>782.994385</ele>
				<time>2016-02-07T04:55:45Z</time>
			</trkpt>
			<trkpt lat="19.219955" lon="98.672098">
				<ele>782.442749</ele>
				<time>2016-02-07T04:55:46Z</time>
			</trkpt>
			<trkpt lat="19.220045" lon="98.672022">
				<ele>783.048828</ele>
				<time>2016-02-07T04:55:47Z</time>
			</trkpt>
			<trkpt lat="19.220158" lon="98.671939">
				<ele>781.915527</ele>
				<time>2016-02-07T04:55:48Z</time>
			</trkpt>
			<trkpt lat="19.220253" lon="98.671840">
				<ele>782.845703</ele>
				<time>2016-02-07T04:55:49Z</time>
			</trkpt>
			<trkpt lat="19.220370" lon="98.671747">
				<ele>783.028320</ele>
				<time>2016-02-07T04:55:50Z</time>
			</trkpt>
			<trkpt lat="19.220482" lon="98.671688">
				<ele>781.737793</ele>
				<time>2016-02-07T04:55:51Z</time>
			</trkpt>
			<trkpt lat="19.220607" lon="98.671636">
				<ele>781.305176</ele>
				<time>2016-02-07T04:55:52Z</time>
			</trkpt>
			<trkpt lat="19.220721" lon="98.671585">
				<ele>782.103027</ele>
				<time>2016-02-07T04:55:53Z</time>
			</trkpt>
			<trkpt lat="19.220815" lon="98.671537">
				<ele>781.343506</ele>
				<time>2016-02-07T04:55:54Z</time>
			</trkpt>
			<trkpt lat="19.220905" lon="98.671486">
				<ele>781.812866</ele>
				<time>2016-02-07T04:55:55Z</time>
			</trkpt>
			<trkpt lat="19.220989" lon="98.671433">
				<ele>782.502563</ele>
				<time>2016-02-07T04:55:56Z</time>
			</trkpt>
			<trkpt lat="19.221041" lon="98.671372">
				<ele>782.935181</ele>
				<time>2016-02-07T04:55:57Z</time>
			</trkpt>
			<trkpt lat="19.221088" lon="98.671304">
				<ele>780.812622</ele>
				<time>2016-02-07T04:55:58Z</time>
			</trkpt>
			<trkpt lat="19.221104" lon="98.671231">
				<ele>779.956787</ele>
				<time>2016-02-07T04:55:59Z</time>
			</trkpt>
			<trkpt lat="19.221105" lon="98.671150">
				<ele>780.284180</ele>
				<time>2016-02-07T04:56:00Z</time>
			</trkpt>
			<trkpt lat="19.221067" lon="98.671072">
				<ele>780.949707</ele>
				<time>2016-02-07T04:56:01Z</time>
			</trkpt>
			<trkpt lat="19.221041" lon="98.671018">
				<ele>781.695557</ele>
				<time>2016-02-07T04:56:02Z</time>
			</trkpt>
			<trkpt lat="19.220912" lon="98.670955">
				<ele>783.552979</ele>
				<time>2016-02-07T04:56:03Z</time>
			</trkpt>
			<trkpt lat="19.220835" lon="98.670899">
				<ele>781.959717</ele>
				<time>2016-02-07T04:56:04Z</time>
			</trkpt>
			<trkpt lat="19.220725" lon="98.670845">
				<ele>783.443970</ele>
				<time>2016-02-07T04:56:05Z</time>
			</trkpt>
			<trkpt lat="19.220541" lon="98.670817">
				<ele>784.768311</ele>
				<time>2016-02-07T04:56:06Z</time>
			</trkpt>
			<trkpt lat="19.220400" lon="98.670770">
				<ele>784.018555</ele>
				<time>2016-02-07T04:56:07Z</time>
			</trkpt>
			<trkpt lat="19.220255" lon="98.670721">
				<ele>785.078979</ele>
				<time>2016-02-07T04:56:08Z</time>
			</trkpt>
			<trkpt lat="19.220168" lon="98.670685">
				<ele>783.925781</ele>
				<time>2016-02-07T04:56:09Z</time>
			</trkpt>
			<trkpt lat="19.220079" lon="98.670650">
				<ele>782.979492</ele>
				<time>2016-02-07T04:56:10Z</time>
			</trkpt>
			<trkpt lat="19.219979" lon="98.670618">
				<ele>785.916992</ele>
				<time>2016-02-07T04:56:11Z</time>
			</trkpt>
			<trkpt lat="19.219929" lon="98.670566">
				<ele>785.736816</ele>
				<time>2016-02-07T04:56:12Z</time>
			</trkpt>
			<trkpt lat="19.219927" lon="98.670472">
				<ele>787.179199</ele>
				<time>2016-02-07T04:56:13Z</time>
			</trkpt>
			<trkpt lat="19.219917" lon="98.670419">
				<ele>788.588867</ele>
				<time>2016-02-07T04:56:14Z</time>
			</trkpt>
			<trkpt lat="19.219928" lon="98.670314">
				<ele>788.935791</ele>
				<time>2016-02-07T04:56:15Z</time>
			</trkpt>
			<trkpt lat="19.219991" lon="98.670243">
				<ele>787.680908</ele>
				<time>2016-02-07T04:56:16Z</time>
			</trkpt>
			<trkpt lat="19.220018" lon="98.670179">
				<ele>787.670654</ele>
				<time>2016-02-07T04:56:17Z</time>
			</trkpt>
			<trkpt lat="19.220114" lon="98.670133">
				<ele>788.773438</ele>
				<time>2016-02-07T04:56:18Z</time>
			</trkpt>
			<trkpt lat="19.220136" lon="98.670073">
				<ele>789.032227</ele>
				<time>2016-02-07T04:56:19Z</time>
			</trkpt>
			<trkpt lat="19.220217" lon="98.670048">
				<ele>788.807739</ele>
				<time>2016-02-07T04:56:20Z</time>
			</trkpt>
			<trkpt lat="19.220292" lon="98.669947">
				<ele>788.559082</ele>
				<time>2016-02-07T04:56:21Z</time>
			</trkpt>
			<trkpt lat="19.220399" lon="98.669914">
				<ele>787.805176</ele>
				<time>2016-02-07T04:56:22Z</time>
			</trkpt>
			<trkpt lat="19.220423" lon="98.669911">
				<ele>789.829346</ele>
				<time>2016-02-07T04:56:23Z</time>
			</trkpt>
			<trkpt lat="19.220471" lon="98.669877">
				<ele>789.624512</ele>
				<time>2016-02-07T04:56:24Z</time>
			</trkpt>
			<trkpt lat="19.220507" lon="98.669830">
				<ele>789.012573</ele>
				<time>2016-02-07T04:56:25Z</time>
			</trkpt>
			<trkpt lat="19.220554" lon="98.669805">
				<ele>789.270752</ele>
				<time>2016-02-07T04:56:26Z</time>
			</trkpt>
			<trkpt lat="19.220590" lon="98.669769">
				<ele>789.123169</ele>
				<time>2016-02-07T04:56:27Z</time>
			</trkpt>
			<trkpt lat="19.220633" lon="98.669741">
				<ele>785.517822</ele>
				<time>2016-02-07T04:56:28Z</time>
			</trkpt>
			<trkpt lat="19.220644" lon="98.669717">
				<ele>785.289062</ele>
				<time>2016-02-07T04:56:29Z</time>
			</trkpt>
			<trkpt lat="19.220651" lon="98.669682">
				<ele>784.588989</ele>
				<time>2016-02-07T04:56:30Z</time>
			</trkpt>
			<trkpt lat="19.220661" lon="98.669657">
				<ele>784.119751</ele>
				<time>2016-02-07T04:56:31Z</time>
			</trkpt>
			<trkpt lat="19.220634" lon="98.669625">
				<ele>782.815918</ele>
				<time>2016-02-07T04:56:32Z</time>
			</trkpt>
			<trkpt lat="19.220621" lon="98.669629">
				<ele>781.099365</ele>
				<time>2016-02-07T04:56:33Z</time>
			</trkpt>
			<trkpt lat="19.220587" lon="98.669632">
				<ele>780.760010</ele>
				<time>2016-02-07T04:56:34Z</time>
			</trkpt>
			<trkpt lat="19.220536" lon="98.669666">
				<ele>780.578491</ele>
				<time>2016-02-07T04:56:35Z</time>
			</trkpt>
			<trkpt lat="19.220468" lon="98.669684">
				<ele>779.670898</ele>
				<time>2016-02-07T04:56:36Z</time>
			</trkpt>
			<trkpt lat="19.220352" lon="98.669737">
				<ele>782.105957</ele>
				<time>2016-02-07T04:56:37Z</time>
			</trkpt>
			<trkpt lat="19.220236" lon="98.669768">
				<ele>781.872681</ele>
				<time>2016-02-07T04:56:38Z</time>
			</trkpt>
			<trkpt lat="19.220124" lon="98.669779">
				<ele>781.829712</ele>
				<time>2016-02-07T04:56:39Z</time>
			</trkpt>
			<trkpt lat="19.220017" lon="98.669799">
				<ele>779.969849</ele>
				<time>2016-02-07T04:56:40Z</time>
			</trkpt>
			<trkpt lat="19.219907" lon="98.669843">
				<ele>780.000244</ele>
				<time>2016-02-07T04:56:41Z</time>
			</trkpt>
			<trkpt lat="19.219811" lon="98.669936">
				<ele>778.911377</ele>
				<time>2016-02-07T04:56:42Z</time>
			</trkpt>
			<trkpt lat="19.219739" lon="98.670038">
				<ele>778.293701</ele>
				<time>2016-02-07T04:56:43Z</time>
			</trkpt>
			<trkpt lat="19.219673" lon="98.670140">
				<ele>778.176514</ele>
				<time>2016-02-07T04:56:44Z</time>
			</trkpt>
			<trkpt lat="19.219631" lon="98.670287">
				<ele>774.528809</ele>
				<time>2016-02-07T04:56:45Z</time>
			</trkpt>
			<trkpt lat="19.219581" lon="98.670404">
				<ele>774.249756</ele>
				<time>2016-02-07T04:56:46Z</time>
			</trkpt>
			<trkpt lat="19.219554" lon="98.670523">
				<ele>774.857910</ele>
				<time>2016-02-07T04:56:47Z</time>
			</trkpt>
			<trkpt lat="19.219527" lon="98.670656">
				<ele>775.171265</ele>
				<time>2016-02-07T04:56:48Z</time>
			</trkpt>
			<trkpt lat="19.219483" lon="98.670791">
				<ele>774.886719</ele>
				<time>2016-02-07T04:56:49Z</time>
			</trkpt>
			<trkpt lat="19.219433" lon="98.670878">
				<ele>774.431641</ele>
				<time>2016-02-07T04:56:50Z</time>
			</trkpt>
			<trkpt lat="19.219371" lon="98.670977">
				<ele>775.622314</ele>
				<time>2016-02-07T04:56:51Z</time>
			</trkpt>
			<trkpt lat="19.219302" lon="98.671064">
				<ele>774.190552</ele>
				<time>2016-02-07T04:56:52Z</time>
			</trkpt>
			<trkpt lat="19.219194" lon="98.671104">
				<ele>773.266602</ele>
				<time>2016-02-07T04:56:53Z</time>
			</trkpt>
			<trkpt lat="19.219120" lon="98.671172">
				<ele>772.469238</ele>
				<time>2016-02-07T04:56:54Z</time>
			</trkpt>
			<trkpt lat="19.219038" lon="98.671206">
				<ele>772.197998</ele>
				<time>2016-02-07T04:56:55Z</time>
			</trkpt>
			<trkpt lat="19.218936" lon="98.671203">
				<ele>772.209351</ele>
				<time>2016-02-07T04:56:56Z</time>
			</trkpt>
			<trkpt lat="19.218802" lon="98.671162">
				<ele>772.022705</ele>
				<time>2016-02-07T04:56:57Z</time>
			</trkpt>
			<trkpt lat="19.218614" lon="98.671058">
				<ele>771.655762</ele>
				<time>2016-02-07T04:56:58Z</time>
			</trkpt>
			<trkpt lat="19.218427" lon="98.671064">
				<ele>771.055420</ele>
				<time>2016-02-07T04:56:59Z</time>
			</trkpt>
			<trkpt lat="19.218224" lon="98.670974">
				<ele>769.031982</ele>
				<time>2016-02-07T04:57:00Z</time>
			</trkpt>
			<trkpt lat="19.218043" lon="98.670877">
				<ele>767.171875</ele>
				<time>2016-02-07T04:57:01Z</time>
			</trkpt>
			<trkpt lat="19.217836" lon="98.670778">
				<ele>764.798218</ele>
				<time>2016-02-07T04:57:02Z</time>
			</trkpt>
			<trkpt lat="19.217649" lon="98.670725">
				<ele>762.419189</ele>
				<time>2016-02-07T04:57:03Z</time>
			</trkpt>
			<trkpt lat="19.217442" lon="98.670635">
				<ele>758.985840</ele>
				<time>2016-02-07T04:57:04Z</time>
			</trkpt>
			<trkpt lat="19.217244" lon="98.670536">
				<ele>756.929688</ele>
				<time>2016-02-07T04:57:05Z</time>
			</trkpt>
			<trkpt lat="19.217074" lon="98.670484">
				<ele>755.462402</ele>
				<time>2016-02-07T04:57:06Z</time>
			</trkpt>
			<trkpt lat="19.216910" lon="98.670427">
				<ele>752.805786</ele>
				<time>2016-02-07T04:57:07Z</time>
			</trkpt>
			<trkpt lat="19.216783" lon="98.670363">
				<ele>750.659302</ele>
				<time>2016-02-07T04:57:08Z</time>
			</trkpt>
			<trkpt lat="19.216682" lon="98.670429">
				<ele>747.814209</ele>
				<time>2016-02-07T04:57:09Z</time>
			</trkpt>
			<trkpt lat="19.216555" lon="98.670476">
				<ele>744.499512</ele>
				<time>2016-02-07T04:57:10Z</time>
			</trkpt>
			<trkpt lat="19.216475" lon="98.670209">
				<ele>741.821045</ele>
				<time>2016-02-07T04:57:11Z</time>
			</trkpt>
			<trkpt lat="19.216443" lon="98.670203">
				<ele>738.367554</ele>
				<time>2016-02-07T04:57:12Z</time>
			</trkpt>
			<trkpt lat="19.216422" lon="98.670067">
				<ele>739.460205</ele>
				<time>2016-02-07T04:57:13Z</time>
			</trkpt>
			<trkpt lat="19.216447" lon="98.669949">
				<ele>740.531738</ele>
				<time>2016-02-07T04:57:14Z</time>
			</trkpt>
			<trkpt lat="19.216469" lon="98.669801">
				<ele>739.437500</ele>
				<time>2016-02-07T04:57:15Z</time>
			</trkpt>
			<trkpt lat="19.216443" lon="98.669702">
				<ele>738.876953</ele>
				<time>2016-02-07T04:57:16Z</time>
			</trkpt>
			<trkpt lat="19.216366" lon="98.669636">
				<ele>738.143799</ele>
				<time>2016-02-07T04:57:17Z</time>
			</trkpt>
			<trkpt lat="19.216292" lon="98.669543">
				<ele>736.421753</ele>
				<time>2016-02-07T04:57:18Z</time>
			</trkpt>
			<trkpt lat="19.216214" lon="98.669450">
				<ele>735.900879</ele>
				<time>2016-02-07T04:57:19Z</time>
			</trkpt>
			<trkpt lat="19.216109" lon="98.669380">
				<ele>736.108276</ele>
				<time>2016-02-07T04:57:20Z</time>
			</trkpt>
			<trkpt lat="19.215905" lon="98.669304">
				<ele>733.240479</ele>
				<time>2016-02-07T04:57:21Z</time>
			</trkpt>
			<trkpt lat="19.215747" lon="98.669288">
				<ele>731.597656</ele>
				<time>2016-02-07T04:57:22Z</time>
			</trkpt>
			<trkpt lat="19.215567" lon="98.669289">
				<ele>730.255493</ele>
				<time>2016-02-07T04:57:23Z</time>
			</trkpt>
			<trkpt lat="19.215410" lon="98.669288">
				<ele>727.464966</ele>
				<time>2016-02-07T04:57:24Z</time>
			</trkpt>
			<trkpt lat="19.215238" lon="98.669290">
				<ele>727.056152</ele>
				<time>2016-02-07T04:57:25Z</time>
			</trkpt>
			<trkpt lat="19.215048" lon="98.669405">
				<ele>727.309082</ele>
				<time>2016-02-07T04:57:26Z</time>
			</trkpt>
			<trkpt lat="19.214891" lon="98.669593">
				<ele>725.466553</ele>
				<time>2016-02-07T04:57:27Z</time>
			</trkpt>
			<trkpt lat="19.214783" lon="98.669733">
				<ele>725.561768</ele>
				<time>2016-02-07T04:57:28Z</time>
			</trkpt>
			<trkpt lat="19.214644" lon="98.669824">
				<ele>723.737061</ele>
				<time>2016-02-07T04:57:29Z</time>
			</trkpt>
			<trkpt lat="19.214509" lon="98.669969">
				<ele>721.470703</ele>
				<time>2016-02-07T04:57:30Z</time>
			</trkpt>
			<trkpt lat="19.214387" lon="98.670080">
				<ele>721.046387</ele>
				<time>2016-02-07T04:57:31Z</time>
			</trkpt>
			<trkpt lat="19.214314" lon="98.670271">
				<ele>720.378418</ele>
				<time>2016-02-07T04:57:32Z</time>
			</trkpt>
			<trkpt lat="19.214221" lon="98.670420">
				<ele>719.987305</ele>
				<time>2016-02-07T04:57:33Z</time>
			</trkpt>
			<trkpt lat="19.214114" lon="98.670555">
				<ele>720.077148</ele>
				<time>2016-02-07T04:57:34Z</time>
			</trkpt>
			<trkpt lat="19.214003" lon="98.670712">
				<ele>718.545532</ele>
				<time>2016-02-07T04:57:35Z</time>
			</trkpt>
			<trkpt lat="19.213887" lon="98.670836">
				<ele>718.563232</ele>
				<time>2016-02-07T04:57:36Z</time>
			</trkpt>
			<trkpt lat="19.213763" lon="98.670952">
				<ele>718.619995</ele>
				<time>2016-02-07T04:57:37Z</time>
			</trkpt>
			<trkpt lat="19.213651" lon="98.671012">
				<ele>717.622559</ele>
				<time>2016-02-07T04:57:38Z</time>
			</trkpt>
			<trkpt lat="19.213536" lon="98.671061">
				<ele>718.474854</ele>
				<time>2016-02-07T04:57:39Z</time>
			</trkpt>
			<trkpt lat="19.213434" lon="98.671123">
				<ele>717.288208</ele>
				<time>2016-02-07T04:57:40Z</time>
			</trkpt>
			<trkpt lat="19.213343" lon="98.671156">
				<ele>714.599609</ele>
				<time>2016-02-07T04:57:41Z</time>
			</trkpt>
			<trkpt lat="19.213242" lon="98.671242">
				<ele>714.385010</ele>
				<time>2016-02-07T04:57:42Z</time>
			</trkpt>
			<trkpt lat="19.213164" lon="98.671123">
				<ele>714.554932</ele>
				<time>2016-02-07T04:57:43Z</time>
			</trkpt>
			<trkpt lat="19.213065" lon="98.670929">
				<ele>711.784424</ele>
				<time>2016-02-07T04:57:44Z</time>
			</trkpt>
			<trkpt lat="19.212918" lon="98.670777">
				<ele>712.343750</ele>
				<time>2016-02-07T04:57:45Z</time>
			</trkpt>
			<trkpt lat="19.212758" lon="98.670756">
				<ele>711.492310</ele>
				<time>2016-02-07T04:57:46Z</time>
			</trkpt>
			<trkpt lat="19.212601" lon="98.670747">
				<ele>710.718384</ele>
				<time>2016-02-07T04:57:47Z</time>
			</trkpt>
			<trkpt lat="19.212429" lon="98.670737">
				<ele>708.812988</ele>
				<time>2016-02-07T04:57:48Z</time>
			</trkpt>
			<trkpt lat="19.212281" lon="98.670727">
				<ele>708.391846</ele>
				<time>2016-02-07T04:57:49Z</time>
			</trkpt>
			<trkpt lat="19.212103" lon="98.670806">
				<ele>709.904297</ele>
				<time>2016-02-07T04:57:50Z</time>
			</trkpt>
			<trkpt lat="19.211931" lon="98.670847">
				<ele>709.278442</ele>
				<time>2016-02-07T04:57:51Z</time>
			</trkpt>
			<trkpt lat="19.211781" lon="98.670875">
				<ele>709.919556</ele>
				<time>2016-02-07T04:57:52Z</time>
			</trkpt>
			<trkpt lat="19.211597" lon="98.670987">
				<ele>711.623535</ele>
				<time>2016-02-07T04:57:53Z</time>
			</trkpt>
			<trkpt lat="19.211438" lon="98.670964">
				<ele>710.008301</ele>
				<time>2016-02-07T04:57:54Z</time>
			</trkpt>
			<trkpt lat="19.211265" lon="98.670996">
				<ele>709.331299</ele>
				<time>2016-02-07T04:57:55Z</time>
			</trkpt>
			<trkpt lat="19.211086" lon="98.671030">
				<ele>708.255859</ele>
				<time>2016-02-07T04:57:56Z</time>
			</trkpt>
			<trkpt lat="19.210905" lon="98.671063">
				<ele>707.333740</ele>
				<time>2016-02-07T04:57:57Z</time>
			</trkpt>
			<trkpt lat="19.210714" lon="98.671121">
				<ele>708.663086</ele>
				<time>2016-02-07T04:57:58Z</time>
			</trkpt>
			<trkpt lat="19.210596" lon="98.671171">
				<ele>706.083252</ele>
				<time>2016-02-07T04:57:59Z</time>
			</trkpt>
			<trkpt lat="19.210499" lon="98.671172">
				<ele>703.827393</ele>
				<time>2016-02-07T04:58:00Z</time>
			</trkpt>
			<trkpt lat="19.210381" lon="98.671188">
				<ele>701.824951</ele>
				<time>2016-02-07T04:58:01Z</time>
			</trkpt>
			<trkpt lat="19.210268" lon="98.671206">
				<ele>702.391846</ele>
				<time>2016-02-07T04:58:02Z</time>
			</trkpt>
			<trkpt lat="19.210150" lon="98.671223">
				<ele>701.906250</ele>
				<time>2016-02-07T04:58:03Z</time>
			</trkpt>
			<trkpt lat="19.210033" lon="98.671233">
				<ele>701.510742</ele>
				<time>2016-02-07T04:58:04Z</time>
			</trkpt>
			<trkpt lat="19.209931" lon="98.671110">
				<ele>703.599609</ele>
				<time>2016-02-07T04:58:05Z</time>
			</trkpt>
			<trkpt lat="19.209883" lon="98.670954">
				<ele>702.653564</ele>
				<time>2016-02-07T04:58:06Z</time>
			</trkpt>
			<trkpt lat="19.209777" lon="98.670837">
				<ele>700.468628</ele>
				<time>2016-02-07T04:58:07Z</time>
			</trkpt>
			<trkpt lat="19.209654" lon="98.670730">
				<ele>699.546021</ele>
				<time>2016-02-07T04:58:08Z</time>
			</trkpt>
			<trkpt lat="19.209504" lon="98.670648">
				<ele>696.058105</ele>
				<time>2016-02-07T04:58:09Z</time>
			</trkpt>
			<trkpt lat="19.209371" lon="98.670532">
				<ele>694.931885</ele>
				<time>2016-02-07T04:58:10Z</time>
			</trkpt>
			<trkpt lat="19.209198" lon="98.670411">
				<ele>694.019043</ele>
				<time>2016-02-07T04:58:11Z</time>
			</trkpt>
			<trkpt lat="19.209055" lon="98.670316">
				<ele>696.441406</ele>
				<time>2016-02-07T04:58:12Z</time>
			</trkpt>
			<trkpt lat="19.208972" lon="98.670264">
				<ele>695.252930</ele>
				<time>2016-02-07T04:58:13Z</time>
			</trkpt>
			<trkpt lat="19.208835" lon="98.670234">
				<ele>698.693359</ele>
				<time>2016-02-07T04:58:14Z</time>
			</trkpt>
			<trkpt lat="19.208706" lon="98.670173">
				<ele>696.696777</ele>
				<time>2016-02-07T04:58:15Z</time>
			</trkpt>
			<trkpt lat="19.208607" lon="98.670205">
				<ele>697.512451</ele>
				<time>2016-02-07T04:58:16Z</time>
			</trkpt>
			<trkpt lat="19.208515" lon="98.670222">
				<ele>699.187500</ele>
				<time>2016-02-07T04:58:17Z</time>
			</trkpt>
			<trkpt lat="19.208351" lon="98.670248">
				<ele>699.418823</ele>
				<time>2016-02-07T04:58:18Z</time>
			</trkpt>
			<trkpt lat="19.208185" lon="98.670276">
				<ele>700.045898</ele>
				<time>2016-02-07T04:58:19Z</time>
			</trkpt>
			<trkpt lat="19.208038" lon="98.670357">
				<ele>699.735107</ele>
				<time>2016-02-07T04:58:20Z</time>
			</trkpt>
			<trkpt lat="19.207911" lon="98.670396">
				<ele>698.577393</ele>
				<time>2016-02-07T04:58:21Z</time>
			</trkpt>
			<trkpt lat="19.207781" lon="98.670450">
				<ele>696.576294</ele>
				<time>2016-02-07T04:58:22Z</time>
			</trkpt>
			<trkpt lat="19.207606" lon="98.670523">
				<ele>696.590576</ele>
				<time>2016-02-07T04:58:23Z</time>
			</trkpt>
			<trkpt lat="19.207425" lon="98.670493">
				<ele>697.193970</ele>
				<time>2016-02-07T04:58:24Z</time>
			</trkpt>
			<trkpt lat="19.207256" lon="98.670435">
				<ele>696.996826</ele>
				<time>2016-02-07T04:58:25Z</time>
			</trkpt>
			<trkpt lat="19.207138" lon="98.670496">
				<ele>694.795654</ele>
				<time>2016-02-07T04:58:26Z</time>
			</trkpt>
			<trkpt lat="19.207014" lon="98.670434">
				<ele>693.105347</ele>
				<time>2016-02-07T04:58:27Z</time>
			</trkpt>
			<trkpt lat="19.206895" lon="98.670352">
				<ele>691.675537</ele>
				<time>2016-02-07T04:58:28Z</time>
			</trkpt>
			<trkpt lat="19.206774" lon="98.670277">
				<ele>689.201538</ele>
				<time>2016-02-07T04:58:29Z</time>
			</trkpt>
			<trkpt lat="19.206585" lon="98.670223">
				<ele>688.410645</ele>
				<time>2016-02-07T04:58:30Z</time>
			</trkpt>
			<trkpt lat="19.206376" lon="98.670206">
				<ele>689.704102</ele>
				<time>2016-02-07T04:58:31Z</time>
			</trkpt>
			<trkpt lat="19.206210" lon="98.670203">
				<ele>689.904785</ele>
				<time>2016-02-07T04:58:32Z</time>
			</trkpt>
			<trkpt lat="19.206043" lon="98.670170">
				<ele>688.708496</ele>
				<time>2016-02-07T04:58:33Z</time>
			</trkpt>
			<trkpt lat="19.205880" lon="98.670165">
				<ele>689.313965</ele>
				<time>2016-02-07T04:58:34Z</time>
			</trkpt>
			<trkpt lat="19.205741" lon="98.670166">
				<ele>687.656006</ele>
				<time>2016-02-07T04:58:35Z</time>
			</trkpt>
			<trkpt lat="19.205569" lon="98.670146">
				<ele>686.756226</ele>
				<time>2016-02-07T04:58:36Z</time>
			</trkpt>
			<trkpt lat="19.205396" lon="98.670156">
				<ele>687.797607</ele>
				<time>2016-02-07T04:58:37Z</time>
			</trkpt>
			<trkpt lat="19.205257" lon="98.670208">
				<ele>688.076660</ele>
				<time>2016-02-07T04:58:38Z</time>
			</trkpt>
			<trkpt lat="19.205145" lon="98.670302">
				<ele>688.647461</ele>
				<time>2016-02-07T04:58:39Z</time>
			</trkpt>
			<trkpt lat="19.205009" lon="98.670432">
				<ele>689.309937</ele>
				<time>2016-02-07T04:58:40Z</time>
			</trkpt>
			<trkpt lat="19.204879" lon="98.670517">
				<ele>690.756104</ele>
				<time>2016-02-07T04:58:41Z</time>
			</trkpt>
			<trkpt lat="19.204764" lon="98.670590">
				<ele>691.610229</ele>
				<time>2016-02-07T04:58:42Z</time>
			</trkpt>
			<trkpt lat="19.204685" lon="98.670685">
				<ele>683.873291</ele>
				<time>2016-02-07T04:58:43Z</time>
			</trkpt>
			<trkpt lat="19.204613" lon="98.670799">
				<ele>681.615234</ele>
				<time>2016-02-07T04:58:44Z</time>
			</trkpt>
			<trkpt lat="19.204553" lon="98.670893">
				<ele>682.727539</ele>
				<time>2016-02-07T04:58:45Z</time>
			</trkpt>
			<trkpt lat="19.204532" lon="98.671019">
				<ele>681.472656</ele>
				<time>2016-02-07T04:58:46Z</time>
			</trkpt>
			<trkpt lat="19.204528" lon="98.671153">
				<ele>680.570068</ele>
				<time>2016-02-07T04:58:47Z</time>
			</trkpt>
			<trkpt lat="19.204525" lon="98.671281">
				<ele>681.367920</ele>
				<time>2016-02-07T04:58:48Z</time>
			</trkpt>
			<trkpt lat="19.204494" lon="98.671399">
				<ele>681.154541</ele>
				<time>2016-02-07T04:58:49Z</time>
			</trkpt>
			<trkpt lat="19.204432" lon="98.671529">
				<ele>684.269043</ele>
				<time>2016-02-07T04:58:50Z</time>
			</trkpt>
			<trkpt lat="19.204355" lon="98.671668">
				<ele>684.902466</ele>
				<time>2016-02-07T04:58:51Z</time>
			</trkpt>
			<trkpt lat="19.204279" lon="98.671806">
				<ele>684.373535</ele>
				<time>2016-02-07T04:58:52Z</time>
			</trkpt>
			<trkpt lat="19.204183" lon="98.671931">
				<ele>686.173584</ele>
				<time>2016-02-07T04:58:53Z</time>
			</trkpt>
			<trkpt lat="19.204118" lon="98.672070">
				<ele>686.307129</ele>
				<time>2016-02-07T04:58:54Z</time>
			</trkpt>
			<trkpt lat="19.204080" lon="98.672215">
				<ele>686.420654</ele>
				<time>2016-02-07T04:58:55Z</time>
			</trkpt>
			<trkpt lat="19.204036" lon="98.672358">
				<ele>686.156250</ele>
				<time>2016-02-07T04:58:56Z</time>
			</trkpt>
			<trkpt lat="19.204038" lon="98.672521">
				<ele>686.255127</ele>
				<time>2016-02-07T04:58:57Z</time>
			</trkpt>
			<trkpt lat="19.204079" lon="98.672671">
				<ele>685.222534</ele>
				<time>2016-02-07T04:58:58Z</time>
			</trkpt>
			<trkpt lat="19.204217" lon="98.672814">
				<ele>682.968994</ele>
				<time>2016-02-07T04:58:59Z</time>
			</trkpt>
			<trkpt lat="19.204325" lon="98.672976">
				<ele>683.020996</ele>
				<time>2016-02-07T04:59:00Z</time>
			</trkpt>
			<trkpt lat="19.204458" lon="98.673167">
				<ele>684.094238</ele>
				<time>2016-02-07T04:59:01Z</time>
			</trkpt>
			<trkpt lat="19.204579" lon="98.673333">
				<ele>684.422974</ele>
				<time>2016-02-07T04:59:02Z</time>
			</trkpt>
			<trkpt lat="19.204719" lon="98.673504">
				<ele>684.458618</ele>
				<time>2016-02-07T04:59:03Z</time>
			</trkpt>
			<trkpt lat="19.204844" lon="98.673670">
				<ele>684.307861</ele>
				<time>2016-02-07T04:59:04Z</time>
			</trkpt>
			<trkpt lat="19.204955" lon="98.673808">
				<ele>683.995605</ele>
				<time>2016-02-07T04:59:05Z</time>
			</trkpt>
			<trkpt lat="19.205045" lon="98.673930">
				<ele>683.483643</ele>
				<time>2016-02-07T04:59:06Z</time>
			</trkpt>
			<trkpt lat="19.205117" lon="98.674047">
				<ele>684.104614</ele>
				<time>2016-02-07T04:59:07Z</time>
			</trkpt>
			<trkpt lat="19.205178" lon="98.674174">
				<ele>684.971436</ele>
				<time>2016-02-07T04:59:08Z</time>
			</trkpt>
			<trkpt lat="19.205228" lon="98.674308">
				<ele>684.734131</ele>
				<time>2016-02-07T04:59:09Z</time>
			</trkpt>
			<trkpt lat="19.205229" lon="98.674445">
				<ele>683.986572</ele>
				<time>2016-02-07T04:59:10Z</time>
			</trkpt>
			<trkpt lat="19.205112" lon="98.674652">
				<ele>684.510742</ele>
				<time>2016-02-07T04:59:11Z</time>
			</trkpt>
			<trkpt lat="19.205080" lon="98.674812">
				<ele>684.902832</ele>
				<time>2016-02-07T04:59:12Z</time>
			</trkpt>
			<trkpt lat="19.205077" lon="98.674937">
				<ele>684.661865</ele>
				<time>2016-02-07T04:59:13Z</time>
			</trkpt>
			<trkpt lat="19.205097" lon="98.675057">
				<ele>684.726807</ele>
				<time>2016-02-07T04:59:14Z</time>
			</trkpt>
			<trkpt lat="19.205140" lon="98.675157">
				<ele>683.904541</ele>
				<time>2016-02-07T04:59:15Z</time>
			</trkpt>
			<trkpt lat="19.205202" lon="98.675249">
				<ele>683.642822</ele>
				<time>2016-02-07T04:59:16Z</time>
			</trkpt>
			<trkpt lat="19.205274" lon="98.675339">
				<ele>683.563477</ele>
				<time>2016-02-07T04:59:17Z</time>
			</trkpt>
			<trkpt lat="19.205377" lon="98.675388">
				<ele>683.960693</ele>
				<time>2016-02-07T04:59:18Z</time>
			</trkpt>
			<trkpt lat="19.205516" lon="98.675353">
				<ele>685.155518</ele>
				<time>2016-02-07T04:59:19Z</time>
			</trkpt>
			<trkpt lat="19.205632" lon="98.675372">
				<ele>686.454224</ele>
				<time>2016-02-07T04:59:20Z</time>
			</trkpt>
			<trkpt lat="19.205710" lon="98.675394">
				<ele>685.808594</ele>
				<time>2016-02-07T04:59:21Z</time>
			</trkpt>
			<trkpt lat="19.205785" lon="98.675428">
				<ele>686.429688</ele>
				<time>2016-02-07T04:59:22Z</time>
			</trkpt>
			<trkpt lat="19.205854" lon="98.675472">
				<ele>686.175537</ele>
				<time>2016-02-07T04:59:23Z</time>
			</trkpt>
			<trkpt lat="19.205888" lon="98.675546">
				<ele>688.095825</ele>
				<time>2016-02-07T04:59:24Z</time>
			</trkpt>
			<trkpt lat="19.205897" lon="98.675656">
				<ele>686.461426</ele>
				<time>2016-02-07T04:59:25Z</time>
			</trkpt>
			<trkpt lat="19.205798" lon="98.675850">
				<ele>685.746216</ele>
				<time>2016-02-07T04:59:26Z</time>
			</trkpt>
			<trkpt lat="19.205718" lon="98.676049">
				<ele>684.978271</ele>
				<time>2016-02-07T04:59:27Z</time>
			</trkpt>
			<trkpt lat="19.205674" lon="98.676213">
				<ele>684.763550</ele>
				<time>2016-02-07T04:59:28Z</time>
			</trkpt>
			<trkpt lat="19.205616" lon="98.676365">
				<ele>684.461426</ele>
				<time>2016-02-07T04:59:29Z</time>
			</trkpt>
			<trkpt lat="19.205554" lon="98.676530">
				<ele>685.251221</ele>
				<time>2016-02-07T04:59:30Z</time>
			</trkpt>
			<trkpt lat="19.205427" lon="98.676718">
				<ele>685.112305</ele>
				<time>2016-02-07T04:59:31Z</time>
			</trkpt>
			<trkpt lat="19.205289" lon="98.676880">
				<ele>686.804810</ele>
				<time>2016-02-07T04:59:32Z</time>
			</trkpt>
			<trkpt lat="19.205163" lon="98.677032">
				<ele>687.418335</ele>
				<time>2016-02-07T04:59:33Z</time>
			</trkpt>
			<trkpt lat="19.205036" lon="98.677193">
				<ele>688.189575</ele>
				<time>2016-02-07T04:59:34Z</time>
			</trkpt>
			<trkpt lat="19.204928" lon="98.677370">
				<ele>687.569824</ele>
				<time>2016-02-07T04:59:35Z</time>
			</trkpt>
			<trkpt lat="19.204827" lon="98.677535">
				<ele>687.631958</ele>
				<time>2016-02-07T04:59:36Z</time>
			</trkpt>
			<trkpt lat="19.204722" lon="98.677723">
				<ele>687.174805</ele>
				<time>2016-02-07T04:59:37Z</time>
			</trkpt>
			<trkpt lat="19.204627" lon="98.677897">
				<ele>688.240723</ele>
				<time>2016-02-07T04:59:38Z</time>
			</trkpt>
			<trkpt lat="19.204522" lon="98.678066">
				<ele>687.583008</ele>
				<time>2016-02-07T04:59:39Z</time>
			</trkpt>
			<trkpt lat="19.204420" lon="98.678235">
				<ele>686.599121</ele>
				<time>2016-02-07T04:59:40Z</time>
			</trkpt>
			<trkpt lat="19.204304" lon="98.678352">
				<ele>686.847412</ele>
				<time>2016-02-07T04:59:41Z</time>
			</trkpt>
			<trkpt lat="19.204138" lon="98.678479">
				<ele>687.809814</ele>
				<time>2016-02-07T04:59:42Z</time>
			</trkpt>
			<trkpt lat="19.203990" lon="98.678617">
				<ele>688.078613</ele>
				<time>2016-02-07T04:59:43Z</time>
			</trkpt>
			<trkpt lat="19.203841" lon="98.678732">
				<ele>689.860107</ele>
				<time>2016-02-07T04:59:44Z</time>
			</trkpt>
			<trkpt lat="19.203704" lon="98.678801">
				<ele>691.082886</ele>
				<time>2016-02-07T04:59:45Z</time>
			</trkpt>
			<trkpt lat="19.203559" lon="98.678879">
				<ele>690.438965</ele>
				<time>2016-02-07T04:59:46Z</time>
			</trkpt>
			<trkpt lat="19.203401" lon="98.678915">
				<ele>691.190186</ele>
				<time>2016-02-07T04:59:47Z</time>
			</trkpt>
			<trkpt lat="19.203265" lon="98.678978">
				<ele>692.569702</ele>
				<time>2016-02-07T04:59:48Z</time>
			</trkpt>
			<trkpt lat="19.203138" lon="98.679085">
				<ele>693.685547</ele>
				<time>2016-02-07T04:59:49Z</time>
			</trkpt>
			<trkpt lat="19.203006" lon="98.679203">
				<ele>693.096191</ele>
				<time>2016-02-07T04:59:50Z</time>
			</trkpt>
			<trkpt lat="19.202870" lon="98.679298">
				<ele>693.469727</ele>
				<time>2016-02-07T04:59:51Z</time>
			</trkpt>
			<trkpt lat="19.202727" lon="98.679426">
				<ele>692.225220</ele>
				<time>2016-02-07T04:59:52Z</time>
			</trkpt>
			<trkpt lat="19.202581" lon="98.679543">
				<ele>691.505127</ele>
				<time>2016-02-07T04:59:53Z</time>
			</trkpt>
			<trkpt lat="19.202442" lon="98.679659">
				<ele>692.365234</ele>
				<time>2016-02-07T04:59:54Z</time>
			</trkpt>
			<trkpt lat="19.202305" lon="98.679767">
				<ele>692.476929</ele>
				<time>2016-02-07T04:59:55Z</time>
			</trkpt>
			<trkpt lat="19.202181" lon="98.679841">
				<ele>693.533447</ele>
				<time>2016-02-07T04:59:56Z</time>
			</trkpt>
			<trkpt lat="19.202057" lon="98.679921">
				<ele>692.450439</ele>
				<time>2016-02-07T04:59:57Z</time>
			</trkpt>
			<trkpt lat="19.201952" lon="98.680019">
				<ele>690.896484</ele>
				<time>2016-02-07T04:59:58Z</time>
			</trkpt>
			<trkpt lat="19.201905" lon="98.680157">
				<ele>688.413452</ele>
				<time>2016-02-07T04:59:59Z</time>
			</trkpt>
			<trkpt lat="19.201877" lon="98.680293">
				<ele>689.698242</ele>
				<time>2016-02-07T05:00:00Z</time>
			</trkpt>
			<trkpt lat="19.201817" lon="98.680403">
				<ele>690.457520</ele>
				<time>2016-02-07T05:00:01Z</time>
			</trkpt>
			<trkpt lat="19.201755" lon="98.680540">
				<ele>689.926758</ele>
				<time>2016-02-07T05:00:02Z</time>
			</trkpt>
			<trkpt lat="19.201667" lon="98.680653">
				<ele>689.943848</ele>
				<time>2016-02-07T05:00:03Z</time>
			</trkpt>
			<trkpt lat="19.201553" lon="98.680782">
				<ele>690.004150</ele>
				<time>2016-02-07T05:00:04Z</time>
			</trkpt>
			<trkpt lat="19.201387" lon="98.680898">
				<ele>690.033691</ele>
				<time>2016-02-07T05:00:05Z</time>
			</trkpt>
			<trkpt lat="19.201268" lon="98.681006">
				<ele>689.612305</ele>
				<time>2016-02-07T05:00:06Z</time>
			</trkpt>
			<trkpt lat="19.201114" lon="98.680990">
				<ele>690.102539</ele>
				<time>2016-02-07T05:00:07Z</time>
			</trkpt>
			<trkpt lat="19.200987" lon="98.681050">
				<ele>689.322021</ele>
				<time>2016-02-07T05:00:08Z</time>
			</trkpt>
			<trkpt lat="19.200844" lon="98.681090">
				<ele>688.924561</ele>
				<time>2016-02-07T05:00:09Z</time>
			</trkpt>
			<trkpt lat="19.200707" lon="98.681114">
				<ele>686.915649</ele>
				<time>2016-02-07T05:00:10Z</time>
			</trkpt>
			<trkpt lat="19.200588" lon="98.681076">
				<ele>686.863892</ele>
				<time>2016-02-07T05:00:11Z</time>
			</trkpt>
			<trkpt lat="19.200464" lon="98.680991">
				<ele>687.182373</ele>
				<time>2016-02-07T05:00:12Z</time>
			</trkpt>
			<trkpt lat="19.200364" lon="98.680996">
				<ele>687.723877</ele>
				<time>2016-02-07T05:00:13Z</time>
			</trkpt>
			<trkpt lat="19.200262" lon="98.681031">
				<ele>689.974243</ele>
				<time>2016-02-07T05:00:14Z</time>
			</trkpt>
			<trkpt lat="19.200182" lon="98.681078">
				<ele>691.145020</ele>
				<time>2016-02-07T05:00:15Z</time>
			</trkpt>
			<trkpt lat="19.200099" lon="98.681170">
				<ele>691.481812</ele>
				<time>2016-02-07T05:00:16Z</time>
			</trkpt>
			<trkpt lat="19.200024" lon="98.681243">
				<ele>691.877686</ele>
				<time>2016-02-07T05:00:17Z</time>
			</trkpt>
			<trkpt lat="19.199931" lon="98.681394">
				<ele>692.284302</ele>
				<time>2016-02-07T05:00:18Z</time>
			</trkpt>
			<trkpt lat="19.199824" lon="98.681604">
				<ele>691.916260</ele>
				<time>2016-02-07T05:00:19Z</time>
			</trkpt>
			<trkpt lat="19.199713" lon="98.681764">
				<ele>690.864014</ele>
				<time>2016-02-07T05:00:20Z</time>
			</trkpt>
			<trkpt lat="19.199595" lon="98.681903">
				<ele>690.879395</ele>
				<time>2016-02-07T05:00:21Z</time>
			</trkpt>
			<trkpt lat="19.199474" lon="98.682060">
				<ele>689.783081</ele>
				<time>2016-02-07T05:00:22Z</time>
			</trkpt>
			<trkpt lat="19.199361" lon="98.682211">
				<ele>687.885498</ele>
				<time>2016-02-07T05:00:23Z</time>
			</trkpt>
			<trkpt lat="19.199236" lon="98.682355">
				<ele>687.925659</ele>
				<time>2016-02-07T05:00:24Z</time>
			</trkpt>
			<trkpt lat="19.199096" lon="98.682496">
				<ele>688.518555</ele>
				<time>2016-02-07T05:00:25Z</time>
			</trkpt>
			<trkpt lat="19.198949" lon="98.682626">
				<ele>688.632568</ele>
				<time>2016-02-07T05:00:26Z</time>
			</trkpt>
			<trkpt lat="19.198785" lon="98.682772">
				<ele>689.793945</ele>
				<time>2016-02-07T05:00:27Z</time>
			</trkpt>
			<trkpt lat="19.198603" lon="98.682821">
				<ele>690.783813</ele>
				<time>2016-02-07T05:00:28Z</time>
			</trkpt>
			<trkpt lat="19.198440" lon="98.682944">
				<ele>692.051514</ele>
				<time>2016-02-07T05:00:29Z</time>
			</trkpt>
			<trkpt lat="19.198262" lon="98.683037">
				<ele>691.689087</ele>
				<time>2016-02-07T05:00:30Z</time>
			</trkpt>
			<trkpt lat="19.198075" lon="98.683135">
				<ele>691.526855</ele>
				<time>2016-02-07T05:00:31Z</time>
			</trkpt>
			<trkpt lat="19.197879" lon="98.683223">
				<ele>691.442627</ele>
				<time>2016-02-07T05:00:32Z</time>
			</trkpt>
			<trkpt lat="19.197714" lon="98.683290">
				<ele>690.671753</ele>
				<time>2016-02-07T05:00:33Z</time>
			</trkpt>
			<trkpt lat="19.197551" lon="98.683325">
				<ele>690.483887</ele>
				<time>2016-02-07T05:00:34Z</time>
			</trkpt>
			<trkpt lat="19.197409" lon="98.683387">
				<ele>690.602417</ele>
				<time>2016-02-07T05:00:35Z</time>
			</trkpt>
			<trkpt lat="19.197283" lon="98.683454">
				<ele>689.320312</ele>
				<time>2016-02-07T05:00:36Z</time>
			</trkpt>
			<trkpt lat="19.197142" lon="98.683506">
				<ele>690.827637</ele>
				<time>2016-02-07T05:00:37Z</time>
			</trkpt>
			<trkpt lat="19.197006" lon="98.683558">
				<ele>691.814453</ele>
				<time>2016-02-07T05:00:38Z</time>
			</trkpt>
			<trkpt lat="19.196874" lon="98.683609">
				<ele>692.330322</ele>
				<time>2016-02-07T05:00:39Z</time>
			</trkpt>
			<trkpt lat="19.196746" lon="98.683667">
				<ele>690.948853</ele>
				<time>2016-02-07T05:00:40Z</time>
			</trkpt>
			<trkpt lat="19.196614" lon="98.683720">
				<ele>691.300537</ele>
				<time>2016-02-07T05:00:41Z</time>
			</trkpt>
			<trkpt lat="19.196490" lon="98.683772">
				<ele>692.579590</ele>
				<time>2016-02-07T05:00:42Z</time>
			</trkpt>
			<trkpt lat="19.196360" lon="98.683834">
				<ele>692.570801</ele>
				<time>2016-02-07T05:00:43Z</time>
			</trkpt>
			<trkpt lat="19.196238" lon="98.683909">
				<ele>693.108643</ele>
				<time>2016-02-07T05:00:44Z</time>
			</trkpt>
			<trkpt lat="19.196103" lon="98.683976">
				<ele>694.634277</ele>
				<time>2016-02-07T05:00:45Z</time>
			</trkpt>
			<trkpt lat="19.195963" lon="98.684046">
				<ele>694.463379</ele>
				<time>2016-02-07T05:00:46Z</time>
			</trkpt>
			<trkpt lat="19.195873" lon="98.684145">
				<ele>694.042725</ele>
				<time>2016-02-07T05:00:47Z</time>
			</trkpt>
			<trkpt lat="19.195788" lon="98.684229">
				<ele>693.445312</ele>
				<time>2016-02-07T05:00:48Z</time>
			</trkpt>
			<trkpt lat="19.195714" lon="98.684331">
				<ele>692.276001</ele>
				<time>2016-02-07T05:00:49Z</time>
			</trkpt>
			<trkpt lat="19.195729" lon="98.684468">
				<ele>693.285767</ele>
				<time>2016-02-07T05:00:50Z</time>
			</trkpt>
			<trkpt lat="19.195751" lon="98.684581">
				<ele>691.466309</ele>
				<time>2016-02-07T05:00:51Z</time>
			</trkpt>
			<trkpt lat="19.195802" lon="98.684684">
				<ele>691.965088</ele>
				<time>2016-02-07T05:00:52Z</time>
			</trkpt>
			<trkpt lat="19.195842" lon="98.684809">
				<ele>692.694824</ele>
				<time>2016-02-07T05:00:53Z</time>
			</trkpt>
			<trkpt lat="19.195884" lon="98.684953">
				<ele>690.897217</ele>
				<time>2016-02-07T05:00:54Z</time>
			</trkpt>
			<trkpt lat="19.195879" lon="98.685083">
				<ele>691.593872</ele>
				<time>2016-02-07T05:00:55Z</time>
			</trkpt>
			<trkpt lat="19.195881" lon="98.685225">
				<ele>691.586670</ele>
				<time>2016-02-07T05:00:56Z</time>
			</trkpt>
			<trkpt lat="19.195783" lon="98.685330">
				<ele>692.787964</ele>
				<time>2016-02-07T05:00:57Z</time>
			</trkpt>
			<trkpt lat="19.195712" lon="98.685451">
				<ele>694.008057</ele>
				<time>2016-02-07T05:00:58Z</time>
			</trkpt>
			<trkpt lat="19.195641" lon="98.685560">
				<ele>695.700439</ele>
				<time>2016-02-07T05:00:59Z</time>
			</trkpt>
			<trkpt lat="19.195496" lon="98.685661">
				<ele>698.853271</ele>
				<time>2016-02-07T05:01:00Z</time>
			</trkpt>
			<trkpt lat="19.195355" lon="98.685769">
				<ele>699.248047</ele>
				<time>2016-02-07T05:01:01Z</time>
			</trkpt>
			<trkpt lat="19.195228" lon="98.685893">
				<ele>699.563721</ele>
				<time>2016-02-07T05:01:02Z</time>
			</trkpt>
			<trkpt lat="19.195098" lon="98.686012">
				<ele>699.275391</ele>
				<time>2016-02-07T05:01:03Z</time>
			</trkpt>
			<trkpt lat="19.194958" lon="98.686123">
				<ele>699.484009</ele>
				<time>2016-02-07T05:01:04Z</time>
			</trkpt>
			<trkpt lat="19.194825" lon="98.686257">
				<ele>698.960205</ele>
				<time>2016-02-07T05:01:05Z</time>
			</trkpt>
			<trkpt lat="19.194685" lon="98.686303">
				<ele>698.363525</ele>
				<time>2016-02-07T05:01:06Z</time>
			</trkpt>
			<trkpt lat="19.194526" lon="98.686300">
				<ele>697.568359</ele>
				<time>2016-02-07T05:01:07Z</time>
			</trkpt>
			<trkpt lat="19.194365" lon="98.686348">
				<ele>697.275391</ele>
				<time>2016-02-07T05:01:08Z</time>
			</trkpt>
			<trkpt lat="19.194240" lon="98.686433">
				<ele>696.412842</ele>
				<time>2016-02-07T05:01:09Z</time>
			</trkpt>
			<trkpt lat="19.194127" lon="98.686456">
				<ele>697.608398</ele>
				<time>2016-02-07T05:01:10Z</time>
			</trkpt>
			<trkpt lat="19.194030" lon="98.686483">
				<ele>699.925293</ele>
				<time>2016-02-07T05:01:11Z</time>
			</trkpt>
			<trkpt lat="19.193949" lon="98.686544">
				<ele>700.185547</ele>
				<time>2016-02-07T05:01:12Z</time>
			</trkpt>
			<trkpt lat="19.193858" lon="98.686627">
				<ele>700.699707</ele>
				<time>2016-02-07T05:01:13Z</time>
			</trkpt>
			<trkpt lat="19.193769" lon="98.686732">
				<ele>699.558594</ele>
				<time>2016-02-07T05:01:14Z</time>
			</trkpt>
			<trkpt lat="19.193723" lon="98.686840">
				<ele>698.412354</ele>
				<time>2016-02-07T05:01:15Z</time>
			</trkpt>
			<trkpt lat="19.193741" lon="98.686984">
				<ele>697.814209</ele>
				<time>2016-02-07T05:01:16Z</time>
			</trkpt>
			<trkpt lat="19.193824" lon="98.687128">
				<ele>695.592041</ele>
				<time>2016-02-07T05:01:17Z</time>
			</trkpt>
			<trkpt lat="19.193924" lon="98.687257">
				<ele>696.907715</ele>
				<time>2016-02-07T05:01:18Z</time>
			</trkpt>
			<trkpt lat="19.194005" lon="98.687387">
				<ele>696.554077</ele>
				<time>2016-02-07T05:01:19Z</time>
			</trkpt>
			<trkpt lat="19.194106" lon="98.687517">
				<ele>696.914551</ele>
				<time>2016-02-07T05:01:20Z</time>
			</trkpt>
			<trkpt lat="19.194206" lon="98.687630">
				<ele>696.838135</ele>
				<time>2016-02-07T05:01:21Z</time>
			</trkpt>
			<trkpt lat="19.194312" lon="98.687651">
				<ele>695.387207</ele>
				<time>2016-02-07T05:01:22Z</time>
			</trkpt>
			<trkpt lat="19.194401" lon="98.687765">
				<ele>695.970581</ele>
				<time>2016-02-07T05:01:23Z</time>
			</trkpt>
			<trkpt lat="19.194496" lon="98.687869">
				<ele>696.160400</ele>
				<time>2016-02-07T05:01:24Z</time>
			</trkpt>
			<trkpt lat="19.194564" lon="98.687957">
				<ele>697.342285</ele>
				<time>2016-02-07T05:01:25Z</time>
			</trkpt>
			<trkpt lat="19.194618" lon="98.688059">
				<ele>699.169678</ele>
				<time>2016-02-07T05:01:26Z</time>
			</trkpt>
			<trkpt lat="19.194617" lon="98.688137">
				<ele>701.124878</ele>
				<time>2016-02-07T05:01:27Z</time>
			</trkpt>
			<trkpt lat="19.194519" lon="98.688248">
				<ele>701.844482</ele>
				<time>2016-02-07T05:01:28Z</time>
			</trkpt>
			<trkpt lat="19.194383" lon="98.688372">
				<ele>703.154785</ele>
				<time>2016-02-07T05:01:29Z</time>
			</trkpt>
			<trkpt lat="19.194264" lon="98.688495">
				<ele>703.466431</ele>
				<time>2016-02-07T05:01:30Z</time>
			</trkpt>
			<trkpt lat="19.194112" lon="98.688584">
				<ele>704.065308</ele>
				<time>2016-02-07T05:01:31Z</time>
			</trkpt>
			<trkpt lat="19.194042" lon="98.688702">
				<ele>704.093018</ele>
				<time>2016-02-07T05:01:32Z</time>
			</trkpt>
			<trkpt lat="19.193969" lon="98.688805">
				<ele>703.496826</ele>
				<time>2016-02-07T05:01:33Z</time>
			</trkpt>
			<trkpt lat="19.193966" lon="98.688937">
				<ele>704.108643</ele>
				<time>2016-02-07T05:01:34Z</time>
			</trkpt>
			<trkpt lat="19.193980" lon="98.689035">
				<ele>704.374878</ele>
				<time>2016-02-07T05:01:35Z</time>
			</trkpt>
			<trkpt lat="19.194047" lon="98.689135">
				<ele>705.669434</ele>
				<time>2016-02-07T05:01:36Z</time>
			</trkpt>
			<trkpt lat="19.194109" lon="98.689236">
				<ele>705.077515</ele>
				<time>2016-02-07T05:01:37Z</time>
			</trkpt>
			<trkpt lat="19.194149" lon="98.689308">
				<ele>702.167725</ele>
				<time>2016-02-07T05:01:38Z</time>
			</trkpt>
			<trkpt lat="19.194194" lon="98.689412">
				<ele>701.958008</ele>
				<time>2016-02-07T05:01:39Z</time>
			</trkpt>
			<trkpt lat="19.194180" lon="98.689494">
				<ele>701.614502</ele>
				<time>2016-02-07T05:01:40Z</time>
			</trkpt>
			<trkpt lat="19.194127" lon="98.689568">
				<ele>701.060059</ele>
				<time>2016-02-07T05:01:41Z</time>
			</trkpt>
			<trkpt lat="19.194068" lon="98.689649">
				<ele>701.499756</ele>
				<time>2016-02-07T05:01:42Z</time>
			</trkpt>
			<trkpt lat="19.193986" lon="98.689659">
				<ele>701.436523</ele>
				<time>2016-02-07T05:01:43Z</time>
			</trkpt>
			<trkpt lat="19.193849" lon="98.689673">
				<ele>702.764160</ele>
				<time>2016-02-07T05:01:44Z</time>
			</trkpt>
			<trkpt lat="19.193755" lon="98.689726">
				<ele>701.307373</ele>
				<time>2016-02-07T05:01:45Z</time>
			</trkpt>
			<trkpt lat="19.193648" lon="98.689768">
				<ele>700.818604</ele>
				<time>2016-02-07T05:01:46Z</time>
			</trkpt>
			<trkpt lat="19.193516" lon="98.689803">
				<ele>701.335938</ele>
				<time>2016-02-07T05:01:47Z</time>
			</trkpt>
			<trkpt lat="19.193373" lon="98.689853">
				<ele>701.645630</ele>
				<time>2016-02-07T05:01:48Z</time>
			</trkpt>
			<trkpt lat="19.193220" lon="98.689912">
				<ele>700.570312</ele>
				<time>2016-02-07T05:01:49Z</time>
			</trkpt>
			<trkpt lat="19.193063" lon="98.689970">
				<ele>699.280762</ele>
				<time>2016-02-07T05:01:50Z</time>
			</trkpt>
			<trkpt lat="19.192900" lon="98.690060">
				<ele>699.518066</ele>
				<time>2016-02-07T05:01:51Z</time>
			</trkpt>
			<trkpt lat="19.192727" lon="98.690134">
				<ele>700.370972</ele>
				<time>2016-02-07T05:01:52Z</time>
			</trkpt>
			<trkpt lat="19.192552" lon="98.690250">
				<ele>698.520996</ele>
				<time>2016-02-07T05:01:53Z</time>
			</trkpt>
			<trkpt lat="19.192360" lon="98.690327">
				<ele>698.708130</ele>
				<time>2016-02-07T05:01:54Z</time>
			</trkpt>
			<trkpt lat="19.192145" lon="98.690403">
				<ele>697.923584</ele>
				<time>2016-02-07T05:01:55Z</time>
			</trkpt>
			<trkpt lat="19.191925" lon="98.690469">
				<ele>697.765869</ele>
				<time>2016-02-07T05:01:56Z</time>
			</trkpt>
			<trkpt lat="19.191692" lon="98.690488">
				<ele>697.374756</ele>
				<time>2016-02-07T05:01:57Z</time>
			</trkpt>
			<trkpt lat="19.191451" lon="98.690585">
				<ele>697.325684</ele>
				<time>2016-02-07T05:01:58Z</time>
			</trkpt>
			<trkpt lat="19.191231" lon="98.690645">
				<ele>695.467041</ele>
				<time>2016-02-07T05:01:59Z</time>
			</trkpt>
			<trkpt lat="19.191013" lon="98.690719">
				<ele>696.116699</ele>
				<time>2016-02-07T05:02:00Z</time>
			</trkpt>
			<trkpt lat="19.190796" lon="98.690788">
				<ele>696.461426</ele>
				<time>2016-02-07T05:02:01Z</time>
			</trkpt>
			<trkpt lat="19.190586" lon="98.690858">
				<ele>696.292725</ele>
				<time>2016-02-07T05:02:02Z</time>
			</trkpt>
			<trkpt lat="19.190381" lon="98.690956">
				<ele>695.678101</ele>
				<time>2016-02-07T05:02:03Z</time>
			</trkpt>
			<trkpt lat="19.190160" lon="98.690987">
				<ele>695.659180</ele>
				<time>2016-02-07T05:02:04Z</time>
			</trkpt>
			<trkpt lat="19.189964" lon="98.691063">
				<ele>694.721802</ele>
				<time>2016-02-07T05:02:05Z</time>
			</trkpt>
			<trkpt lat="19.189764" lon="98.691100">
				<ele>693.766602</ele>
				<time>2016-02-07T05:02:06Z</time>
			</trkpt>
			<trkpt lat="19.189559" lon="98.691169">
				<ele>693.663574</ele>
				<time>2016-02-07T05:02:07Z</time>
			</trkpt>
			<trkpt lat="19.189350" lon="98.691213">
				<ele>692.865723</ele>
				<time>2016-02-07T05:02:08Z</time>
			</trkpt>
			<trkpt lat="19.189139" lon="98.691257">
				<ele>692.324219</ele>
				<time>2016-02-07T05:02:09Z</time>
			</trkpt>
			<trkpt lat="19.188927" lon="98.691279">
				<ele>692.908936</ele>
				<time>2016-02-07T05:02:10Z</time>
			</trkpt>
			<trkpt lat="19.188713" lon="98.691307">
				<ele>694.268555</ele>
				<time>2016-02-07T05:02:11Z</time>
			</trkpt>
			<trkpt lat="19.188485" lon="98.691339">
				<ele>693.946777</ele>
				<time>2016-02-07T05:02:12Z</time>
			</trkpt>
			<trkpt lat="19.188264" lon="98.691370">
				<ele>693.456543</ele>
				<time>2016-02-07T05:02:13Z</time>
			</trkpt>
			<trkpt lat="19.188050" lon="98.691388">
				<ele>692.878784</ele>
				<time>2016-02-07T05:02:14Z</time>
			</trkpt>
			<trkpt lat="19.187814" lon="98.691438">
				<ele>693.119873</ele>
				<time>2016-02-07T05:02:15Z</time>
			</trkpt>
			<trkpt lat="19.187608" lon="98.691468">
				<ele>691.550293</ele>
				<time>2016-02-07T05:02:16Z</time>
			</trkpt>
			<trkpt lat="19.187377" lon="98.691513">
				<ele>692.428467</ele>
				<time>2016-02-07T05:02:17Z</time>
			</trkpt>
			<trkpt lat="19.187141" lon="98.691592">
				<ele>693.170654</ele>
				<time>2016-02-07T05:02:18Z</time>
			</trkpt>
			<trkpt lat="19.186904" lon="98.691646">
				<ele>693.627808</ele>
				<time>2016-02-07T05:02:19Z</time>
			</trkpt>
			<trkpt lat="19.186686" lon="98.691697">
				<ele>693.763428</ele>
				<time>2016-02-07T05:02:20Z</time>
			</trkpt>
			<trkpt lat="19.186458" lon="98.691740">
				<ele>692.596924</ele>
				<time>2016-02-07T05:02:21Z</time>
			</trkpt>
			<trkpt lat="19.186234" lon="98.691790">
				<ele>694.321045</ele>
				<time>2016-02-07T05:02:22Z</time>
			</trkpt>
			<trkpt lat="19.186007" lon="98.691849">
				<ele>696.198242</ele>
				<time>2016-02-07T05:02:23Z</time>
			</trkpt>
			<trkpt lat="19.185796" lon="98.691903">
				<ele>694.959473</ele>
				<time>2016-02-07T05:02:24Z</time>
			</trkpt>
			<trkpt lat="19.185582" lon="98.691957">
				<ele>696.679199</ele>
				<time>2016-02-07T05:02:25Z</time>
			</trkpt>
			<trkpt lat="19.185372" lon="98.692027">
				<ele>699.157959</ele>
				<time>2016-02-07T05:02:26Z</time>
			</trkpt>
			<trkpt lat="19.185158" lon="98.692083">
				<ele>698.343994</ele>
				<time>2016-02-07T05:02:27Z</time>
			</trkpt>
			<trkpt lat="19.184946" lon="98.692147">
				<ele>700.393799</ele>
				<time>2016-02-07T05:02:28Z</time>
			</trkpt>
			<trkpt lat="19.184726" lon="98.692177">
				<ele>702.355713</ele>
				<time>2016-02-07T05:02:29Z</time>
			</trkpt>
			<trkpt lat="19.184519" lon="98.692210">
				<ele>703.885010</ele>
				<time>2016-02-07T05:02:30Z</time>
			</trkpt>
			<trkpt lat="19.184281" lon="98.692231">
				<ele>706.180542</ele>
				<time>2016-02-07T05:02:31Z</time>
			</trkpt>
			<trkpt lat="19.184083" lon="98.692276">
				<ele>707.522583</ele>
				<time>2016-02-07T05:02:32Z</time>
			</trkpt>
			<trkpt lat="19.183877" lon="98.692335">
				<ele>707.400146</ele>
				<time>2016-02-07T05:02:33Z</time>
			</trkpt>
			<trkpt lat="19.183666" lon="98.692367">
				<ele>708.460938</ele>
				<time>2016-02-07T05:02:34Z</time>
			</trkpt>
			<trkpt lat="19.183488" lon="98.692409">
				<ele>708.520142</ele>
				<time>2016-02-07T05:02:35Z</time>
			</trkpt>
			<trkpt lat="19.183332" lon="98.692438">
				<ele>708.749878</ele>
				<time>2016-02-07T05:02:36Z</time>
			</trkpt>
			<trkpt lat="19.183160" lon="98.692462">
				<ele>710.087158</ele>
				<time>2016-02-07T05:02:37Z</time>
			</trkpt>
			<trkpt lat="19.183018" lon="98.692502">
				<ele>710.963867</ele>
				<time>2016-02-07T05:02:38Z</time>
			</trkpt>
			<trkpt lat="19.182885" lon="98.692543">
				<ele>709.371094</ele>
				<time>2016-02-07T05:02:39Z</time>
			</trkpt>
			<trkpt lat="19.182749" lon="98.692573">
				<ele>709.268066</ele>
				<time>2016-02-07T05:02:40Z</time>
			</trkpt>
			<trkpt lat="19.182618" lon="98.692562">
				<ele>708.986938</ele>
				<time>2016-02-07T05:02:41Z</time>
			</trkpt>
			<trkpt lat="19.182495" lon="98.692595">
				<ele>709.332275</ele>
				<time>2016-02-07T05:02:42Z</time>
			</trkpt>
			<trkpt lat="19.182363" lon="98.692604">
				<ele>709.353516</ele>
				<time>2016-02-07T05:02:43Z</time>
			</trkpt>
			<trkpt lat="19.182251" lon="98.692551">
				<ele>708.901855</ele>
				<time>2016-02-07T05:02:44Z</time>
			</trkpt>
			<trkpt lat="19.182170" lon="98.692374">
				<ele>708.645874</ele>
				<time>2016-02-07T05:02:45Z</time>
			</trkpt>
			<trkpt lat="19.182090" lon="98.692260">
				<ele>709.468506</ele>
				<time>2016-02-07T05:02:46Z</time>
			</trkpt>
			<trkpt lat="19.181989" lon="98.692184">
				<ele>710.778564</ele>
				<time>2016-02-07T05:02:47Z</time>
			</trkpt>
			<trkpt lat="19.181914" lon="98.692122">
				<ele>712.558594</ele>
				<time>2016-02-07T05:02:48Z</time>
			</trkpt>
			<trkpt lat="19.181826" lon="98.692131">
				<ele>712.555420</ele>
				<time>2016-02-07T05:02:49Z</time>
			</trkpt>
			<trkpt lat="19.181782" lon="98.692119">
				<ele>710.845215</ele>
				<time>2016-02-07T05:02:50Z</time>
			</trkpt>
			<trkpt lat="19.181719" lon="98.692106">
				<ele>709.636963</ele>
				<time>2016-02-07T05:02:51Z</time>
			</trkpt>
			<trkpt lat="19.181622" lon="98.692109">
				<ele>709.756836</ele>
				<time>2016-02-07T05:02:52Z</time>
			</trkpt>
			<trkpt lat="19.181504" lon="98.692139">
				<ele>710.759888</ele>
				<time>2016-02-07T05:02:53Z</time>
			</trkpt>
			<trkpt lat="19.181331" lon="98.692198">
				<ele>710.728271</ele>
				<time>2016-02-07T05:02:54Z</time>
			</trkpt>
			<trkpt lat="19.181082" lon="98.692326">
				<ele>710.618896</ele>
				<time>2016-02-07T05:02:55Z</time>
			</trkpt>
			<trkpt lat="19.180902" lon="98.692377">
				<ele>711.075928</ele>
				<time>2016-02-07T05:02:56Z</time>
			</trkpt>
			<trkpt lat="19.180757" lon="98.692487">
				<ele>709.215454</ele>
				<time>2016-02-07T05:02:57Z</time>
			</trkpt>
			<trkpt lat="19.180586" lon="98.692496">
				<ele>709.702637</ele>
				<time>2016-02-07T05:02:58Z</time>
			</trkpt>
			<trkpt lat="19.180380" lon="98.692480">
				<ele>708.432617</ele>
				<time>2016-02-07T05:02:59Z</time>
			</trkpt>
			<trkpt lat="19.180209" lon="98.692473">
				<ele>708.897095</ele>
				<time>2016-02-07T05:03:00Z</time>
			</trkpt>
			<trkpt lat="19.180040" lon="98.692453">
				<ele>707.704346</ele>
				<time>2016-02-07T05:03:01Z</time>
			</trkpt>
			<trkpt lat="19.179900" lon="98.692411">
				<ele>708.866211</ele>
				<time>2016-02-07T05:03:02Z</time>
			</trkpt>
			<trkpt lat="19.179774" lon="98.692399">
				<ele>708.020386</ele>
				<time>2016-02-07T05:03:03Z</time>
			</trkpt>
			<trkpt lat="19.179646" lon="98.692393">
				<ele>707.845703</ele>
				<time>2016-02-07T05:03:04Z</time>
			</trkpt>
			<trkpt lat="19.179521" lon="98.692347">
				<ele>708.844971</ele>
				<time>2016-02-07T05:03:05Z</time>
			</trkpt>
			<trkpt lat="19.179408" lon="98.692280">
				<ele>709.752197</ele>
				<time>2016-02-07T05:03:06Z</time>
			</trkpt>
			<trkpt lat="19.179304" lon="98.692239">
				<ele>709.653320</ele>
				<time>2016-02-07T05:03:07Z</time>
			</trkpt>
			<trkpt lat="19.179226" lon="98.692095">
				<ele>709.687988</ele>
				<time>2016-02-07T05:03:08Z</time>
			</trkpt>
			<trkpt lat="19.179184" lon="98.691991">
				<ele>708.376343</ele>
				<time>2016-02-07T05:03:09Z</time>
			</trkpt>
			<trkpt lat="19.179105" lon="98.691916">
				<ele>709.074219</ele>
				<time>2016-02-07T05:03:10Z</time>
			</trkpt>
			<trkpt lat="19.179030" lon="98.691817">
				<ele>709.431152</ele>
				<time>2016-02-07T05:03:11Z</time>
			</trkpt>
			<trkpt lat="19.178932" lon="98.691732">
				<ele>710.947266</ele>
				<time>2016-02-07T05:03:12Z</time>
			</trkpt>
			<trkpt lat="19.178823" lon="98.691812">
				<ele>712.697144</ele>
				<time>2016-02-07T05:03:13Z</time>
			</trkpt>
			<trkpt lat="19.178712" lon="98.691823">
				<ele>712.960571</ele>
				<time>2016-02-07T05:03:14Z</time>
			</trkpt>
			<trkpt lat="19.178588" lon="98.691866">
				<ele>711.742432</ele>
				<time>2016-02-07T05:03:15Z</time>
			</trkpt>
			<trkpt lat="19.178470" lon="98.691911">
				<ele>711.282959</ele>
				<time>2016-02-07T05:03:16Z</time>
			</trkpt>
			<trkpt lat="19.178329" lon="98.692026">
				<ele>711.233398</ele>
				<time>2016-02-07T05:03:17Z</time>
			</trkpt>
			<trkpt lat="19.178182" lon="98.692107">
				<ele>711.800781</ele>
				<time>2016-02-07T05:03:18Z</time>
			</trkpt>
			<trkpt lat="19.178030" lon="98.692142">
				<ele>713.080688</ele>
				<time>2016-02-07T05:03:19Z</time>
			</trkpt>
			<trkpt lat="19.177830" lon="98.692181">
				<ele>713.739990</ele>
				<time>2016-02-07T05:03:20Z</time>
			</trkpt>
			<trkpt lat="19.177645" lon="98.692233">
				<ele>711.105713</ele>
				<time>2016-02-07T05:03:21Z</time>
			</trkpt>
			<trkpt lat="19.177468" lon="98.692346">
				<ele>707.633911</ele>
				<time>2016-02-07T05:03:22Z</time>
			</trkpt>
			<trkpt lat="19.177287" lon="98.692382">
				<ele>709.153076</ele>
				<time>2016-02-07T05:03:23Z</time>
			</trkpt>
			<trkpt lat="19.177113" lon="98.692385">
				<ele>710.191772</ele>
				<time>2016-02-07T05:03:24Z</time>
			</trkpt>
			<trkpt lat="19.176941" lon="98.692400">
				<ele>709.857544</ele>
				<time>2016-02-07T05:03:25Z</time>
			</trkpt>
			<trkpt lat="19.176791" lon="98.692390">
				<ele>709.761597</ele>
				<time>2016-02-07T05:03:26Z</time>
			</trkpt>
			<trkpt lat="19.176635" lon="98.692459">
				<ele>708.956543</ele>
				<time>2016-02-07T05:03:27Z</time>
			</trkpt>
			<trkpt lat="19.176465" lon="98.692496">
				<ele>709.812256</ele>
				<time>2016-02-07T05:03:28Z</time>
			</trkpt>
			<trkpt lat="19.176327" lon="98.692580">
				<ele>711.468750</ele>
				<time>2016-02-07T05:03:29Z</time>
			</trkpt>
			<trkpt lat="19.176159" lon="98.692606">
				<ele>712.229004</ele>
				<time>2016-02-07T05:03:30Z</time>
			</trkpt>
			<trkpt lat="19.176006" lon="98.692619">
				<ele>712.990967</ele>
				<time>2016-02-07T05:03:31Z</time>
			</trkpt>
			<trkpt lat="19.175842" lon="98.692638">
				<ele>713.553589</ele>
				<time>2016-02-07T05:03:32Z</time>
			</trkpt>
			<trkpt lat="19.175694" lon="98.692659">
				<ele>712.122437</ele>
				<time>2016-02-07T05:03:33Z</time>
			</trkpt>
			<trkpt lat="19.175547" lon="98.692685">
				<ele>711.850830</ele>
				<time>2016-02-07T05:03:34Z</time>
			</trkpt>
			<trkpt lat="19.175422" lon="98.692653">
				<ele>710.412842</ele>
				<time>2016-02-07T05:03:35Z</time>
			</trkpt>
			<trkpt lat="19.175290" lon="98.692589">
				<ele>713.012695</ele>
				<time>2016-02-07T05:03:36Z</time>
			</trkpt>
			<trkpt lat="19.175173" lon="98.692582">
				<ele>711.746704</ele>
				<time>2016-02-07T05:03:37Z</time>
			</trkpt>
			<trkpt lat="19.175044" lon="98.692449">
				<ele>711.910400</ele>
				<time>2016-02-07T05:03:38Z</time>
			</trkpt>
			<trkpt lat="19.174924" lon="98.692238">
				<ele>713.811523</ele>
				<time>2016-02-07T05:03:39Z</time>
			</trkpt>
			<trkpt lat="19.174807" lon="98.692074">
				<ele>715.329102</ele>
				<time>2016-02-07T05:03:40Z</time>
			</trkpt>
			<trkpt lat="19.174655" lon="98.692046">
				<ele>715.609375</ele>
				<time>2016-02-07T05:03:41Z</time>
			</trkpt>
			<trkpt lat="19.174512" lon="98.692021">
				<ele>715.659180</ele>
				<time>2016-02-07T05:03:42Z</time>
			</trkpt>
			<trkpt lat="19.174340" lon="98.692016">
				<ele>715.807373</ele>
				<time>2016-02-07T05:03:43Z</time>
			</trkpt>
			<trkpt lat="19.174172" lon="98.692040">
				<ele>717.553101</ele>
				<time>2016-02-07T05:03:44Z</time>
			</trkpt>
			<trkpt lat="19.174012" lon="98.692090">
				<ele>717.332764</ele>
				<time>2016-02-07T05:03:45Z</time>
			</trkpt>
			<trkpt lat="19.173842" lon="98.692090">
				<ele>717.544800</ele>
				<time>2016-02-07T05:03:46Z</time>
			</trkpt>
			<trkpt lat="19.173679" lon="98.692104">
				<ele>717.414551</ele>
				<time>2016-02-07T05:03:47Z</time>
			</trkpt>
			<trkpt lat="19.173489" lon="98.692041">
				<ele>718.214355</ele>
				<time>2016-02-07T05:03:48Z</time>
			</trkpt>
			<trkpt lat="19.173294" lon="98.691992">
				<ele>716.454834</ele>
				<time>2016-02-07T05:03:49Z</time>
			</trkpt>
			<trkpt lat="19.173107" lon="98.691910">
				<ele>719.051758</ele>
				<time>2016-02-07T05:03:50Z</time>
			</trkpt>
			<trkpt lat="19.172919" lon="98.691840">
				<ele>720.384766</ele>
				<time>2016-02-07T05:03:51Z</time>
			</trkpt>
			<trkpt lat="19.172751" lon="98.691782">
				<ele>721.307129</ele>
				<time>2016-02-07T05:03:52Z</time>
			</trkpt>
			<trkpt lat="19.172593" lon="98.691748">
				<ele>720.953125</ele>
				<time>2016-02-07T05:03:53Z</time>
			</trkpt>
			<trkpt lat="19.172443" lon="98.691709">
				<ele>720.911133</ele>
				<time>2016-02-07T05:03:54Z</time>
			</trkpt>
			<trkpt lat="19.172294" lon="98.691652">
				<ele>720.357178</ele>
				<time>2016-02-07T05:03:55Z</time>
			</trkpt>
			<trkpt lat="19.172162" lon="98.691589">
				<ele>720.763428</ele>
				<time>2016-02-07T05:03:56Z</time>
			</trkpt>
			<trkpt lat="19.172054" lon="98.691510">
				<ele>721.136719</ele>
				<time>2016-02-07T05:03:57Z</time>
			</trkpt>
			<trkpt lat="19.171945" lon="98.691445">
				<ele>720.379150</ele>
				<time>2016-02-07T05:03:58Z</time>
			</trkpt>
			<trkpt lat="19.171832" lon="98.691406">
				<ele>720.248169</ele>
				<time>2016-02-07T05:03:59Z</time>
			</trkpt>
			<trkpt lat="19.171721" lon="98.691408">
				<ele>722.091064</ele>
				<time>2016-02-07T05:04:00Z</time>
			</trkpt>
			<trkpt lat="19.171607" lon="98.691418">
				<ele>723.072021</ele>
				<time>2016-02-07T05:04:01Z</time>
			</trkpt>
			<trkpt lat="19.171499" lon="98.691497">
				<ele>723.100098</ele>
				<time>2016-02-07T05:04:02Z</time>
			</trkpt>
			<trkpt lat="19.171380" lon="98.691554">
				<ele>724.515869</ele>
				<time>2016-02-07T05:04:03Z</time>
			</trkpt>
			<trkpt lat="19.171261" lon="98.691604">
				<ele>724.816406</ele>
				<time>2016-02-07T05:04:04Z</time>
			</trkpt>
			<trkpt lat="19.171163" lon="98.691538">
				<ele>724.577271</ele>
				<time>2016-02-07T05:04:05Z</time>
			</trkpt>
			<trkpt lat="19.171061" lon="98.691536">
				<ele>722.321777</ele>
				<time>2016-02-07T05:04:06Z</time>
			</trkpt>
			<trkpt lat="19.170977" lon="98.691535">
				<ele>721.036865</ele>
				<time>2016-02-07T05:04:07Z</time>
			</trkpt>
			<trkpt lat="19.170918" lon="98.691397">
				<ele>720.753906</ele>
				<time>2016-02-07T05:04:08Z</time>
			</trkpt>
			<trkpt lat="19.170846" lon="98.691323">
				<ele>722.507568</ele>
				<time>2016-02-07T05:04:09Z</time>
			</trkpt>
			<trkpt lat="19.170763" lon="98.691272">
				<ele>722.618652</ele>
				<time>2016-02-07T05:04:10Z</time>
			</trkpt>
			<trkpt lat="19.170673" lon="98.691232">
				<ele>722.752197</ele>
				<time>2016-02-07T05:04:11Z</time>
			</trkpt>
			<trkpt lat="19.170554" lon="98.691207">
				<ele>724.389893</ele>
				<time>2016-02-07T05:04:12Z</time>
			</trkpt>
			<trkpt lat="19.170443" lon="98.691198">
				<ele>725.319336</ele>
				<time>2016-02-07T05:04:13Z</time>
			</trkpt>
			<trkpt lat="19.170313" lon="98.691214">
				<ele>726.066528</ele>
				<time>2016-02-07T05:04:14Z</time>
			</trkpt>
			<trkpt lat="19.170175" lon="98.691226">
				<ele>725.822021</ele>
				<time>2016-02-07T05:04:15Z</time>
			</trkpt>
			<trkpt lat="19.169990" lon="98.691234">
				<ele>726.786743</ele>
				<time>2016-02-07T05:04:16Z</time>
			</trkpt>
			<trkpt lat="19.169809" lon="98.691239">
				<ele>725.504150</ele>
				<time>2016-02-07T05:04:17Z</time>
			</trkpt>
			<trkpt lat="19.169609" lon="98.691253">
				<ele>725.518188</ele>
				<time>2016-02-07T05:04:18Z</time>
			</trkpt>
			<trkpt lat="19.169401" lon="98.691272">
				<ele>725.786255</ele>
				<time>2016-02-07T05:04:19Z</time>
			</trkpt>
			<trkpt lat="19.169182" lon="98.691291">
				<ele>725.599365</ele>
				<time>2016-02-07T05:04:20Z</time>
			</trkpt>
			<trkpt lat="19.168982" lon="98.691319">
				<ele>725.942871</ele>
				<time>2016-02-07T05:04:21Z</time>
			</trkpt>
			<trkpt lat="19.168787" lon="98.691344">
				<ele>725.823975</ele>
				<time>2016-02-07T05:04:22Z</time>
			</trkpt>
			<trkpt lat="19.168590" lon="98.691367">
				<ele>726.180298</ele>
				<time>2016-02-07T05:04:23Z</time>
			</trkpt>
			<trkpt lat="19.168401" lon="98.691402">
				<ele>725.888428</ele>
				<time>2016-02-07T05:04:24Z</time>
			</trkpt>
			<trkpt lat="19.168222" lon="98.691446">
				<ele>723.859131</ele>
				<time>2016-02-07T05:04:25Z</time>
			</trkpt>
			<trkpt lat="19.168033" lon="98.691468">
				<ele>724.543945</ele>
				<time>2016-02-07T05:04:26Z</time>
			</trkpt>
			<trkpt lat="19.167842" lon="98.691492">
				<ele>723.997559</ele>
				<time>2016-02-07T05:04:27Z</time>
			</trkpt>
			<trkpt lat="19.167659" lon="98.691398">
				<ele>721.977539</ele>
				<time>2016-02-07T05:04:28Z</time>
			</trkpt>
			<trkpt lat="19.167462" lon="98.691369">
				<ele>723.795044</ele>
				<time>2016-02-07T05:04:29Z</time>
			</trkpt>
			<trkpt lat="19.167252" lon="98.691352">
				<ele>724.766602</ele>
				<time>2016-02-07T05:04:30Z</time>
			</trkpt>
			<trkpt lat="19.167078" lon="98.691349">
				<ele>725.339844</ele>
				<time>2016-02-07T05:04:31Z</time>
			</trkpt>
			<trkpt lat="19.166883" lon="98.691329">
				<ele>725.348145</ele>
				<time>2016-02-07T05:04:32Z</time>
			</trkpt>
			<trkpt lat="19.166716" lon="98.691314">
				<ele>725.013672</ele>
				<time>2016-02-07T05:04:33Z</time>
			</trkpt>
			<trkpt lat="19.166544" lon="98.691285">
				<ele>725.357178</ele>
				<time>2016-02-07T05:04:34Z</time>
			</trkpt>
			<trkpt lat="19.166380" lon="98.691259">
				<ele>726.406250</ele>
				<time>2016-02-07T05:04:35Z</time>
			</trkpt>
			<trkpt lat="19.166216" lon="98.691231">
				<ele>725.351074</ele>
				<time>2016-02-07T05:04:36Z</time>
			</trkpt>
			<trkpt lat="19.166061" lon="98.691163">
				<ele>726.684448</ele>
				<time>2016-02-07T05:04:37Z</time>
			</trkpt>
			<trkpt lat="19.165913" lon="98.691106">
				<ele>726.875244</ele>
				<time>2016-02-07T05:04:38Z</time>
			</trkpt>
			<trkpt lat="19.165795" lon="98.691004">
				<ele>726.497070</ele>
				<time>2016-02-07T05:04:39Z</time>
			</trkpt>
			<trkpt lat="19.165672" lon="98.690885">
				<ele>726.804565</ele>
				<time>2016-02-07T05:04:40Z</time>
			</trkpt>
			<trkpt lat="19.165527" lon="98.690812">
				<ele>728.655762</ele>
				<time>2016-02-07T05:04:41Z</time>
			</trkpt>
			<trkpt lat="19.165386" lon="98.690734">
				<ele>727.385986</ele>
				<time>2016-02-07T05:04:42Z</time>
			</trkpt>
			<trkpt lat="19.165227" lon="98.690651">
				<ele>729.769531</ele>
				<time>2016-02-07T05:04:43Z</time>
			</trkpt>
			<trkpt lat="19.165057" lon="98.690632">
				<ele>728.732178</ele>
				<time>2016-02-07T05:04:44Z</time>
			</trkpt>
			<trkpt lat="19.164883" lon="98.690604">
				<ele>728.660645</ele>
				<time>2016-02-07T05:04:45Z</time>
			</trkpt>
			<trkpt lat="19.164712" lon="98.690584">
				<ele>729.530151</ele>
				<time>2016-02-07T05:04:46Z</time>
			</trkpt>
			<trkpt lat="19.164534" lon="98.690586">
				<ele>728.575073</ele>
				<time>2016-02-07T05:04:47Z</time>
			</trkpt>
			<trkpt lat="19.164358" lon="98.690586">
				<ele>731.056396</ele>
				<time>2016-02-07T05:04:48Z</time>
			</trkpt>
			<trkpt lat="19.164187" lon="98.690581">
				<ele>731.191650</ele>
				<time>2016-02-07T05:04:49Z</time>
			</trkpt>
			<trkpt lat="19.163998" lon="98.690555">
				<ele>731.615234</ele>
				<time>2016-02-07T05:04:50Z</time>
			</trkpt>
			<trkpt lat="19.163814" lon="98.690496">
				<ele>731.731934</ele>
				<time>2016-02-07T05:04:51Z</time>
			</trkpt>
			<trkpt lat="19.163644" lon="98.690466">
				<ele>733.042236</ele>
				<time>2016-02-07T05:04:52Z</time>
			</trkpt>
			<trkpt lat="19.163490" lon="98.690429">
				<ele>735.370239</ele>
				<time>2016-02-07T05:04:53Z</time>
			</trkpt>
			<trkpt lat="19.163324" lon="98.690402">
				<ele>735.476929</ele>
				<time>2016-02-07T05:04:54Z</time>
			</trkpt>
			<trkpt lat="19.163155" lon="98.690379">
				<ele>736.806763</ele>
				<time>2016-02-07T05:04:55Z</time>
			</trkpt>
			<trkpt lat="19.162984" lon="98.690366">
				<ele>737.378418</ele>
				<time>2016-02-07T05:04:56Z</time>
			</trkpt>
			<trkpt lat="19.162821" lon="98.690369">
				<ele>738.400635</ele>
				<time>2016-02-07T05:04:57Z</time>
			</trkpt>
			<trkpt lat="19.162652" lon="98.690377">
				<ele>738.142090</ele>
				<time>2016-02-07T05:04:58Z</time>
			</trkpt>
			<trkpt lat="19.162467" lon="98.690381">
				<ele>740.591553</ele>
				<time>2016-02-07T05:04:59Z</time>
			</trkpt>
			<trkpt lat="19.162283" lon="98.690388">
				<ele>741.611328</ele>
				<time>2016-02-07T05:05:00Z</time>
			</trkpt>
			<trkpt lat="19.162103" lon="98.690389">
				<ele>741.274170</ele>
				<time>2016-02-07T05:05:01Z</time>
			</trkpt>
			<trkpt lat="19.161936" lon="98.690380">
				<ele>740.289185</ele>
				<time>2016-02-07T05:05:02Z</time>
			</trkpt>
			<trkpt lat="19.161771" lon="98.690369">
				<ele>741.277344</ele>
				<time>2016-02-07T05:05:03Z</time>
			</trkpt>
			<trkpt lat="19.161615" lon="98.690368">
				<ele>741.399292</ele>
				<time>2016-02-07T05:05:04Z</time>
			</trkpt>
			<trkpt lat="19.161465" lon="98.690384">
				<ele>742.173340</ele>
				<time>2016-02-07T05:05:05Z</time>
			</trkpt>
			<trkpt lat="19.161332" lon="98.690412">
				<ele>741.413330</ele>
				<time>2016-02-07T05:05:06Z</time>
			</trkpt>
			<trkpt lat="19.161180" lon="98.690448">
				<ele>742.458984</ele>
				<time>2016-02-07T05:05:07Z</time>
			</trkpt>
			<trkpt lat="19.161046" lon="98.690479">
				<ele>742.793945</ele>
				<time>2016-02-07T05:05:08Z</time>
			</trkpt>
			<trkpt lat="19.160909" lon="98.690542">
				<ele>742.585815</ele>
				<time>2016-02-07T05:05:09Z</time>
			</trkpt>
			<trkpt lat="19.160758" lon="98.690628">
				<ele>741.165649</ele>
				<time>2016-02-07T05:05:10Z</time>
			</trkpt>
			<trkpt lat="19.160590" lon="98.690693">
				<ele>741.380127</ele>
				<time>2016-02-07T05:05:11Z</time>
			</trkpt>
			<trkpt lat="19.160413" lon="98.690751">
				<ele>741.057617</ele>
				<time>2016-02-07T05:05:12Z</time>
			</trkpt>
			<trkpt lat="19.160236" lon="98.690802">
				<ele>741.048950</ele>
				<time>2016-02-07T05:05:13Z</time>
			</trkpt>
			<trkpt lat="19.160072" lon="98.690856">
				<ele>741.042236</ele>
				<time>2016-02-07T05:05:14Z</time>
			</trkpt>
			<trkpt lat="19.159893" lon="98.690919">
				<ele>742.278687</ele>
				<time>2016-02-07T05:05:15Z</time>
			</trkpt>
			<trkpt lat="19.159735" lon="98.690996">
				<ele>742.226074</ele>
				<time>2016-02-07T05:05:16Z</time>
			</trkpt>
			<trkpt lat="19.159566" lon="98.691078">
				<ele>742.261719</ele>
				<time>2016-02-07T05:05:17Z</time>
			</trkpt>
			<trkpt lat="19.159417" lon="98.691154">
				<ele>740.921753</ele>
				<time>2016-02-07T05:05:18Z</time>
			</trkpt>
			<trkpt lat="19.159243" lon="98.691245">
				<ele>741.156738</ele>
				<time>2016-02-07T05:05:19Z</time>
			</trkpt>
			<trkpt lat="19.159099" lon="98.691345">
				<ele>743.086792</ele>
				<time>2016-02-07T05:05:20Z</time>
			</trkpt>
			<trkpt lat="19.158927" lon="98.691434">
				<ele>743.283447</ele>
				<time>2016-02-07T05:05:21Z</time>
			</trkpt>
			<trkpt lat="19.158770" lon="98.691495">
				<ele>741.544189</ele>
				<time>2016-02-07T05:05:22Z</time>
			</trkpt>
			<trkpt lat="19.158636" lon="98.691601">
				<ele>743.388672</ele>
				<time>2016-02-07T05:05:23Z</time>
			</trkpt>
			<trkpt lat="19.158504" lon="98.691691">
				<ele>741.660889</ele>
				<time>2016-02-07T05:05:24Z</time>
			</trkpt>
			<trkpt lat="19.158371" lon="98.691772">
				<ele>741.221191</ele>
				<time>2016-02-07T05:05:25Z</time>
			</trkpt>
			<trkpt lat="19.158233" lon="98.691857">
				<ele>741.371216</ele>
				<time>2016-02-07T05:05:26Z</time>
			</trkpt>
			<trkpt lat="19.158105" lon="98.691994">
				<ele>739.871582</ele>
				<time>2016-02-07T05:05:27Z</time>
			</trkpt>
			<trkpt lat="19.157948" lon="98.692069">
				<ele>741.104248</ele>
				<time>2016-02-07T05:05:28Z</time>
			</trkpt>
			<trkpt lat="19.157737" lon="98.692023">
				<ele>740.574707</ele>
				<time>2016-02-07T05:05:29Z</time>
			</trkpt>
			<trkpt lat="19.157554" lon="98.691989">
				<ele>741.433472</ele>
				<time>2016-02-07T05:05:30Z</time>
			</trkpt>
			<trkpt lat="19.157387" lon="98.691957">
				<ele>742.291992</ele>
				<time>2016-02-07T05:05:31Z</time>
			</trkpt>
			<trkpt lat="19.157244" lon="98.691990">
				<ele>743.083496</ele>
				<time>2016-02-07T05:05:32Z</time>
			</trkpt>
			<trkpt lat="19.157077" lon="98.692034">
				<ele>745.142822</ele>
				<time>2016-02-07T05:05:33Z</time>
			</trkpt>
			<trkpt lat="19.156932" lon="98.692080">
				<ele>744.953125</ele>
				<time>2016-02-07T05:05:34Z</time>
			</trkpt>
			<trkpt lat="19.156793" lon="98.692161">
				<ele>742.963867</ele>
				<time>2016-02-07T05:05:35Z</time>
			</trkpt>
			<trkpt lat="19.156682" lon="98.692203">
				<ele>744.102905</ele>
				<time>2016-02-07T05:05:36Z</time>
			</trkpt>
			<trkpt lat="19.156564" lon="98.692301">
				<ele>747.237305</ele>
				<time>2016-02-07T05:05:37Z</time>
			</trkpt>
			<trkpt lat="19.156471" lon="98.692397">
				<ele>749.755127</ele>
				<time>2016-02-07T05:05:38Z</time>
			</trkpt>
			<trkpt lat="19.156390" lon="98.692499">
				<ele>748.937622</ele>
				<time>2016-02-07T05:05:39Z</time>
			</trkpt>
			<trkpt lat="19.156303" lon="98.692607">
				<ele>749.009521</ele>
				<time>2016-02-07T05:05:40Z</time>
			</trkpt>
			<trkpt lat="19.156214" lon="98.692696">
				<ele>748.917236</ele>
				<time>2016-02-07T05:05:41Z</time>
			</trkpt>
			<trkpt lat="19.156104" lon="98.692786">
				<ele>747.420166</ele>
				<time>2016-02-07T05:05:42Z</time>
			</trkpt>
			<trkpt lat="19.155986" lon="98.692851">
				<ele>747.941284</ele>
				<time>2016-02-07T05:05:43Z</time>
			</trkpt>
			<trkpt lat="19.155841" lon="98.692842">
				<ele>747.582764</ele>
				<time>2016-02-07T05:05:44Z</time>
			</trkpt>
			<trkpt lat="19.155680" lon="98.692879">
				<ele>748.752930</ele>
				<time>2016-02-07T05:05:45Z</time>
			</trkpt>
			<trkpt lat="19.155548" lon="98.692891">
				<ele>749.153320</ele>
				<time>2016-02-07T05:05:46Z</time>
			</trkpt>
			<trkpt lat="19.155321" lon="98.692917">
				<ele>749.576904</ele>
				<time>2016-02-07T05:05:47Z</time>
			</trkpt>
			<trkpt lat="19.155139" lon="98.692964">
				<ele>749.816406</ele>
				<time>2016-02-07T05:05:48Z</time>
			</trkpt>
			<trkpt lat="19.154974" lon="98.693005">
				<ele>749.944092</ele>
				<time>2016-02-07T05:05:49Z</time>
			</trkpt>
			<trkpt lat="19.154847" lon="98.693060">
				<ele>750.621826</ele>
				<time>2016-02-07T05:05:50Z</time>
			</trkpt>
			<trkpt lat="19.154733" lon="98.693102">
				<ele>751.430298</ele>
				<time>2016-02-07T05:05:51Z</time>
			</trkpt>
			<trkpt lat="19.154642" lon="98.693110">
				<ele>750.797241</ele>
				<time>2016-02-07T05:05:52Z</time>
			</trkpt>
			<trkpt lat="19.154562" lon="98.693094">
				<ele>750.609863</ele>
				<time>2016-02-07T05:05:53Z</time>
			</trkpt>
			<trkpt lat="19.154500" lon="98.693017">
				<ele>752.159180</ele>
				<time>2016-02-07T05:05:54Z</time>
			</trkpt>
			<trkpt lat="19.154443" lon="98.692942">
				<ele>752.068359</ele>
				<time>2016-02-07T05:05:55Z</time>
			</trkpt>
			<trkpt lat="19.154400" lon="98.692852">
				<ele>751.946777</ele>
				<time>2016-02-07T05:05:56Z</time>
			</trkpt>
			<trkpt lat="19.154381" lon="98.692745">
				<ele>751.674316</ele>
				<time>2016-02-07T05:05:57Z</time>
			</trkpt>
			<trkpt lat="19.154325" lon="98.692663">
				<ele>753.059692</ele>
				<time>2016-02-07T05:05:58Z</time>
			</trkpt>
			<trkpt lat="19.154243" lon="98.692583">
				<ele>753.864136</ele>
				<time>2016-02-07T05:05:59Z</time>
			</trkpt>
			<trkpt lat="19.154155" lon="98.692597">
				<ele>754.069824</ele>
				<time>2016-02-07T05:06:00Z</time>
			</trkpt>
			<trkpt lat="19.154068" lon="98.692629">
				<ele>754.093506</ele>
				<time>2016-02-07T05:06:01Z</time>
			</trkpt>
			<trkpt lat="19.153940" lon="98.692680">
				<ele>754.692627</ele>
				<time>2016-02-07T05:06:02Z</time>
			</trkpt>
			<trkpt lat="19.153794" lon="98.692704">
				<ele>755.318848</ele>
				<time>2016-02-07T05:06:03Z</time>
			</trkpt>
			<trkpt lat="19.153624" lon="98.692722">
				<ele>755.316895</ele>
				<time>2016-02-07T05:06:04Z</time>
			</trkpt>
			<trkpt lat="19.153463" lon="98.692734">
				<ele>755.869751</ele>
				<time>2016-02-07T05:06:05Z</time>
			</trkpt>
			<trkpt lat="19.153276" lon="98.692724">
				<ele>756.963135</ele>
				<time>2016-02-07T05:06:06Z</time>
			</trkpt>
			<trkpt lat="19.153106" lon="98.692714">
				<ele>755.078003</ele>
				<time>2016-02-07T05:06:07Z</time>
			</trkpt>
			<trkpt lat="19.152931" lon="98.692720">
				<ele>754.518555</ele>
				<time>2016-02-07T05:06:08Z</time>
			</trkpt>
			<trkpt lat="19.152773" lon="98.692728">
				<ele>754.024902</ele>
				<time>2016-02-07T05:06:09Z</time>
			</trkpt>
			<trkpt lat="19.152636" lon="98.692764">
				<ele>752.759766</ele>
				<time>2016-02-07T05:06:10Z</time>
			</trkpt>
			<trkpt lat="19.152509" lon="98.692830">
				<ele>750.328857</ele>
				<time>2016-02-07T05:06:11Z</time>
			</trkpt>
			<trkpt lat="19.152393" lon="98.692858">
				<ele>752.182129</ele>
				<time>2016-02-07T05:06:12Z</time>
			</trkpt>
			<trkpt lat="19.152329" lon="98.692992">
				<ele>752.401855</ele>
				<time>2016-02-07T05:06:13Z</time>
			</trkpt>
			<trkpt lat="19.152325" lon="98.693182">
				<ele>753.162354</ele>
				<time>2016-02-07T05:06:14Z</time>
			</trkpt>
			<trkpt lat="19.152290" lon="98.693328">
				<ele>751.949951</ele>
				<time>2016-02-07T05:06:15Z</time>
			</trkpt>
			<trkpt lat="19.152265" lon="98.693496">
				<ele>753.362061</ele>
				<time>2016-02-07T05:06:16Z</time>
			</trkpt>
			<trkpt lat="19.152191" lon="98.693658">
				<ele>753.915039</ele>
				<time>2016-02-07T05:06:17Z</time>
			</trkpt>
			<trkpt lat="19.152125" lon="98.693824">
				<ele>753.387451</ele>
				<time>2016-02-07T05:06:18Z</time>
			</trkpt>
			<trkpt lat="19.152005" lon="98.693898">
				<ele>751.500854</ele>
				<time>2016-02-07T05:06:19Z</time>
			</trkpt>
			<trkpt lat="19.151880" lon="98.694018">
				<ele>751.202148</ele>
				<time>2016-02-07T05:06:20Z</time>
			</trkpt>
			<trkpt lat="19.151716" lon="98.694102">
				<ele>751.392578</ele>
				<time>2016-02-07T05:06:21Z</time>
			</trkpt>
			<trkpt lat="19.151556" lon="98.694166">
				<ele>749.155396</ele>
				<time>2016-02-07T05:06:22Z</time>
			</trkpt>
			<trkpt lat="19.151359" lon="98.694235">
				<ele>750.112549</ele>
				<time>2016-02-07T05:06:23Z</time>
			</trkpt>
			<trkpt lat="19.151177" lon="98.694322">
				<ele>748.421631</ele>
				<time>2016-02-07T05:06:24Z</time>
			</trkpt>
			<trkpt lat="19.151006" lon="98.694409">
				<ele>747.401978</ele>
				<time>2016-02-07T05:06:25Z</time>
			</trkpt>
			<trkpt lat="19.150823" lon="98.694496">
				<ele>747.068604</ele>
				<time>2016-02-07T05:06:26Z</time>
			</trkpt>
			<trkpt lat="19.150640" lon="98.694586">
				<ele>746.350586</ele>
				<time>2016-02-07T05:06:27Z</time>
			</trkpt>
			<trkpt lat="19.150458" lon="98.694668">
				<ele>746.842163</ele>
				<time>2016-02-07T05:06:28Z</time>
			</trkpt>
			<trkpt lat="19.150275" lon="98.694786">
				<ele>746.017334</ele>
				<time>2016-02-07T05:06:29Z</time>
			</trkpt>
			<trkpt lat="19.150084" lon="98.694891">
				<ele>746.349609</ele>
				<time>2016-02-07T05:06:30Z</time>
			</trkpt>
			<trkpt lat="19.149904" lon="98.694987">
				<ele>746.954834</ele>
				<time>2016-02-07T05:06:31Z</time>
			</trkpt>
			<trkpt lat="19.149734" lon="98.695093">
				<ele>746.361084</ele>
				<time>2016-02-07T05:06:32Z</time>
			</trkpt>
			<trkpt lat="19.149548" lon="98.695190">
				<ele>745.956299</ele>
				<time>2016-02-07T05:06:33Z</time>
			</trkpt>
			<trkpt lat="19.149348" lon="98.695265">
				<ele>746.727051</ele>
				<time>2016-02-07T05:06:34Z</time>
			</trkpt>
			<trkpt lat="19.149134" lon="98.695344">
				<ele>747.661133</ele>
				<time>2016-02-07T05:06:35Z</time>
			</trkpt>
			<trkpt lat="19.148916" lon="98.695460">
				<ele>748.751465</ele>
				<time>2016-02-07T05:06:36Z</time>
			</trkpt>
			<trkpt lat="19.148696" lon="98.695455">
				<ele>750.536255</ele>
				<time>2016-02-07T05:06:37Z</time>
			</trkpt>
			<trkpt lat="19.148477" lon="98.695482">
				<ele>750.915771</ele>
				<time>2016-02-07T05:06:38Z</time>
			</trkpt>
			<trkpt lat="19.148260" lon="98.695472">
				<ele>751.807373</ele>
				<time>2016-02-07T05:06:39Z</time>
			</trkpt>
			<trkpt lat="19.148043" lon="98.695466">
				<ele>750.951172</ele>
				<time>2016-02-07T05:06:40Z</time>
			</trkpt>
			<trkpt lat="19.147837" lon="98.695437">
				<ele>749.066528</ele>
				<time>2016-02-07T05:06:41Z</time>
			</trkpt>
			<trkpt lat="19.147627" lon="98.695360">
				<ele>751.642578</ele>
				<time>2016-02-07T05:06:42Z</time>
			</trkpt>
			<trkpt lat="19.147421" lon="98.695286">
				<ele>754.328857</ele>
				<time>2016-02-07T05:06:43Z</time>
			</trkpt>
			<trkpt lat="19.147207" lon="98.695226">
				<ele>755.799927</ele>
				<time>2016-02-07T05:06:44Z</time>
			</trkpt>
			<trkpt lat="19.146995" lon="98.695180">
				<ele>756.436035</ele>
				<time>2016-02-07T05:06:45Z</time>
			</trkpt>
			<trkpt lat="19.146785" lon="98.695125">
				<ele>758.013428</ele>
				<time>2016-02-07T05:06:46Z</time>
			</trkpt>
			<trkpt lat="19.146597" lon="98.695082">
				<ele>759.078857</ele>
				<time>2016-02-07T05:06:47Z</time>
			</trkpt>
			<trkpt lat="19.146404" lon="98.695048">
				<ele>758.331543</ele>
				<time>2016-02-07T05:06:48Z</time>
			</trkpt>
			<trkpt lat="19.146244" lon="98.695191">
				<ele>758.776123</ele>
				<time>2016-02-07T05:06:49Z</time>
			</trkpt>
			<trkpt lat="19.146034" lon="98.695224">
				<ele>757.682373</ele>
				<time>2016-02-07T05:06:50Z</time>
			</trkpt>
			<trkpt lat="19.145884" lon="98.695257">
				<ele>758.797363</ele>
				<time>2016-02-07T05:06:51Z</time>
			</trkpt>
			<trkpt lat="19.145757" lon="98.695317">
				<ele>759.114990</ele>
				<time>2016-02-07T05:06:52Z</time>
			</trkpt>
			<trkpt lat="19.145648" lon="98.695388">
				<ele>759.313232</ele>
				<time>2016-02-07T05:06:53Z</time>
			</trkpt>
			<trkpt lat="19.145527" lon="98.695453">
				<ele>760.533447</ele>
				<time>2016-02-07T05:06:54Z</time>
			</trkpt>
			<trkpt lat="19.145443" lon="98.695570">
				<ele>760.326538</ele>
				<time>2016-02-07T05:06:55Z</time>
			</trkpt>
			<trkpt lat="19.145400" lon="98.695696">
				<ele>759.915283</ele>
				<time>2016-02-07T05:06:56Z</time>
			</trkpt>
			<trkpt lat="19.145421" lon="98.695837">
				<ele>758.260498</ele>
				<time>2016-02-07T05:06:57Z</time>
			</trkpt>
			<trkpt lat="19.145357" lon="98.696003">
				<ele>758.020386</ele>
				<time>2016-02-07T05:06:58Z</time>
			</trkpt>
			<trkpt lat="19.145280" lon="98.696237">
				<ele>757.939209</ele>
				<time>2016-02-07T05:06:59Z</time>
			</trkpt>
			<trkpt lat="19.145169" lon="98.696420">
				<ele>759.137451</ele>
				<time>2016-02-07T05:07:00Z</time>
			</trkpt>
			<trkpt lat="19.145068" lon="98.696614">
				<ele>759.733398</ele>
				<time>2016-02-07T05:07:01Z</time>
			</trkpt>
			<trkpt lat="19.144924" lon="98.696771">
				<ele>757.476074</ele>
				<time>2016-02-07T05:07:02Z</time>
			</trkpt>
			<trkpt lat="19.144784" lon="98.696940">
				<ele>759.498291</ele>
				<time>2016-02-07T05:07:03Z</time>
			</trkpt>
			<trkpt lat="19.144641" lon="98.697101">
				<ele>759.827637</ele>
				<time>2016-02-07T05:07:04Z</time>
			</trkpt>
			<trkpt lat="19.144503" lon="98.697293">
				<ele>760.739990</ele>
				<time>2016-02-07T05:07:05Z</time>
			</trkpt>
			<trkpt lat="19.144341" lon="98.697441">
				<ele>760.775635</ele>
				<time>2016-02-07T05:07:06Z</time>
			</trkpt>
			<trkpt lat="19.144201" lon="98.697509">
				<ele>759.051758</ele>
				<time>2016-02-07T05:07:07Z</time>
			</trkpt>
			<trkpt lat="19.144084" lon="98.697571">
				<ele>758.842529</ele>
				<time>2016-02-07T05:07:08Z</time>
			</trkpt>
			<trkpt lat="19.143968" lon="98.697677">
				<ele>759.539429</ele>
				<time>2016-02-07T05:07:09Z</time>
			</trkpt>
			<trkpt lat="19.143851" lon="98.697785">
				<ele>763.185913</ele>
				<time>2016-02-07T05:07:10Z</time>
			</trkpt>
			<trkpt lat="19.143759" lon="98.697896">
				<ele>764.505859</ele>
				<time>2016-02-07T05:07:11Z</time>
			</trkpt>
			<trkpt lat="19.143662" lon="98.698019">
				<ele>765.019409</ele>
				<time>2016-02-07T05:07:11Z</time>
			</trkpt>
			<trkpt lat="19.143544" lon="98.698055">
				<ele>766.420410</ele>
				<time>2016-02-07T05:07:12Z</time>
			</trkpt>
			<trkpt lat="19.143412" lon="98.698094">
				<ele>766.489258</ele>
				<time>2016-02-07T05:07:13Z</time>
			</trkpt>
			<trkpt lat="19.143299" lon="98.698153">
				<ele>765.551758</ele>
				<time>2016-02-07T05:07:14Z</time>
			</trkpt>
			<trkpt lat="19.143172" lon="98.698095">
				<ele>766.962524</ele>
				<time>2016-02-07T05:07:15Z</time>
			</trkpt>
			<trkpt lat="19.143063" lon="98.697964">
				<ele>767.192139</ele>
				<time>2016-02-07T05:07:16Z</time>
			</trkpt>
			<trkpt lat="19.142926" lon="98.697904">
				<ele>768.310547</ele>
				<time>2016-02-07T05:07:17Z</time>
			</trkpt>
			<trkpt lat="19.142808" lon="98.697863">
				<ele>769.335938</ele>
				<time>2016-02-07T05:07:18Z</time>
			</trkpt>
			<trkpt lat="19.142702" lon="98.697854">
				<ele>769.503174</ele>
				<time>2016-02-07T05:07:19Z</time>
			</trkpt>
			<trkpt lat="19.142578" lon="98.697837">
				<ele>770.682373</ele>
				<time>2016-02-07T05:07:20Z</time>
			</trkpt>
			<trkpt lat="19.142392" lon="98.698041">
				<ele>773.514282</ele>
				<time>2016-02-07T05:07:21Z</time>
			</trkpt>
			<trkpt lat="19.142227" lon="98.698125">
				<ele>774.613281</ele>
				<time>2016-02-07T05:07:22Z</time>
			</trkpt>
			<trkpt lat="19.142058" lon="98.698232">
				<ele>774.742676</ele>
				<time>2016-02-07T05:07:23Z</time>
			</trkpt>
			<trkpt lat="19.141879" lon="98.698385">
				<ele>772.153320</ele>
				<time>2016-02-07T05:07:24Z</time>
			</trkpt>
			<trkpt lat="19.141695" lon="98.698491">
				<ele>774.076172</ele>
				<time>2016-02-07T05:07:25Z</time>
			</trkpt>
			<trkpt lat="19.141510" lon="98.698538">
				<ele>776.902344</ele>
				<time>2016-02-07T05:07:26Z</time>
			</trkpt>
			<trkpt lat="19.141320" lon="98.698596">
				<ele>779.722900</ele>
				<time>2016-02-07T05:07:27Z</time>
			</trkpt>
			<trkpt lat="19.141129" lon="98.698657">
				<ele>781.526855</ele>
				<time>2016-02-07T05:07:28Z</time>
			</trkpt>
			<trkpt lat="19.140929" lon="98.698688">
				<ele>783.500610</ele>
				<time>2016-02-07T05:07:29Z</time>
			</trkpt>
			<trkpt lat="19.140732" lon="98.698722">
				<ele>786.365723</ele>
				<time>2016-02-07T05:07:30Z</time>
			</trkpt>
			<trkpt lat="19.140506" lon="98.698768">
				<ele>788.450806</ele>
				<time>2016-02-07T05:07:31Z</time>
			</trkpt>
			<trkpt lat="19.140288" lon="98.698832">
				<ele>790.672363</ele>
				<time>2016-02-07T05:07:32Z</time>
			</trkpt>
			<trkpt lat="19.140044" lon="98.698762">
				<ele>794.007812</ele>
				<time>2016-02-07T05:07:33Z</time>
			</trkpt>
			<trkpt lat="19.139813" lon="98.698740">
				<ele>796.690674</ele>
				<time>2016-02-07T05:07:34Z</time>
			</trkpt>
			<trkpt lat="19.139579" lon="98.698718">
				<ele>798.918945</ele>
				<time>2016-02-07T05:07:35Z</time>
			</trkpt>
			<trkpt lat="19.139373" lon="98.698711">
				<ele>802.717041</ele>
				<time>2016-02-07T05:07:36Z</time>
			</trkpt>
			<trkpt lat="19.139172" lon="98.698708">
				<ele>806.313965</ele>
				<time>2016-02-07T05:07:37Z</time>
			</trkpt>
			<trkpt lat="19.138981" lon="98.698738">
				<ele>808.052734</ele>
				<time>2016-02-07T05:07:38Z</time>
			</trkpt>
			<trkpt lat="19.138785" lon="98.698790">
				<ele>808.252686</ele>
				<time>2016-02-07T05:07:39Z</time>
			</trkpt>
			<trkpt lat="19.138592" lon="98.698842">
				<ele>808.041138</ele>
				<time>2016-02-07T05:07:40Z</time>
			</trkpt>
			<trkpt lat="19.138429" lon="98.698947">
				<ele>809.209229</ele>
				<time>2016-02-07T05:07:41Z</time>
			</trkpt>
			<trkpt lat="19.138272" lon="98.699044">
				<ele>810.348755</ele>
				<time>2016-02-07T05:07:42Z</time>
			</trkpt>
			<trkpt lat="19.138120" lon="98.699144">
				<ele>811.396362</ele>
				<time>2016-02-07T05:07:43Z</time>
			</trkpt>
			<trkpt lat="19.137970" lon="98.699253">
				<ele>810.614746</ele>
				<time>2016-02-07T05:07:44Z</time>
			</trkpt>
			<trkpt lat="19.137836" lon="98.699429">
				<ele>811.288086</ele>
				<time>2016-02-07T05:07:45Z</time>
			</trkpt>
			<trkpt lat="19.137671" lon="98.699571">
				<ele>811.693604</ele>
				<time>2016-02-07T05:07:46Z</time>
			</trkpt>
			<trkpt lat="19.137487" lon="98.699715">
				<ele>811.476074</ele>
				<time>2016-02-07T05:07:47Z</time>
			</trkpt>
			<trkpt lat="19.137311" lon="98.699829">
				<ele>814.172119</ele>
				<time>2016-02-07T05:07:48Z</time>
			</trkpt>
			<trkpt lat="19.137136" lon="98.699942">
				<ele>815.143555</ele>
				<time>2016-02-07T05:07:49Z</time>
			</trkpt>
			<trkpt lat="19.136955" lon="98.700050">
				<ele>815.718262</ele>
				<time>2016-02-07T05:07:50Z</time>
			</trkpt>
			<trkpt lat="19.136793" lon="98.700142">
				<ele>816.363281</ele>
				<time>2016-02-07T05:07:51Z</time>
			</trkpt>
			<trkpt lat="19.136635" lon="98.700241">
				<ele>815.948242</ele>
				<time>2016-02-07T05:07:52Z</time>
			</trkpt>
			<trkpt lat="19.136476" lon="98.700351">
				<ele>816.922119</ele>
				<time>2016-02-07T05:07:53Z</time>
			</trkpt>
			<trkpt lat="19.136308" lon="98.700463">
				<ele>818.349854</ele>
				<time>2016-02-07T05:07:54Z</time>
			</trkpt>
			<trkpt lat="19.136167" lon="98.700604">
				<ele>820.069336</ele>
				<time>2016-02-07T05:07:55Z</time>
			</trkpt>
			<trkpt lat="19.136066" lon="98.700791">
				<ele>820.402588</ele>
				<time>2016-02-07T05:07:56Z</time>
			</trkpt>
			<trkpt lat="19.135958" lon="98.700983">
				<ele>819.140625</ele>
				<time>2016-02-07T05:07:57Z</time>
			</trkpt>
			<trkpt lat="19.135850" lon="98.701138">
				<ele>819.927734</ele>
				<time>2016-02-07T05:07:58Z</time>
			</trkpt>
			<trkpt lat="19.135723" lon="98.701291">
				<ele>819.262451</ele>
				<time>2016-02-07T05:07:59Z</time>
			</trkpt>
			<trkpt lat="19.135592" lon="98.701441">
				<ele>819.874756</ele>
				<time>2016-02-07T05:08:00Z</time>
			</trkpt>
			<trkpt lat="19.135428" lon="98.701584">
				<ele>820.512451</ele>
				<time>2016-02-07T05:08:01Z</time>
			</trkpt>
			<trkpt lat="19.135250" lon="98.701687">
				<ele>820.113281</ele>
				<time>2016-02-07T05:08:02Z</time>
			</trkpt>
			<trkpt lat="19.135078" lon="98.701822">
				<ele>820.279541</ele>
				<time>2016-02-07T05:08:03Z</time>
			</trkpt>
			<trkpt lat="19.134941" lon="98.701806">
				<ele>820.255615</ele>
				<time>2016-02-07T05:08:04Z</time>
			</trkpt>
			<trkpt lat="19.134818" lon="98.701880">
				<ele>821.550659</ele>
				<time>2016-02-07T05:08:05Z</time>
			</trkpt>
			<trkpt lat="19.134696" lon="98.701974">
				<ele>821.443115</ele>
				<time>2016-02-07T05:08:06Z</time>
			</trkpt>
			<trkpt lat="19.134587" lon="98.702109">
				<ele>821.440430</ele>
				<time>2016-02-07T05:08:07Z</time>
			</trkpt>
			<trkpt lat="19.134492" lon="98.702267">
				<ele>822.472290</ele>
				<time>2016-02-07T05:08:08Z</time>
			</trkpt>
			<trkpt lat="19.134380" lon="98.702383">
				<ele>826.690552</ele>
				<time>2016-02-07T05:08:09Z</time>
			</trkpt>
			<trkpt lat="19.134285" lon="98.702491">
				<ele>828.584229</ele>
				<time>2016-02-07T05:08:10Z</time>
			</trkpt>
			<trkpt lat="19.134205" lon="98.702614">
				<ele>830.358276</ele>
				<time>2016-02-07T05:08:11Z</time>
			</trkpt>
			<trkpt lat="19.134133" lon="98.702730">
				<ele>831.269043</ele>
				<time>2016-02-07T05:08:12Z</time>
			</trkpt>
			<trkpt lat="19.134079" lon="98.702818">
				<ele>833.152832</ele>
				<time>2016-02-07T05:08:13Z</time>
			</trkpt>
			<trkpt lat="19.134053" lon="98.702903">
				<ele>831.859863</ele>
				<time>2016-02-07T05:08:14Z</time>
			</trkpt>
			<trkpt lat="19.134112" lon="98.702942">
				<ele>831.642334</ele>
				<time>2016-02-07T05:08:15Z</time>
			</trkpt>
			<trkpt lat="19.134188" lon="98.703001">
				<ele>832.361206</ele>
				<time>2016-02-07T05:08:16Z</time>
			</trkpt>
			<trkpt lat="19.134288" lon="98.702995">
				<ele>833.811523</ele>
				<time>2016-02-07T05:08:17Z</time>
			</trkpt>
			<trkpt lat="19.134380" lon="98.702974">
				<ele>836.141602</ele>
				<time>2016-02-07T05:08:18Z</time>
			</trkpt>
			<trkpt lat="19.134497" lon="98.702984">
				<ele>836.155151</ele>
				<time>2016-02-07T05:08:19Z</time>
			</trkpt>
			<trkpt lat="19.134605" lon="98.702890">
				<ele>836.380981</ele>
				<time>2016-02-07T05:08:20Z</time>
			</trkpt>
			<trkpt lat="19.134744" lon="98.702868">
				<ele>837.780518</ele>
				<time>2016-02-07T05:08:21Z</time>
			</trkpt>
			<trkpt lat="19.134883" lon="98.702865">
				<ele>837.190430</ele>
				<time>2016-02-07T05:08:22Z</time>
			</trkpt>
			<trkpt lat="19.135039" lon="98.702832">
				<ele>837.124268</ele>
				<time>2016-02-07T05:08:23Z</time>
			</trkpt>
			<trkpt lat="19.135249" lon="98.702861">
				<ele>836.090576</ele>
				<time>2016-02-07T05:08:24Z</time>
			</trkpt>
			<trkpt lat="19.135388" lon="98.702850">
				<ele>836.801880</ele>
				<time>2016-02-07T05:08:25Z</time>
			</trkpt>
			<trkpt lat="19.135536" lon="98.702849">
				<ele>838.072021</ele>
				<time>2016-02-07T05:08:26Z</time>
			</trkpt>
			<trkpt lat="19.135658" lon="98.702876">
				<ele>839.851074</ele>
				<time>2016-02-07T05:08:27Z</time>
			</trkpt>
			<trkpt lat="19.135772" lon="98.702878">
				<ele>839.672607</ele>
				<time>2016-02-07T05:08:28Z</time>
			</trkpt>
			<trkpt lat="19.135772" lon="98.702986">
				<ele>842.433716</ele>
				<time>2016-02-07T05:08:29Z</time>
			</trkpt>
			<trkpt lat="19.135818" lon="98.703056">
				<ele>843.483276</ele>
				<time>2016-02-07T05:08:30Z</time>
			</trkpt>
			<trkpt lat="19.135860" lon="98.703119">
				<ele>844.071045</ele>
				<time>2016-02-07T05:08:31Z</time>
			</trkpt>
			<trkpt lat="19.135859" lon="98.703184">
				<ele>844.754395</ele>
				<time>2016-02-07T05:08:32Z</time>
			</trkpt>
			<trkpt lat="19.135863" lon="98.703237">
				<ele>846.062256</ele>
				<time>2016-02-07T05:08:33Z</time>
			</trkpt>
			<trkpt lat="19.135835" lon="98.703282">
				<ele>846.387695</ele>
				<time>2016-02-07T05:08:34Z</time>
			</trkpt>
			<trkpt lat="19.135718" lon="98.703349">
				<ele>847.218628</ele>
				<time>2016-02-07T05:08:35Z</time>
			</trkpt>
			<trkpt lat="19.135568" lon="98.703411">
				<ele>848.263794</ele>
				<time>2016-02-07T05:08:36Z</time>
			</trkpt>
			<trkpt lat="19.135397" lon="98.703470">
				<ele>848.549683</ele>
				<time>2016-02-07T05:08:37Z</time>
			</trkpt>
			<trkpt lat="19.135232" lon="98.703497">
				<ele>849.370117</ele>
				<time>2016-02-07T05:08:38Z</time>
			</trkpt>
			<trkpt lat="19.135083" lon="98.703583">
				<ele>849.436035</ele>
				<time>2016-02-07T05:08:39Z</time>
			</trkpt>
			<trkpt lat="19.134958" lon="98.703674">
				<ele>849.560425</ele>
				<time>2016-02-07T05:08:40Z</time>
			</trkpt>
			<trkpt lat="19.134850" lon="98.703766">
				<ele>850.311523</ele>
				<time>2016-02-07T05:08:41Z</time>
			</trkpt>
			<trkpt lat="19.134766" lon="98.703813">
				<ele>850.222168</ele>
				<time>2016-02-07T05:08:42Z</time>
			</trkpt>
			<trkpt lat="19.134708" lon="98.703926">
				<ele>850.984619</ele>
				<time>2016-02-07T05:08:43Z</time>
			</trkpt>
			<trkpt lat="19.134632" lon="98.704024">
				<ele>851.842529</ele>
				<time>2016-02-07T05:08:44Z</time>
			</trkpt>
			<trkpt lat="19.134543" lon="98.704109">
				<ele>853.801636</ele>
				<time>2016-02-07T05:08:45Z</time>
			</trkpt>
			<trkpt lat="19.134425" lon="98.704172">
				<ele>856.104370</ele>
				<time>2016-02-07T05:08:46Z</time>
			</trkpt>
			<trkpt lat="19.134254" lon="98.704218">
				<ele>858.169678</ele>
				<time>2016-02-07T05:08:47Z</time>
			</trkpt>
			<trkpt lat="19.134072" lon="98.704117">
				<ele>858.335205</ele>
				<time>2016-02-07T05:08:48Z</time>
			</trkpt>
			<trkpt lat="19.133933" lon="98.704094">
				<ele>859.102173</ele>
				<time>2016-02-07T05:08:49Z</time>
			</trkpt>
			<trkpt lat="19.133818" lon="98.704049">
				<ele>859.746094</ele>
				<time>2016-02-07T05:08:50Z</time>
			</trkpt>
			<trkpt lat="19.133690" lon="98.703975">
				<ele>859.728638</ele>
				<time>2016-02-07T05:08:51Z</time>
			</trkpt>
			<trkpt lat="19.133538" lon="98.703913">
				<ele>862.324707</ele>
				<time>2016-02-07T05:08:52Z</time>
			</trkpt>
			<trkpt lat="19.133368" lon="98.703877">
				<ele>864.468994</ele>
				<time>2016-02-07T05:08:53Z</time>
			</trkpt>
			<trkpt lat="19.133177" lon="98.703843">
				<ele>867.178223</ele>
				<time>2016-02-07T05:08:54Z</time>
			</trkpt>
			<trkpt lat="19.132973" lon="98.703840">
				<ele>870.054199</ele>
				<time>2016-02-07T05:08:55Z</time>
			</trkpt>
			<trkpt lat="19.132792" lon="98.703831">
				<ele>870.961182</ele>
				<time>2016-02-07T05:08:56Z</time>
			</trkpt>
			<trkpt lat="19.132620" lon="98.703813">
				<ele>871.283936</ele>
				<time>2016-02-07T05:08:57Z</time>
			</trkpt>
			<trkpt lat="19.132454" lon="98.703806">
				<ele>872.809326</ele>
				<time>2016-02-07T05:08:58Z</time>
			</trkpt>
			<trkpt lat="19.132297" lon="98.703819">
				<ele>872.776245</ele>
				<time>2016-02-07T05:08:59Z</time>
			</trkpt>
			<trkpt lat="19.132128" lon="98.703853">
				<ele>873.272217</ele>
				<time>2016-02-07T05:09:00Z</time>
			</trkpt>
			<trkpt lat="19.131953" lon="98.703885">
				<ele>873.453247</ele>
				<time>2016-02-07T05:09:01Z</time>
			</trkpt>
			<trkpt lat="19.131799" lon="98.703937">
				<ele>872.896240</ele>
				<time>2016-02-07T05:09:02Z</time>
			</trkpt>
			<trkpt lat="19.131647" lon="98.703983">
				<ele>871.177490</ele>
				<time>2016-02-07T05:09:03Z</time>
			</trkpt>
			<trkpt lat="19.131509" lon="98.704024">
				<ele>872.600830</ele>
				<time>2016-02-07T05:09:04Z</time>
			</trkpt>
			<trkpt lat="19.131396" lon="98.704066">
				<ele>872.540039</ele>
				<time>2016-02-07T05:09:05Z</time>
			</trkpt>
			<trkpt lat="19.131308" lon="98.704159">
				<ele>872.357056</ele>
				<time>2016-02-07T05:09:06Z</time>
			</trkpt>
			<trkpt lat="19.131222" lon="98.704241">
				<ele>874.380371</ele>
				<time>2016-02-07T05:09:07Z</time>
			</trkpt>
			<trkpt lat="19.131208" lon="98.704388">
				<ele>871.351318</ele>
				<time>2016-02-07T05:09:08Z</time>
			</trkpt>
			<trkpt lat="19.131298" lon="98.704483">
				<ele>869.130127</ele>
				<time>2016-02-07T05:09:09Z</time>
			</trkpt>
			<trkpt lat="19.131339" lon="98.704620">
				<ele>868.720703</ele>
				<time>2016-02-07T05:09:10Z</time>
			</trkpt>
			<trkpt lat="19.131381" lon="98.704722">
				<ele>869.193115</ele>
				<time>2016-02-07T05:09:11Z</time>
			</trkpt>
			<trkpt lat="19.131439" lon="98.704836">
				<ele>871.574707</ele>
				<time>2016-02-07T05:09:12Z</time>
			</trkpt>
			<trkpt lat="19.131576" lon="98.704981">
				<ele>869.367432</ele>
				<time>2016-02-07T05:09:13Z</time>
			</trkpt>
			<trkpt lat="19.131661" lon="98.705063">
				<ele>867.989502</ele>
				<time>2016-02-07T05:09:14Z</time>
			</trkpt>
			<trkpt lat="19.131737" lon="98.705129">
				<ele>867.424805</ele>
				<time>2016-02-07T05:09:15Z</time>
			</trkpt>
			<trkpt lat="19.131811" lon="98.705201">
				<ele>868.398926</ele>
				<time>2016-02-07T05:09:16Z</time>
			</trkpt>
			<trkpt lat="19.131811" lon="98.705328">
				<ele>868.733398</ele>
				<time>2016-02-07T05:09:17Z</time>
			</trkpt>
			<trkpt lat="19.131769" lon="98.705417">
				<ele>868.866455</ele>
				<time>2016-02-07T05:09:18Z</time>
			</trkpt>
			<trkpt lat="19.131687" lon="98.705508">
				<ele>868.600586</ele>
				<time>2016-02-07T05:09:19Z</time>
			</trkpt>
			<trkpt lat="19.131568" lon="98.705645">
				<ele>869.123779</ele>
				<time>2016-02-07T05:09:20Z</time>
			</trkpt>
			<trkpt lat="19.131489" lon="98.705679">
				<ele>868.984619</ele>
				<time>2016-02-07T05:09:21Z</time>
			</trkpt>
			<trkpt lat="19.131443" lon="98.705749">
				<ele>868.893677</ele>
				<time>2016-02-07T05:09:22Z</time>
			</trkpt>
			<trkpt lat="19.131412" lon="98.705885">
				<ele>868.767822</ele>
				<time>2016-02-07T05:09:23Z</time>
			</trkpt>
			<trkpt lat="19.131383" lon="98.705985">
				<ele>868.681274</ele>
				<time>2016-02-07T05:09:24Z</time>
			</trkpt>
			<trkpt lat="19.131403" lon="98.706149">
				<ele>870.108276</ele>
				<time>2016-02-07T05:09:25Z</time>
			</trkpt>
			<trkpt lat="19.131464" lon="98.706261">
				<ele>868.445312</ele>
				<time>2016-02-07T05:09:26Z</time>
			</trkpt>
			<trkpt lat="19.131562" lon="98.706409">
				<ele>868.311157</ele>
				<time>2016-02-07T05:09:27Z</time>
			</trkpt>
			<trkpt lat="19.131614" lon="98.706549">
				<ele>867.346069</ele>
				<time>2016-02-07T05:09:28Z</time>
			</trkpt>
			<trkpt lat="19.131671" lon="98.706689">
				<ele>865.896484</ele>
				<time>2016-02-07T05:09:29Z</time>
			</trkpt>
			<trkpt lat="19.131719" lon="98.706820">
				<ele>865.849854</ele>
				<time>2016-02-07T05:09:30Z</time>
			</trkpt>
			<trkpt lat="19.131786" lon="98.706923">
				<ele>865.974731</ele>
				<time>2016-02-07T05:09:31Z</time>
			</trkpt>
			<trkpt lat="19.131816" lon="98.707070">
				<ele>863.854004</ele>
				<time>2016-02-07T05:09:32Z</time>
			</trkpt>
			<trkpt lat="19.131834" lon="98.707196">
				<ele>863.467529</ele>
				<time>2016-02-07T05:09:33Z</time>
			</trkpt>
			<trkpt lat="19.131852" lon="98.707316">
				<ele>862.719482</ele>
				<time>2016-02-07T05:09:34Z</time>
			</trkpt>
			<trkpt lat="19.131824" lon="98.707425">
				<ele>859.942627</ele>
				<time>2016-02-07T05:09:35Z</time>
			</trkpt>
			<trkpt lat="19.131866" lon="98.707608">
				<ele>857.952393</ele>
				<time>2016-02-07T05:09:36Z</time>
			</trkpt>
			<trkpt lat="19.131690" lon="98.707638">
				<ele>856.515137</ele>
				<time>2016-02-07T05:09:37Z</time>
			</trkpt>
			<trkpt lat="19.131607" lon="98.707740">
				<ele>857.005859</ele>
				<time>2016-02-07T05:09:38Z</time>
			</trkpt>
			<trkpt lat="19.131499" lon="98.707837">
				<ele>857.303955</ele>
				<time>2016-02-07T05:09:39Z</time>
			</trkpt>
			<trkpt lat="19.131309" lon="98.707841">
				<ele>855.723877</ele>
				<time>2016-02-07T05:09:40Z</time>
			</trkpt>
			<trkpt lat="19.131132" lon="98.707863">
				<ele>855.074341</ele>
				<time>2016-02-07T05:09:41Z</time>
			</trkpt>
			<trkpt lat="19.130953" lon="98.707884">
				<ele>855.292725</ele>
				<time>2016-02-07T05:09:42Z</time>
			</trkpt>
			<trkpt lat="19.130743" lon="98.707875">
				<ele>855.170166</ele>
				<time>2016-02-07T05:09:43Z</time>
			</trkpt>
			<trkpt lat="19.130535" lon="98.707888">
				<ele>857.028564</ele>
				<time>2016-02-07T05:09:44Z</time>
			</trkpt>
			<trkpt lat="19.130325" lon="98.707915">
				<ele>857.127441</ele>
				<time>2016-02-07T05:09:45Z</time>
			</trkpt>
			<trkpt lat="19.130103" lon="98.707960">
				<ele>857.500977</ele>
				<time>2016-02-07T05:09:46Z</time>
			</trkpt>
			<trkpt lat="19.129894" lon="98.708038">
				<ele>858.334717</ele>
				<time>2016-02-07T05:09:47Z</time>
			</trkpt>
			<trkpt lat="19.129684" lon="98.708136">
				<ele>858.009277</ele>
				<time>2016-02-07T05:09:48Z</time>
			</trkpt>
			<trkpt lat="19.129483" lon="98.708250">
				<ele>857.630371</ele>
				<time>2016-02-07T05:09:49Z</time>
			</trkpt>
			<trkpt lat="19.129285" lon="98.708354">
				<ele>859.059570</ele>
				<time>2016-02-07T05:09:50Z</time>
			</trkpt>
			<trkpt lat="19.129127" lon="98.708457">
				<ele>859.582275</ele>
				<time>2016-02-07T05:09:51Z</time>
			</trkpt>
			<trkpt lat="19.128964" lon="98.708559">
				<ele>859.800171</ele>
				<time>2016-02-07T05:09:52Z</time>
			</trkpt>
			<trkpt lat="19.128801" lon="98.708649">
				<ele>859.379883</ele>
				<time>2016-02-07T05:09:53Z</time>
			</trkpt>
			<trkpt lat="19.128669" lon="98.708731">
				<ele>860.024658</ele>
				<time>2016-02-07T05:09:54Z</time>
			</trkpt>
			<trkpt lat="19.128533" lon="98.708801">
				<ele>859.360352</ele>
				<time>2016-02-07T05:09:55Z</time>
			</trkpt>
			<trkpt lat="19.128376" lon="98.708802">
				<ele>858.098999</ele>
				<time>2016-02-07T05:09:56Z</time>
			</trkpt>
			<trkpt lat="19.128250" lon="98.708809">
				<ele>857.129272</ele>
				<time>2016-02-07T05:09:57Z</time>
			</trkpt>
			<trkpt lat="19.128117" lon="98.708749">
				<ele>855.463135</ele>
				<time>2016-02-07T05:09:58Z</time>
			</trkpt>
			<trkpt lat="19.127977" lon="98.708709">
				<ele>856.440918</ele>
				<time>2016-02-07T05:09:59Z</time>
			</trkpt>
			<trkpt lat="19.127836" lon="98.708657">
				<ele>857.670044</ele>
				<time>2016-02-07T05:10:00Z</time>
			</trkpt>
			<trkpt lat="19.127700" lon="98.708579">
				<ele>858.338379</ele>
				<time>2016-02-07T05:10:01Z</time>
			</trkpt>
			<trkpt lat="19.127581" lon="98.708521">
				<ele>856.659668</ele>
				<time>2016-02-07T05:10:02Z</time>
			</trkpt>
			<trkpt lat="19.127459" lon="98.708428">
				<ele>855.652954</ele>
				<time>2016-02-07T05:10:03Z</time>
			</trkpt>
			<trkpt lat="19.127367" lon="98.708348">
				<ele>854.639038</ele>
				<time>2016-02-07T05:10:04Z</time>
			</trkpt>
			<trkpt lat="19.127254" lon="98.708213">
				<ele>852.775879</ele>
				<time>2016-02-07T05:10:05Z</time>
			</trkpt>
			<trkpt lat="19.127193" lon="98.708139">
				<ele>853.922485</ele>
				<time>2016-02-07T05:10:06Z</time>
			</trkpt>
			<trkpt lat="19.127251" lon="98.707867">
				<ele>856.085693</ele>
				<time>2016-02-07T05:10:07Z</time>
			</trkpt>
			<trkpt lat="19.127312" lon="98.707682">
				<ele>856.638550</ele>
				<time>2016-02-07T05:10:08Z</time>
			</trkpt>
			<trkpt lat="19.127442" lon="98.707483">
				<ele>855.440918</ele>
				<time>2016-02-07T05:10:09Z</time>
			</trkpt>
			<trkpt lat="19.127518" lon="98.707315">
				<ele>855.263550</ele>
				<time>2016-02-07T05:10:10Z</time>
			</trkpt>
			<trkpt lat="19.127581" lon="98.707151">
				<ele>856.629028</ele>
				<time>2016-02-07T05:10:11Z</time>
			</trkpt>
			<trkpt lat="19.127684" lon="98.707000">
				<ele>856.098633</ele>
				<time>2016-02-07T05:10:12Z</time>
			</trkpt>
			<trkpt lat="19.127729" lon="98.706861">
				<ele>855.578003</ele>
				<time>2016-02-07T05:10:13Z</time>
			</trkpt>
			<trkpt lat="19.127819" lon="98.706742">
				<ele>855.391113</ele>
				<time>2016-02-07T05:10:14Z</time>
			</trkpt>
			<trkpt lat="19.127890" lon="98.706628">
				<ele>855.161377</ele>
				<time>2016-02-07T05:10:15Z</time>
			</trkpt>
			<trkpt lat="19.127933" lon="98.706504">
				<ele>855.182373</ele>
				<time>2016-02-07T05:10:16Z</time>
			</trkpt>
			<trkpt lat="19.127960" lon="98.706406">
				<ele>854.757812</ele>
				<time>2016-02-07T05:10:17Z</time>
			</trkpt>
			<trkpt lat="19.127940" lon="98.706309">
				<ele>854.539917</ele>
				<time>2016-02-07T05:10:18Z</time>
			</trkpt>
			<trkpt lat="19.127854" lon="98.706234">
				<ele>852.452026</ele>
				<time>2016-02-07T05:10:19Z</time>
			</trkpt>
			<trkpt lat="19.127759" lon="98.706151">
				<ele>851.750122</ele>
				<time>2016-02-07T05:10:20Z</time>
			</trkpt>
			<trkpt lat="19.127664" lon="98.706078">
				<ele>850.461914</ele>
				<time>2016-02-07T05:10:21Z</time>
			</trkpt>
			<trkpt lat="19.127554" lon="98.706037">
				<ele>849.947510</ele>
				<time>2016-02-07T05:10:22Z</time>
			</trkpt>
			<trkpt lat="19.127434" lon="98.705980">
				<ele>850.560791</ele>
				<time>2016-02-07T05:10:23Z</time>
			</trkpt>
			<trkpt lat="19.127354" lon="98.706007">
				<ele>849.783936</ele>
				<time>2016-02-07T05:10:24Z</time>
			</trkpt>
			<trkpt lat="19.127227" lon="98.706020">
				<ele>849.956665</ele>
				<time>2016-02-07T05:10:25Z</time>
			</trkpt>
			<trkpt lat="19.127136" lon="98.706184">
				<ele>851.178223</ele>
				<time>2016-02-07T05:10:26Z</time>
			</trkpt>
			<trkpt lat="19.126916" lon="98.706291">
				<ele>852.110840</ele>
				<time>2016-02-07T05:10:27Z</time>
			</trkpt>
			<trkpt lat="19.126773" lon="98.706470">
				<ele>852.394531</ele>
				<time>2016-02-07T05:10:28Z</time>
			</trkpt>
			<trkpt lat="19.126643" lon="98.706634">
				<ele>850.298096</ele>
				<time>2016-02-07T05:10:29Z</time>
			</trkpt>
			<trkpt lat="19.126579" lon="98.706791">
				<ele>850.398682</ele>
				<time>2016-02-07T05:10:30Z</time>
			</trkpt>
			<trkpt lat="19.126516" lon="98.706904">
				<ele>849.084106</ele>
				<time>2016-02-07T05:10:31Z</time>
			</trkpt>
			<trkpt lat="19.126414" lon="98.706994">
				<ele>850.646729</ele>
				<time>2016-02-07T05:10:32Z</time>
			</trkpt>
			<trkpt lat="19.126315" lon="98.707092">
				<ele>851.935547</ele>
				<time>2016-02-07T05:10:33Z</time>
			</trkpt>
			<trkpt lat="19.126199" lon="98.707169">
				<ele>853.608032</ele>
				<time>2016-02-07T05:10:34Z</time>
			</trkpt>
			<trkpt lat="19.126061" lon="98.707206">
				<ele>853.481445</ele>
				<time>2016-02-07T05:10:35Z</time>
			</trkpt>
			<trkpt lat="19.125917" lon="98.707225">
				<ele>854.583740</ele>
				<time>2016-02-07T05:10:36Z</time>
			</trkpt>
			<trkpt lat="19.125765" lon="98.707161">
				<ele>855.184570</ele>
				<time>2016-02-07T05:10:37Z</time>
			</trkpt>
			<trkpt lat="19.125619" lon="98.707194">
				<ele>854.649902</ele>
				<time>2016-02-07T05:10:38Z</time>
			</trkpt>
			<trkpt lat="19.125479" lon="98.707190">
				<ele>856.033447</ele>
				<time>2016-02-07T05:10:39Z</time>
			</trkpt>
			<trkpt lat="19.125381" lon="98.707248">
				<ele>852.714600</ele>
				<time>2016-02-07T05:10:40Z</time>
			</trkpt>
			<trkpt lat="19.125308" lon="98.707293">
				<ele>853.652588</ele>
				<time>2016-02-07T05:10:41Z</time>
			</trkpt>
			<trkpt lat="19.125284" lon="98.707448">
				<ele>849.128906</ele>
				<time>2016-02-07T05:10:42Z</time>
			</trkpt>
			<trkpt lat="19.125327" lon="98.707667">
				<ele>848.656982</ele>
				<time>2016-02-07T05:10:43Z</time>
			</trkpt>
			<trkpt lat="19.125334" lon="98.707827">
				<ele>848.142700</ele>
				<time>2016-02-07T05:10:44Z</time>
			</trkpt>
			<trkpt lat="19.125329" lon="98.707981">
				<ele>848.004883</ele>
				<time>2016-02-07T05:10:45Z</time>
			</trkpt>
			<trkpt lat="19.125304" lon="98.708170">
				<ele>847.087646</ele>
				<time>2016-02-07T05:10:46Z</time>
			</trkpt>
			<trkpt lat="19.125257" lon="98.708351">
				<ele>846.125000</ele>
				<time>2016-02-07T05:10:47Z</time>
			</trkpt>
			<trkpt lat="19.125186" lon="98.708504">
				<ele>845.579590</ele>
				<time>2016-02-07T05:10:48Z</time>
			</trkpt>
			<trkpt lat="19.125097" lon="98.708684">
				<ele>844.174927</ele>
				<time>2016-02-07T05:10:49Z</time>
			</trkpt>
			<trkpt lat="19.124883" lon="98.708808">
				<ele>844.257690</ele>
				<time>2016-02-07T05:10:50Z</time>
			</trkpt>
			<trkpt lat="19.124695" lon="98.708858">
				<ele>844.567871</ele>
				<time>2016-02-07T05:10:51Z</time>
			</trkpt>
			<trkpt lat="19.124406" lon="98.708878">
				<ele>846.383057</ele>
				<time>2016-02-07T05:10:52Z</time>
			</trkpt>
			<trkpt lat="19.124232" lon="98.708945">
				<ele>843.206909</ele>
				<time>2016-02-07T05:10:53Z</time>
			</trkpt>
			<trkpt lat="19.124047" lon="98.708998">
				<ele>843.104736</ele>
				<time>2016-02-07T05:10:54Z</time>
			</trkpt>
			<trkpt lat="19.123882" lon="98.709110">
				<ele>842.165527</ele>
				<time>2016-02-07T05:10:55Z</time>
			</trkpt>
			<trkpt lat="19.123728" lon="98.709163">
				<ele>842.251221</ele>
				<time>2016-02-07T05:10:56Z</time>
			</trkpt>
			<trkpt lat="19.123546" lon="98.709188">
				<ele>841.109863</ele>
				<time>2016-02-07T05:10:57Z</time>
			</trkpt>
			<trkpt lat="19.123394" lon="98.709204">
				<ele>840.249512</ele>
				<time>2016-02-07T05:10:58Z</time>
			</trkpt>
			<trkpt lat="19.123242" lon="98.709184">
				<ele>838.381592</ele>
				<time>2016-02-07T05:10:59Z</time>
			</trkpt>
			<trkpt lat="19.123088" lon="98.709195">
				<ele>838.913818</ele>
				<time>2016-02-07T05:11:00Z</time>
			</trkpt>
			<trkpt lat="19.122929" lon="98.709199">
				<ele>838.888672</ele>
				<time>2016-02-07T05:11:01Z</time>
			</trkpt>
			<trkpt lat="19.122770" lon="98.709198">
				<ele>835.095459</ele>
				<time>2016-02-07T05:11:02Z</time>
			</trkpt>
			<trkpt lat="19.122598" lon="98.709229">
				<ele>832.740723</ele>
				<time>2016-02-07T05:11:03Z</time>
			</trkpt>
			<trkpt lat="19.122416" lon="98.709297">
				<ele>832.361938</ele>
				<time>2016-02-07T05:11:04Z</time>
			</trkpt>
			<trkpt lat="19.122237" lon="98.709401">
				<ele>830.269775</ele>
				<time>2016-02-07T05:11:05Z</time>
			</trkpt>
			<trkpt lat="19.122063" lon="98.709517">
				<ele>830.570068</ele>
				<time>2016-02-07T05:11:06Z</time>
			</trkpt>
			<trkpt lat="19.121896" lon="98.709630">
				<ele>830.700684</ele>
				<time>2016-02-07T05:11:07Z</time>
			</trkpt>
			<trkpt lat="19.121732" lon="98.709733">
				<ele>831.604492</ele>
				<time>2016-02-07T05:11:08Z</time>
			</trkpt>
			<trkpt lat="19.121581" lon="98.709833">
				<ele>832.051758</ele>
				<time>2016-02-07T05:11:09Z</time>
			</trkpt>
			<trkpt lat="19.121446" lon="98.709931">
				<ele>835.217773</ele>
				<time>2016-02-07T05:11:10Z</time>
			</trkpt>
			<trkpt lat="19.121335" lon="98.710010">
				<ele>835.094360</ele>
				<time>2016-02-07T05:11:11Z</time>
			</trkpt>
			<trkpt lat="19.121238" lon="98.710135">
				<ele>836.853516</ele>
				<time>2016-02-07T05:11:12Z</time>
			</trkpt>
			<trkpt lat="19.121188" lon="98.710292">
				<ele>837.168091</ele>
				<time>2016-02-07T05:11:13Z</time>
			</trkpt>
			<trkpt lat="19.121187" lon="98.710430">
				<ele>834.941406</ele>
				<time>2016-02-07T05:11:14Z</time>
			</trkpt>
			<trkpt lat="19.121181" lon="98.710563">
				<ele>834.131470</ele>
				<time>2016-02-07T05:11:15Z</time>
			</trkpt>
			<trkpt lat="19.121285" lon="98.710642">
				<ele>834.542480</ele>
				<time>2016-02-07T05:11:16Z</time>
			</trkpt>
			<trkpt lat="19.121324" lon="98.710748">
				<ele>834.327148</ele>
				<time>2016-02-07T05:11:17Z</time>
			</trkpt>
			<trkpt lat="19.121375" lon="98.710867">
				<ele>835.443848</ele>
				<time>2016-02-07T05:11:18Z</time>
			</trkpt>
			<trkpt lat="19.121413" lon="98.710974">
				<ele>836.093262</ele>
				<time>2016-02-07T05:11:19Z</time>
			</trkpt>
			<trkpt lat="19.121444" lon="98.711094">
				<ele>837.859741</ele>
				<time>2016-02-07T05:11:20Z</time>
			</trkpt>
			<trkpt lat="19.121358" lon="98.711136">
				<ele>840.157959</ele>
				<time>2016-02-07T05:11:21Z</time>
			</trkpt>
			<trkpt lat="19.121301" lon="98.711199">
				<ele>839.497559</ele>
				<time>2016-02-07T05:11:22Z</time>
			</trkpt>
			<trkpt lat="19.121224" lon="98.711261">
				<ele>840.045654</ele>
				<time>2016-02-07T05:11:23Z</time>
			</trkpt>
			<trkpt lat="19.121126" lon="98.711309">
				<ele>840.789551</ele>
				<time>2016-02-07T05:11:24Z</time>
			</trkpt>
			<trkpt lat="19.121046" lon="98.711329">
				<ele>839.328003</ele>
				<time>2016-02-07T05:11:25Z</time>
			</trkpt>
			<trkpt lat="19.120964" lon="98.711366">
				<ele>840.512695</ele>
				<time>2016-02-07T05:11:26Z</time>
			</trkpt>
			<trkpt lat="19.120869" lon="98.711451">
				<ele>840.786377</ele>
				<time>2016-02-07T05:11:27Z</time>
			</trkpt>
			<trkpt lat="19.120772" lon="98.711517">
				<ele>840.123291</ele>
				<time>2016-02-07T05:11:28Z</time>
			</trkpt>
			<trkpt lat="19.120697" lon="98.711647">
				<ele>842.426758</ele>
				<time>2016-02-07T05:11:29Z</time>
			</trkpt>
			<trkpt lat="19.120623" lon="98.711760">
				<ele>843.717163</ele>
				<time>2016-02-07T05:11:30Z</time>
			</trkpt>
			<trkpt lat="19.120549" lon="98.711879">
				<ele>844.219604</ele>
				<time>2016-02-07T05:11:31Z</time>
			</trkpt>
			<trkpt lat="19.120477" lon="98.712004">
				<ele>843.997314</ele>
				<time>2016-02-07T05:11:32Z</time>
			</trkpt>
			<trkpt lat="19.120458" lon="98.712120">
				<ele>845.705933</ele>
				<time>2016-02-07T05:11:33Z</time>
			</trkpt>
			<trkpt lat="19.120418" lon="98.712242">
				<ele>846.323242</ele>
				<time>2016-02-07T05:11:34Z</time>
			</trkpt>
			<trkpt lat="19.120407" lon="98.712341">
				<ele>847.173096</ele>
				<time>2016-02-07T05:11:35Z</time>
			</trkpt>
			<trkpt lat="19.120399" lon="98.712459">
				<ele>847.488281</ele>
				<time>2016-02-07T05:11:36Z</time>
			</trkpt>
			<trkpt lat="19.120426" lon="98.712568">
				<ele>848.199951</ele>
				<time>2016-02-07T05:11:37Z</time>
			</trkpt>
			<trkpt lat="19.120580" lon="98.712598">
				<ele>848.549072</ele>
				<time>2016-02-07T05:11:38Z</time>
			</trkpt>
			<trkpt lat="19.120693" lon="98.712674">
				<ele>849.458862</ele>
				<time>2016-02-07T05:11:39Z</time>
			</trkpt>
			<trkpt lat="19.120800" lon="98.712807">
				<ele>847.588379</ele>
				<time>2016-02-07T05:11:40Z</time>
			</trkpt>
			<trkpt lat="19.120966" lon="98.712966">
				<ele>848.259033</ele>
				<time>2016-02-07T05:11:41Z</time>
			</trkpt>
			<trkpt lat="19.121106" lon="98.713097">
				<ele>848.846191</ele>
				<time>2016-02-07T05:11:42Z</time>
			</trkpt>
			<trkpt lat="19.121255" lon="98.713243">
				<ele>850.407715</ele>
				<time>2016-02-07T05:11:43Z</time>
			</trkpt>
			<trkpt lat="19.121383" lon="98.713399">
				<ele>849.380249</ele>
				<time>2016-02-07T05:11:44Z</time>
			</trkpt>
			<trkpt lat="19.121527" lon="98.713544">
				<ele>849.827271</ele>
				<time>2016-02-07T05:11:45Z</time>
			</trkpt>
			<trkpt lat="19.121672" lon="98.713676">
				<ele>849.540527</ele>
				<time>2016-02-07T05:11:46Z</time>
			</trkpt>
			<trkpt lat="19.121670" lon="98.713873">
				<ele>853.462158</ele>
				<time>2016-02-07T05:11:47Z</time>
			</trkpt>
			<trkpt lat="19.121700" lon="98.714031">
				<ele>854.821655</ele>
				<time>2016-02-07T05:11:48Z</time>
			</trkpt>
			<trkpt lat="19.121718" lon="98.714192">
				<ele>856.144043</ele>
				<time>2016-02-07T05:11:49Z</time>
			</trkpt>
			<trkpt lat="19.121703" lon="98.714283">
				<ele>857.263550</ele>
				<time>2016-02-07T05:11:50Z</time>
			</trkpt>
			<trkpt lat="19.121676" lon="98.714387">
				<ele>857.322754</ele>
				<time>2016-02-07T05:11:51Z</time>
			</trkpt>
			<trkpt lat="19.121579" lon="98.714455">
				<ele>857.849609</ele>
				<time>2016-02-07T05:11:52Z</time>
			</trkpt>
			<trkpt lat="19.121489" lon="98.714540">
				<ele>859.009277</ele>
				<time>2016-02-07T05:11:53Z</time>
			</trkpt>
			<trkpt lat="19.121337" lon="98.714568">
				<ele>860.590820</ele>
				<time>2016-02-07T05:11:54Z</time>
			</trkpt>
			<trkpt lat="19.121146" lon="98.714596">
				<ele>861.901855</ele>
				<time>2016-02-07T05:11:55Z</time>
			</trkpt>
			<trkpt lat="19.120997" lon="98.714673">
				<ele>861.093994</ele>
				<time>2016-02-07T05:11:56Z</time>
			</trkpt>
			<trkpt lat="19.120836" lon="98.714704">
				<ele>861.964844</ele>
				<time>2016-02-07T05:11:57Z</time>
			</trkpt>
			<trkpt lat="19.120683" lon="98.714725">
				<ele>862.848267</ele>
				<time>2016-02-07T05:11:58Z</time>
			</trkpt>
			<trkpt lat="19.120562" lon="98.714718">
				<ele>863.179443</ele>
				<time>2016-02-07T05:12:00Z</time>
			</trkpt>
			<trkpt lat="19.120421" lon="98.714654">
				<ele>861.708740</ele>
				<time>2016-02-07T05:12:01Z</time>
			</trkpt>
			<trkpt lat="19.120287" lon="98.714616">
				<ele>861.015137</ele>
				<time>2016-02-07T05:12:02Z</time>
			</trkpt>
			<trkpt lat="19.120171" lon="98.714661">
				<ele>862.788818</ele>
				<time>2016-02-07T05:12:03Z</time>
			</trkpt>
			<trkpt lat="19.120056" lon="98.714690">
				<ele>862.754883</ele>
				<time>2016-02-07T05:12:04Z</time>
			</trkpt>
			<trkpt lat="19.119961" lon="98.714763">
				<ele>861.674805</ele>
				<time>2016-02-07T05:12:05Z</time>
			</trkpt>
			<trkpt lat="19.119894" lon="98.714836">
				<ele>862.921875</ele>
				<time>2016-02-07T05:12:06Z</time>
			</trkpt>
			<trkpt lat="19.119859" lon="98.714920">
				<ele>864.890625</ele>
				<time>2016-02-07T05:12:07Z</time>
			</trkpt>
			<trkpt lat="19.119829" lon="98.715024">
				<ele>865.950073</ele>
				<time>2016-02-07T05:12:08Z</time>
			</trkpt>
			<trkpt lat="19.119927" lon="98.715176">
				<ele>867.273193</ele>
				<time>2016-02-07T05:12:09Z</time>
			</trkpt>
			<trkpt lat="19.120004" lon="98.715317">
				<ele>867.860718</ele>
				<time>2016-02-07T05:12:10Z</time>
			</trkpt>
			<trkpt lat="19.120009" lon="98.715461">
				<ele>870.906494</ele>
				<time>2016-02-07T05:12:11Z</time>
			</trkpt>
			<trkpt lat="19.120004" lon="98.715585">
				<ele>870.533813</ele>
				<time>2016-02-07T05:12:12Z</time>
			</trkpt>
			<trkpt lat="19.120006" lon="98.715757">
				<ele>870.780518</ele>
				<time>2016-02-07T05:12:13Z</time>
			</trkpt>
			<trkpt lat="19.120014" lon="98.715921">
				<ele>869.555176</ele>
				<time>2016-02-07T05:12:14Z</time>
			</trkpt>
			<trkpt lat="19.120012" lon="98.716080">
				<ele>870.205811</ele>
				<time>2016-02-07T05:12:15Z</time>
			</trkpt>
			<trkpt lat="19.119992" lon="98.716236">
				<ele>869.175293</ele>
				<time>2016-02-07T05:12:16Z</time>
			</trkpt>
			<trkpt lat="19.119947" lon="98.716375">
				<ele>868.767822</ele>
				<time>2016-02-07T05:12:17Z</time>
			</trkpt>
			<trkpt lat="19.119920" lon="98.716533">
				<ele>867.979980</ele>
				<time>2016-02-07T05:12:18Z</time>
			</trkpt>
			<trkpt lat="19.119880" lon="98.716684">
				<ele>868.451660</ele>
				<time>2016-02-07T05:12:19Z</time>
			</trkpt>
			<trkpt lat="19.119842" lon="98.716818">
				<ele>868.675049</ele>
				<time>2016-02-07T05:12:20Z</time>
			</trkpt>
			<trkpt lat="19.119808" lon="98.716962">
				<ele>868.718994</ele>
				<time>2016-02-07T05:12:21Z</time>
			</trkpt>
			<trkpt lat="19.119771" lon="98.717097">
				<ele>868.987793</ele>
				<time>2016-02-07T05:12:22Z</time>
			</trkpt>
			<trkpt lat="19.119722" lon="98.717250">
				<ele>868.886963</ele>
				<time>2016-02-07T05:12:23Z</time>
			</trkpt>
			<trkpt lat="19.119638" lon="98.717412">
				<ele>868.109375</ele>
				<time>2016-02-07T05:12:24Z</time>
			</trkpt>
			<trkpt lat="19.119540" lon="98.717547">
				<ele>868.348145</ele>
				<time>2016-02-07T05:12:25Z</time>
			</trkpt>
			<trkpt lat="19.119450" lon="98.717640">
				<ele>867.785889</ele>
				<time>2016-02-07T05:12:26Z</time>
			</trkpt>
			<trkpt lat="19.119353" lon="98.717694">
				<ele>868.032471</ele>
				<time>2016-02-07T05:12:27Z</time>
			</trkpt>
			<trkpt lat="19.119289" lon="98.717768">
				<ele>866.008545</ele>
				<time>2016-02-07T05:12:28Z</time>
			</trkpt>
			<trkpt lat="19.119267" lon="98.717894">
				<ele>863.372681</ele>
				<time>2016-02-07T05:12:29Z</time>
			</trkpt>
			<trkpt lat="19.119241" lon="98.717988">
				<ele>864.350952</ele>
				<time>2016-02-07T05:12:30Z</time>
			</trkpt>
			<trkpt lat="19.119224" lon="98.718086">
				<ele>864.175781</ele>
				<time>2016-02-07T05:12:31Z</time>
			</trkpt>
			<trkpt lat="19.119237" lon="98.718234">
				<ele>863.931641</ele>
				<time>2016-02-07T05:12:32Z</time>
			</trkpt>
			<trkpt lat="19.119330" lon="98.718415">
				<ele>861.923828</ele>
				<time>2016-02-07T05:12:33Z</time>
			</trkpt>
			<trkpt lat="19.119375" lon="98.718553">
				<ele>859.850220</ele>
				<time>2016-02-07T05:12:34Z</time>
			</trkpt>
			<trkpt lat="19.119395" lon="98.718678">
				<ele>858.743164</ele>
				<time>2016-02-07T05:12:35Z</time>
			</trkpt>
			<trkpt lat="19.119354" lon="98.718834">
				<ele>856.146362</ele>
				<time>2016-02-07T05:12:36Z</time>
			</trkpt>
			<trkpt lat="19.119286" lon="98.719004">
				<ele>854.757812</ele>
				<time>2016-02-07T05:12:37Z</time>
			</trkpt>
			<trkpt lat="19.119216" lon="98.719117">
				<ele>852.400269</ele>
				<time>2016-02-07T05:12:38Z</time>
			</trkpt>
			<trkpt lat="19.119113" lon="98.719225">
				<ele>850.298828</ele>
				<time>2016-02-07T05:12:39Z</time>
			</trkpt>
			<trkpt lat="19.119019" lon="98.719303">
				<ele>849.560547</ele>
				<time>2016-02-07T05:12:40Z</time>
			</trkpt>
			<trkpt lat="19.118898" lon="98.719384">
				<ele>851.611572</ele>
				<time>2016-02-07T05:12:41Z</time>
			</trkpt>
			<trkpt lat="19.118740" lon="98.719432">
				<ele>851.227295</ele>
				<time>2016-02-07T05:12:42Z</time>
			</trkpt>
			<trkpt lat="19.118587" lon="98.719483">
				<ele>850.915283</ele>
				<time>2016-02-07T05:12:43Z</time>
			</trkpt>
			<trkpt lat="19.118432" lon="98.719545">
				<ele>850.775146</ele>
				<time>2016-02-07T05:12:44Z</time>
			</trkpt>
			<trkpt lat="19.118313" lon="98.719656">
				<ele>849.347168</ele>
				<time>2016-02-07T05:12:45Z</time>
			</trkpt>
			<trkpt lat="19.118204" lon="98.719822">
				<ele>848.083740</ele>
				<time>2016-02-07T05:12:46Z</time>
			</trkpt>
			<trkpt lat="19.118114" lon="98.719952">
				<ele>846.362305</ele>
				<time>2016-02-07T05:12:47Z</time>
			</trkpt>
			<trkpt lat="19.118046" lon="98.720092">
				<ele>843.749390</ele>
				<time>2016-02-07T05:12:48Z</time>
			</trkpt>
			<trkpt lat="19.117995" lon="98.720232">
				<ele>843.433472</ele>
				<time>2016-02-07T05:12:49Z</time>
			</trkpt>
			<trkpt lat="19.117941" lon="98.720378">
				<ele>843.518799</ele>
				<time>2016-02-07T05:12:50Z</time>
			</trkpt>
			<trkpt lat="19.117917" lon="98.720549">
				<ele>844.446533</ele>
				<time>2016-02-07T05:12:51Z</time>
			</trkpt>
			<trkpt lat="19.117928" lon="98.720710">
				<ele>846.894165</ele>
				<time>2016-02-07T05:12:52Z</time>
			</trkpt>
			<trkpt lat="19.117938" lon="98.720898">
				<ele>847.381226</ele>
				<time>2016-02-07T05:12:53Z</time>
			</trkpt>
			<trkpt lat="19.117987" lon="98.721082">
				<ele>847.429199</ele>
				<time>2016-02-07T05:12:54Z</time>
			</trkpt>
			<trkpt lat="19.118013" lon="98.721243">
				<ele>848.440063</ele>
				<time>2016-02-07T05:12:55Z</time>
			</trkpt>
			<trkpt lat="19.118026" lon="98.721408">
				<ele>850.104492</ele>
				<time>2016-02-07T05:12:56Z</time>
			</trkpt>
			<trkpt lat="19.117982" lon="98.721621">
				<ele>851.474365</ele>
				<time>2016-02-07T05:12:57Z</time>
			</trkpt>
			<trkpt lat="19.117954" lon="98.721814">
				<ele>851.403564</ele>
				<time>2016-02-07T05:12:58Z</time>
			</trkpt>
			<trkpt lat="19.117950" lon="98.722015">
				<ele>848.756104</ele>
				<time>2016-02-07T05:12:59Z</time>
			</trkpt>
			<trkpt lat="19.117957" lon="98.722182">
				<ele>850.981201</ele>
				<time>2016-02-07T05:13:00Z</time>
			</trkpt>
			<trkpt lat="19.117959" lon="98.722349">
				<ele>850.837402</ele>
				<time>2016-02-07T05:13:01Z</time>
			</trkpt>
			<trkpt lat="19.118016" lon="98.722522">
				<ele>848.458252</ele>
				<time>2016-02-07T05:13:02Z</time>
			</trkpt>
			<trkpt lat="19.118020" lon="98.722658">
				<ele>848.969971</ele>
				<time>2016-02-07T05:13:03Z</time>
			</trkpt>
			<trkpt lat="19.118061" lon="98.722816">
				<ele>850.172119</ele>
				<time>2016-02-07T05:13:04Z</time>
			</trkpt>
			<trkpt lat="19.118087" lon="98.722958">
				<ele>850.852539</ele>
				<time>2016-02-07T05:13:05Z</time>
			</trkpt>
			<trkpt lat="19.118094" lon="98.723072">
				<ele>850.742676</ele>
				<time>2016-02-07T05:13:06Z</time>
			</trkpt>
			<trkpt lat="19.118119" lon="98.723203">
				<ele>850.812012</ele>
				<time>2016-02-07T05:13:07Z</time>
			</trkpt>
			<trkpt lat="19.118042" lon="98.723340">
				<ele>850.004517</ele>
				<time>2016-02-07T05:13:08Z</time>
			</trkpt>
			<trkpt lat="19.118049" lon="98.723445">
				<ele>846.534912</ele>
				<time>2016-02-07T05:13:09Z</time>
			</trkpt>
			<trkpt lat="19.118051" lon="98.723554">
				<ele>845.363403</ele>
				<time>2016-02-07T05:13:10Z</time>
			</trkpt>
			<trkpt lat="19.118079" lon="98.723721">
				<ele>847.044312</ele>
				<time>2016-02-07T05:13:11Z</time>
			</trkpt>
			<trkpt lat="19.118101" lon="98.723883">
				<ele>845.137695</ele>
				<time>2016-02-07T05:13:12Z</time>
			</trkpt>
			<trkpt lat="19.118152" lon="98.724045">
				<ele>846.293213</ele>
				<time>2016-02-07T05:13:13Z</time>
			</trkpt>
			<trkpt lat="19.118213" lon="98.724227">
				<ele>844.584473</ele>
				<time>2016-02-07T05:13:14Z</time>
			</trkpt>
			<trkpt lat="19.118279" lon="98.724337">
				<ele>844.262573</ele>
				<time>2016-02-07T05:13:15Z</time>
			</trkpt>
			<trkpt lat="19.118331" lon="98.724476">
				<ele>844.312378</ele>
				<time>2016-02-07T05:13:16Z</time>
			</trkpt>
			<trkpt lat="19.118373" lon="98.724599">
				<ele>844.598877</ele>
				<time>2016-02-07T05:13:17Z</time>
			</trkpt>
			<trkpt lat="19.118383" lon="98.724728">
				<ele>845.734375</ele>
				<time>2016-02-07T05:13:18Z</time>
			</trkpt>
			<trkpt lat="19.118348" lon="98.724842">
				<ele>846.591919</ele>
				<time>2016-02-07T05:13:19Z</time>
			</trkpt>
			<trkpt lat="19.118157" lon="98.724991">
				<ele>848.306763</ele>
				<time>2016-02-07T05:13:20Z</time>
			</trkpt>
			<trkpt lat="19.118091" lon="98.725132">
				<ele>848.557983</ele>
				<time>2016-02-07T05:13:21Z</time>
			</trkpt>
			<trkpt lat="19.118050" lon="98.725284">
				<ele>848.662842</ele>
				<time>2016-02-07T05:13:22Z</time>
			</trkpt>
			<trkpt lat="19.118015" lon="98.725443">
				<ele>848.804443</ele>
				<time>2016-02-07T05:13:23Z</time>
			</trkpt>
			<trkpt lat="19.118037" lon="98.725585">
				<ele>848.513672</ele>
				<time>2016-02-07T05:13:24Z</time>
			</trkpt>
			<trkpt lat="19.118027" lon="98.725700">
				<ele>849.812744</ele>
				<time>2016-02-07T05:13:25Z</time>
			</trkpt>
			<trkpt lat="19.118076" lon="98.725830">
				<ele>849.286377</ele>
				<time>2016-02-07T05:13:26Z</time>
			</trkpt>
			<trkpt lat="19.118191" lon="98.725967">
				<ele>850.388672</ele>
				<time>2016-02-07T05:13:27Z</time>
			</trkpt>
			<trkpt lat="19.118246" lon="98.726102">
				<ele>850.909424</ele>
				<time>2016-02-07T05:13:28Z</time>
			</trkpt>
			<trkpt lat="19.118248" lon="98.726237">
				<ele>853.022705</ele>
				<time>2016-02-07T05:13:29Z</time>
			</trkpt>
			<trkpt lat="19.118280" lon="98.726379">
				<ele>853.401245</ele>
				<time>2016-02-07T05:13:30Z</time>
			</trkpt>
			<trkpt lat="19.118300" lon="98.726504">
				<ele>853.836914</ele>
				<time>2016-02-07T05:13:31Z</time>
			</trkpt>
			<trkpt lat="19.118270" lon="98.726612">
				<ele>856.057007</ele>
				<time>2016-02-07T05:13:32Z</time>
			</trkpt>
			<trkpt lat="19.118085" lon="98.726688">
				<ele>858.546021</ele>
				<time>2016-02-07T05:13:33Z</time>
			</trkpt>
			<trkpt lat="19.118007" lon="98.726790">
				<ele>860.105103</ele>
				<time>2016-02-07T05:13:34Z</time>
			</trkpt>
			<trkpt lat="19.117874" lon="98.726853">
				<ele>860.562378</ele>
				<time>2016-02-07T05:13:35Z</time>
			</trkpt>
			<trkpt lat="19.117734" lon="98.726892">
				<ele>861.276855</ele>
				<time>2016-02-07T05:13:36Z</time>
			</trkpt>
			<trkpt lat="19.117641" lon="98.726939">
				<ele>864.123413</ele>
				<time>2016-02-07T05:13:37Z</time>
			</trkpt>
			<trkpt lat="19.117519" lon="98.726996">
				<ele>865.869019</ele>
				<time>2016-02-07T05:13:38Z</time>
			</trkpt>
			<trkpt lat="19.117388" lon="98.727062">
				<ele>866.927002</ele>
				<time>2016-02-07T05:13:39Z</time>
			</trkpt>
			<trkpt lat="19.117344" lon="98.727130">
				<ele>864.633911</ele>
				<time>2016-02-07T05:13:40Z</time>
			</trkpt>
			<trkpt lat="19.117290" lon="98.727223">
				<ele>864.983643</ele>
				<time>2016-02-07T05:13:41Z</time>
			</trkpt>
			<trkpt lat="19.117280" lon="98.727345">
				<ele>865.418945</ele>
				<time>2016-02-07T05:13:42Z</time>
			</trkpt>
			<trkpt lat="19.117280" lon="98.727479">
				<ele>865.240234</ele>
				<time>2016-02-07T05:13:43Z</time>
			</trkpt>
			<trkpt lat="19.117297" lon="98.727619">
				<ele>864.346191</ele>
				<time>2016-02-07T05:13:44Z</time>
			</trkpt>
			<trkpt lat="19.117315" lon="98.727769">
				<ele>864.050781</ele>
				<time>2016-02-07T05:13:45Z</time>
			</trkpt>
			<trkpt lat="19.117317" lon="98.727906">
				<ele>865.190918</ele>
				<time>2016-02-07T05:13:46Z</time>
			</trkpt>
			<trkpt lat="19.117321" lon="98.728039">
				<ele>864.746460</ele>
				<time>2016-02-07T05:13:47Z</time>
			</trkpt>
			<trkpt lat="19.117320" lon="98.728163">
				<ele>864.491211</ele>
				<time>2016-02-07T05:13:48Z</time>
			</trkpt>
			<trkpt lat="19.117299" lon="98.728314">
				<ele>863.847168</ele>
				<time>2016-02-07T05:13:49Z</time>
			</trkpt>
			<trkpt lat="19.117227" lon="98.728436">
				<ele>863.028320</ele>
				<time>2016-02-07T05:13:50Z</time>
			</trkpt>
			<trkpt lat="19.117162" lon="98.728560">
				<ele>861.375000</ele>
				<time>2016-02-07T05:13:51Z</time>
			</trkpt>
			<trkpt lat="19.117056" lon="98.728649">
				<ele>861.758911</ele>
				<time>2016-02-07T05:13:52Z</time>
			</trkpt>
			<trkpt lat="19.116961" lon="98.728740">
				<ele>861.304443</ele>
				<time>2016-02-07T05:13:53Z</time>
			</trkpt>
			<trkpt lat="19.116886" lon="98.728834">
				<ele>861.211914</ele>
				<time>2016-02-07T05:13:54Z</time>
			</trkpt>
			<trkpt lat="19.116820" lon="98.728939">
				<ele>862.967041</ele>
				<time>2016-02-07T05:13:55Z</time>
			</trkpt>
			<trkpt lat="19.116758" lon="98.729054">
				<ele>863.030518</ele>
				<time>2016-02-07T05:13:56Z</time>
			</trkpt>
			<trkpt lat="19.116728" lon="98.729194">
				<ele>865.674561</ele>
				<time>2016-02-07T05:13:57Z</time>
			</trkpt>
			<trkpt lat="19.116713" lon="98.729353">
				<ele>865.391235</ele>
				<time>2016-02-07T05:13:58Z</time>
			</trkpt>
			<trkpt lat="19.116708" lon="98.729512">
				<ele>866.042480</ele>
				<time>2016-02-07T05:13:59Z</time>
			</trkpt>
			<trkpt lat="19.116707" lon="98.729659">
				<ele>866.486816</ele>
				<time>2016-02-07T05:14:00Z</time>
			</trkpt>
			<trkpt lat="19.116701" lon="98.729802">
				<ele>866.973022</ele>
				<time>2016-02-07T05:14:01Z</time>
			</trkpt>
			<trkpt lat="19.116682" lon="98.729945">
				<ele>867.684082</ele>
				<time>2016-02-07T05:14:02Z</time>
			</trkpt>
			<trkpt lat="19.116644" lon="98.730096">
				<ele>866.961670</ele>
				<time>2016-02-07T05:14:03Z</time>
			</trkpt>
			<trkpt lat="19.116561" lon="98.730236">
				<ele>867.776855</ele>
				<time>2016-02-07T05:14:04Z</time>
			</trkpt>
			<trkpt lat="19.116484" lon="98.730377">
				<ele>867.148438</ele>
				<time>2016-02-07T05:14:05Z</time>
			</trkpt>
			<trkpt lat="19.116406" lon="98.730497">
				<ele>865.935059</ele>
				<time>2016-02-07T05:14:06Z</time>
			</trkpt>
			<trkpt lat="19.116336" lon="98.730629">
				<ele>865.118774</ele>
				<time>2016-02-07T05:14:07Z</time>
			</trkpt>
			<trkpt lat="19.116292" lon="98.730756">
				<ele>864.980713</ele>
				<time>2016-02-07T05:14:08Z</time>
			</trkpt>
			<trkpt lat="19.116252" lon="98.730903">
				<ele>864.804443</ele>
				<time>2016-02-07T05:14:09Z</time>
			</trkpt>
			<trkpt lat="19.116249" lon="98.731051">
				<ele>863.680054</ele>
				<time>2016-02-07T05:14:10Z</time>
			</trkpt>
			<trkpt lat="19.116229" lon="98.731217">
				<ele>862.396362</ele>
				<time>2016-02-07T05:14:11Z</time>
			</trkpt>
			<trkpt lat="19.116200" lon="98.731377">
				<ele>861.787598</ele>
				<time>2016-02-07T05:14:12Z</time>
			</trkpt>
			<trkpt lat="19.116136" lon="98.731522">
				<ele>861.714600</ele>
				<time>2016-02-07T05:14:13Z</time>
			</trkpt>
			<trkpt lat="19.116091" lon="98.731665">
				<ele>861.761230</ele>
				<time>2016-02-07T05:14:14Z</time>
			</trkpt>
			<trkpt lat="19.116061" lon="98.731797">
				<ele>859.857910</ele>
				<time>2016-02-07T05:14:15Z</time>
			</trkpt>
			<trkpt lat="19.116052" lon="98.731917">
				<ele>859.287842</ele>
				<time>2016-02-07T05:14:16Z</time>
			</trkpt>
			<trkpt lat="19.116077" lon="98.732024">
				<ele>858.932739</ele>
				<time>2016-02-07T05:14:17Z</time>
			</trkpt>
			<trkpt lat="19.116133" lon="98.732142">
				<ele>859.008301</ele>
				<time>2016-02-07T05:14:18Z</time>
			</trkpt>
			<trkpt lat="19.116199" lon="98.732263">
				<ele>859.951660</ele>
				<time>2016-02-07T05:14:19Z</time>
			</trkpt>
			<trkpt lat="19.116313" lon="98.732384">
				<ele>862.562500</ele>
				<time>2016-02-07T05:14:20Z</time>
			</trkpt>
			<trkpt lat="19.116453" lon="98.732511">
				<ele>862.275269</ele>
				<time>2016-02-07T05:14:21Z</time>
			</trkpt>
			<trkpt lat="19.116554" lon="98.732630">
				<ele>862.960327</ele>
				<time>2016-02-07T05:14:22Z</time>
			</trkpt>
			<trkpt lat="19.116661" lon="98.732754">
				<ele>862.321289</ele>
				<time>2016-02-07T05:14:23Z</time>
			</trkpt>
			<trkpt lat="19.116778" lon="98.732882">
				<ele>862.527832</ele>
				<time>2016-02-07T05:14:24Z</time>
			</trkpt>
			<trkpt lat="19.116883" lon="98.733023">
				<ele>863.456909</ele>
				<time>2016-02-07T05:14:25Z</time>
			</trkpt>
			<trkpt lat="19.117007" lon="98.733133">
				<ele>864.165039</ele>
				<time>2016-02-07T05:14:26Z</time>
			</trkpt>
			<trkpt lat="19.117108" lon="98.733304">
				<ele>860.352783</ele>
				<time>2016-02-07T05:14:27Z</time>
			</trkpt>
			<trkpt lat="19.117233" lon="98.733437">
				<ele>858.393311</ele>
				<time>2016-02-07T05:14:28Z</time>
			</trkpt>
			<trkpt lat="19.117358" lon="98.733565">
				<ele>858.322266</ele>
				<time>2016-02-07T05:14:29Z</time>
			</trkpt>
			<trkpt lat="19.117492" lon="98.733713">
				<ele>855.943115</ele>
				<time>2016-02-07T05:14:30Z</time>
			</trkpt>
			<trkpt lat="19.117553" lon="98.733900">
				<ele>857.484741</ele>
				<time>2016-02-07T05:14:31Z</time>
			</trkpt>
			<trkpt lat="19.117637" lon="98.734081">
				<ele>857.492920</ele>
				<time>2016-02-07T05:14:32Z</time>
			</trkpt>
			<trkpt lat="19.117698" lon="98.734297">
				<ele>860.518555</ele>
				<time>2016-02-07T05:14:33Z</time>
			</trkpt>
			<trkpt lat="19.117774" lon="98.734538">
				<ele>863.156982</ele>
				<time>2016-02-07T05:14:34Z</time>
			</trkpt>
			<trkpt lat="19.117869" lon="98.734791">
				<ele>862.268066</ele>
				<time>2016-02-07T05:14:35Z</time>
			</trkpt>
			<trkpt lat="19.117947" lon="98.735045">
				<ele>862.881104</ele>
				<time>2016-02-07T05:14:36Z</time>
			</trkpt>
			<trkpt lat="19.118036" lon="98.735293">
				<ele>861.830078</ele>
				<time>2016-02-07T05:14:37Z</time>
			</trkpt>
			<trkpt lat="19.118123" lon="98.735555">
				<ele>862.312500</ele>
				<time>2016-02-07T05:14:38Z</time>
			</trkpt>
			<trkpt lat="19.118216" lon="98.735835">
				<ele>860.879150</ele>
				<time>2016-02-07T05:14:39Z</time>
			</trkpt>
			<trkpt lat="19.118324" lon="98.736065">
				<ele>860.081787</ele>
				<time>2016-02-07T05:14:40Z</time>
			</trkpt>
			<trkpt lat="19.118396" lon="98.736323">
				<ele>860.402344</ele>
				<time>2016-02-07T05:14:41Z</time>
			</trkpt>
			<trkpt lat="19.118541" lon="98.736504">
				<ele>861.595703</ele>
				<time>2016-02-07T05:14:42Z</time>
			</trkpt>
			<trkpt lat="19.118628" lon="98.736688">
				<ele>861.287476</ele>
				<time>2016-02-07T05:14:43Z</time>
			</trkpt>
			<trkpt lat="19.118753" lon="98.736854">
				<ele>861.984375</ele>
				<time>2016-02-07T05:14:44Z</time>
			</trkpt>
			<trkpt lat="19.118979" lon="98.736909">
				<ele>862.853271</ele>
				<time>2016-02-07T05:14:45Z</time>
			</trkpt>
			<trkpt lat="19.119148" lon="98.737032">
				<ele>864.290771</ele>
				<time>2016-02-07T05:14:46Z</time>
			</trkpt>
			<trkpt lat="19.119330" lon="98.737141">
				<ele>864.390625</ele>
				<time>2016-02-07T05:14:47Z</time>
			</trkpt>
			<trkpt lat="19.119546" lon="98.737193">
				<ele>867.212402</ele>
				<time>2016-02-07T05:14:48Z</time>
			</trkpt>
			<trkpt lat="19.119765" lon="98.737274">
				<ele>868.569092</ele>
				<time>2016-02-07T05:14:49Z</time>
			</trkpt>
			<trkpt lat="19.119964" lon="98.737377">
				<ele>867.972656</ele>
				<time>2016-02-07T05:14:50Z</time>
			</trkpt>
			<trkpt lat="19.120181" lon="98.737474">
				<ele>868.360107</ele>
				<time>2016-02-07T05:14:51Z</time>
			</trkpt>
			<trkpt lat="19.120358" lon="98.737527">
				<ele>870.834351</ele>
				<time>2016-02-07T05:14:52Z</time>
			</trkpt>
			<trkpt lat="19.120570" lon="98.737574">
				<ele>871.669922</ele>
				<time>2016-02-07T05:14:53Z</time>
			</trkpt>
			<trkpt lat="19.120804" lon="98.737567">
				<ele>872.163330</ele>
				<time>2016-02-07T05:14:54Z</time>
			</trkpt>
			<trkpt lat="19.121023" lon="98.737585">
				<ele>872.477539</ele>
				<time>2016-02-07T05:14:55Z</time>
			</trkpt>
			<trkpt lat="19.121248" lon="98.737588">
				<ele>874.163574</ele>
				<time>2016-02-07T05:14:56Z</time>
			</trkpt>
			<trkpt lat="19.121467" lon="98.737580">
				<ele>876.310669</ele>
				<time>2016-02-07T05:14:57Z</time>
			</trkpt>
			<trkpt lat="19.121674" lon="98.737580">
				<ele>875.146973</ele>
				<time>2016-02-07T05:14:58Z</time>
			</trkpt>
			<trkpt lat="19.121868" lon="98.737539">
				<ele>877.590454</ele>
				<time>2016-02-07T05:14:59Z</time>
			</trkpt>
			<trkpt lat="19.122019" lon="98.737502">
				<ele>879.544800</ele>
				<time>2016-02-07T05:15:00Z</time>
			</trkpt>
			<trkpt lat="19.122210" lon="98.737466">
				<ele>880.301025</ele>
				<time>2016-02-07T05:15:01Z</time>
			</trkpt>
			<trkpt lat="19.122374" lon="98.737416">
				<ele>881.853760</ele>
				<time>2016-02-07T05:15:02Z</time>
			</trkpt>
			<trkpt lat="19.122459" lon="98.737280">
				<ele>881.353638</ele>
				<time>2016-02-07T05:15:03Z</time>
			</trkpt>
			<trkpt lat="19.122579" lon="98.737210">
				<ele>882.087402</ele>
				<time>2016-02-07T05:15:04Z</time>
			</trkpt>
			<trkpt lat="19.122682" lon="98.737089">
				<ele>883.860596</ele>
				<time>2016-02-07T05:15:05Z</time>
			</trkpt>
			<trkpt lat="19.122722" lon="98.736961">
				<ele>886.003784</ele>
				<time>2016-02-07T05:15:06Z</time>
			</trkpt>
			<trkpt lat="19.122797" lon="98.736831">
				<ele>887.133057</ele>
				<time>2016-02-07T05:15:07Z</time>
			</trkpt>
			<trkpt lat="19.122814" lon="98.736650">
				<ele>887.677734</ele>
				<time>2016-02-07T05:15:08Z</time>
			</trkpt>
			<trkpt lat="19.122851" lon="98.736514">
				<ele>889.418701</ele>
				<time>2016-02-07T05:15:09Z</time>
			</trkpt>
			<trkpt lat="19.122916" lon="98.736401">
				<ele>889.043457</ele>
				<time>2016-02-07T05:15:10Z</time>
			</trkpt>
			<trkpt lat="19.123046" lon="98.736305">
				<ele>889.277344</ele>
				<time>2016-02-07T05:15:11Z</time>
			</trkpt>
			<trkpt lat="19.123114" lon="98.736156">
				<ele>890.673096</ele>
				<time>2016-02-07T05:15:12Z</time>
			</trkpt>
			<trkpt lat="19.123211" lon="98.736022">
				<ele>890.734253</ele>
				<time>2016-02-07T05:15:13Z</time>
			</trkpt>
			<trkpt lat="19.123263" lon="98.735894">
				<ele>890.696533</ele>
				<time>2016-02-07T05:15:14Z</time>
			</trkpt>
			<trkpt lat="19.123320" lon="98.735778">
				<ele>892.807983</ele>
				<time>2016-02-07T05:15:15Z</time>
			</trkpt>
			<trkpt lat="19.123394" lon="98.735681">
				<ele>893.111572</ele>
				<time>2016-02-07T05:15:16Z</time>
			</trkpt>
			<trkpt lat="19.123430" lon="98.735594">
				<ele>891.293579</ele>
				<time>2016-02-07T05:15:17Z</time>
			</trkpt>
			<trkpt lat="19.123525" lon="98.735533">
				<ele>891.164917</ele>
				<time>2016-02-07T05:15:18Z</time>
			</trkpt>
			<trkpt lat="19.123656" lon="98.735532">
				<ele>890.922607</ele>
				<time>2016-02-07T05:15:19Z</time>
			</trkpt>
			<trkpt lat="19.123801" lon="98.735614">
				<ele>889.282593</ele>
				<time>2016-02-07T05:15:20Z</time>
			</trkpt>
			<trkpt lat="19.123895" lon="98.735617">
				<ele>888.250732</ele>
				<time>2016-02-07T05:15:21Z</time>
			</trkpt>
			<trkpt lat="19.123989" lon="98.735581">
				<ele>886.891846</ele>
				<time>2016-02-07T05:15:22Z</time>
			</trkpt>
			<trkpt lat="19.124083" lon="98.735547">
				<ele>887.671143</ele>
				<time>2016-02-07T05:15:23Z</time>
			</trkpt>
			<trkpt lat="19.124177" lon="98.735465">
				<ele>886.710205</ele>
				<time>2016-02-07T05:15:24Z</time>
			</trkpt>
			<trkpt lat="19.124260" lon="98.735356">
				<ele>887.812866</ele>
				<time>2016-02-07T05:15:25Z</time>
			</trkpt>
			<trkpt lat="19.124299" lon="98.735264">
				<ele>887.606689</ele>
				<time>2016-02-07T05:15:26Z</time>
			</trkpt>
			<trkpt lat="19.124338" lon="98.735183">
				<ele>887.069336</ele>
				<time>2016-02-07T05:15:27Z</time>
			</trkpt>
			<trkpt lat="19.124449" lon="98.735140">
				<ele>887.930664</ele>
				<time>2016-02-07T05:15:28Z</time>
			</trkpt>
			<trkpt lat="19.124504" lon="98.735112">
				<ele>887.586426</ele>
				<time>2016-02-07T05:15:29Z</time>
			</trkpt>
			<trkpt lat="19.124555" lon="98.735130">
				<ele>885.677490</ele>
				<time>2016-02-07T05:15:30Z</time>
			</trkpt>
			<trkpt lat="19.124604" lon="98.735168">
				<ele>885.483887</ele>
				<time>2016-02-07T05:15:31Z</time>
			</trkpt>
			<trkpt lat="19.124662" lon="98.735263">
				<ele>884.547119</ele>
				<time>2016-02-07T05:15:32Z</time>
			</trkpt>
			<trkpt lat="19.124698" lon="98.735322">
				<ele>884.342285</ele>
				<time>2016-02-07T05:15:33Z</time>
			</trkpt>
			<trkpt lat="19.124685" lon="98.735427">
				<ele>882.320312</ele>
				<time>2016-02-07T05:15:34Z</time>
			</trkpt>
			<trkpt lat="19.124684" lon="98.735592">
				<ele>878.268921</ele>
				<time>2016-02-07T05:15:35Z</time>
			</trkpt>
			<trkpt lat="19.124657" lon="98.735666">
				<ele>878.591431</ele>
				<time>2016-02-07T05:15:36Z</time>
			</trkpt>
			<trkpt lat="19.124583" lon="98.735755">
				<ele>878.871338</ele>
				<time>2016-02-07T05:15:37Z</time>
			</trkpt>
			<trkpt lat="19.124459" lon="98.735864">
				<ele>879.357422</ele>
				<time>2016-02-07T05:15:38Z</time>
			</trkpt>
			<trkpt lat="19.124413" lon="98.736028">
				<ele>877.762695</ele>
				<time>2016-02-07T05:15:39Z</time>
			</trkpt>
			<trkpt lat="19.124386" lon="98.736185">
				<ele>877.196411</ele>
				<time>2016-02-07T05:15:40Z</time>
			</trkpt>
			<trkpt lat="19.124384" lon="98.736333">
				<ele>875.273193</ele>
				<time>2016-02-07T05:15:41Z</time>
			</trkpt>
			<trkpt lat="19.124412" lon="98.736502">
				<ele>873.823486</ele>
				<time>2016-02-07T05:15:42Z</time>
			</trkpt>
			<trkpt lat="19.124424" lon="98.736661">
				<ele>871.677002</ele>
				<time>2016-02-07T05:15:43Z</time>
			</trkpt>
			<trkpt lat="19.124418" lon="98.736826">
				<ele>869.955811</ele>
				<time>2016-02-07T05:15:44Z</time>
			</trkpt>
			<trkpt lat="19.124405" lon="98.736977">
				<ele>869.854980</ele>
				<time>2016-02-07T05:15:45Z</time>
			</trkpt>
			<trkpt lat="19.124368" lon="98.737124">
				<ele>869.101807</ele>
				<time>2016-02-07T05:15:46Z</time>
			</trkpt>
			<trkpt lat="19.124302" lon="98.737244">
				<ele>869.779297</ele>
				<time>2016-02-07T05:15:47Z</time>
			</trkpt>
			<trkpt lat="19.124231" lon="98.737356">
				<ele>868.937866</ele>
				<time>2016-02-07T05:15:48Z</time>
			</trkpt>
			<trkpt lat="19.124082" lon="98.737444">
				<ele>867.200928</ele>
				<time>2016-02-07T05:15:49Z</time>
			</trkpt>
			<trkpt lat="19.123952" lon="98.737532">
				<ele>865.693237</ele>
				<time>2016-02-07T05:15:50Z</time>
			</trkpt>
			<trkpt lat="19.123834" lon="98.737589">
				<ele>864.559448</ele>
				<time>2016-02-07T05:15:51Z</time>
			</trkpt>
			<trkpt lat="19.123728" lon="98.737674">
				<ele>863.152100</ele>
				<time>2016-02-07T05:15:52Z</time>
			</trkpt>
			<trkpt lat="19.123626" lon="98.737744">
				<ele>861.135742</ele>
				<time>2016-02-07T05:15:53Z</time>
			</trkpt>
			<trkpt lat="19.123555" lon="98.737829">
				<ele>860.223145</ele>
				<time>2016-02-07T05:15:54Z</time>
			</trkpt>
			<trkpt lat="19.123477" lon="98.737920">
				<ele>858.282715</ele>
				<time>2016-02-07T05:15:55Z</time>
			</trkpt>
			<trkpt lat="19.123443" lon="98.738023">
				<ele>857.276611</ele>
				<time>2016-02-07T05:15:56Z</time>
			</trkpt>
			<trkpt lat="19.123517" lon="98.738174">
				<ele>854.570679</ele>
				<time>2016-02-07T05:15:57Z</time>
			</trkpt>
			<trkpt lat="19.123534" lon="98.738318">
				<ele>853.659424</ele>
				<time>2016-02-07T05:15:58Z</time>
			</trkpt>
			<trkpt lat="19.123557" lon="98.738454">
				<ele>853.917236</ele>
				<time>2016-02-07T05:15:59Z</time>
			</trkpt>
			<trkpt lat="19.123554" lon="98.738604">
				<ele>853.989258</ele>
				<time>2016-02-07T05:16:00Z</time>
			</trkpt>
			<trkpt lat="19.123533" lon="98.738754">
				<ele>852.951660</ele>
				<time>2016-02-07T05:16:01Z</time>
			</trkpt>
			<trkpt lat="19.123520" lon="98.738900">
				<ele>850.329956</ele>
				<time>2016-02-07T05:16:02Z</time>
			</trkpt>
			<trkpt lat="19.123544" lon="98.739054">
				<ele>847.644043</ele>
				<time>2016-02-07T05:16:03Z</time>
			</trkpt>
			<trkpt lat="19.123571" lon="98.739205">
				<ele>846.907471</ele>
				<time>2016-02-07T05:16:04Z</time>
			</trkpt>
			<trkpt lat="19.123631" lon="98.739360">
				<ele>845.690552</ele>
				<time>2016-02-07T05:16:05Z</time>
			</trkpt>
			<trkpt lat="19.123686" lon="98.739533">
				<ele>844.226685</ele>
				<time>2016-02-07T05:16:06Z</time>
			</trkpt>
			<trkpt lat="19.123728" lon="98.739691">
				<ele>842.904053</ele>
				<time>2016-02-07T05:16:07Z</time>
			</trkpt>
			<trkpt lat="19.123786" lon="98.739845">
				<ele>841.978760</ele>
				<time>2016-02-07T05:16:08Z</time>
			</trkpt>
			<trkpt lat="19.123826" lon="98.739974">
				<ele>842.317627</ele>
				<time>2016-02-07T05:16:09Z</time>
			</trkpt>
			<trkpt lat="19.123836" lon="98.740078">
				<ele>842.472046</ele>
				<time>2016-02-07T05:16:10Z</time>
			</trkpt>
			<trkpt lat="19.123853" lon="98.740211">
				<ele>840.750977</ele>
				<time>2016-02-07T05:16:11Z</time>
			</trkpt>
			<trkpt lat="19.123867" lon="98.740336">
				<ele>839.183838</ele>
				<time>2016-02-07T05:16:12Z</time>
			</trkpt>
			<trkpt lat="19.123889" lon="98.740472">
				<ele>837.984619</ele>
				<time>2016-02-07T05:16:13Z</time>
			</trkpt>
			<trkpt lat="19.123842" lon="98.740577">
				<ele>838.130127</ele>
				<time>2016-02-07T05:16:14Z</time>
			</trkpt>
			<trkpt lat="19.123726" lon="98.740653">
				<ele>837.817261</ele>
				<time>2016-02-07T05:16:15Z</time>
			</trkpt>
			<trkpt lat="19.123662" lon="98.740771">
				<ele>836.025146</ele>
				<time>2016-02-07T05:16:16Z</time>
			</trkpt>
			<trkpt lat="19.123635" lon="98.740880">
				<ele>835.094482</ele>
				<time>2016-02-07T05:16:17Z</time>
			</trkpt>
			<trkpt lat="19.123605" lon="98.740978">
				<ele>834.781494</ele>
				<time>2016-02-07T05:16:18Z</time>
			</trkpt>
			<trkpt lat="19.123577" lon="98.741047">
				<ele>832.663086</ele>
				<time>2016-02-07T05:16:19Z</time>
			</trkpt>
			<trkpt lat="19.123532" lon="98.741143">
				<ele>832.598022</ele>
				<time>2016-02-07T05:16:20Z</time>
			</trkpt>
			<trkpt lat="19.123592" lon="98.741311">
				<ele>830.462891</ele>
				<time>2016-02-07T05:16:21Z</time>
			</trkpt>
			<trkpt lat="19.123678" lon="98.741501">
				<ele>828.231201</ele>
				<time>2016-02-07T05:16:22Z</time>
			</trkpt>
			<trkpt lat="19.123734" lon="98.741638">
				<ele>827.743896</ele>
				<time>2016-02-07T05:16:23Z</time>
			</trkpt>
			<trkpt lat="19.123855" lon="98.741787">
				<ele>824.232422</ele>
				<time>2016-02-07T05:16:24Z</time>
			</trkpt>
			<trkpt lat="19.123950" lon="98.741923">
				<ele>823.002563</ele>
				<time>2016-02-07T05:16:25Z</time>
			</trkpt>
			<trkpt lat="19.124118" lon="98.742041">
				<ele>820.177002</ele>
				<time>2016-02-07T05:16:26Z</time>
			</trkpt>
			<trkpt lat="19.124290" lon="98.742020">
				<ele>817.181274</ele>
				<time>2016-02-07T05:16:27Z</time>
			</trkpt>
			<trkpt lat="19.124453" lon="98.742058">
				<ele>814.420044</ele>
				<time>2016-02-07T05:16:28Z</time>
			</trkpt>
			<trkpt lat="19.124594" lon="98.742063">
				<ele>813.056396</ele>
				<time>2016-02-07T05:16:29Z</time>
			</trkpt>
			<trkpt lat="19.124728" lon="98.742059">
				<ele>809.941162</ele>
				<time>2016-02-07T05:16:30Z</time>
			</trkpt>
			<trkpt lat="19.124851" lon="98.742052">
				<ele>806.892456</ele>
				<time>2016-02-07T05:16:31Z</time>
			</trkpt>
			<trkpt lat="19.124980" lon="98.742037">
				<ele>804.897217</ele>
				<time>2016-02-07T05:16:32Z</time>
			</trkpt>
			<trkpt lat="19.125075" lon="98.742030">
				<ele>802.187744</ele>
				<time>2016-02-07T05:16:33Z</time>
			</trkpt>
			<trkpt lat="19.125182" lon="98.742033">
				<ele>799.469727</ele>
				<time>2016-02-07T05:16:34Z</time>
			</trkpt>
			<trkpt lat="19.125273" lon="98.742029">
				<ele>798.112915</ele>
				<time>2016-02-07T05:16:35Z</time>
			</trkpt>
			<trkpt lat="19.125338" lon="98.742062">
				<ele>798.385620</ele>
				<time>2016-02-07T05:16:36Z</time>
			</trkpt>
			<trkpt lat="19.125408" lon="98.742105">
				<ele>798.364014</ele>
				<time>2016-02-07T05:16:37Z</time>
			</trkpt>
			<trkpt lat="19.125441" lon="98.742164">
				<ele>798.392456</ele>
				<time>2016-02-07T05:16:38Z</time>
			</trkpt>
			<trkpt lat="19.125476" lon="98.742255">
				<ele>798.640381</ele>
				<time>2016-02-07T05:16:39Z</time>
			</trkpt>
			<trkpt lat="19.125422" lon="98.742327">
				<ele>798.983154</ele>
				<time>2016-02-07T05:16:40Z</time>
			</trkpt>
			<trkpt lat="19.125371" lon="98.742373">
				<ele>797.854248</ele>
				<time>2016-02-07T05:16:41Z</time>
			</trkpt>
			<trkpt lat="19.125319" lon="98.742547">
				<ele>795.643555</ele>
				<time>2016-02-07T05:16:42Z</time>
			</trkpt>
			<trkpt lat="19.125303" lon="98.742708">
				<ele>793.894043</ele>
				<time>2016-02-07T05:16:43Z</time>
			</trkpt>
			<trkpt lat="19.125282" lon="98.742843">
				<ele>791.330688</ele>
				<time>2016-02-07T05:16:44Z</time>
			</trkpt>
			<trkpt lat="19.125237" lon="98.742980">
				<ele>791.074341</ele>
				<time>2016-02-07T05:16:45Z</time>
			</trkpt>
			<trkpt lat="19.125219" lon="98.743097">
				<ele>789.329346</ele>
				<time>2016-02-07T05:16:46Z</time>
			</trkpt>
			<trkpt lat="19.125166" lon="98.743261">
				<ele>785.316650</ele>
				<time>2016-02-07T05:16:47Z</time>
			</trkpt>
			<trkpt lat="19.125161" lon="98.743400">
				<ele>783.512207</ele>
				<time>2016-02-07T05:16:48Z</time>
			</trkpt>
			<trkpt lat="19.125172" lon="98.743542">
				<ele>783.441895</ele>
				<time>2016-02-07T05:16:49Z</time>
			</trkpt>
			<trkpt lat="19.125238" lon="98.743532">
				<ele>782.395386</ele>
				<time>2016-02-07T05:16:50Z</time>
			</trkpt>
			<trkpt lat="19.125325" lon="98.743620">
				<ele>781.230225</ele>
				<time>2016-02-07T05:16:51Z</time>
			</trkpt>
			<trkpt lat="19.125447" lon="98.743682">
				<ele>780.770996</ele>
				<time>2016-02-07T05:16:52Z</time>
			</trkpt>
			<trkpt lat="19.125610" lon="98.743693">
				<ele>780.307373</ele>
				<time>2016-02-07T05:16:53Z</time>
			</trkpt>
			<trkpt lat="19.125716" lon="98.743725">
				<ele>776.976685</ele>
				<time>2016-02-07T05:16:54Z</time>
			</trkpt>
			<trkpt lat="19.125828" lon="98.743742">
				<ele>773.185547</ele>
				<time>2016-02-07T05:16:55Z</time>
			</trkpt>
			<trkpt lat="19.125887" lon="98.743798">
				<ele>773.820435</ele>
				<time>2016-02-07T05:16:56Z</time>
			</trkpt>
			<trkpt lat="19.125949" lon="98.743841">
				<ele>773.114990</ele>
				<time>2016-02-07T05:16:57Z</time>
			</trkpt>
			<trkpt lat="19.125966" lon="98.743877">
				<ele>773.751587</ele>
				<time>2016-02-07T05:16:58Z</time>
			</trkpt>
			<trkpt lat="19.125912" lon="98.743944">
				<ele>773.126221</ele>
				<time>2016-02-07T05:16:59Z</time>
			</trkpt>
			<trkpt lat="19.125835" lon="98.744008">
				<ele>772.594971</ele>
				<time>2016-02-07T05:17:00Z</time>
			</trkpt>
			<trkpt lat="19.125720" lon="98.744071">
				<ele>772.051147</ele>
				<time>2016-02-07T05:17:01Z</time>
			</trkpt>
			<trkpt lat="19.125578" lon="98.744153">
				<ele>771.044067</ele>
				<time>2016-02-07T05:17:02Z</time>
			</trkpt>
			<trkpt lat="19.125390" lon="98.744263">
				<ele>771.432617</ele>
				<time>2016-02-07T05:17:03Z</time>
			</trkpt>
			<trkpt lat="19.125292" lon="98.744337">
				<ele>772.245850</ele>
				<time>2016-02-07T05:17:04Z</time>
			</trkpt>
			<trkpt lat="19.125243" lon="98.744432">
				<ele>774.168701</ele>
				<time>2016-02-07T05:17:05Z</time>
			</trkpt>
			<trkpt lat="19.125209" lon="98.744555">
				<ele>771.716309</ele>
				<time>2016-02-07T05:17:06Z</time>
			</trkpt>
			<trkpt lat="19.125250" lon="98.744715">
				<ele>769.642944</ele>
				<time>2016-02-07T05:17:07Z</time>
			</trkpt>
			<trkpt lat="19.125267" lon="98.744861">
				<ele>769.012085</ele>
				<time>2016-02-07T05:17:08Z</time>
			</trkpt>
			<trkpt lat="19.125292" lon="98.745009">
				<ele>767.947266</ele>
				<time>2016-02-07T05:17:09Z</time>
			</trkpt>
			<trkpt lat="19.125319" lon="98.745146">
				<ele>765.790039</ele>
				<time>2016-02-07T05:17:10Z</time>
			</trkpt>
			<trkpt lat="19.125342" lon="98.745300">
				<ele>765.353027</ele>
				<time>2016-02-07T05:17:11Z</time>
			</trkpt>
			<trkpt lat="19.125337" lon="98.745478">
				<ele>762.496338</ele>
				<time>2016-02-07T05:17:12Z</time>
			</trkpt>
			<trkpt lat="19.125310" lon="98.745653">
				<ele>760.503540</ele>
				<time>2016-02-07T05:17:13Z</time>
			</trkpt>
			<trkpt lat="19.125291" lon="98.745822">
				<ele>758.755127</ele>
				<time>2016-02-07T05:17:14Z</time>
			</trkpt>
			<trkpt lat="19.125271" lon="98.745989">
				<ele>756.969238</ele>
				<time>2016-02-07T05:17:15Z</time>
			</trkpt>
			<trkpt lat="19.125263" lon="98.746152">
				<ele>754.953613</ele>
				<time>2016-02-07T05:17:16Z</time>
			</trkpt>
			<trkpt lat="19.125256" lon="98.746314">
				<ele>753.732910</ele>
				<time>2016-02-07T05:17:17Z</time>
			</trkpt>
			<trkpt lat="19.125278" lon="98.746384">
				<ele>753.280518</ele>
				<time>2016-02-07T05:17:18Z</time>
			</trkpt>
			<trkpt lat="19.125273" lon="98.746486">
				<ele>752.254883</ele>
				<time>2016-02-07T05:17:19Z</time>
			</trkpt>
			<trkpt lat="19.125244" lon="98.746592">
				<ele>751.319214</ele>
				<time>2016-02-07T05:17:20Z</time>
			</trkpt>
			<trkpt lat="19.125203" lon="98.746660">
				<ele>750.493042</ele>
				<time>2016-02-07T05:17:21Z</time>
			</trkpt>
			<trkpt lat="19.125174" lon="98.746711">
				<ele>750.041992</ele>
				<time>2016-02-07T05:17:22Z</time>
			</trkpt>
			<trkpt lat="19.125110" lon="98.746744">
				<ele>749.865356</ele>
				<time>2016-02-07T05:17:23Z</time>
			</trkpt>
			<trkpt lat="19.125023" lon="98.746738">
				<ele>749.199585</ele>
				<time>2016-02-07T05:17:24Z</time>
			</trkpt>
			<trkpt lat="19.124946" lon="98.746723">
				<ele>748.125488</ele>
				<time>2016-02-07T05:17:25Z</time>
			</trkpt>
			<trkpt lat="19.124822" lon="98.746635">
				<ele>746.185669</ele>
				<time>2016-02-07T05:17:26Z</time>
			</trkpt>
			<trkpt lat="19.124751" lon="98.746642">
				<ele>743.951416</ele>
				<time>2016-02-07T05:17:27Z</time>
			</trkpt>
			<trkpt lat="19.124738" lon="98.746559">
				<ele>743.964844</ele>
				<time>2016-02-07T05:17:28Z</time>
			</trkpt>
			<trkpt lat="19.124734" lon="98.746448">
				<ele>744.456299</ele>
				<time>2016-02-07T05:17:29Z</time>
			</trkpt>
			<trkpt lat="19.124744" lon="98.746244">
				<ele>742.523438</ele>
				<time>2016-02-07T05:17:30Z</time>
			</trkpt>
			<trkpt lat="19.124814" lon="98.746056">
				<ele>742.495972</ele>
				<time>2016-02-07T05:17:31Z</time>
			</trkpt>
			<trkpt lat="19.124820" lon="98.745911">
				<ele>742.487427</ele>
				<time>2016-02-07T05:17:32Z</time>
			</trkpt>
			<trkpt lat="19.124844" lon="98.745734">
				<ele>742.544189</ele>
				<time>2016-02-07T05:17:33Z</time>
			</trkpt>
			<trkpt lat="19.124781" lon="98.745665">
				<ele>742.032227</ele>
				<time>2016-02-07T05:17:34Z</time>
			</trkpt>
			<trkpt lat="19.124746" lon="98.745626">
				<ele>740.545898</ele>
				<time>2016-02-07T05:17:35Z</time>
			</trkpt>
			<trkpt lat="19.124701" lon="98.745505">
				<ele>741.036255</ele>
				<time>2016-02-07T05:17:36Z</time>
			</trkpt>
			<trkpt lat="19.124647" lon="98.745450">
				<ele>738.596191</ele>
				<time>2016-02-07T05:17:37Z</time>
			</trkpt>
			<trkpt lat="19.124531" lon="98.745460">
				<ele>738.484619</ele>
				<time>2016-02-07T05:17:38Z</time>
			</trkpt>
			<trkpt lat="19.124361" lon="98.745543">
				<ele>738.244629</ele>
				<time>2016-02-07T05:17:39Z</time>
			</trkpt>
			<trkpt lat="19.124201" lon="98.745602">
				<ele>738.909180</ele>
				<time>2016-02-07T05:17:40Z</time>
			</trkpt>
			<trkpt lat="19.124024" lon="98.745685">
				<ele>738.822266</ele>
				<time>2016-02-07T05:17:41Z</time>
			</trkpt>
			<trkpt lat="19.123885" lon="98.745752">
				<ele>739.665771</ele>
				<time>2016-02-07T05:17:42Z</time>
			</trkpt>
			<trkpt lat="19.123775" lon="98.745835">
				<ele>737.295166</ele>
				<time>2016-02-07T05:17:43Z</time>
			</trkpt>
			<trkpt lat="19.123688" lon="98.745941">
				<ele>736.743652</ele>
				<time>2016-02-07T05:17:44Z</time>
			</trkpt>
			<trkpt lat="19.123637" lon="98.746055">
				<ele>733.014893</ele>
				<time>2016-02-07T05:17:45Z</time>
			</trkpt>
			<trkpt lat="19.123611" lon="98.746169">
				<ele>730.973999</ele>
				<time>2016-02-07T05:17:46Z</time>
			</trkpt>
			<trkpt lat="19.123621" lon="98.746287">
				<ele>728.731934</ele>
				<time>2016-02-07T05:17:47Z</time>
			</trkpt>
			<trkpt lat="19.123626" lon="98.746405">
				<ele>727.900635</ele>
				<time>2016-02-07T05:17:48Z</time>
			</trkpt>
			<trkpt lat="19.123671" lon="98.746518">
				<ele>730.636230</ele>
				<time>2016-02-07T05:17:49Z</time>
			</trkpt>
			<trkpt lat="19.123751" lon="98.746627">
				<ele>731.315552</ele>
				<time>2016-02-07T05:17:50Z</time>
			</trkpt>
			<trkpt lat="19.123847" lon="98.746683">
				<ele>729.333618</ele>
				<time>2016-02-07T05:17:51Z</time>
			</trkpt>
			<trkpt lat="19.123924" lon="98.746757">
				<ele>729.182129</ele>
				<time>2016-02-07T05:17:52Z</time>
			</trkpt>
			<trkpt lat="19.123982" lon="98.746840">
				<ele>729.169189</ele>
				<time>2016-02-07T05:17:53Z</time>
			</trkpt>
			<trkpt lat="19.123946" lon="98.746943">
				<ele>727.670898</ele>
				<time>2016-02-07T05:17:54Z</time>
			</trkpt>
			<trkpt lat="19.123944" lon="98.747049">
				<ele>725.795410</ele>
				<time>2016-02-07T05:17:55Z</time>
			</trkpt>
			<trkpt lat="19.123846" lon="98.747193">
				<ele>723.933838</ele>
				<time>2016-02-07T05:17:56Z</time>
			</trkpt>
			<trkpt lat="19.123821" lon="98.747294">
				<ele>720.514648</ele>
				<time>2016-02-07T05:17:57Z</time>
			</trkpt>
			<trkpt lat="19.123807" lon="98.747427">
				<ele>719.978271</ele>
				<time>2016-02-07T05:17:58Z</time>
			</trkpt>
			<trkpt lat="19.123812" lon="98.747539">
				<ele>718.844238</ele>
				<time>2016-02-07T05:17:59Z</time>
			</trkpt>
			<trkpt lat="19.123923" lon="98.747649">
				<ele>717.332031</ele>
				<time>2016-02-07T05:18:00Z</time>
			</trkpt>
			<trkpt lat="19.124031" lon="98.747823">
				<ele>717.128418</ele>
				<time>2016-02-07T05:18:01Z</time>
			</trkpt>
			<trkpt lat="19.124187" lon="98.747898">
				<ele>715.312866</ele>
				<time>2016-02-07T05:18:02Z</time>
			</trkpt>
			<trkpt lat="19.124312" lon="98.747961">
				<ele>714.618042</ele>
				<time>2016-02-07T05:18:03Z</time>
			</trkpt>
			<trkpt lat="19.124445" lon="98.748022">
				<ele>714.685303</ele>
				<time>2016-02-07T05:18:04Z</time>
			</trkpt>
			<trkpt lat="19.124597" lon="98.748078">
				<ele>714.913330</ele>
				<time>2016-02-07T05:18:05Z</time>
			</trkpt>
			<trkpt lat="19.124740" lon="98.748103">
				<ele>715.126587</ele>
				<time>2016-02-07T05:18:06Z</time>
			</trkpt>
			<trkpt lat="19.124912" lon="98.748136">
				<ele>714.124756</ele>
				<time>2016-02-07T05:18:07Z</time>
			</trkpt>
			<trkpt lat="19.125116" lon="98.748181">
				<ele>713.845703</ele>
				<time>2016-02-07T05:18:08Z</time>
			</trkpt>
			<trkpt lat="19.125287" lon="98.748223">
				<ele>713.602295</ele>
				<time>2016-02-07T05:18:09Z</time>
			</trkpt>
			<trkpt lat="19.125453" lon="98.748268">
				<ele>713.207397</ele>
				<time>2016-02-07T05:18:10Z</time>
			</trkpt>
			<trkpt lat="19.125610" lon="98.748336">
				<ele>711.928711</ele>
				<time>2016-02-07T05:18:11Z</time>
			</trkpt>
			<trkpt lat="19.125763" lon="98.748406">
				<ele>711.825684</ele>
				<time>2016-02-07T05:18:12Z</time>
			</trkpt>
			<trkpt lat="19.125893" lon="98.748535">
				<ele>710.250366</ele>
				<time>2016-02-07T05:18:13Z</time>
			</trkpt>
			<trkpt lat="19.126028" lon="98.748647">
				<ele>709.436279</ele>
				<time>2016-02-07T05:18:14Z</time>
			</trkpt>
			<trkpt lat="19.126126" lon="98.748750">
				<ele>706.247559</ele>
				<time>2016-02-07T05:18:15Z</time>
			</trkpt>
			<trkpt lat="19.126238" lon="98.748878">
				<ele>703.734619</ele>
				<time>2016-02-07T05:18:16Z</time>
			</trkpt>
			<trkpt lat="19.126329" lon="98.749009">
				<ele>701.874756</ele>
				<time>2016-02-07T05:18:17Z</time>
			</trkpt>
			<trkpt lat="19.126345" lon="98.749191">
				<ele>698.750244</ele>
				<time>2016-02-07T05:18:18Z</time>
			</trkpt>
			<trkpt lat="19.126365" lon="98.749387">
				<ele>698.561768</ele>
				<time>2016-02-07T05:18:19Z</time>
			</trkpt>
			<trkpt lat="19.126398" lon="98.749575">
				<ele>696.496826</ele>
				<time>2016-02-07T05:18:20Z</time>
			</trkpt>
			<trkpt lat="19.126423" lon="98.749772">
				<ele>696.483398</ele>
				<time>2016-02-07T05:18:21Z</time>
			</trkpt>
			<trkpt lat="19.126438" lon="98.749975">
				<ele>695.422852</ele>
				<time>2016-02-07T05:18:22Z</time>
			</trkpt>
			<trkpt lat="19.126448" lon="98.750173">
				<ele>695.946045</ele>
				<time>2016-02-07T05:18:23Z</time>
			</trkpt>
			<trkpt lat="19.126470" lon="98.750386">
				<ele>694.964111</ele>
				<time>2016-02-07T05:18:24Z</time>
			</trkpt>
			<trkpt lat="19.126471" lon="98.750626">
				<ele>695.127686</ele>
				<time>2016-02-07T05:18:25Z</time>
			</trkpt>
			<trkpt lat="19.126480" lon="98.750857">
				<ele>692.792969</ele>
				<time>2016-02-07T05:18:26Z</time>
			</trkpt>
			<trkpt lat="19.126488" lon="98.751084">
				<ele>692.092773</ele>
				<time>2016-02-07T05:18:27Z</time>
			</trkpt>
			<trkpt lat="19.126477" lon="98.751298">
				<ele>691.014893</ele>
				<time>2016-02-07T05:18:28Z</time>
			</trkpt>
			<trkpt lat="19.126455" lon="98.751536">
				<ele>690.687012</ele>
				<time>2016-02-07T05:18:29Z</time>
			</trkpt>
			<trkpt lat="19.126433" lon="98.751762">
				<ele>690.841064</ele>
				<time>2016-02-07T05:18:30Z</time>
			</trkpt>
			<trkpt lat="19.126407" lon="98.751987">
				<ele>690.603027</ele>
				<time>2016-02-07T05:18:31Z</time>
			</trkpt>
			<trkpt lat="19.126370" lon="98.752207">
				<ele>689.031738</ele>
				<time>2016-02-07T05:18:32Z</time>
			</trkpt>
			<trkpt lat="19.126332" lon="98.752427">
				<ele>688.401611</ele>
				<time>2016-02-07T05:18:33Z</time>
			</trkpt>
			<trkpt lat="19.126311" lon="98.752640">
				<ele>687.943604</ele>
				<time>2016-02-07T05:18:34Z</time>
			</trkpt>
			<trkpt lat="19.126276" lon="98.752844">
				<ele>687.248413</ele>
				<time>2016-02-07T05:18:35Z</time>
			</trkpt>
			<trkpt lat="19.126273" lon="98.753040">
				<ele>681.718506</ele>
				<time>2016-02-07T05:18:36Z</time>
			</trkpt>
			<trkpt lat="19.126250" lon="98.753241">
				<ele>682.432495</ele>
				<time>2016-02-07T05:18:37Z</time>
			</trkpt>
			<trkpt lat="19.126225" lon="98.753447">
				<ele>681.974609</ele>
				<time>2016-02-07T05:18:38Z</time>
			</trkpt>
			<trkpt lat="19.126209" lon="98.753636">
				<ele>681.062378</ele>
				<time>2016-02-07T05:18:39Z</time>
			</trkpt>
			<trkpt lat="19.126183" lon="98.753820">
				<ele>679.866577</ele>
				<time>2016-02-07T05:18:40Z</time>
			</trkpt>
			<trkpt lat="19.126167" lon="98.754004">
				<ele>679.786865</ele>
				<time>2016-02-07T05:18:41Z</time>
			</trkpt>
			<trkpt lat="19.126199" lon="98.754168">
				<ele>677.092529</ele>
				<time>2016-02-07T05:18:42Z</time>
			</trkpt>
			<trkpt lat="19.126209" lon="98.754350">
				<ele>675.794189</ele>
				<time>2016-02-07T05:18:43Z</time>
			</trkpt>
			<trkpt lat="19.126267" lon="98.754489">
				<ele>677.115967</ele>
				<time>2016-02-07T05:18:44Z</time>
			</trkpt>
			<trkpt lat="19.126352" lon="98.754614">
				<ele>676.300049</ele>
				<time>2016-02-07T05:18:45Z</time>
			</trkpt>
			<trkpt lat="19.126444" lon="98.754753">
				<ele>677.615601</ele>
				<time>2016-02-07T05:18:46Z</time>
			</trkpt>
			<trkpt lat="19.126537" lon="98.754923">
				<ele>678.302979</ele>
				<time>2016-02-07T05:18:47Z</time>
			</trkpt>
			<trkpt lat="19.126621" lon="98.755093">
				<ele>675.545776</ele>
				<time>2016-02-07T05:18:48Z</time>
			</trkpt>
			<trkpt lat="19.126670" lon="98.755270">
				<ele>677.660645</ele>
				<time>2016-02-07T05:18:49Z</time>
			</trkpt>
			<trkpt lat="19.126713" lon="98.755462">
				<ele>679.216064</ele>
				<time>2016-02-07T05:18:50Z</time>
			</trkpt>
			<trkpt lat="19.126752" lon="98.755653">
				<ele>679.655640</ele>
				<time>2016-02-07T05:18:51Z</time>
			</trkpt>
			<trkpt lat="19.126771" lon="98.755837">
				<ele>680.219238</ele>
				<time>2016-02-07T05:18:52Z</time>
			</trkpt>
			<trkpt lat="19.126749" lon="98.756051">
				<ele>680.115601</ele>
				<time>2016-02-07T05:18:53Z</time>
			</trkpt>
			<trkpt lat="19.126728" lon="98.756268">
				<ele>680.855713</ele>
				<time>2016-02-07T05:18:54Z</time>
			</trkpt>
			<trkpt lat="19.126722" lon="98.756483">
				<ele>680.282715</ele>
				<time>2016-02-07T05:18:55Z</time>
			</trkpt>
			<trkpt lat="19.126714" lon="98.756707">
				<ele>679.335205</ele>
				<time>2016-02-07T05:18:56Z</time>
			</trkpt>
			<trkpt lat="19.126694" lon="98.756922">
				<ele>678.810303</ele>
				<time>2016-02-07T05:18:57Z</time>
			</trkpt>
			<trkpt lat="19.126674" lon="98.757146">
				<ele>677.183105</ele>
				<time>2016-02-07T05:18:58Z</time>
			</trkpt>
			<trkpt lat="19.126636" lon="98.757383">
				<ele>675.858887</ele>
				<time>2016-02-07T05:18:59Z</time>
			</trkpt>
			<trkpt lat="19.126593" lon="98.757637">
				<ele>676.000610</ele>
				<time>2016-02-07T05:19:00Z</time>
			</trkpt>
			<trkpt lat="19.126563" lon="98.757901">
				<ele>673.936035</ele>
				<time>2016-02-07T05:19:01Z</time>
			</trkpt>
			<trkpt lat="19.126526" lon="98.758149">
				<ele>674.467773</ele>
				<time>2016-02-07T05:19:02Z</time>
			</trkpt>
			<trkpt lat="19.126481" lon="98.758419">
				<ele>670.531616</ele>
				<time>2016-02-07T05:19:03Z</time>
			</trkpt>
			<trkpt lat="19.126434" lon="98.758643">
				<ele>671.172607</ele>
				<time>2016-02-07T05:19:04Z</time>
			</trkpt>
			<trkpt lat="19.126400" lon="98.758826">
				<ele>671.514526</ele>
				<time>2016-02-07T05:19:05Z</time>
			</trkpt>
			<trkpt lat="19.126349" lon="98.759028">
				<ele>669.271362</ele>
				<time>2016-02-07T05:19:06Z</time>
			</trkpt>
			<trkpt lat="19.126289" lon="98.759205">
				<ele>668.709473</ele>
				<time>2016-02-07T05:19:07Z</time>
			</trkpt>
			<trkpt lat="19.126213" lon="98.759355">
				<ele>668.630615</ele>
				<time>2016-02-07T05:19:08Z</time>
			</trkpt>
			<trkpt lat="19.126119" lon="98.759501">
				<ele>668.180176</ele>
				<time>2016-02-07T05:19:09Z</time>
			</trkpt>
			<trkpt lat="19.126006" lon="98.759608">
				<ele>666.740967</ele>
				<time>2016-02-07T05:19:10Z</time>
			</trkpt>
			<trkpt lat="19.125876" lon="98.759700">
				<ele>666.170044</ele>
				<time>2016-02-07T05:19:11Z</time>
			</trkpt>
			<trkpt lat="19.125743" lon="98.759789">
				<ele>664.961426</ele>
				<time>2016-02-07T05:19:12Z</time>
			</trkpt>
			<trkpt lat="19.125617" lon="98.759881">
				<ele>664.685303</ele>
				<time>2016-02-07T05:19:13Z</time>
			</trkpt>
			<trkpt lat="19.125498" lon="98.759949">
				<ele>665.353394</ele>
				<time>2016-02-07T05:19:14Z</time>
			</trkpt>
			<trkpt lat="19.125397" lon="98.760052">
				<ele>665.979004</ele>
				<time>2016-02-07T05:19:15Z</time>
			</trkpt>
			<trkpt lat="19.125306" lon="98.760153">
				<ele>666.166504</ele>
				<time>2016-02-07T05:19:16Z</time>
			</trkpt>
			<trkpt lat="19.125229" lon="98.760291">
				<ele>666.443604</ele>
				<time>2016-02-07T05:19:17Z</time>
			</trkpt>
			<trkpt lat="19.125157" lon="98.760427">
				<ele>666.335693</ele>
				<time>2016-02-07T05:19:18Z</time>
			</trkpt>
			<trkpt lat="19.125091" lon="98.760564">
				<ele>666.468994</ele>
				<time>2016-02-07T05:19:19Z</time>
			</trkpt>
			<trkpt lat="19.125026" lon="98.760689">
				<ele>666.879150</ele>
				<time>2016-02-07T05:19:20Z</time>
			</trkpt>
			<trkpt lat="19.124950" lon="98.760796">
				<ele>665.142578</ele>
				<time>2016-02-07T05:19:21Z</time>
			</trkpt>
			<trkpt lat="19.124864" lon="98.760898">
				<ele>665.791016</ele>
				<time>2016-02-07T05:19:22Z</time>
			</trkpt>
			<trkpt lat="19.124765" lon="98.760973">
				<ele>665.796631</ele>
				<time>2016-02-07T05:19:23Z</time>
			</trkpt>
			<trkpt lat="19.124646" lon="98.760989">
				<ele>667.539795</ele>
				<time>2016-02-07T05:19:24Z</time>
			</trkpt>
			<trkpt lat="19.124526" lon="98.761021">
				<ele>667.677490</ele>
				<time>2016-02-07T05:19:25Z</time>
			</trkpt>
			<trkpt lat="19.124402" lon="98.760996">
				<ele>668.531982</ele>
				<time>2016-02-07T05:19:26Z</time>
			</trkpt>
			<trkpt lat="19.124297" lon="98.760991">
				<ele>668.880371</ele>
				<time>2016-02-07T05:19:27Z</time>
			</trkpt>
			<trkpt lat="19.124187" lon="98.761011">
				<ele>670.649902</ele>
				<time>2016-02-07T05:19:28Z</time>
			</trkpt>
			<trkpt lat="19.124109" lon="98.761057">
				<ele>671.464844</ele>
				<time>2016-02-07T05:19:29Z</time>
			</trkpt>
			<trkpt lat="19.124024" lon="98.761095">
				<ele>671.704834</ele>
				<time>2016-02-07T05:19:30Z</time>
			</trkpt>
			<trkpt lat="19.124020" lon="98.761189">
				<ele>675.260498</ele>
				<time>2016-02-07T05:19:31Z</time>
			</trkpt>
			<trkpt lat="19.124024" lon="98.761264">
				<ele>676.578125</ele>
				<time>2016-02-07T05:19:32Z</time>
			</trkpt>
			<trkpt lat="19.124022" lon="98.761346">
				<ele>678.132812</ele>
				<time>2016-02-07T05:19:33Z</time>
			</trkpt>
			<trkpt lat="19.124043" lon="98.761440">
				<ele>678.391479</ele>
				<time>2016-02-07T05:19:34Z</time>
			</trkpt>
			<trkpt lat="19.124066" lon="98.761532">
				<ele>678.401611</ele>
				<time>2016-02-07T05:19:35Z</time>
			</trkpt>
			<trkpt lat="19.124224" lon="98.761472">
				<ele>681.187500</ele>
				<time>2016-02-07T05:19:36Z</time>
			</trkpt>
			<trkpt lat="19.124304" lon="98.761495">
				<ele>682.175537</ele>
				<time>2016-02-07T05:19:37Z</time>
			</trkpt>
			<trkpt lat="19.124375" lon="98.761519">
				<ele>683.115723</ele>
				<time>2016-02-07T05:19:38Z</time>
			</trkpt>
			<trkpt lat="19.124443" lon="98.761542">
				<ele>682.620239</ele>
				<time>2016-02-07T05:19:39Z</time>
			</trkpt>
			<trkpt lat="19.124509" lon="98.761572">
				<ele>683.281494</ele>
				<time>2016-02-07T05:19:40Z</time>
			</trkpt>
			<trkpt lat="19.124575" lon="98.761604">
				<ele>683.136230</ele>
				<time>2016-02-07T05:19:41Z</time>
			</trkpt>
			<trkpt lat="19.124661" lon="98.761684">
				<ele>683.980713</ele>
				<time>2016-02-07T05:19:42Z</time>
			</trkpt>
			<trkpt lat="19.124774" lon="98.761720">
				<ele>685.249268</ele>
				<time>2016-02-07T05:19:43Z</time>
			</trkpt>
			<trkpt lat="19.124887" lon="98.761773">
				<ele>685.678467</ele>
				<time>2016-02-07T05:19:44Z</time>
			</trkpt>
			<trkpt lat="19.124984" lon="98.761886">
				<ele>685.462158</ele>
				<time>2016-02-07T05:19:45Z</time>
			</trkpt>
			<trkpt lat="19.125037" lon="98.762034">
				<ele>686.285400</ele>
				<time>2016-02-07T05:19:46Z</time>
			</trkpt>
			<trkpt lat="19.125069" lon="98.762209">
				<ele>686.295166</ele>
				<time>2016-02-07T05:19:47Z</time>
			</trkpt>
			<trkpt lat="19.125113" lon="98.762388">
				<ele>685.718994</ele>
				<time>2016-02-07T05:19:48Z</time>
			</trkpt>
			<trkpt lat="19.125145" lon="98.762572">
				<ele>687.152344</ele>
				<time>2016-02-07T05:19:49Z</time>
			</trkpt>
			<trkpt lat="19.125069" lon="98.762834">
				<ele>688.210083</ele>
				<time>2016-02-07T05:19:50Z</time>
			</trkpt>
			<trkpt lat="19.125062" lon="98.762996">
				<ele>686.875000</ele>
				<time>2016-02-07T05:19:51Z</time>
			</trkpt>
			<trkpt lat="19.125060" lon="98.763204">
				<ele>686.039062</ele>
				<time>2016-02-07T05:19:52Z</time>
			</trkpt>
			<trkpt lat="19.125048" lon="98.763407">
				<ele>688.318237</ele>
				<time>2016-02-07T05:19:53Z</time>
			</trkpt>
			<trkpt lat="19.125052" lon="98.763581">
				<ele>686.814697</ele>
				<time>2016-02-07T05:19:54Z</time>
			</trkpt>
			<trkpt lat="19.125059" lon="98.763761">
				<ele>685.792480</ele>
				<time>2016-02-07T05:19:55Z</time>
			</trkpt>
			<trkpt lat="19.125086" lon="98.763984">
				<ele>685.714722</ele>
				<time>2016-02-07T05:19:56Z</time>
			</trkpt>
			<trkpt lat="19.125110" lon="98.764164">
				<ele>684.199097</ele>
				<time>2016-02-07T05:19:57Z</time>
			</trkpt>
			<trkpt lat="19.125145" lon="98.764324">
				<ele>683.084229</ele>
				<time>2016-02-07T05:19:58Z</time>
			</trkpt>
			<trkpt lat="19.125173" lon="98.764445">
				<ele>681.100830</ele>
				<time>2016-02-07T05:19:59Z</time>
			</trkpt>
			<trkpt lat="19.125296" lon="98.764499">
				<ele>678.832642</ele>
				<time>2016-02-07T05:20:00Z</time>
			</trkpt>
			<trkpt lat="19.125394" lon="98.764610">
				<ele>677.995117</ele>
				<time>2016-02-07T05:20:01Z</time>
			</trkpt>
			<trkpt lat="19.125505" lon="98.764680">
				<ele>677.629883</ele>
				<time>2016-02-07T05:20:02Z</time>
			</trkpt>
			<trkpt lat="19.125596" lon="98.764754">
				<ele>679.407959</ele>
				<time>2016-02-07T05:20:03Z</time>
			</trkpt>
			<trkpt lat="19.125700" lon="98.764826">
				<ele>679.654541</ele>
				<time>2016-02-07T05:20:04Z</time>
			</trkpt>
			<trkpt lat="19.125812" lon="98.764847">
				<ele>677.920898</ele>
				<time>2016-02-07T05:20:05Z</time>
			</trkpt>
			<trkpt lat="19.125898" lon="98.764914">
				<ele>679.304443</ele>
				<time>2016-02-07T05:20:06Z</time>
			</trkpt>
			<trkpt lat="19.125970" lon="98.764981">
				<ele>680.267334</ele>
				<time>2016-02-07T05:20:07Z</time>
			</trkpt>
			<trkpt lat="19.126014" lon="98.765047">
				<ele>679.536133</ele>
				<time>2016-02-07T05:20:08Z</time>
			</trkpt>
			<trkpt lat="19.126017" lon="98.765150">
				<ele>680.317871</ele>
				<time>2016-02-07T05:20:09Z</time>
			</trkpt>
			<trkpt lat="19.125973" lon="98.765217">
				<ele>679.238403</ele>
				<time>2016-02-07T05:20:10Z</time>
			</trkpt>
			<trkpt lat="19.125922" lon="98.765309">
				<ele>679.247681</ele>
				<time>2016-02-07T05:20:11Z</time>
			</trkpt>
			<trkpt lat="19.125809" lon="98.765296">
				<ele>679.641479</ele>
				<time>2016-02-07T05:20:12Z</time>
			</trkpt>
			<trkpt lat="19.125694" lon="98.765337">
				<ele>679.574219</ele>
				<time>2016-02-07T05:20:13Z</time>
			</trkpt>
			<trkpt lat="19.125519" lon="98.765262">
				<ele>675.848633</ele>
				<time>2016-02-07T05:20:14Z</time>
			</trkpt>
			<trkpt lat="19.125370" lon="98.765256">
				<ele>673.317871</ele>
				<time>2016-02-07T05:20:15Z</time>
			</trkpt>
			<trkpt lat="19.125235" lon="98.765267">
				<ele>671.280029</ele>
				<time>2016-02-07T05:20:16Z</time>
			</trkpt>
			<trkpt lat="19.125127" lon="98.765343">
				<ele>670.485596</ele>
				<time>2016-02-07T05:20:17Z</time>
			</trkpt>
			<trkpt lat="19.125034" lon="98.765441">
				<ele>667.674561</ele>
				<time>2016-02-07T05:20:18Z</time>
			</trkpt>
			<trkpt lat="19.124937" lon="98.765557">
				<ele>668.361938</ele>
				<time>2016-02-07T05:20:19Z</time>
			</trkpt>
			<trkpt lat="19.124886" lon="98.765707">
				<ele>667.448853</ele>
				<time>2016-02-07T05:20:20Z</time>
			</trkpt>
			<trkpt lat="19.124821" lon="98.765903">
				<ele>666.043701</ele>
				<time>2016-02-07T05:20:21Z</time>
			</trkpt>
			<trkpt lat="19.124771" lon="98.766089">
				<ele>663.697021</ele>
				<time>2016-02-07T05:20:22Z</time>
			</trkpt>
			<trkpt lat="19.124722" lon="98.766259">
				<ele>660.774658</ele>
				<time>2016-02-07T05:20:23Z</time>
			</trkpt>
			<trkpt lat="19.124685" lon="98.766448">
				<ele>659.307617</ele>
				<time>2016-02-07T05:20:24Z</time>
			</trkpt>
			<trkpt lat="19.124685" lon="98.766603">
				<ele>656.624023</ele>
				<time>2016-02-07T05:20:25Z</time>
			</trkpt>
			<trkpt lat="19.124680" lon="98.766772">
				<ele>654.492188</ele>
				<time>2016-02-07T05:20:26Z</time>
			</trkpt>
			<trkpt lat="19.124695" lon="98.766934">
				<ele>653.171387</ele>
				<time>2016-02-07T05:20:27Z</time>
			</trkpt>
			<trkpt lat="19.124730" lon="98.767094">
				<ele>652.071289</ele>
				<time>2016-02-07T05:20:28Z</time>
			</trkpt>
			<trkpt lat="19.124771" lon="98.767214">
				<ele>648.515381</ele>
				<time>2016-02-07T05:20:29Z</time>
			</trkpt>
			<trkpt lat="19.124853" lon="98.767349">
				<ele>645.852783</ele>
				<time>2016-02-07T05:20:30Z</time>
			</trkpt>
			<trkpt lat="19.124930" lon="98.767493">
				<ele>645.059326</ele>
				<time>2016-02-07T05:20:31Z</time>
			</trkpt>
			<trkpt lat="19.125005" lon="98.767643">
				<ele>644.813965</ele>
				<time>2016-02-07T05:20:32Z</time>
			</trkpt>
			<trkpt lat="19.125043" lon="98.767776">
				<ele>644.019531</ele>
				<time>2016-02-07T05:20:33Z</time>
			</trkpt>
			<trkpt lat="19.125091" lon="98.767933">
				<ele>643.623535</ele>
				<time>2016-02-07T05:20:34Z</time>
			</trkpt>
			<trkpt lat="19.125096" lon="98.768136">
				<ele>641.797607</ele>
				<time>2016-02-07T05:20:35Z</time>
			</trkpt>
			<trkpt lat="19.125099" lon="98.768308">
				<ele>640.276367</ele>
				<time>2016-02-07T05:20:36Z</time>
			</trkpt>
			<trkpt lat="19.125062" lon="98.768479">
				<ele>638.643311</ele>
				<time>2016-02-07T05:20:37Z</time>
			</trkpt>
			<trkpt lat="19.125004" lon="98.768644">
				<ele>636.959473</ele>
				<time>2016-02-07T05:20:38Z</time>
			</trkpt>
			<trkpt lat="19.124970" lon="98.768819">
				<ele>635.372314</ele>
				<time>2016-02-07T05:20:39Z</time>
			</trkpt>
			<trkpt lat="19.124946" lon="98.768992">
				<ele>633.310303</ele>
				<time>2016-02-07T05:20:40Z</time>
			</trkpt>
			<trkpt lat="19.124928" lon="98.769152">
				<ele>632.613770</ele>
				<time>2016-02-07T05:20:41Z</time>
			</trkpt>
			<trkpt lat="19.124884" lon="98.769273">
				<ele>630.083496</ele>
				<time>2016-02-07T05:20:42Z</time>
			</trkpt>
			<trkpt lat="19.124843" lon="98.769410">
				<ele>630.005371</ele>
				<time>2016-02-07T05:20:43Z</time>
			</trkpt>
			<trkpt lat="19.124744" lon="98.769553">
				<ele>628.568604</ele>
				<time>2016-02-07T05:20:44Z</time>
			</trkpt>
			<trkpt lat="19.124669" lon="98.769670">
				<ele>629.891602</ele>
				<time>2016-02-07T05:20:45Z</time>
			</trkpt>
			<trkpt lat="19.124579" lon="98.769615">
				<ele>628.186035</ele>
				<time>2016-02-07T05:20:46Z</time>
			</trkpt>
			<trkpt lat="19.124461" lon="98.769646">
				<ele>627.152832</ele>
				<time>2016-02-07T05:20:47Z</time>
			</trkpt>
			<trkpt lat="19.124312" lon="98.769601">
				<ele>626.383057</ele>
				<time>2016-02-07T05:20:48Z</time>
			</trkpt>
			<trkpt lat="19.124167" lon="98.769581">
				<ele>627.470947</ele>
				<time>2016-02-07T05:20:49Z</time>
			</trkpt>
			<trkpt lat="19.124042" lon="98.769572">
				<ele>627.057373</ele>
				<time>2016-02-07T05:20:50Z</time>
			</trkpt>
			<trkpt lat="19.123919" lon="98.769570">
				<ele>626.392822</ele>
				<time>2016-02-07T05:20:51Z</time>
			</trkpt>
			<trkpt lat="19.123796" lon="98.769555">
				<ele>625.346558</ele>
				<time>2016-02-07T05:20:52Z</time>
			</trkpt>
			<trkpt lat="19.123681" lon="98.769567">
				<ele>624.726318</ele>
				<time>2016-02-07T05:20:53Z</time>
			</trkpt>
			<trkpt lat="19.123566" lon="98.769580">
				<ele>624.228027</ele>
				<time>2016-02-07T05:20:54Z</time>
			</trkpt>
			<trkpt lat="19.123493" lon="98.769648">
				<ele>620.796143</ele>
				<time>2016-02-07T05:20:55Z</time>
			</trkpt>
			<trkpt lat="19.123427" lon="98.769708">
				<ele>618.360352</ele>
				<time>2016-02-07T05:20:56Z</time>
			</trkpt>
			<trkpt lat="19.123347" lon="98.769778">
				<ele>618.566406</ele>
				<time>2016-02-07T05:20:57Z</time>
			</trkpt>
			<trkpt lat="19.123361" lon="98.769899">
				<ele>614.256592</ele>
				<time>2016-02-07T05:20:58Z</time>
			</trkpt>
			<trkpt lat="19.123443" lon="98.770049">
				<ele>612.220215</ele>
				<time>2016-02-07T05:20:59Z</time>
			</trkpt>
			<trkpt lat="19.123469" lon="98.770186">
				<ele>612.686523</ele>
				<time>2016-02-07T05:21:00Z</time>
			</trkpt>
			<trkpt lat="19.123531" lon="98.770329">
				<ele>611.903442</ele>
				<time>2016-02-07T05:21:01Z</time>
			</trkpt>
			<trkpt lat="19.123572" lon="98.770457">
				<ele>611.719727</ele>
				<time>2016-02-07T05:21:02Z</time>
			</trkpt>
			<trkpt lat="19.123592" lon="98.770594">
				<ele>609.469971</ele>
				<time>2016-02-07T05:21:03Z</time>
			</trkpt>
			<trkpt lat="19.123618" lon="98.770744">
				<ele>608.110107</ele>
				<time>2016-02-07T05:21:04Z</time>
			</trkpt>
			<trkpt lat="19.123623" lon="98.770872">
				<ele>606.601074</ele>
				<time>2016-02-07T05:21:05Z</time>
			</trkpt>
			<trkpt lat="19.123605" lon="98.771048">
				<ele>607.347168</ele>
				<time>2016-02-07T05:21:06Z</time>
			</trkpt>
			<trkpt lat="19.123622" lon="98.771105">
				<ele>602.486816</ele>
				<time>2016-02-07T05:21:07Z</time>
			</trkpt>
			<trkpt lat="19.123626" lon="98.771209">
				<ele>601.262451</ele>
				<time>2016-02-07T05:21:08Z</time>
			</trkpt>
			<trkpt lat="19.123644" lon="98.771294">
				<ele>599.882935</ele>
				<time>2016-02-07T05:21:09Z</time>
			</trkpt>
			<trkpt lat="19.123721" lon="98.771364">
				<ele>596.956787</ele>
				<time>2016-02-07T05:21:10Z</time>
			</trkpt>
			<trkpt lat="19.123812" lon="98.771420">
				<ele>593.721191</ele>
				<time>2016-02-07T05:21:11Z</time>
			</trkpt>
			<trkpt lat="19.123917" lon="98.771453">
				<ele>591.779907</ele>
				<time>2016-02-07T05:21:12Z</time>
			</trkpt>
			<trkpt lat="19.124025" lon="98.771474">
				<ele>589.273193</ele>
				<time>2016-02-07T05:21:13Z</time>
			</trkpt>
			<trkpt lat="19.124137" lon="98.771481">
				<ele>588.853760</ele>
				<time>2016-02-07T05:21:14Z</time>
			</trkpt>
			<trkpt lat="19.124232" lon="98.771491">
				<ele>588.128174</ele>
				<time>2016-02-07T05:21:15Z</time>
			</trkpt>
			<trkpt lat="19.124342" lon="98.771516">
				<ele>587.371948</ele>
				<time>2016-02-07T05:21:16Z</time>
			</trkpt>
			<trkpt lat="19.124437" lon="98.771538">
				<ele>587.298584</ele>
				<time>2016-02-07T05:21:17Z</time>
			</trkpt>
			<trkpt lat="19.124519" lon="98.771580">
				<ele>586.956543</ele>
				<time>2016-02-07T05:21:18Z</time>
			</trkpt>
			<trkpt lat="19.124619" lon="98.771659">
				<ele>586.135986</ele>
				<time>2016-02-07T05:21:19Z</time>
			</trkpt>
			<trkpt lat="19.124663" lon="98.771823">
				<ele>584.688965</ele>
				<time>2016-02-07T05:21:20Z</time>
			</trkpt>
			<trkpt lat="19.124724" lon="98.771943">
				<ele>582.571289</ele>
				<time>2016-02-07T05:21:21Z</time>
			</trkpt>
			<trkpt lat="19.124830" lon="98.772001">
				<ele>578.582031</ele>
				<time>2016-02-07T05:21:22Z</time>
			</trkpt>
			<trkpt lat="19.124816" lon="98.772193">
				<ele>575.831299</ele>
				<time>2016-02-07T05:21:23Z</time>
			</trkpt>
			<trkpt lat="19.124842" lon="98.772336">
				<ele>575.495605</ele>
				<time>2016-02-07T05:21:24Z</time>
			</trkpt>
			<trkpt lat="19.124826" lon="98.772489">
				<ele>571.491455</ele>
				<time>2016-02-07T05:21:25Z</time>
			</trkpt>
			<trkpt lat="19.124820" lon="98.772542">
				<ele>566.994019</ele>
				<time>2016-02-07T05:21:26Z</time>
			</trkpt>
			<trkpt lat="19.124779" lon="98.772709">
				<ele>566.404785</ele>
				<time>2016-02-07T05:21:27Z</time>
			</trkpt>
			<trkpt lat="19.124716" lon="98.772916">
				<ele>563.448364</ele>
				<time>2016-02-07T05:21:28Z</time>
			</trkpt>
			<trkpt lat="19.124660" lon="98.773100">
				<ele>561.625977</ele>
				<time>2016-02-07T05:21:29Z</time>
			</trkpt>
			<trkpt lat="19.124608" lon="98.773273">
				<ele>561.760864</ele>
				<time>2016-02-07T05:21:30Z</time>
			</trkpt>
			<trkpt lat="19.124547" lon="98.773463">
				<ele>560.028564</ele>
				<time>2016-02-07T05:21:31Z</time>
			</trkpt>
			<trkpt lat="19.124476" lon="98.773646">
				<ele>558.913452</ele>
				<time>2016-02-07T05:21:32Z</time>
			</trkpt>
			<trkpt lat="19.124411" lon="98.773832">
				<ele>558.634277</ele>
				<time>2016-02-07T05:21:33Z</time>
			</trkpt>
			<trkpt lat="19.124350" lon="98.774019">
				<ele>556.474121</ele>
				<time>2016-02-07T05:21:34Z</time>
			</trkpt>
			<trkpt lat="19.124297" lon="98.774192">
				<ele>555.928406</ele>
				<time>2016-02-07T05:21:35Z</time>
			</trkpt>
			<trkpt lat="19.124260" lon="98.774407">
				<ele>553.502197</ele>
				<time>2016-02-07T05:21:36Z</time>
			</trkpt>
			<trkpt lat="19.124215" lon="98.774585">
				<ele>552.493591</ele>
				<time>2016-02-07T05:21:37Z</time>
			</trkpt>
			<trkpt lat="19.124161" lon="98.774769">
				<ele>554.432373</ele>
				<time>2016-02-07T05:21:38Z</time>
			</trkpt>
			<trkpt lat="19.124094" lon="98.774965">
				<ele>553.515747</ele>
				<time>2016-02-07T05:21:39Z</time>
			</trkpt>
			<trkpt lat="19.124034" lon="98.775148">
				<ele>552.375732</ele>
				<time>2016-02-07T05:21:40Z</time>
			</trkpt>
			<trkpt lat="19.123975" lon="98.775327">
				<ele>551.610107</ele>
				<time>2016-02-07T05:21:41Z</time>
			</trkpt>
			<trkpt lat="19.123937" lon="98.775489">
				<ele>547.687744</ele>
				<time>2016-02-07T05:21:42Z</time>
			</trkpt>
			<trkpt lat="19.123893" lon="98.775645">
				<ele>547.960815</ele>
				<time>2016-02-07T05:21:43Z</time>
			</trkpt>
			<trkpt lat="19.123862" lon="98.775792">
				<ele>546.673340</ele>
				<time>2016-02-07T05:21:44Z</time>
			</trkpt>
			<trkpt lat="19.123819" lon="98.775951">
				<ele>546.569214</ele>
				<time>2016-02-07T05:21:45Z</time>
			</trkpt>
			<trkpt lat="19.123767" lon="98.776107">
				<ele>544.711670</ele>
				<time>2016-02-07T05:21:46Z</time>
			</trkpt>
			<trkpt lat="19.123702" lon="98.776286">
				<ele>539.692627</ele>
				<time>2016-02-07T05:21:47Z</time>
			</trkpt>
			<trkpt lat="19.123663" lon="98.776456">
				<ele>536.418823</ele>
				<time>2016-02-07T05:21:48Z</time>
			</trkpt>
			<trkpt lat="19.123617" lon="98.776622">
				<ele>535.708740</ele>
				<time>2016-02-07T05:21:49Z</time>
			</trkpt>
			<trkpt lat="19.123562" lon="98.776821">
				<ele>535.228516</ele>
				<time>2016-02-07T05:21:50Z</time>
			</trkpt>
			<trkpt lat="19.123532" lon="98.776997">
				<ele>532.226196</ele>
				<time>2016-02-07T05:21:51Z</time>
			</trkpt>
			<trkpt lat="19.123493" lon="98.777182">
				<ele>531.323120</ele>
				<time>2016-02-07T05:21:52Z</time>
			</trkpt>
			<trkpt lat="19.123446" lon="98.777388">
				<ele>528.957764</ele>
				<time>2016-02-07T05:21:53Z</time>
			</trkpt>
			<trkpt lat="19.123404" lon="98.777589">
				<ele>527.453491</ele>
				<time>2016-02-07T05:21:54Z</time>
			</trkpt>
			<trkpt lat="19.123381" lon="98.777749">
				<ele>523.935730</ele>
				<time>2016-02-07T05:21:55Z</time>
			</trkpt>
			<trkpt lat="19.123344" lon="98.777922">
				<ele>522.651184</ele>
				<time>2016-02-07T05:21:56Z</time>
			</trkpt>
			<trkpt lat="19.123306" lon="98.778105">
				<ele>519.936890</ele>
				<time>2016-02-07T05:21:57Z</time>
			</trkpt>
			<trkpt lat="19.123266" lon="98.778271">
				<ele>518.463379</ele>
				<time>2016-02-07T05:21:58Z</time>
			</trkpt>
			<trkpt lat="19.123232" lon="98.778449">
				<ele>517.932251</ele>
				<time>2016-02-07T05:21:59Z</time>
			</trkpt>
			<trkpt lat="19.123195" lon="98.778644">
				<ele>518.271729</ele>
				<time>2016-02-07T05:22:00Z</time>
			</trkpt>
			<trkpt lat="19.123078" lon="98.778831">
				<ele>518.703613</ele>
				<time>2016-02-07T05:22:01Z</time>
			</trkpt>
			<trkpt lat="19.122890" lon="98.778924">
				<ele>518.354614</ele>
				<time>2016-02-07T05:22:02Z</time>
			</trkpt>
			<trkpt lat="19.122690" lon="98.779063">
				<ele>516.903137</ele>
				<time>2016-02-07T05:22:03Z</time>
			</trkpt>
			<trkpt lat="19.122511" lon="98.779217">
				<ele>515.149109</ele>
				<time>2016-02-07T05:22:04Z</time>
			</trkpt>
			<trkpt lat="19.122343" lon="98.779360">
				<ele>513.754517</ele>
				<time>2016-02-07T05:22:05Z</time>
			</trkpt>
			<trkpt lat="19.122152" lon="98.779498">
				<ele>513.408325</ele>
				<time>2016-02-07T05:22:06Z</time>
			</trkpt>
			<trkpt lat="19.121956" lon="98.779625">
				<ele>511.962402</ele>
				<time>2016-02-07T05:22:07Z</time>
			</trkpt>
			<trkpt lat="19.121742" lon="98.779770">
				<ele>509.196777</ele>
				<time>2016-02-07T05:22:08Z</time>
			</trkpt>
			<trkpt lat="19.121528" lon="98.779912">
				<ele>506.751343</ele>
				<time>2016-02-07T05:22:09Z</time>
			</trkpt>
			<trkpt lat="19.121294" lon="98.780060">
				<ele>503.905334</ele>
				<time>2016-02-07T05:22:10Z</time>
			</trkpt>
			<trkpt lat="19.121060" lon="98.780202">
				<ele>501.140686</ele>
				<time>2016-02-07T05:22:11Z</time>
			</trkpt>
			<trkpt lat="19.120827" lon="98.780348">
				<ele>500.587646</ele>
				<time>2016-02-07T05:22:12Z</time>
			</trkpt>
			<trkpt lat="19.120613" lon="98.780490">
				<ele>499.469299</ele>
				<time>2016-02-07T05:22:13Z</time>
			</trkpt>
			<trkpt lat="19.120386" lon="98.780632">
				<ele>499.183777</ele>
				<time>2016-02-07T05:22:14Z</time>
			</trkpt>
			<trkpt lat="19.120152" lon="98.780759">
				<ele>498.211792</ele>
				<time>2016-02-07T05:22:15Z</time>
			</trkpt>
			<trkpt lat="19.119929" lon="98.780887">
				<ele>496.654358</ele>
				<time>2016-02-07T05:22:16Z</time>
			</trkpt>
			<trkpt lat="19.119709" lon="98.781029">
				<ele>496.108337</ele>
				<time>2016-02-07T05:22:17Z</time>
			</trkpt>
			<trkpt lat="19.119494" lon="98.781157">
				<ele>495.552734</ele>
				<time>2016-02-07T05:22:18Z</time>
			</trkpt>
			<trkpt lat="19.119290" lon="98.781288">
				<ele>493.494873</ele>
				<time>2016-02-07T05:22:19Z</time>
			</trkpt>
			<trkpt lat="19.119080" lon="98.781420">
				<ele>491.073547</ele>
				<time>2016-02-07T05:22:20Z</time>
			</trkpt>
			<trkpt lat="19.118876" lon="98.781567">
				<ele>489.824463</ele>
				<time>2016-02-07T05:22:21Z</time>
			</trkpt>
			<trkpt lat="19.118693" lon="98.781702">
				<ele>488.776001</ele>
				<time>2016-02-07T05:22:22Z</time>
			</trkpt>
			<trkpt lat="19.118516" lon="98.781831">
				<ele>488.519287</ele>
				<time>2016-02-07T05:22:23Z</time>
			</trkpt>
			<trkpt lat="19.118353" lon="98.781974">
				<ele>487.414917</ele>
				<time>2016-02-07T05:22:24Z</time>
			</trkpt>
			<trkpt lat="19.118176" lon="98.782109">
				<ele>488.061951</ele>
				<time>2016-02-07T05:22:25Z</time>
			</trkpt>
			<trkpt lat="19.118010" lon="98.782247">
				<ele>487.021729</ele>
				<time>2016-02-07T05:22:26Z</time>
			</trkpt>
			<trkpt lat="19.117834" lon="98.782391">
				<ele>485.291138</ele>
				<time>2016-02-07T05:22:27Z</time>
			</trkpt>
			<trkpt lat="19.117660" lon="98.782518">
				<ele>484.257629</ele>
				<time>2016-02-07T05:22:28Z</time>
			</trkpt>
			<trkpt lat="19.117491" lon="98.782650">
				<ele>484.690430</ele>
				<time>2016-02-07T05:22:29Z</time>
			</trkpt>
			<trkpt lat="19.117332" lon="98.782787">
				<ele>484.723816</ele>
				<time>2016-02-07T05:22:30Z</time>
			</trkpt>
			<trkpt lat="19.117154" lon="98.782943">
				<ele>480.716797</ele>
				<time>2016-02-07T05:22:31Z</time>
			</trkpt>
			<trkpt lat="19.117008" lon="98.783092">
				<ele>478.608521</ele>
				<time>2016-02-07T05:22:32Z</time>
			</trkpt>
			<trkpt lat="19.116854" lon="98.783249">
				<ele>478.381592</ele>
				<time>2016-02-07T05:22:33Z</time>
			</trkpt>
			<trkpt lat="19.116725" lon="98.783371">
				<ele>476.690063</ele>
				<time>2016-02-07T05:22:34Z</time>
			</trkpt>
			<trkpt lat="19.116568" lon="98.783509">
				<ele>475.287720</ele>
				<time>2016-02-07T05:22:35Z</time>
			</trkpt>
			<trkpt lat="19.116425" lon="98.783663">
				<ele>474.880737</ele>
				<time>2016-02-07T05:22:36Z</time>
			</trkpt>
			<trkpt lat="19.116284" lon="98.783841">
				<ele>471.180481</ele>
				<time>2016-02-07T05:22:37Z</time>
			</trkpt>
			<trkpt lat="19.116156" lon="98.784013">
				<ele>467.636902</ele>
				<time>2016-02-07T05:22:38Z</time>
			</trkpt>
			<trkpt lat="19.116044" lon="98.784179">
				<ele>466.072876</ele>
				<time>2016-02-07T05:22:39Z</time>
			</trkpt>
			<trkpt lat="19.115931" lon="98.784368">
				<ele>464.546875</ele>
				<time>2016-02-07T05:22:40Z</time>
			</trkpt>
			<trkpt lat="19.115851" lon="98.784581">
				<ele>463.274780</ele>
				<time>2016-02-07T05:22:41Z</time>
			</trkpt>
			<trkpt lat="19.115768" lon="98.784784">
				<ele>462.903076</ele>
				<time>2016-02-07T05:22:42Z</time>
			</trkpt>
			<trkpt lat="19.115701" lon="98.785002">
				<ele>464.577148</ele>
				<time>2016-02-07T05:22:43Z</time>
			</trkpt>
			<trkpt lat="19.115629" lon="98.785213">
				<ele>464.252197</ele>
				<time>2016-02-07T05:22:44Z</time>
			</trkpt>
			<trkpt lat="19.115565" lon="98.785430">
				<ele>460.438354</ele>
				<time>2016-02-07T05:22:45Z</time>
			</trkpt>
			<trkpt lat="19.115504" lon="98.785627">
				<ele>459.472595</ele>
				<time>2016-02-07T05:22:46Z</time>
			</trkpt>
			<trkpt lat="19.115455" lon="98.785799">
				<ele>458.764099</ele>
				<time>2016-02-07T05:22:47Z</time>
			</trkpt>
			<trkpt lat="19.115392" lon="98.786015">
				<ele>456.240967</ele>
				<time>2016-02-07T05:22:48Z</time>
			</trkpt>
			<trkpt lat="19.115324" lon="98.786210">
				<ele>456.679199</ele>
				<time>2016-02-07T05:22:49Z</time>
			</trkpt>
			<trkpt lat="19.115256" lon="98.786405">
				<ele>457.075928</ele>
				<time>2016-02-07T05:22:50Z</time>
			</trkpt>
			<trkpt lat="19.115185" lon="98.786606">
				<ele>457.291382</ele>
				<time>2016-02-07T05:22:51Z</time>
			</trkpt>
			<trkpt lat="19.115117" lon="98.786779">
				<ele>457.621704</ele>
				<time>2016-02-07T05:22:52Z</time>
			</trkpt>
			<trkpt lat="19.115034" lon="98.786952">
				<ele>457.612671</ele>
				<time>2016-02-07T05:22:53Z</time>
			</trkpt>
			<trkpt lat="19.114949" lon="98.787107">
				<ele>457.392334</ele>
				<time>2016-02-07T05:22:54Z</time>
			</trkpt>
			<trkpt lat="19.114837" lon="98.787263">
				<ele>455.011353</ele>
				<time>2016-02-07T05:22:55Z</time>
			</trkpt>
			<trkpt lat="19.114735" lon="98.787419">
				<ele>454.855103</ele>
				<time>2016-02-07T05:22:56Z</time>
			</trkpt>
			<trkpt lat="19.114616" lon="98.787576">
				<ele>454.190430</ele>
				<time>2016-02-07T05:22:57Z</time>
			</trkpt>
			<trkpt lat="19.114521" lon="98.787719">
				<ele>455.239014</ele>
				<time>2016-02-07T05:22:58Z</time>
			</trkpt>
			<trkpt lat="19.114430" lon="98.787871">
				<ele>455.121277</ele>
				<time>2016-02-07T05:22:59Z</time>
			</trkpt>
			<trkpt lat="19.114353" lon="98.788029">
				<ele>453.904846</ele>
				<time>2016-02-07T05:23:00Z</time>
			</trkpt>
			<trkpt lat="19.114294" lon="98.788192">
				<ele>453.399536</ele>
				<time>2016-02-07T05:23:01Z</time>
			</trkpt>
			<trkpt lat="19.114241" lon="98.788366">
				<ele>452.894104</ele>
				<time>2016-02-07T05:23:02Z</time>
			</trkpt>
			<trkpt lat="19.114184" lon="98.788552">
				<ele>452.479736</ele>
				<time>2016-02-07T05:23:03Z</time>
			</trkpt>
			<trkpt lat="19.114130" lon="98.788748">
				<ele>451.729980</ele>
				<time>2016-02-07T05:23:04Z</time>
			</trkpt>
			<trkpt lat="19.114073" lon="98.788950">
				<ele>451.857239</ele>
				<time>2016-02-07T05:23:05Z</time>
			</trkpt>
			<trkpt lat="19.114020" lon="98.789167">
				<ele>450.871826</ele>
				<time>2016-02-07T05:23:06Z</time>
			</trkpt>
			<trkpt lat="19.113964" lon="98.789360">
				<ele>449.384827</ele>
				<time>2016-02-07T05:23:07Z</time>
			</trkpt>
			<trkpt lat="19.113896" lon="98.789557">
				<ele>448.903564</ele>
				<time>2016-02-07T05:23:08Z</time>
			</trkpt>
			<trkpt lat="19.113811" lon="98.789740">
				<ele>447.779358</ele>
				<time>2016-02-07T05:23:09Z</time>
			</trkpt>
			<trkpt lat="19.113722" lon="98.789935">
				<ele>447.219360</ele>
				<time>2016-02-07T05:23:10Z</time>
			</trkpt>
			<trkpt lat="19.113621" lon="98.790130">
				<ele>445.256226</ele>
				<time>2016-02-07T05:23:11Z</time>
			</trkpt>
			<trkpt lat="19.113507" lon="98.790317">
				<ele>443.958862</ele>
				<time>2016-02-07T05:23:12Z</time>
			</trkpt>
			<trkpt lat="19.113372" lon="98.790511">
				<ele>444.189148</ele>
				<time>2016-02-07T05:23:13Z</time>
			</trkpt>
			<trkpt lat="19.113243" lon="98.790715">
				<ele>444.035217</ele>
				<time>2016-02-07T05:23:14Z</time>
			</trkpt>
			<trkpt lat="19.113098" lon="98.790932">
				<ele>441.644897</ele>
				<time>2016-02-07T05:23:15Z</time>
			</trkpt>
			<trkpt lat="19.112954" lon="98.791160">
				<ele>437.598999</ele>
				<time>2016-02-07T05:23:16Z</time>
			</trkpt>
			<trkpt lat="19.112809" lon="98.791389">
				<ele>435.583435</ele>
				<time>2016-02-07T05:23:17Z</time>
			</trkpt>
			<trkpt lat="19.112665" lon="98.791617">
				<ele>434.667480</ele>
				<time>2016-02-07T05:23:18Z</time>
			</trkpt>
			<trkpt lat="19.112527" lon="98.791845">
				<ele>434.237671</ele>
				<time>2016-02-07T05:23:19Z</time>
			</trkpt>
			<trkpt lat="19.112429" lon="98.792067">
				<ele>432.849609</ele>
				<time>2016-02-07T05:23:20Z</time>
			</trkpt>
			<trkpt lat="19.112350" lon="98.792308">
				<ele>429.385742</ele>
				<time>2016-02-07T05:23:21Z</time>
			</trkpt>
			<trkpt lat="19.112275" lon="98.792534">
				<ele>429.201294</ele>
				<time>2016-02-07T05:23:22Z</time>
			</trkpt>
			<trkpt lat="19.112217" lon="98.792749">
				<ele>429.951538</ele>
				<time>2016-02-07T05:23:23Z</time>
			</trkpt>
			<trkpt lat="19.112131" lon="98.792963">
				<ele>430.674805</ele>
				<time>2016-02-07T05:23:24Z</time>
			</trkpt>
			<trkpt lat="19.112043" lon="98.793168">
				<ele>431.303711</ele>
				<time>2016-02-07T05:23:25Z</time>
			</trkpt>
			<trkpt lat="19.111936" lon="98.793344">
				<ele>432.214600</ele>
				<time>2016-02-07T05:23:26Z</time>
			</trkpt>
			<trkpt lat="19.111832" lon="98.793526">
				<ele>432.597717</ele>
				<time>2016-02-07T05:23:27Z</time>
			</trkpt>
			<trkpt lat="19.111694" lon="98.793645">
				<ele>430.280396</ele>
				<time>2016-02-07T05:23:28Z</time>
			</trkpt>
			<trkpt lat="19.111547" lon="98.793778">
				<ele>431.097534</ele>
				<time>2016-02-07T05:23:29Z</time>
			</trkpt>
			<trkpt lat="19.111410" lon="98.793910">
				<ele>431.360840</ele>
				<time>2016-02-07T05:23:30Z</time>
			</trkpt>
			<trkpt lat="19.111241" lon="98.794017">
				<ele>430.304077</ele>
				<time>2016-02-07T05:23:31Z</time>
			</trkpt>
			<trkpt lat="19.111092" lon="98.794139">
				<ele>430.466125</ele>
				<time>2016-02-07T05:23:32Z</time>
			</trkpt>
			<trkpt lat="19.110946" lon="98.794260">
				<ele>429.158081</ele>
				<time>2016-02-07T05:23:33Z</time>
			</trkpt>
			<trkpt lat="19.110800" lon="98.794384">
				<ele>429.140747</ele>
				<time>2016-02-07T05:23:34Z</time>
			</trkpt>
			<trkpt lat="19.110693" lon="98.794581">
				<ele>427.087463</ele>
				<time>2016-02-07T05:23:35Z</time>
			</trkpt>
			<trkpt lat="19.110585" lon="98.794752">
				<ele>429.671875</ele>
				<time>2016-02-07T05:23:36Z</time>
			</trkpt>
			<trkpt lat="19.110472" lon="98.794934">
				<ele>430.154419</ele>
				<time>2016-02-07T05:23:37Z</time>
			</trkpt>
			<trkpt lat="19.110357" lon="98.795105">
				<ele>428.864746</ele>
				<time>2016-02-07T05:23:38Z</time>
			</trkpt>
			<trkpt lat="19.110256" lon="98.795295">
				<ele>426.232178</ele>
				<time>2016-02-07T05:23:39Z</time>
			</trkpt>
			<trkpt lat="19.110131" lon="98.795469">
				<ele>426.020691</ele>
				<time>2016-02-07T05:23:40Z</time>
			</trkpt>
			<trkpt lat="19.110018" lon="98.795627">
				<ele>426.124695</ele>
				<time>2016-02-07T05:23:41Z</time>
			</trkpt>
			<trkpt lat="19.109911" lon="98.795788">
				<ele>425.986816</ele>
				<time>2016-02-07T05:23:42Z</time>
			</trkpt>
			<trkpt lat="19.109873" lon="98.795951">
				<ele>421.203735</ele>
				<time>2016-02-07T05:23:43Z</time>
			</trkpt>
			<trkpt lat="19.109826" lon="98.796113">
				<ele>417.086792</ele>
				<time>2016-02-07T05:23:44Z</time>
			</trkpt>
			<trkpt lat="19.109793" lon="98.796277">
				<ele>416.448792</ele>
				<time>2016-02-07T05:23:45Z</time>
			</trkpt>
			<trkpt lat="19.109852" lon="98.796458">
				<ele>416.362732</ele>
				<time>2016-02-07T05:23:46Z</time>
			</trkpt>
			<trkpt lat="19.109898" lon="98.796646">
				<ele>414.753418</ele>
				<time>2016-02-07T05:23:47Z</time>
			</trkpt>
			<trkpt lat="19.109953" lon="98.796827">
				<ele>412.809143</ele>
				<time>2016-02-07T05:23:48Z</time>
			</trkpt>
			<trkpt lat="19.109996" lon="98.797015">
				<ele>412.537292</ele>
				<time>2016-02-07T05:23:49Z</time>
			</trkpt>
			<trkpt lat="19.110021" lon="98.797211">
				<ele>413.237488</ele>
				<time>2016-02-07T05:23:50Z</time>
			</trkpt>
			<trkpt lat="19.110008" lon="98.797424">
				<ele>414.503540</ele>
				<time>2016-02-07T05:23:51Z</time>
			</trkpt>
			<trkpt lat="19.109982" lon="98.797621">
				<ele>415.148438</ele>
				<time>2016-02-07T05:23:52Z</time>
			</trkpt>
			<trkpt lat="19.109958" lon="98.797817">
				<ele>414.390259</ele>
				<time>2016-02-07T05:23:53Z</time>
			</trkpt>
			<trkpt lat="19.109891" lon="98.798003">
				<ele>414.676758</ele>
				<time>2016-02-07T05:23:54Z</time>
			</trkpt>
			<trkpt lat="19.109809" lon="98.798179">
				<ele>415.397705</ele>
				<time>2016-02-07T05:23:55Z</time>
			</trkpt>
			<trkpt lat="19.109672" lon="98.798333">
				<ele>416.041870</ele>
				<time>2016-02-07T05:23:56Z</time>
			</trkpt>
			<trkpt lat="19.109555" lon="98.798510">
				<ele>417.759155</ele>
				<time>2016-02-07T05:23:57Z</time>
			</trkpt>
			<trkpt lat="19.109462" lon="98.798691">
				<ele>418.211182</ele>
				<time>2016-02-07T05:23:58Z</time>
			</trkpt>
			<trkpt lat="19.109394" lon="98.798881">
				<ele>420.183105</ele>
				<time>2016-02-07T05:23:59Z</time>
			</trkpt>
			<trkpt lat="19.109313" lon="98.799084">
				<ele>420.280762</ele>
				<time>2016-02-07T05:24:00Z</time>
			</trkpt>
			<trkpt lat="19.109235" lon="98.799302">
				<ele>420.336670</ele>
				<time>2016-02-07T05:24:01Z</time>
			</trkpt>
			<trkpt lat="19.109160" lon="98.799512">
				<ele>420.048462</ele>
				<time>2016-02-07T05:24:02Z</time>
			</trkpt>
			<trkpt lat="19.109091" lon="98.799709">
				<ele>420.410767</ele>
				<time>2016-02-07T05:24:03Z</time>
			</trkpt>
			<trkpt lat="19.109023" lon="98.799906">
				<ele>420.307678</ele>
				<time>2016-02-07T05:24:04Z</time>
			</trkpt>
			<trkpt lat="19.108952" lon="98.800081">
				<ele>420.300415</ele>
				<time>2016-02-07T05:24:05Z</time>
			</trkpt>
			<trkpt lat="19.108875" lon="98.800236">
				<ele>420.198608</ele>
				<time>2016-02-07T05:24:06Z</time>
			</trkpt>
			<trkpt lat="19.108790" lon="98.800388">
				<ele>420.985229</ele>
				<time>2016-02-07T05:24:07Z</time>
			</trkpt>
			<trkpt lat="19.108663" lon="98.800507">
				<ele>421.356812</ele>
				<time>2016-02-07T05:24:08Z</time>
			</trkpt>
			<trkpt lat="19.108543" lon="98.800618">
				<ele>422.445190</ele>
				<time>2016-02-07T05:24:09Z</time>
			</trkpt>
			<trkpt lat="19.108431" lon="98.800740">
				<ele>423.023438</ele>
				<time>2016-02-07T05:24:10Z</time>
			</trkpt>
			<trkpt lat="19.108323" lon="98.800870">
				<ele>423.185669</ele>
				<time>2016-02-07T05:24:11Z</time>
			</trkpt>
			<trkpt lat="19.108242" lon="98.801026">
				<ele>423.582886</ele>
				<time>2016-02-07T05:24:12Z</time>
			</trkpt>
			<trkpt lat="19.108142" lon="98.801194">
				<ele>422.837402</ele>
				<time>2016-02-07T05:24:13Z</time>
			</trkpt>
			<trkpt lat="19.108051" lon="98.801374">
				<ele>423.401855</ele>
				<time>2016-02-07T05:24:14Z</time>
			</trkpt>
			<trkpt lat="19.107970" lon="98.801518">
				<ele>419.090820</ele>
				<time>2016-02-07T05:24:15Z</time>
			</trkpt>
			<trkpt lat="19.107879" lon="98.801706">
				<ele>420.052856</ele>
				<time>2016-02-07T05:24:16Z</time>
			</trkpt>
			<trkpt lat="19.107788" lon="98.801886">
				<ele>421.292114</ele>
				<time>2016-02-07T05:24:17Z</time>
			</trkpt>
			<trkpt lat="19.107703" lon="98.802076">
				<ele>421.732788</ele>
				<time>2016-02-07T05:24:18Z</time>
			</trkpt>
			<trkpt lat="19.107625" lon="98.802280">
				<ele>422.771667</ele>
				<time>2016-02-07T05:24:19Z</time>
			</trkpt>
			<trkpt lat="19.107558" lon="98.802481">
				<ele>423.122742</ele>
				<time>2016-02-07T05:24:20Z</time>
			</trkpt>
			<trkpt lat="19.107496" lon="98.802686">
				<ele>423.206543</ele>
				<time>2016-02-07T05:24:21Z</time>
			</trkpt>
			<trkpt lat="19.107455" lon="98.802921">
				<ele>424.780151</ele>
				<time>2016-02-07T05:24:22Z</time>
			</trkpt>
			<trkpt lat="19.107437" lon="98.803146">
				<ele>425.626221</ele>
				<time>2016-02-07T05:24:23Z</time>
			</trkpt>
			<trkpt lat="19.107430" lon="98.803377">
				<ele>426.329956</ele>
				<time>2016-02-07T05:24:24Z</time>
			</trkpt>
			<trkpt lat="19.107430" lon="98.803601">
				<ele>427.099304</ele>
				<time>2016-02-07T05:24:25Z</time>
			</trkpt>
			<trkpt lat="19.107447" lon="98.803821">
				<ele>426.346924</ele>
				<time>2016-02-07T05:24:26Z</time>
			</trkpt>
			<trkpt lat="19.107457" lon="98.804032">
				<ele>426.514709</ele>
				<time>2016-02-07T05:24:27Z</time>
			</trkpt>
			<trkpt lat="19.107477" lon="98.804241">
				<ele>426.690308</ele>
				<time>2016-02-07T05:24:28Z</time>
			</trkpt>
			<trkpt lat="19.107488" lon="98.804422">
				<ele>430.130249</ele>
				<time>2016-02-07T05:24:29Z</time>
			</trkpt>
			<trkpt lat="19.107513" lon="98.804619">
				<ele>429.610718</ele>
				<time>2016-02-07T05:24:30Z</time>
			</trkpt>
			<trkpt lat="19.107532" lon="98.804817">
				<ele>429.923950</ele>
				<time>2016-02-07T05:24:31Z</time>
			</trkpt>
			<trkpt lat="19.107553" lon="98.805013">
				<ele>429.985291</ele>
				<time>2016-02-07T05:24:32Z</time>
			</trkpt>
			<trkpt lat="19.107587" lon="98.805191">
				<ele>431.872314</ele>
				<time>2016-02-07T05:24:33Z</time>
			</trkpt>
			<trkpt lat="19.107619" lon="98.805391">
				<ele>433.119324</ele>
				<time>2016-02-07T05:24:34Z</time>
			</trkpt>
			<trkpt lat="19.107639" lon="98.805563">
				<ele>433.140137</ele>
				<time>2016-02-07T05:24:35Z</time>
			</trkpt>
			<trkpt lat="19.107658" lon="98.805703">
				<ele>433.282959</ele>
				<time>2016-02-07T05:24:36Z</time>
			</trkpt>
			<trkpt lat="19.107673" lon="98.805850">
				<ele>433.887146</ele>
				<time>2016-02-07T05:24:37Z</time>
			</trkpt>
			<trkpt lat="19.107689" lon="98.805990">
				<ele>434.399170</ele>
				<time>2016-02-07T05:24:38Z</time>
			</trkpt>
			<trkpt lat="19.107697" lon="98.806111">
				<ele>433.552368</ele>
				<time>2016-02-07T05:24:39Z</time>
			</trkpt>
			<trkpt lat="19.107699" lon="98.806245">
				<ele>434.218506</ele>
				<time>2016-02-07T05:24:40Z</time>
			</trkpt>
			<trkpt lat="19.107683" lon="98.806386">
				<ele>433.316101</ele>
				<time>2016-02-07T05:24:41Z</time>
			</trkpt>
			<trkpt lat="19.107659" lon="98.806540">
				<ele>433.802979</ele>
				<time>2016-02-07T05:24:42Z</time>
			</trkpt>
			<trkpt lat="19.107622" lon="98.806693">
				<ele>433.589966</ele>
				<time>2016-02-07T05:24:43Z</time>
			</trkpt>
			<trkpt lat="19.107582" lon="98.806846">
				<ele>433.357666</ele>
				<time>2016-02-07T05:24:44Z</time>
			</trkpt>
			<trkpt lat="19.107515" lon="98.806974">
				<ele>432.244995</ele>
				<time>2016-02-07T05:24:45Z</time>
			</trkpt>
			<trkpt lat="19.107459" lon="98.807119">
				<ele>432.028198</ele>
				<time>2016-02-07T05:24:46Z</time>
			</trkpt>
			<trkpt lat="19.107415" lon="98.807277">
				<ele>432.484131</ele>
				<time>2016-02-07T05:24:47Z</time>
			</trkpt>
			<trkpt lat="19.107375" lon="98.807441">
				<ele>432.322449</ele>
				<time>2016-02-07T05:24:48Z</time>
			</trkpt>
			<trkpt lat="19.107374" lon="98.807650">
				<ele>432.116821</ele>
				<time>2016-02-07T05:24:49Z</time>
			</trkpt>
			<trkpt lat="19.107370" lon="98.807868">
				<ele>431.587097</ele>
				<time>2016-02-07T05:24:50Z</time>
			</trkpt>
			<trkpt lat="19.107388" lon="98.808083">
				<ele>428.072754</ele>
				<time>2016-02-07T05:24:51Z</time>
			</trkpt>
			<trkpt lat="19.107399" lon="98.808315">
				<ele>428.155762</ele>
				<time>2016-02-07T05:24:52Z</time>
			</trkpt>
			<trkpt lat="19.107403" lon="98.808555">
				<ele>428.949341</ele>
				<time>2016-02-07T05:24:53Z</time>
			</trkpt>
			<trkpt lat="19.107417" lon="98.808795">
				<ele>428.591125</ele>
				<time>2016-02-07T05:24:54Z</time>
			</trkpt>
			<trkpt lat="19.107423" lon="98.809011">
				<ele>425.339844</ele>
				<time>2016-02-07T05:24:55Z</time>
			</trkpt>
			<trkpt lat="19.107408" lon="98.809257">
				<ele>425.741150</ele>
				<time>2016-02-07T05:24:56Z</time>
			</trkpt>
			<trkpt lat="19.107374" lon="98.809511">
				<ele>423.226807</ele>
				<time>2016-02-07T05:24:57Z</time>
			</trkpt>
			<trkpt lat="19.107338" lon="98.809760">
				<ele>422.243774</ele>
				<time>2016-02-07T05:24:58Z</time>
			</trkpt>
			<trkpt lat="19.107289" lon="98.809989">
				<ele>422.437622</ele>
				<time>2016-02-07T05:24:59Z</time>
			</trkpt>
			<trkpt lat="19.107244" lon="98.810215">
				<ele>422.306030</ele>
				<time>2016-02-07T05:25:00Z</time>
			</trkpt>
			<trkpt lat="19.107191" lon="98.810443">
				<ele>422.312500</ele>
				<time>2016-02-07T05:25:01Z</time>
			</trkpt>
			<trkpt lat="19.107073" lon="98.810655">
				<ele>421.378174</ele>
				<time>2016-02-07T05:25:02Z</time>
			</trkpt>
			<trkpt lat="19.106979" lon="98.810864">
				<ele>421.968262</ele>
				<time>2016-02-07T05:25:03Z</time>
			</trkpt>
			<trkpt lat="19.106872" lon="98.811069">
				<ele>422.886597</ele>
				<time>2016-02-07T05:25:04Z</time>
			</trkpt>
			<trkpt lat="19.106753" lon="98.811289">
				<ele>420.993530</ele>
				<time>2016-02-07T05:25:05Z</time>
			</trkpt>
			<trkpt lat="19.106631" lon="98.811505">
				<ele>418.845520</ele>
				<time>2016-02-07T05:25:06Z</time>
			</trkpt>
			<trkpt lat="19.106529" lon="98.811737">
				<ele>420.624756</ele>
				<time>2016-02-07T05:25:07Z</time>
			</trkpt>
			<trkpt lat="19.106412" lon="98.811957">
				<ele>421.034912</ele>
				<time>2016-02-07T05:25:08Z</time>
			</trkpt>
			<trkpt lat="19.106291" lon="98.812177">
				<ele>421.329590</ele>
				<time>2016-02-07T05:25:09Z</time>
			</trkpt>
			<trkpt lat="19.106174" lon="98.812398">
				<ele>422.410889</ele>
				<time>2016-02-07T05:25:10Z</time>
			</trkpt>
			<trkpt lat="19.106058" lon="98.812620">
				<ele>422.684204</ele>
				<time>2016-02-07T05:25:11Z</time>
			</trkpt>
			<trkpt lat="19.105939" lon="98.812833">
				<ele>424.026733</ele>
				<time>2016-02-07T05:25:12Z</time>
			</trkpt>
			<trkpt lat="19.105815" lon="98.813054">
				<ele>425.108398</ele>
				<time>2016-02-07T05:25:13Z</time>
			</trkpt>
			<trkpt lat="19.105703" lon="98.813269">
				<ele>426.181885</ele>
				<time>2016-02-07T05:25:14Z</time>
			</trkpt>
			<trkpt lat="19.105590" lon="98.813479">
				<ele>426.867249</ele>
				<time>2016-02-07T05:25:15Z</time>
			</trkpt>
			<trkpt lat="19.105485" lon="98.813668">
				<ele>429.180298</ele>
				<time>2016-02-07T05:25:16Z</time>
			</trkpt>
			<trkpt lat="19.105370" lon="98.813858">
				<ele>433.082764</ele>
				<time>2016-02-07T05:25:17Z</time>
			</trkpt>
			<trkpt lat="19.105257" lon="98.814039">
				<ele>434.454529</ele>
				<time>2016-02-07T05:25:18Z</time>
			</trkpt>
			<trkpt lat="19.105126" lon="98.814204">
				<ele>434.690918</ele>
				<time>2016-02-07T05:25:19Z</time>
			</trkpt>
			<trkpt lat="19.104995" lon="98.814364">
				<ele>434.326416</ele>
				<time>2016-02-07T05:25:20Z</time>
			</trkpt>
			<trkpt lat="19.104864" lon="98.814531">
				<ele>434.765869</ele>
				<time>2016-02-07T05:25:21Z</time>
			</trkpt>
			<trkpt lat="19.104735" lon="98.814683">
				<ele>436.885864</ele>
				<time>2016-02-07T05:25:22Z</time>
			</trkpt>
			<trkpt lat="19.104596" lon="98.814824">
				<ele>437.285034</ele>
				<time>2016-02-07T05:25:23Z</time>
			</trkpt>
			<trkpt lat="19.104452" lon="98.814967">
				<ele>437.835510</ele>
				<time>2016-02-07T05:25:24Z</time>
			</trkpt>
			<trkpt lat="19.104310" lon="98.815101">
				<ele>438.180176</ele>
				<time>2016-02-07T05:25:25Z</time>
			</trkpt>
			<trkpt lat="19.104172" lon="98.815192">
				<ele>438.268005</ele>
				<time>2016-02-07T05:25:26Z</time>
			</trkpt>
			<trkpt lat="19.104033" lon="98.815298">
				<ele>437.834961</ele>
				<time>2016-02-07T05:25:27Z</time>
			</trkpt>
			<trkpt lat="19.103921" lon="98.815404">
				<ele>436.417236</ele>
				<time>2016-02-07T05:25:28Z</time>
			</trkpt>
			<trkpt lat="19.103766" lon="98.815493">
				<ele>436.556213</ele>
				<time>2016-02-07T05:25:29Z</time>
			</trkpt>
			<trkpt lat="19.103624" lon="98.815577">
				<ele>436.554932</ele>
				<time>2016-02-07T05:25:30Z</time>
			</trkpt>
			<trkpt lat="19.103457" lon="98.815691">
				<ele>436.276550</ele>
				<time>2016-02-07T05:25:31Z</time>
			</trkpt>
			<trkpt lat="19.103289" lon="98.815784">
				<ele>434.719727</ele>
				<time>2016-02-07T05:25:32Z</time>
			</trkpt>
			<trkpt lat="19.103150" lon="98.815859">
				<ele>432.977234</ele>
				<time>2016-02-07T05:25:33Z</time>
			</trkpt>
			<trkpt lat="19.102990" lon="98.815924">
				<ele>428.871582</ele>
				<time>2016-02-07T05:25:34Z</time>
			</trkpt>
			<trkpt lat="19.102838" lon="98.815996">
				<ele>425.929199</ele>
				<time>2016-02-07T05:25:35Z</time>
			</trkpt>
			<trkpt lat="19.102688" lon="98.816070">
				<ele>426.254883</ele>
				<time>2016-02-07T05:25:36Z</time>
			</trkpt>
			<trkpt lat="19.102535" lon="98.816124">
				<ele>425.767578</ele>
				<time>2016-02-07T05:25:37Z</time>
			</trkpt>
			<trkpt lat="19.102391" lon="98.816164">
				<ele>424.248474</ele>
				<time>2016-02-07T05:25:38Z</time>
			</trkpt>
			<trkpt lat="19.102234" lon="98.816207">
				<ele>420.848267</ele>
				<time>2016-02-07T05:25:39Z</time>
			</trkpt>
			<trkpt lat="19.102096" lon="98.816236">
				<ele>416.294800</ele>
				<time>2016-02-07T05:25:40Z</time>
			</trkpt>
			<trkpt lat="19.101959" lon="98.816267">
				<ele>414.777588</ele>
				<time>2016-02-07T05:25:41Z</time>
			</trkpt>
			<trkpt lat="19.101825" lon="98.816296">
				<ele>413.549927</ele>
				<time>2016-02-07T05:25:42Z</time>
			</trkpt>
			<trkpt lat="19.101698" lon="98.816330">
				<ele>412.880981</ele>
				<time>2016-02-07T05:25:43Z</time>
			</trkpt>
			<trkpt lat="19.101593" lon="98.816385">
				<ele>412.089966</ele>
				<time>2016-02-07T05:25:44Z</time>
			</trkpt>
			<trkpt lat="19.101498" lon="98.816438">
				<ele>409.982727</ele>
				<time>2016-02-07T05:25:45Z</time>
			</trkpt>
			<trkpt lat="19.101424" lon="98.816521">
				<ele>409.131836</ele>
				<time>2016-02-07T05:25:46Z</time>
			</trkpt>
			<trkpt lat="19.101362" lon="98.816611">
				<ele>409.759644</ele>
				<time>2016-02-07T05:25:47Z</time>
			</trkpt>
			<trkpt lat="19.101333" lon="98.816718">
				<ele>407.889404</ele>
				<time>2016-02-07T05:25:48Z</time>
			</trkpt>
			<trkpt lat="19.101346" lon="98.816865">
				<ele>406.883789</ele>
				<time>2016-02-07T05:25:49Z</time>
			</trkpt>
			<trkpt lat="19.101361" lon="98.816999">
				<ele>405.263184</ele>
				<time>2016-02-07T05:25:50Z</time>
			</trkpt>
			<trkpt lat="19.101346" lon="98.817078">
				<ele>401.387695</ele>
				<time>2016-02-07T05:25:51Z</time>
			</trkpt>
			<trkpt lat="19.101505" lon="98.817249">
				<ele>396.749390</ele>
				<time>2016-02-07T05:25:52Z</time>
			</trkpt>
			<trkpt lat="19.101584" lon="98.817403">
				<ele>396.448853</ele>
				<time>2016-02-07T05:25:53Z</time>
			</trkpt>
			<trkpt lat="19.101673" lon="98.817548">
				<ele>393.936768</ele>
				<time>2016-02-07T05:25:54Z</time>
			</trkpt>
			<trkpt lat="19.101757" lon="98.817692">
				<ele>391.169312</ele>
				<time>2016-02-07T05:25:55Z</time>
			</trkpt>
			<trkpt lat="19.101850" lon="98.817860">
				<ele>391.985352</ele>
				<time>2016-02-07T05:25:56Z</time>
			</trkpt>
			<trkpt lat="19.101947" lon="98.818027">
				<ele>392.131775</ele>
				<time>2016-02-07T05:25:57Z</time>
			</trkpt>
			<trkpt lat="19.102041" lon="98.818214">
				<ele>392.380493</ele>
				<time>2016-02-07T05:25:58Z</time>
			</trkpt>
			<trkpt lat="19.102136" lon="98.818390">
				<ele>394.768982</ele>
				<time>2016-02-07T05:25:59Z</time>
			</trkpt>
			<trkpt lat="19.102227" lon="98.818568">
				<ele>396.762695</ele>
				<time>2016-02-07T05:26:00Z</time>
			</trkpt>
			<trkpt lat="19.102317" lon="98.818747">
				<ele>397.988159</ele>
				<time>2016-02-07T05:26:01Z</time>
			</trkpt>
			<trkpt lat="19.102416" lon="98.818922">
				<ele>399.485413</ele>
				<time>2016-02-07T05:26:02Z</time>
			</trkpt>
			<trkpt lat="19.102512" lon="98.819103">
				<ele>400.706909</ele>
				<time>2016-02-07T05:26:03Z</time>
			</trkpt>
			<trkpt lat="19.102609" lon="98.819278">
				<ele>401.427246</ele>
				<time>2016-02-07T05:26:04Z</time>
			</trkpt>
			<trkpt lat="19.102717" lon="98.819453">
				<ele>401.155029</ele>
				<time>2016-02-07T05:26:05Z</time>
			</trkpt>
			<trkpt lat="19.102821" lon="98.819626">
				<ele>401.440369</ele>
				<time>2016-02-07T05:26:06Z</time>
			</trkpt>
			<trkpt lat="19.102912" lon="98.819797">
				<ele>401.538208</ele>
				<time>2016-02-07T05:26:07Z</time>
			</trkpt>
			<trkpt lat="19.103008" lon="98.819962">
				<ele>401.632568</ele>
				<time>2016-02-07T05:26:08Z</time>
			</trkpt>
			<trkpt lat="19.103137" lon="98.820082">
				<ele>400.873291</ele>
				<time>2016-02-07T05:26:09Z</time>
			</trkpt>
			<trkpt lat="19.103238" lon="98.820195">
				<ele>402.048584</ele>
				<time>2016-02-07T05:26:10Z</time>
			</trkpt>
			<trkpt lat="19.103369" lon="98.820285">
				<ele>403.702271</ele>
				<time>2016-02-07T05:26:11Z</time>
			</trkpt>
			<trkpt lat="19.103471" lon="98.820366">
				<ele>402.686646</ele>
				<time>2016-02-07T05:26:12Z</time>
			</trkpt>
			<trkpt lat="19.103588" lon="98.820456">
				<ele>402.693970</ele>
				<time>2016-02-07T05:26:13Z</time>
			</trkpt>
			<trkpt lat="19.103713" lon="98.820539">
				<ele>404.312256</ele>
				<time>2016-02-07T05:26:14Z</time>
			</trkpt>
			<trkpt lat="19.103843" lon="98.820613">
				<ele>404.265442</ele>
				<time>2016-02-07T05:26:15Z</time>
			</trkpt>
			<trkpt lat="19.103973" lon="98.820687">
				<ele>403.824707</ele>
				<time>2016-02-07T05:26:16Z</time>
			</trkpt>
			<trkpt lat="19.104110" lon="98.820761">
				<ele>402.926147</ele>
				<time>2016-02-07T05:26:17Z</time>
			</trkpt>
			<trkpt lat="19.104240" lon="98.820834">
				<ele>403.388062</ele>
				<time>2016-02-07T05:26:18Z</time>
			</trkpt>
			<trkpt lat="19.104374" lon="98.820913">
				<ele>402.812500</ele>
				<time>2016-02-07T05:26:19Z</time>
			</trkpt>
			<trkpt lat="19.104509" lon="98.820989">
				<ele>402.709045</ele>
				<time>2016-02-07T05:26:20Z</time>
			</trkpt>
			<trkpt lat="19.104634" lon="98.821074">
				<ele>404.124634</ele>
				<time>2016-02-07T05:26:21Z</time>
			</trkpt>
			<trkpt lat="19.104756" lon="98.821155">
				<ele>403.454224</ele>
				<time>2016-02-07T05:26:22Z</time>
			</trkpt>
			<trkpt lat="19.104865" lon="98.821255">
				<ele>405.085571</ele>
				<time>2016-02-07T05:26:23Z</time>
			</trkpt>
			<trkpt lat="19.104972" lon="98.821359">
				<ele>405.152283</ele>
				<time>2016-02-07T05:26:24Z</time>
			</trkpt>
			<trkpt lat="19.105054" lon="98.821447">
				<ele>403.560669</ele>
				<time>2016-02-07T05:26:25Z</time>
			</trkpt>
			<trkpt lat="19.105104" lon="98.821607">
				<ele>404.322388</ele>
				<time>2016-02-07T05:26:26Z</time>
			</trkpt>
			<trkpt lat="19.105162" lon="98.821747">
				<ele>404.152588</ele>
				<time>2016-02-07T05:26:27Z</time>
			</trkpt>
			<trkpt lat="19.105166" lon="98.821928">
				<ele>405.099854</ele>
				<time>2016-02-07T05:26:28Z</time>
			</trkpt>
			<trkpt lat="19.105187" lon="98.822092">
				<ele>404.599976</ele>
				<time>2016-02-07T05:26:29Z</time>
			</trkpt>
			<trkpt lat="19.105190" lon="98.822273">
				<ele>403.772522</ele>
				<time>2016-02-07T05:26:30Z</time>
			</trkpt>
			<trkpt lat="19.105197" lon="98.822444">
				<ele>403.350525</ele>
				<time>2016-02-07T05:26:31Z</time>
			</trkpt>
			<trkpt lat="19.105236" lon="98.822615">
				<ele>400.903931</ele>
				<time>2016-02-07T05:26:32Z</time>
			</trkpt>
			<trkpt lat="19.105244" lon="98.822772">
				<ele>402.096619</ele>
				<time>2016-02-07T05:26:33Z</time>
			</trkpt>
			<trkpt lat="19.105277" lon="98.822937">
				<ele>402.033691</ele>
				<time>2016-02-07T05:26:34Z</time>
			</trkpt>
			<trkpt lat="19.105316" lon="98.823111">
				<ele>401.626465</ele>
				<time>2016-02-07T05:26:35Z</time>
			</trkpt>
			<trkpt lat="19.105357" lon="98.823280">
				<ele>401.061279</ele>
				<time>2016-02-07T05:26:36Z</time>
			</trkpt>
			<trkpt lat="19.105392" lon="98.823475">
				<ele>400.222290</ele>
				<time>2016-02-07T05:26:37Z</time>
			</trkpt>
			<trkpt lat="19.105460" lon="98.823637">
				<ele>399.736389</ele>
				<time>2016-02-07T05:26:38Z</time>
			</trkpt>
			<trkpt lat="19.105527" lon="98.823809">
				<ele>400.007935</ele>
				<time>2016-02-07T05:26:39Z</time>
			</trkpt>
			<trkpt lat="19.105600" lon="98.823973">
				<ele>400.318481</ele>
				<time>2016-02-07T05:26:40Z</time>
			</trkpt>
			<trkpt lat="19.105673" lon="98.824123">
				<ele>400.796875</ele>
				<time>2016-02-07T05:26:41Z</time>
			</trkpt>
			<trkpt lat="19.105795" lon="98.824248">
				<ele>400.680420</ele>
				<time>2016-02-07T05:26:42Z</time>
			</trkpt>
			<trkpt lat="19.105866" lon="98.824393">
				<ele>402.068909</ele>
				<time>2016-02-07T05:26:43Z</time>
			</trkpt>
			<trkpt lat="19.105958" lon="98.824533">
				<ele>401.337280</ele>
				<time>2016-02-07T05:26:44Z</time>
			</trkpt>
			<trkpt lat="19.106048" lon="98.824670">
				<ele>401.295654</ele>
				<time>2016-02-07T05:26:45Z</time>
			</trkpt>
			<trkpt lat="19.106171" lon="98.824814">
				<ele>396.474243</ele>
				<time>2016-02-07T05:26:46Z</time>
			</trkpt>
			<trkpt lat="19.106261" lon="98.824931">
				<ele>396.759155</ele>
				<time>2016-02-07T05:26:47Z</time>
			</trkpt>
			<trkpt lat="19.106339" lon="98.825057">
				<ele>396.481567</ele>
				<time>2016-02-07T05:26:48Z</time>
			</trkpt>
			<trkpt lat="19.106428" lon="98.825186">
				<ele>395.525818</ele>
				<time>2016-02-07T05:26:49Z</time>
			</trkpt>
			<trkpt lat="19.106500" lon="98.825288">
				<ele>394.145020</ele>
				<time>2016-02-07T05:26:50Z</time>
			</trkpt>
			<trkpt lat="19.106569" lon="98.825430">
				<ele>392.424805</ele>
				<time>2016-02-07T05:26:51Z</time>
			</trkpt>
			<trkpt lat="19.106647" lon="98.825568">
				<ele>391.794922</ele>
				<time>2016-02-07T05:26:52Z</time>
			</trkpt>
			<trkpt lat="19.106716" lon="98.825737">
				<ele>393.286499</ele>
				<time>2016-02-07T05:26:53Z</time>
			</trkpt>
			<trkpt lat="19.106787" lon="98.825899">
				<ele>391.644043</ele>
				<time>2016-02-07T05:26:54Z</time>
			</trkpt>
			<trkpt lat="19.106843" lon="98.826041">
				<ele>391.233398</ele>
				<time>2016-02-07T05:26:55Z</time>
			</trkpt>
			<trkpt lat="19.106905" lon="98.826184">
				<ele>391.455994</ele>
				<time>2016-02-07T05:26:56Z</time>
			</trkpt>
			<trkpt lat="19.106972" lon="98.826335">
				<ele>391.292358</ele>
				<time>2016-02-07T05:26:57Z</time>
			</trkpt>
			<trkpt lat="19.107057" lon="98.826492">
				<ele>388.457092</ele>
				<time>2016-02-07T05:26:58Z</time>
			</trkpt>
			<trkpt lat="19.107121" lon="98.826656">
				<ele>388.729126</ele>
				<time>2016-02-07T05:26:59Z</time>
			</trkpt>
			<trkpt lat="19.107182" lon="98.826822">
				<ele>389.659119</ele>
				<time>2016-02-07T05:27:00Z</time>
			</trkpt>
			<trkpt lat="19.107236" lon="98.826987">
				<ele>389.908875</ele>
				<time>2016-02-07T05:27:01Z</time>
			</trkpt>
			<trkpt lat="19.107303" lon="98.827153">
				<ele>389.849854</ele>
				<time>2016-02-07T05:27:02Z</time>
			</trkpt>
			<trkpt lat="19.107367" lon="98.827345">
				<ele>391.841064</ele>
				<time>2016-02-07T05:27:03Z</time>
			</trkpt>
			<trkpt lat="19.107436" lon="98.827521">
				<ele>391.323853</ele>
				<time>2016-02-07T05:27:04Z</time>
			</trkpt>
			<trkpt lat="19.107507" lon="98.827695">
				<ele>391.345520</ele>
				<time>2016-02-07T05:27:05Z</time>
			</trkpt>
			<trkpt lat="19.107552" lon="98.827883">
				<ele>389.849426</ele>
				<time>2016-02-07T05:27:06Z</time>
			</trkpt>
			<trkpt lat="19.107566" lon="98.828065">
				<ele>389.331299</ele>
				<time>2016-02-07T05:27:07Z</time>
			</trkpt>
			<trkpt lat="19.107599" lon="98.828242">
				<ele>389.235596</ele>
				<time>2016-02-07T05:27:08Z</time>
			</trkpt>
			<trkpt lat="19.107652" lon="98.828382">
				<ele>384.482483</ele>
				<time>2016-02-07T05:27:09Z</time>
			</trkpt>
			<trkpt lat="19.107675" lon="98.828554">
				<ele>384.811829</ele>
				<time>2016-02-07T05:27:10Z</time>
			</trkpt>
			<trkpt lat="19.107691" lon="98.828725">
				<ele>384.864624</ele>
				<time>2016-02-07T05:27:11Z</time>
			</trkpt>
			<trkpt lat="19.107674" lon="98.828880">
				<ele>381.360291</ele>
				<time>2016-02-07T05:27:12Z</time>
			</trkpt>
			<trkpt lat="19.107661" lon="98.829054">
				<ele>382.064209</ele>
				<time>2016-02-07T05:27:13Z</time>
			</trkpt>
			<trkpt lat="19.107645" lon="98.829223">
				<ele>380.592529</ele>
				<time>2016-02-07T05:27:14Z</time>
			</trkpt>
			<trkpt lat="19.107644" lon="98.829377">
				<ele>380.741455</ele>
				<time>2016-02-07T05:27:15Z</time>
			</trkpt>
			<trkpt lat="19.107638" lon="98.829534">
				<ele>380.906616</ele>
				<time>2016-02-07T05:27:16Z</time>
			</trkpt>
			<trkpt lat="19.107623" lon="98.829698">
				<ele>381.786987</ele>
				<time>2016-02-07T05:27:17Z</time>
			</trkpt>
			<trkpt lat="19.107610" lon="98.829856">
				<ele>382.136169</ele>
				<time>2016-02-07T05:27:18Z</time>
			</trkpt>
			<trkpt lat="19.107596" lon="98.830011">
				<ele>382.548828</ele>
				<time>2016-02-07T05:27:19Z</time>
			</trkpt>
			<trkpt lat="19.107571" lon="98.830171">
				<ele>382.661133</ele>
				<time>2016-02-07T05:27:20Z</time>
			</trkpt>
			<trkpt lat="19.107536" lon="98.830319">
				<ele>383.291382</ele>
				<time>2016-02-07T05:27:21Z</time>
			</trkpt>
			<trkpt lat="19.107496" lon="98.830466">
				<ele>383.718384</ele>
				<time>2016-02-07T05:27:22Z</time>
			</trkpt>
			<trkpt lat="19.107424" lon="98.830618">
				<ele>383.266357</ele>
				<time>2016-02-07T05:27:23Z</time>
			</trkpt>
			<trkpt lat="19.107356" lon="98.830752">
				<ele>382.753845</ele>
				<time>2016-02-07T05:27:24Z</time>
			</trkpt>
			<trkpt lat="19.107275" lon="98.830877">
				<ele>382.219604</ele>
				<time>2016-02-07T05:27:25Z</time>
			</trkpt>
			<trkpt lat="19.107186" lon="98.831010">
				<ele>382.986938</ele>
				<time>2016-02-07T05:27:26Z</time>
			</trkpt>
			<trkpt lat="19.107088" lon="98.831133">
				<ele>382.959961</ele>
				<time>2016-02-07T05:27:27Z</time>
			</trkpt>
			<trkpt lat="19.106980" lon="98.831241">
				<ele>382.223816</ele>
				<time>2016-02-07T05:27:28Z</time>
			</trkpt>
			<trkpt lat="19.106864" lon="98.831342">
				<ele>382.188721</ele>
				<time>2016-02-07T05:27:29Z</time>
			</trkpt>
			<trkpt lat="19.106738" lon="98.831446">
				<ele>383.049927</ele>
				<time>2016-02-07T05:27:30Z</time>
			</trkpt>
			<trkpt lat="19.106612" lon="98.831537">
				<ele>382.477417</ele>
				<time>2016-02-07T05:27:31Z</time>
			</trkpt>
			<trkpt lat="19.106480" lon="98.831639">
				<ele>382.786499</ele>
				<time>2016-02-07T05:27:32Z</time>
			</trkpt>
			<trkpt lat="19.106354" lon="98.831735">
				<ele>383.556763</ele>
				<time>2016-02-07T05:27:33Z</time>
			</trkpt>
			<trkpt lat="19.106224" lon="98.831835">
				<ele>384.285034</ele>
				<time>2016-02-07T05:27:34Z</time>
			</trkpt>
			<trkpt lat="19.106099" lon="98.831932">
				<ele>384.921204</ele>
				<time>2016-02-07T05:27:35Z</time>
			</trkpt>
			<trkpt lat="19.105984" lon="98.832025">
				<ele>386.518738</ele>
				<time>2016-02-07T05:27:36Z</time>
			</trkpt>
			<trkpt lat="19.105867" lon="98.832127">
				<ele>385.362549</ele>
				<time>2016-02-07T05:27:37Z</time>
			</trkpt>
			<trkpt lat="19.105767" lon="98.832215">
				<ele>383.282349</ele>
				<time>2016-02-07T05:27:38Z</time>
			</trkpt>
			<trkpt lat="19.105663" lon="98.832312">
				<ele>383.514160</ele>
				<time>2016-02-07T05:27:39Z</time>
			</trkpt>
			<trkpt lat="19.105590" lon="98.832433">
				<ele>383.297363</ele>
				<time>2016-02-07T05:27:40Z</time>
			</trkpt>
			<trkpt lat="19.105519" lon="98.832558">
				<ele>383.775513</ele>
				<time>2016-02-07T05:27:41Z</time>
			</trkpt>
			<trkpt lat="19.105464" lon="98.832692">
				<ele>381.701965</ele>
				<time>2016-02-07T05:27:42Z</time>
			</trkpt>
			<trkpt lat="19.105400" lon="98.832826">
				<ele>380.791992</ele>
				<time>2016-02-07T05:27:43Z</time>
			</trkpt>
			<trkpt lat="19.105345" lon="98.832965">
				<ele>380.478149</ele>
				<time>2016-02-07T05:27:44Z</time>
			</trkpt>
			<trkpt lat="19.105299" lon="98.833097">
				<ele>380.700439</ele>
				<time>2016-02-07T05:27:45Z</time>
			</trkpt>
			<trkpt lat="19.105250" lon="98.833239">
				<ele>379.915649</ele>
				<time>2016-02-07T05:27:46Z</time>
			</trkpt>
			<trkpt lat="19.105203" lon="98.833373">
				<ele>379.325439</ele>
				<time>2016-02-07T05:27:47Z</time>
			</trkpt>
			<trkpt lat="19.105174" lon="98.833504">
				<ele>379.416992</ele>
				<time>2016-02-07T05:27:48Z</time>
			</trkpt>
			<trkpt lat="19.105153" lon="98.833628">
				<ele>379.459778</ele>
				<time>2016-02-07T05:27:49Z</time>
			</trkpt>
			<trkpt lat="19.105138" lon="98.833751">
				<ele>380.447754</ele>
				<time>2016-02-07T05:27:50Z</time>
			</trkpt>
			<trkpt lat="19.105154" lon="98.833863">
				<ele>379.679260</ele>
				<time>2016-02-07T05:27:51Z</time>
			</trkpt>
			<trkpt lat="19.105158" lon="98.833978">
				<ele>380.138977</ele>
				<time>2016-02-07T05:27:52Z</time>
			</trkpt>
			<trkpt lat="19.105169" lon="98.834083">
				<ele>380.211487</ele>
				<time>2016-02-07T05:27:53Z</time>
			</trkpt>
			<trkpt lat="19.105170" lon="98.834169">
				<ele>381.195068</ele>
				<time>2016-02-07T05:27:54Z</time>
			</trkpt>
			<trkpt lat="19.105180" lon="98.834259">
				<ele>381.274048</ele>
				<time>2016-02-07T05:27:55Z</time>
			</trkpt>
			<trkpt lat="19.105187" lon="98.834309">
				<ele>382.943604</ele>
				<time>2016-02-07T05:27:56Z</time>
			</trkpt>
			<trkpt lat="19.105186" lon="98.834380">
				<ele>380.819580</ele>
				<time>2016-02-07T05:27:57Z</time>
			</trkpt>
			<trkpt lat="19.105195" lon="98.834450">
				<ele>381.282227</ele>
				<time>2016-02-07T05:27:58Z</time>
			</trkpt>
			<trkpt lat="19.105213" lon="98.834526">
				<ele>381.280151</ele>
				<time>2016-02-07T05:27:59Z</time>
			</trkpt>
			<trkpt lat="19.105228" lon="98.834617">
				<ele>380.945984</ele>
				<time>2016-02-07T05:28:00Z</time>
			</trkpt>
			<trkpt lat="19.105241" lon="98.834718">
				<ele>380.938110</ele>
				<time>2016-02-07T05:28:01Z</time>
			</trkpt>
			<trkpt lat="19.105257" lon="98.834819">
				<ele>380.999512</ele>
				<time>2016-02-07T05:28:02Z</time>
			</trkpt>
			<trkpt lat="19.105253" lon="98.834923">
				<ele>382.460754</ele>
				<time>2016-02-07T05:28:03Z</time>
			</trkpt>
			<trkpt lat="19.105266" lon="98.835046">
				<ele>382.266968</ele>
				<time>2016-02-07T05:28:04Z</time>
			</trkpt>
			<trkpt lat="19.105289" lon="98.835190">
				<ele>381.487732</ele>
				<time>2016-02-07T05:28:05Z</time>
			</trkpt>
			<trkpt lat="19.105318" lon="98.835302">
				<ele>380.745178</ele>
				<time>2016-02-07T05:28:06Z</time>
			</trkpt>
			<trkpt lat="19.105344" lon="98.835419">
				<ele>380.643677</ele>
				<time>2016-02-07T05:28:07Z</time>
			</trkpt>
			<trkpt lat="19.105401" lon="98.835522">
				<ele>379.707397</ele>
				<time>2016-02-07T05:28:08Z</time>
			</trkpt>
			<trkpt lat="19.105450" lon="98.835623">
				<ele>378.303955</ele>
				<time>2016-02-07T05:28:09Z</time>
			</trkpt>
			<trkpt lat="19.105493" lon="98.835718">
				<ele>378.306091</ele>
				<time>2016-02-07T05:28:10Z</time>
			</trkpt>
			<trkpt lat="19.105557" lon="98.835788">
				<ele>378.234192</ele>
				<time>2016-02-07T05:28:11Z</time>
			</trkpt>
			<trkpt lat="19.105610" lon="98.835850">
				<ele>378.163208</ele>
				<time>2016-02-07T05:28:12Z</time>
			</trkpt>
			<trkpt lat="19.105661" lon="98.835920">
				<ele>378.791870</ele>
				<time>2016-02-07T05:28:13Z</time>
			</trkpt>
			<trkpt lat="19.105719" lon="98.835986">
				<ele>377.622437</ele>
				<time>2016-02-07T05:28:14Z</time>
			</trkpt>
			<trkpt lat="19.105772" lon="98.836054">
				<ele>378.070801</ele>
				<time>2016-02-07T05:28:15Z</time>
			</trkpt>
			<trkpt lat="19.105830" lon="98.836122">
				<ele>378.030029</ele>
				<time>2016-02-07T05:28:16Z</time>
			</trkpt>
			<trkpt lat="19.105871" lon="98.836219">
				<ele>375.493408</ele>
				<time>2016-02-07T05:28:17Z</time>
			</trkpt>
			<trkpt lat="19.105917" lon="98.836295">
				<ele>375.184692</ele>
				<time>2016-02-07T05:28:18Z</time>
			</trkpt>
			<trkpt lat="19.105925" lon="98.836368">
				<ele>375.664551</ele>
				<time>2016-02-07T05:28:19Z</time>
			</trkpt>
			<trkpt lat="19.105896" lon="98.836482">
				<ele>376.269226</ele>
				<time>2016-02-07T05:28:20Z</time>
			</trkpt>
			<trkpt lat="19.105885" lon="98.836580">
				<ele>375.288696</ele>
				<time>2016-02-07T05:28:21Z</time>
			</trkpt>
			<trkpt lat="19.105882" lon="98.836674">
				<ele>375.221924</ele>
				<time>2016-02-07T05:28:22Z</time>
			</trkpt>
			<trkpt lat="19.105883" lon="98.836758">
				<ele>374.385742</ele>
				<time>2016-02-07T05:28:23Z</time>
			</trkpt>
			<trkpt lat="19.105884" lon="98.836846">
				<ele>373.121948</ele>
				<time>2016-02-07T05:28:24Z</time>
			</trkpt>
			<trkpt lat="19.105872" lon="98.836949">
				<ele>374.218750</ele>
				<time>2016-02-07T05:28:25Z</time>
			</trkpt>
			<trkpt lat="19.105859" lon="98.837048">
				<ele>374.162476</ele>
				<time>2016-02-07T05:28:26Z</time>
			</trkpt>
			<trkpt lat="19.105802" lon="98.837147">
				<ele>374.725220</ele>
				<time>2016-02-07T05:28:27Z</time>
			</trkpt>
			<trkpt lat="19.105686" lon="98.837241">
				<ele>377.851685</ele>
				<time>2016-02-07T05:28:28Z</time>
			</trkpt>
			<trkpt lat="19.105593" lon="98.837274">
				<ele>376.971741</ele>
				<time>2016-02-07T05:28:29Z</time>
			</trkpt>
			<trkpt lat="19.105502" lon="98.837313">
				<ele>375.989258</ele>
				<time>2016-02-07T05:28:30Z</time>
			</trkpt>
			<trkpt lat="19.105396" lon="98.837345">
				<ele>375.791626</ele>
				<time>2016-02-07T05:28:31Z</time>
			</trkpt>
			<trkpt lat="19.105266" lon="98.837344">
				<ele>376.906128</ele>
				<time>2016-02-07T05:28:32Z</time>
			</trkpt>
			<trkpt lat="19.105129" lon="98.837347">
				<ele>376.683472</ele>
				<time>2016-02-07T05:28:33Z</time>
			</trkpt>
			<trkpt lat="19.104987" lon="98.837343">
				<ele>377.913696</ele>
				<time>2016-02-07T05:28:34Z</time>
			</trkpt>
			<trkpt lat="19.104855" lon="98.837334">
				<ele>378.703125</ele>
				<time>2016-02-07T05:28:35Z</time>
			</trkpt>
			<trkpt lat="19.104721" lon="98.837340">
				<ele>377.175781</ele>
				<time>2016-02-07T05:28:36Z</time>
			</trkpt>
			<trkpt lat="19.104602" lon="98.837336">
				<ele>377.524902</ele>
				<time>2016-02-07T05:28:37Z</time>
			</trkpt>
			<trkpt lat="19.104501" lon="98.837322">
				<ele>380.689453</ele>
				<time>2016-02-07T05:28:38Z</time>
			</trkpt>
			<trkpt lat="19.104401" lon="98.837341">
				<ele>380.458679</ele>
				<time>2016-02-07T05:28:39Z</time>
			</trkpt>
			<trkpt lat="19.104316" lon="98.837384">
				<ele>380.686523</ele>
				<time>2016-02-07T05:28:40Z</time>
			</trkpt>
			<trkpt lat="19.104246" lon="98.837445">
				<ele>381.971680</ele>
				<time>2016-02-07T05:28:41Z</time>
			</trkpt>
			<trkpt lat="19.104178" lon="98.837504">
				<ele>383.471130</ele>
				<time>2016-02-07T05:28:42Z</time>
			</trkpt>
			<trkpt lat="19.104113" lon="98.837567">
				<ele>383.346680</ele>
				<time>2016-02-07T05:28:43Z</time>
			</trkpt>
			<trkpt lat="19.104053" lon="98.837650">
				<ele>381.924927</ele>
				<time>2016-02-07T05:28:44Z</time>
			</trkpt>
			<trkpt lat="19.103989" lon="98.837753">
				<ele>380.266174</ele>
				<time>2016-02-07T05:28:45Z</time>
			</trkpt>
			<trkpt lat="19.103929" lon="98.837848">
				<ele>379.895386</ele>
				<time>2016-02-07T05:28:46Z</time>
			</trkpt>
			<trkpt lat="19.103867" lon="98.837959">
				<ele>378.336426</ele>
				<time>2016-02-07T05:28:47Z</time>
			</trkpt>
			<trkpt lat="19.103789" lon="98.838077">
				<ele>377.279846</ele>
				<time>2016-02-07T05:28:48Z</time>
			</trkpt>
			<trkpt lat="19.103720" lon="98.838204">
				<ele>376.933044</ele>
				<time>2016-02-07T05:28:49Z</time>
			</trkpt>
			<trkpt lat="19.103650" lon="98.838354">
				<ele>375.510986</ele>
				<time>2016-02-07T05:28:50Z</time>
			</trkpt>
			<trkpt lat="19.103569" lon="98.838492">
				<ele>376.774048</ele>
				<time>2016-02-07T05:28:51Z</time>
			</trkpt>
			<trkpt lat="19.103488" lon="98.838641">
				<ele>376.874512</ele>
				<time>2016-02-07T05:28:52Z</time>
			</trkpt>
			<trkpt lat="19.103403" lon="98.838785">
				<ele>377.558533</ele>
				<time>2016-02-07T05:28:53Z</time>
			</trkpt>
			<trkpt lat="19.103308" lon="98.838948">
				<ele>377.291687</ele>
				<time>2016-02-07T05:28:54Z</time>
			</trkpt>
			<trkpt lat="19.103195" lon="98.839108">
				<ele>378.558105</ele>
				<time>2016-02-07T05:28:55Z</time>
			</trkpt>
			<trkpt lat="19.103107" lon="98.839211">
				<ele>380.490356</ele>
				<time>2016-02-07T05:28:56Z</time>
			</trkpt>
			<trkpt lat="19.103009" lon="98.839332">
				<ele>380.631409</ele>
				<time>2016-02-07T05:28:57Z</time>
			</trkpt>
			<trkpt lat="19.102889" lon="98.839450">
				<ele>377.135498</ele>
				<time>2016-02-07T05:28:58Z</time>
			</trkpt>
			<trkpt lat="19.102779" lon="98.839568">
				<ele>377.292725</ele>
				<time>2016-02-07T05:28:59Z</time>
			</trkpt>
			<trkpt lat="19.102656" lon="98.839679">
				<ele>378.729614</ele>
				<time>2016-02-07T05:29:00Z</time>
			</trkpt>
			<trkpt lat="19.102537" lon="98.839797">
				<ele>376.359009</ele>
				<time>2016-02-07T05:29:01Z</time>
			</trkpt>
			<trkpt lat="19.102421" lon="98.839920">
				<ele>376.239868</ele>
				<time>2016-02-07T05:29:02Z</time>
			</trkpt>
			<trkpt lat="19.102300" lon="98.840049">
				<ele>376.792786</ele>
				<time>2016-02-07T05:29:03Z</time>
			</trkpt>
			<trkpt lat="19.102179" lon="98.840174">
				<ele>377.361633</ele>
				<time>2016-02-07T05:29:04Z</time>
			</trkpt>
			<trkpt lat="19.102061" lon="98.840299">
				<ele>377.380493</ele>
				<time>2016-02-07T05:29:05Z</time>
			</trkpt>
			<trkpt lat="19.101949" lon="98.840417">
				<ele>374.987122</ele>
				<time>2016-02-07T05:29:06Z</time>
			</trkpt>
			<trkpt lat="19.101830" lon="98.840537">
				<ele>375.282227</ele>
				<time>2016-02-07T05:29:07Z</time>
			</trkpt>
			<trkpt lat="19.101742" lon="98.840642">
				<ele>375.623840</ele>
				<time>2016-02-07T05:29:08Z</time>
			</trkpt>
			<trkpt lat="19.101635" lon="98.840757">
				<ele>376.145813</ele>
				<time>2016-02-07T05:29:09Z</time>
			</trkpt>
			<trkpt lat="19.101548" lon="98.840855">
				<ele>377.080933</ele>
				<time>2016-02-07T05:29:10Z</time>
			</trkpt>
			<trkpt lat="19.101443" lon="98.840964">
				<ele>376.997742</ele>
				<time>2016-02-07T05:29:11Z</time>
			</trkpt>
			<trkpt lat="19.101334" lon="98.841073">
				<ele>377.144043</ele>
				<time>2016-02-07T05:29:12Z</time>
			</trkpt>
			<trkpt lat="19.101236" lon="98.841181">
				<ele>376.785645</ele>
				<time>2016-02-07T05:29:13Z</time>
			</trkpt>
			<trkpt lat="19.101148" lon="98.841273">
				<ele>373.487488</ele>
				<time>2016-02-07T05:29:14Z</time>
			</trkpt>
			<trkpt lat="19.101082" lon="98.841356">
				<ele>373.731873</ele>
				<time>2016-02-07T05:29:15Z</time>
			</trkpt>
			<trkpt lat="19.101031" lon="98.841421">
				<ele>377.155396</ele>
				<time>2016-02-07T05:29:16Z</time>
			</trkpt>
			<trkpt lat="19.100984" lon="98.841483">
				<ele>377.425415</ele>
				<time>2016-02-07T05:29:17Z</time>
			</trkpt>
			<trkpt lat="19.101016" lon="98.841553">
				<ele>376.326965</ele>
				<time>2016-02-07T05:29:18Z</time>
			</trkpt>
			<trkpt lat="19.101032" lon="98.841538">
				<ele>374.598450</ele>
				<time>2016-02-07T05:29:19Z</time>
			</trkpt>
			<trkpt lat="19.101038" lon="98.841527">
				<ele>375.794800</ele>
				<time>2016-02-07T05:29:21Z</time>
			</trkpt>
			<trkpt lat="19.101033" lon="98.841533">
				<ele>377.210876</ele>
				<time>2016-02-07T05:29:24Z</time>
			</trkpt>
			<trkpt lat="19.101024" lon="98.841531">
				<ele>376.696045</ele>
				<time>2016-02-07T05:29:27Z</time>
			</trkpt>
			<trkpt lat="19.101023" lon="98.841556">
				<ele>373.326233</ele>
				<time>2016-02-07T05:29:28Z</time>
			</trkpt>
			<trkpt lat="19.101021" lon="98.841564">
				<ele>371.262329</ele>
				<time>2016-02-07T05:29:29Z</time>
			</trkpt>
			<trkpt lat="19.101021" lon="98.841567">
				<ele>370.648499</ele>
				<time>2016-02-07T05:29:30Z</time>
			</trkpt>
			<trkpt lat="19.101019" lon="98.841561">
				<ele>372.930725</ele>
				<time>2016-02-07T05:29:32Z</time>
			</trkpt>
			<trkpt lat="19.101017" lon="98.841557">
				<ele>372.943237</ele>
				<time>2016-02-07T05:29:33Z</time>
			</trkpt>
			<trkpt lat="19.101010" lon="98.841547">
				<ele>366.553833</ele>
				<time>2016-02-07T05:29:35Z</time>
			</trkpt>
			<trkpt lat="19.101006" lon="98.841543">
				<ele>366.333374</ele>
				<time>2016-02-07T05:29:36Z</time>
			</trkpt>
			<trkpt lat="19.101003" lon="98.841543">
				<ele>366.391541</ele>
				<time>2016-02-07T05:29:37Z</time>
			</trkpt>
			<trkpt lat="19.100997" lon="98.841548">
				<ele>361.523865</ele>
				<time>2016-02-07T05:29:41Z</time>
			</trkpt>
			<trkpt lat="19.100993" lon="98.841552">
				<ele>362.826355</ele>
				<time>2016-02-07T05:29:44Z</time>
			</trkpt>
			<trkpt lat="19.100990" lon="98.841545">
				<ele>363.878296</ele>
				<time>2016-02-07T05:29:47Z</time>
			</trkpt>
			<trkpt lat="19.100990" lon="98.841545">
				<ele>363.717896</ele>
				<time>2016-02-07T05:29:48Z</time>
			</trkpt>
			<trkpt lat="19.100992" lon="98.841552">
				<ele>365.598328</ele>
				<time>2016-02-07T05:29:55Z</time>
			</trkpt>
			<trkpt lat="19.100993" lon="98.841543">
				<ele>365.321411</ele>
				<time>2016-02-07T05:29:57Z</time>
			</trkpt>
			<trkpt lat="19.100995" lon="98.841533">
				<ele>365.177246</ele>
				<time>2016-02-07T05:30:00Z</time>
			</trkpt>
			<trkpt lat="19.100993" lon="98.841545">
				<ele>362.841736</ele>
				<time>2016-02-07T05:30:15Z</time>
			</trkpt>
			<trkpt lat="19.100996" lon="98.841558">
				<ele>363.051758</ele>
				<time>2016-02-07T05:30:16Z</time>
			</trkpt>
			<trkpt lat="19.100998" lon="98.841569">
				<ele>361.853271</ele>
				<time>2016-02-07T05:30:17Z</time>
			</trkpt>
			<trkpt lat="19.100998" lon="98.841569">
				<ele>357.897095</ele>
				<time>2016-02-07T05:30:20Z</time>
			</trkpt>
			<trkpt lat="19.101007" lon="98.841598">
				<ele>357.195251</ele>
				<time>2016-02-07T05:30:21Z</time>
			</trkpt>
			<trkpt lat="19.101010" lon="98.841598">
				<ele>357.179688</ele>
				<time>2016-02-07T05:30:22Z</time>
			</trkpt>
			<trkpt lat="19.101016" lon="98.841588">
				<ele>361.928406</ele>
				<time>2016-02-07T05:30:25Z</time>
			</trkpt>
			<trkpt lat="19.101023" lon="98.841564">
				<ele>365.716492</ele>
				<time>2016-02-07T05:30:30Z</time>
			</trkpt>
			<trkpt lat="19.101018" lon="98.841563">
				<ele>365.848877</ele>
				<time>2016-02-07T05:30:34Z</time>
			</trkpt>
			<trkpt lat="19.101016" lon="98.841559">
				<ele>366.114502</ele>
				<time>2016-02-07T05:30:35Z</time>
			</trkpt>
			<trkpt lat="19.101015" lon="98.841555">
				<ele>366.628296</ele>
				<time>2016-02-07T05:30:36Z</time>
			</trkpt>
			<trkpt lat="19.101012" lon="98.841547">
				<ele>369.080750</ele>
				<time>2016-02-07T05:30:39Z</time>
			</trkpt>
			<trkpt lat="19.101011" lon="98.841544">
				<ele>370.462463</ele>
				<time>2016-02-07T05:30:41Z</time>
			</trkpt>
			<trkpt lat="19.101008" lon="98.841542">
				<ele>372.388916</ele>
				<time>2016-02-07T05:30:42Z</time>
			</trkpt>
			<trkpt lat="19.101001" lon="98.841539">
				<ele>372.648193</ele>
				<time>2016-02-07T05:30:43Z</time>
			</trkpt>
			<trkpt lat="19.100996" lon="98.841535">
				<ele>373.139160</ele>
				<time>2016-02-07T05:30:44Z</time>
			</trkpt>
			<trkpt lat="19.100993" lon="98.841516">
				<ele>374.262939</ele>
				<time>2016-02-07T05:30:49Z</time>
			</trkpt>
			<trkpt lat="19.100982" lon="98.841515">
				<ele>374.384216</ele>
				<time>2016-02-07T05:30:50Z</time>
			</trkpt>
			<trkpt lat="19.100961" lon="98.841520">
				<ele>374.136963</ele>
				<time>2016-02-07T05:30:51Z</time>
			</trkpt>
			<trkpt lat="19.100936" lon="98.841537">
				<ele>373.226074</ele>
				<time>2016-02-07T05:30:52Z</time>
			</trkpt>
			<trkpt lat="19.100909" lon="98.841566">
				<ele>374.388428</ele>
				<time>2016-02-07T05:30:53Z</time>
			</trkpt>
			<trkpt lat="19.100875" lon="98.841637">
				<ele>376.717041</ele>
				<time>2016-02-07T05:30:54Z</time>
			</trkpt>
			<trkpt lat="19.100822" lon="98.841684">
				<ele>376.318726</ele>
				<time>2016-02-07T05:30:55Z</time>
			</trkpt>
			<trkpt lat="19.100760" lon="98.841745">
				<ele>376.431458</ele>
				<time>2016-02-07T05:30:56Z</time>
			</trkpt>
			<trkpt lat="19.100690" lon="98.841819">
				<ele>375.483765</ele>
				<time>2016-02-07T05:30:57Z</time>
			</trkpt>
			<trkpt lat="19.100619" lon="98.841897">
				<ele>375.600952</ele>
				<time>2016-02-07T05:30:58Z</time>
			</trkpt>
			<trkpt lat="19.100553" lon="98.841986">
				<ele>376.556580</ele>
				<time>2016-02-07T05:30:59Z</time>
			</trkpt>
			<trkpt lat="19.100475" lon="98.842073">
				<ele>377.372742</ele>
				<time>2016-02-07T05:31:00Z</time>
			</trkpt>
			<trkpt lat="19.100405" lon="98.842150">
				<ele>377.958862</ele>
				<time>2016-02-07T05:31:01Z</time>
			</trkpt>
			<trkpt lat="19.100357" lon="98.842205">
				<ele>375.640625</ele>
				<time>2016-02-07T05:31:02Z</time>
			</trkpt>
			<trkpt lat="19.100309" lon="98.842244">
				<ele>377.194031</ele>
				<time>2016-02-07T05:31:03Z</time>
			</trkpt>
			<trkpt lat="19.100273" lon="98.842265">
				<ele>377.369019</ele>
				<time>2016-02-07T05:31:04Z</time>
			</trkpt>
			<trkpt lat="19.100260" lon="98.842273">
				<ele>376.811401</ele>
				<time>2016-02-07T05:31:05Z</time>
			</trkpt>
			<trkpt lat="19.100235" lon="98.842277">
				<ele>376.790649</ele>
				<time>2016-02-07T05:31:06Z</time>
			</trkpt>
			<trkpt lat="19.100210" lon="98.842248">
				<ele>377.047058</ele>
				<time>2016-02-07T05:31:07Z</time>
			</trkpt>
			<trkpt lat="19.100200" lon="98.842228">
				<ele>376.701294</ele>
				<time>2016-02-07T05:31:08Z</time>
			</trkpt>
			<trkpt lat="19.100137" lon="98.842176">
				<ele>374.448242</ele>
				<time>2016-02-07T05:31:09Z</time>
			</trkpt>
			<trkpt lat="19.100073" lon="98.842123">
				<ele>375.101929</ele>
				<time>2016-02-07T05:31:10Z</time>
			</trkpt>
			<trkpt lat="19.099999" lon="98.842076">
				<ele>375.464966</ele>
				<time>2016-02-07T05:31:11Z</time>
			</trkpt>
			<trkpt lat="19.099934" lon="98.842011">
				<ele>374.599792</ele>
				<time>2016-02-07T05:31:12Z</time>
			</trkpt>
			<trkpt lat="19.099860" lon="98.841958">
				<ele>372.972412</ele>
				<time>2016-02-07T05:31:13Z</time>
			</trkpt>
			<trkpt lat="19.099779" lon="98.841939">
				<ele>372.829224</ele>
				<time>2016-02-07T05:31:14Z</time>
			</trkpt>
			<trkpt lat="19.099682" lon="98.841921">
				<ele>372.930115</ele>
				<time>2016-02-07T05:31:15Z</time>
			</trkpt>
			<trkpt lat="19.099590" lon="98.841894">
				<ele>372.902466</ele>
				<time>2016-02-07T05:31:16Z</time>
			</trkpt>
			<trkpt lat="19.099503" lon="98.841866">
				<ele>373.644043</ele>
				<time>2016-02-07T05:31:17Z</time>
			</trkpt>
			<trkpt lat="19.099416" lon="98.841815">
				<ele>374.398682</ele>
				<time>2016-02-07T05:31:18Z</time>
			</trkpt>
			<trkpt lat="19.099328" lon="98.841750">
				<ele>372.769470</ele>
				<time>2016-02-07T05:31:19Z</time>
			</trkpt>
			<trkpt lat="19.099245" lon="98.841700">
				<ele>373.878784</ele>
				<time>2016-02-07T05:31:20Z</time>
			</trkpt>
			<trkpt lat="19.099162" lon="98.841658">
				<ele>373.334595</ele>
				<time>2016-02-07T05:31:21Z</time>
			</trkpt>
			<trkpt lat="19.099088" lon="98.841614">
				<ele>374.003174</ele>
				<time>2016-02-07T05:31:22Z</time>
			</trkpt>
			<trkpt lat="19.099016" lon="98.841580">
				<ele>373.619507</ele>
				<time>2016-02-07T05:31:23Z</time>
			</trkpt>
			<trkpt lat="19.098974" lon="98.841505">
				<ele>373.310547</ele>
				<time>2016-02-07T05:31:24Z</time>
			</trkpt>
			<trkpt lat="19.098936" lon="98.841428">
				<ele>372.847778</ele>
				<time>2016-02-07T05:31:25Z</time>
			</trkpt>
			<trkpt lat="19.098887" lon="98.841350">
				<ele>374.381348</ele>
				<time>2016-02-07T05:31:26Z</time>
			</trkpt>
			<trkpt lat="19.098832" lon="98.841274">
				<ele>373.371521</ele>
				<time>2016-02-07T05:31:27Z</time>
			</trkpt>
			<trkpt lat="19.098770" lon="98.841216">
				<ele>372.232300</ele>
				<time>2016-02-07T05:31:28Z</time>
			</trkpt>
			<trkpt lat="19.098696" lon="98.841173">
				<ele>373.072998</ele>
				<time>2016-02-07T05:31:29Z</time>
			</trkpt>
			<trkpt lat="19.098600" lon="98.841159">
				<ele>374.722778</ele>
				<time>2016-02-07T05:31:30Z</time>
			</trkpt>
			<trkpt lat="19.098510" lon="98.841138">
				<ele>374.663635</ele>
				<time>2016-02-07T05:31:31Z</time>
			</trkpt>
			<trkpt lat="19.098411" lon="98.841112">
				<ele>374.350708</ele>
				<time>2016-02-07T05:31:32Z</time>
			</trkpt>
			<trkpt lat="19.098308" lon="98.841079">
				<ele>375.352905</ele>
				<time>2016-02-07T05:31:33Z</time>
			</trkpt>
			<trkpt lat="19.098209" lon="98.841056">
				<ele>377.174866</ele>
				<time>2016-02-07T05:31:34Z</time>
			</trkpt>
			<trkpt lat="19.098092" lon="98.841019">
				<ele>377.265503</ele>
				<time>2016-02-07T05:31:35Z</time>
			</trkpt>
			<trkpt lat="19.097974" lon="98.840984">
				<ele>378.266052</ele>
				<time>2016-02-07T05:31:36Z</time>
			</trkpt>
			<trkpt lat="19.097867" lon="98.840962">
				<ele>377.678833</ele>
				<time>2016-02-07T05:31:37Z</time>
			</trkpt>
			<trkpt lat="19.097752" lon="98.840952">
				<ele>377.931519</ele>
				<time>2016-02-07T05:31:38Z</time>
			</trkpt>
			<trkpt lat="19.097642" lon="98.840941">
				<ele>377.939819</ele>
				<time>2016-02-07T05:31:39Z</time>
			</trkpt>
			<trkpt lat="19.097519" lon="98.840935">
				<ele>378.157166</ele>
				<time>2016-02-07T05:31:40Z</time>
			</trkpt>
			<trkpt lat="19.097419" lon="98.840919">
				<ele>377.260742</ele>
				<time>2016-02-07T05:31:41Z</time>
			</trkpt>
			<trkpt lat="19.097322" lon="98.840910">
				<ele>377.536133</ele>
				<time>2016-02-07T05:31:42Z</time>
			</trkpt>
			<trkpt lat="19.097225" lon="98.840903">
				<ele>377.805420</ele>
				<time>2016-02-07T05:31:43Z</time>
			</trkpt>
			<trkpt lat="19.097142" lon="98.840887">
				<ele>378.545837</ele>
				<time>2016-02-07T05:31:44Z</time>
			</trkpt>
			<trkpt lat="19.097050" lon="98.840847">
				<ele>379.767456</ele>
				<time>2016-02-07T05:31:45Z</time>
			</trkpt>
			<trkpt lat="19.096976" lon="98.840791">
				<ele>380.329163</ele>
				<time>2016-02-07T05:31:46Z</time>
			</trkpt>
			<trkpt lat="19.096899" lon="98.840755">
				<ele>380.696655</ele>
				<time>2016-02-07T05:31:47Z</time>
			</trkpt>
			<trkpt lat="19.096817" lon="98.840734">
				<ele>381.033936</ele>
				<time>2016-02-07T05:31:48Z</time>
			</trkpt>
			<trkpt lat="19.096713" lon="98.840720">
				<ele>380.973083</ele>
				<time>2016-02-07T05:31:49Z</time>
			</trkpt>
			<trkpt lat="19.096605" lon="98.840710">
				<ele>380.887085</ele>
				<time>2016-02-07T05:31:50Z</time>
			</trkpt>
			<trkpt lat="19.096497" lon="98.840706">
				<ele>378.309937</ele>
				<time>2016-02-07T05:31:51Z</time>
			</trkpt>
			<trkpt lat="19.096376" lon="98.840719">
				<ele>380.303345</ele>
				<time>2016-02-07T05:31:52Z</time>
			</trkpt>
			<trkpt lat="19.096286" lon="98.840703">
				<ele>377.127808</ele>
				<time>2016-02-07T05:31:53Z</time>
			</trkpt>
			<trkpt lat="19.096196" lon="98.840697">
				<ele>376.612671</ele>
				<time>2016-02-07T05:31:54Z</time>
			</trkpt>
			<trkpt lat="19.096132" lon="98.840693">
				<ele>374.449585</ele>
				<time>2016-02-07T05:31:55Z</time>
			</trkpt>
			<trkpt lat="19.096063" lon="98.840697">
				<ele>374.904663</ele>
				<time>2016-02-07T05:31:56Z</time>
			</trkpt>
			<trkpt lat="19.096008" lon="98.840742">
				<ele>375.548889</ele>
				<time>2016-02-07T05:31:57Z</time>
			</trkpt>
			<trkpt lat="19.095953" lon="98.840807">
				<ele>374.164124</ele>
				<time>2016-02-07T05:31:58Z</time>
			</trkpt>
			<trkpt lat="19.095903" lon="98.840833">
				<ele>366.381653</ele>
				<time>2016-02-07T05:31:59Z</time>
			</trkpt>
			<trkpt lat="19.095851" lon="98.840894">
				<ele>365.901611</ele>
				<time>2016-02-07T05:32:00Z</time>
			</trkpt>
			<trkpt lat="19.095771" lon="98.840975">
				<ele>366.801758</ele>
				<time>2016-02-07T05:32:01Z</time>
			</trkpt>
			<trkpt lat="19.095700" lon="98.841043">
				<ele>366.684265</ele>
				<time>2016-02-07T05:32:02Z</time>
			</trkpt>
			<trkpt lat="19.095650" lon="98.841102">
				<ele>366.880859</ele>
				<time>2016-02-07T05:32:03Z</time>
			</trkpt>
			<trkpt lat="19.095612" lon="98.841127">
				<ele>367.467346</ele>
				<time>2016-02-07T05:32:04Z</time>
			</trkpt>
			<trkpt lat="19.095579" lon="98.841151">
				<ele>368.429932</ele>
				<time>2016-02-07T05:32:05Z</time>
			</trkpt>
			<trkpt lat="19.095559" lon="98.841167">
				<ele>368.387024</ele>
				<time>2016-02-07T05:32:06Z</time>
			</trkpt>
			<trkpt lat="19.095545" lon="98.841169">
				<ele>368.037354</ele>
				<time>2016-02-07T05:32:07Z</time>
			</trkpt>
			<trkpt lat="19.095545" lon="98.841174">
				<ele>370.952637</ele>
				<time>2016-02-07T05:32:09Z</time>
			</trkpt>
			<trkpt lat="19.095551" lon="98.841172">
				<ele>370.251709</ele>
				<time>2016-02-07T05:32:10Z</time>
			</trkpt>
			<trkpt lat="19.095555" lon="98.841175">
				<ele>370.061890</ele>
				<time>2016-02-07T05:32:11Z</time>
			</trkpt>
			<trkpt lat="19.095559" lon="98.841175">
				<ele>370.082886</ele>
				<time>2016-02-07T05:32:12Z</time>
			</trkpt>
			<trkpt lat="19.095569" lon="98.841181">
				<ele>370.945679</ele>
				<time>2016-02-07T05:32:13Z</time>
			</trkpt>
			<trkpt lat="19.095575" lon="98.841181">
				<ele>370.942749</ele>
				<time>2016-02-07T05:32:14Z</time>
			</trkpt>
			<trkpt lat="19.095570" lon="98.841182">
				<ele>373.287842</ele>
				<time>2016-02-07T05:32:16Z</time>
			</trkpt>
			<trkpt lat="19.095561" lon="98.841191">
				<ele>378.350708</ele>
				<time>2016-02-07T05:32:20Z</time>
			</trkpt>
			<trkpt lat="19.095558" lon="98.841193">
				<ele>379.133606</ele>
				<time>2016-02-07T05:32:21Z</time>
			</trkpt>
			<trkpt lat="19.095557" lon="98.841195">
				<ele>381.295166</ele>
				<time>2016-02-07T05:32:22Z</time>
			</trkpt>
			<trkpt lat="19.095556" lon="98.841196">
				<ele>381.336670</ele>
				<time>2016-02-07T05:32:23Z</time>
			</trkpt>
			<trkpt lat="19.095553" lon="98.841193">
				<ele>381.940308</ele>
				<time>2016-02-07T05:32:25Z</time>
			</trkpt>
			<trkpt lat="19.095555" lon="98.841191">
				<ele>383.278564</ele>
				<time>2016-02-07T05:32:26Z</time>
			</trkpt>
			<trkpt lat="19.095558" lon="98.841187">
				<ele>382.235840</ele>
				<time>2016-02-07T05:32:27Z</time>
			</trkpt>
			<trkpt lat="19.095560" lon="98.841184">
				<ele>381.774597</ele>
				<time>2016-02-07T05:32:28Z</time>
			</trkpt>
			<trkpt lat="19.095563" lon="98.841176">
				<ele>381.686218</ele>
				<time>2016-02-07T05:32:30Z</time>
			</trkpt>
			<trkpt lat="19.095569" lon="98.841174">
				<ele>382.291382</ele>
				<time>2016-02-07T05:32:31Z</time>
			</trkpt>
			<trkpt lat="19.095575" lon="98.841175">
				<ele>382.414978</ele>
				<time>2016-02-07T05:32:32Z</time>
			</trkpt>
			<trkpt lat="19.095583" lon="98.841173">
				<ele>380.040771</ele>
				<time>2016-02-07T05:32:33Z</time>
			</trkpt>
			<trkpt lat="19.095590" lon="98.841168">
				<ele>379.746338</ele>
				<time>2016-02-07T05:32:34Z</time>
			</trkpt>
			<trkpt lat="19.095594" lon="98.841161">
				<ele>379.743896</ele>
				<time>2016-02-07T05:32:35Z</time>
			</trkpt>
			<trkpt lat="19.095593" lon="98.841156">
				<ele>374.875305</ele>
				<time>2016-02-07T05:32:38Z</time>
			</trkpt>
			<trkpt lat="19.095597" lon="98.841149">
				<ele>375.047607</ele>
				<time>2016-02-07T05:32:39Z</time>
			</trkpt>
			<trkpt lat="19.095606" lon="98.841135">
				<ele>373.641357</ele>
				<time>2016-02-07T05:32:40Z</time>
			</trkpt>
			<trkpt lat="19.095621" lon="98.841118">
				<ele>373.103271</ele>
				<time>2016-02-07T05:32:41Z</time>
			</trkpt>
			<trkpt lat="19.095643" lon="98.841095">
				<ele>371.073242</ele>
				<time>2016-02-07T05:32:42Z</time>
			</trkpt>
			<trkpt lat="19.095715" lon="98.841019">
				<ele>370.621460</ele>
				<time>2016-02-07T05:32:43Z</time>
			</trkpt>
			<trkpt lat="19.095771" lon="98.840944">
				<ele>370.019653</ele>
				<time>2016-02-07T05:32:44Z</time>
			</trkpt>
			<trkpt lat="19.095860" lon="98.840891">
				<ele>371.849487</ele>
				<time>2016-02-07T05:32:45Z</time>
			</trkpt>
			<trkpt lat="19.095906" lon="98.840847">
				<ele>374.317017</ele>
				<time>2016-02-07T05:32:46Z</time>
			</trkpt>
			<trkpt lat="19.095961" lon="98.840782">
				<ele>376.112732</ele>
				<time>2016-02-07T05:32:47Z</time>
			</trkpt>
			<trkpt lat="19.096020" lon="98.840736">
				<ele>378.142212</ele>
				<time>2016-02-07T05:32:48Z</time>
			</trkpt>
			<trkpt lat="19.096037" lon="98.840648">
				<ele>375.881470</ele>
				<time>2016-02-07T05:32:49Z</time>
			</trkpt>
			<trkpt lat="19.096093" lon="98.840575">
				<ele>375.130005</ele>
				<time>2016-02-07T05:32:50Z</time>
			</trkpt>
			<trkpt lat="19.096150" lon="98.840505">
				<ele>375.315674</ele>
				<time>2016-02-07T05:32:51Z</time>
			</trkpt>
			<trkpt lat="19.096175" lon="98.840425">
				<ele>375.544189</ele>
				<time>2016-02-07T05:32:52Z</time>
			</trkpt>
			<trkpt lat="19.096192" lon="98.840361">
				<ele>376.354614</ele>
				<time>2016-02-07T05:32:53Z</time>
			</trkpt>
			<trkpt lat="19.096201" lon="98.840294">
				<ele>374.714172</ele>
				<time>2016-02-07T05:32:54Z</time>
			</trkpt>
			<trkpt lat="19.096225" lon="98.840247">
				<ele>376.490234</ele>
				<time>2016-02-07T05:32:55Z</time>
			</trkpt>
			<trkpt lat="19.096226" lon="98.840210">
				<ele>375.535889</ele>
				<time>2016-02-07T05:32:56Z</time>
			</trkpt>
			<trkpt lat="19.096234" lon="98.840196">
				<ele>374.080566</ele>
				<time>2016-02-07T05:32:57Z</time>
			</trkpt>
			<trkpt lat="19.096248" lon="98.840166">
				<ele>373.722534</ele>
				<time>2016-02-07T05:32:58Z</time>
			</trkpt>
			<trkpt lat="19.096258" lon="98.840120">
				<ele>373.723022</ele>
				<time>2016-02-07T05:32:59Z</time>
			</trkpt>
			<trkpt lat="19.096267" lon="98.840074">
				<ele>373.770874</ele>
				<time>2016-02-07T05:33:00Z</time>
			</trkpt>
			<trkpt lat="19.096276" lon="98.840040">
				<ele>374.533508</ele>
				<time>2016-02-07T05:33:01Z</time>
			</trkpt>
			<trkpt lat="19.096279" lon="98.840023">
				<ele>376.247742</ele>
				<time>2016-02-07T05:33:02Z</time>
			</trkpt>
			<trkpt lat="19.096285" lon="98.839998">
				<ele>375.740723</ele>
				<time>2016-02-07T05:33:03Z</time>
			</trkpt>
			<trkpt lat="19.096285" lon="98.839994">
				<ele>374.440063</ele>
				<time>2016-02-07T05:33:04Z</time>
			</trkpt>
			<trkpt lat="19.096284" lon="98.839993">
				<ele>375.858582</ele>
				<time>2016-02-07T05:33:07Z</time>
			</trkpt>
			<trkpt lat="19.096281" lon="98.839991">
				<ele>375.321106</ele>
				<time>2016-02-07T05:33:08Z</time>
			</trkpt>
			<trkpt lat="19.096274" lon="98.839991">
				<ele>375.866638</ele>
				<time>2016-02-07T05:33:09Z</time>
			</trkpt>
			<trkpt lat="19.096264" lon="98.839998">
				<ele>376.185425</ele>
				<time>2016-02-07T05:33:10Z</time>
			</trkpt>
			<trkpt lat="19.096256" lon="98.840022">
				<ele>377.831604</ele>
				<time>2016-02-07T05:33:11Z</time>
			</trkpt>
			<trkpt lat="19.096252" lon="98.840061">
				<ele>378.714111</ele>
				<time>2016-02-07T05:33:12Z</time>
			</trkpt>
			<trkpt lat="19.096250" lon="98.840109">
				<ele>380.012085</ele>
				<time>2016-02-07T05:33:13Z</time>
			</trkpt>
			<trkpt lat="19.096250" lon="98.840183">
				<ele>379.855469</ele>
				<time>2016-02-07T05:33:14Z</time>
			</trkpt>
			<trkpt lat="19.096235" lon="98.840247">
				<ele>379.677063</ele>
				<time>2016-02-07T05:33:15Z</time>
			</trkpt>
			<trkpt lat="19.096220" lon="98.840316">
				<ele>380.156128</ele>
				<time>2016-02-07T05:33:16Z</time>
			</trkpt>
			<trkpt lat="19.096194" lon="98.840406">
				<ele>380.453430</ele>
				<time>2016-02-07T05:33:17Z</time>
			</trkpt>
			<trkpt lat="19.096165" lon="98.840483">
				<ele>380.577148</ele>
				<time>2016-02-07T05:33:18Z</time>
			</trkpt>
			<trkpt lat="19.096127" lon="98.840541">
				<ele>381.145996</ele>
				<time>2016-02-07T05:33:19Z</time>
			</trkpt>
			<trkpt lat="19.096086" lon="98.840587">
				<ele>380.728516</ele>
				<time>2016-02-07T05:33:20Z</time>
			</trkpt>
			<trkpt lat="19.096042" lon="98.840648">
				<ele>380.884399</ele>
				<time>2016-02-07T05:33:21Z</time>
			</trkpt>
			<trkpt lat="19.096003" lon="98.840712">
				<ele>379.446655</ele>
				<time>2016-02-07T05:33:22Z</time>
			</trkpt>
			<trkpt lat="19.095956" lon="98.840770">
				<ele>380.017090</ele>
				<time>2016-02-07T05:33:23Z</time>
			</trkpt>
			<trkpt lat="19.095904" lon="98.840838">
				<ele>379.752197</ele>
				<time>2016-02-07T05:33:24Z</time>
			</trkpt>
			<trkpt lat="19.095851" lon="98.840900">
				<ele>379.888672</ele>
				<time>2016-02-07T05:33:25Z</time>
			</trkpt>
			<trkpt lat="19.095777" lon="98.840973">
				<ele>379.795288</ele>
				<time>2016-02-07T05:33:26Z</time>
			</trkpt>
			<trkpt lat="19.095706" lon="98.841038">
				<ele>380.138428</ele>
				<time>2016-02-07T05:33:27Z</time>
			</trkpt>
			<trkpt lat="19.095664" lon="98.841094">
				<ele>380.435974</ele>
				<time>2016-02-07T05:33:28Z</time>
			</trkpt>
			<trkpt lat="19.095612" lon="98.841147">
				<ele>380.815491</ele>
				<time>2016-02-07T05:33:29Z</time>
			</trkpt>
			<trkpt lat="19.095577" lon="98.841216">
				<ele>380.039917</ele>
				<time>2016-02-07T05:33:30Z</time>
			</trkpt>
			<trkpt lat="19.095533" lon="98.841280">
				<ele>379.048950</ele>
				<time>2016-02-07T05:33:31Z</time>
			</trkpt>
			<trkpt lat="19.095454" lon="98.841356">
				<ele>379.714050</ele>
				<time>2016-02-07T05:33:32Z</time>
			</trkpt>
			<trkpt lat="19.095396" lon="98.841430">
				<ele>379.708496</ele>
				<time>2016-02-07T05:33:33Z</time>
			</trkpt>
			<trkpt lat="19.095314" lon="98.841521">
				<ele>379.238586</ele>
				<time>2016-02-07T05:33:34Z</time>
			</trkpt>
			<trkpt lat="19.095247" lon="98.841614">
				<ele>380.181213</ele>
				<time>2016-02-07T05:33:35Z</time>
			</trkpt>
			<trkpt lat="19.095182" lon="98.841717">
				<ele>380.592468</ele>
				<time>2016-02-07T05:33:36Z</time>
			</trkpt>
			<trkpt lat="19.095111" lon="98.841843">
				<ele>379.460938</ele>
				<time>2016-02-07T05:33:37Z</time>
			</trkpt>
			<trkpt lat="19.095035" lon="98.841958">
				<ele>379.393921</ele>
				<time>2016-02-07T05:33:38Z</time>
			</trkpt>
			<trkpt lat="19.094971" lon="98.842079">
				<ele>379.546326</ele>
				<time>2016-02-07T05:33:39Z</time>
			</trkpt>
			<trkpt lat="19.094898" lon="98.842201">
				<ele>379.951172</ele>
				<time>2016-02-07T05:33:40Z</time>
			</trkpt>
			<trkpt lat="19.094844" lon="98.842327">
				<ele>379.714905</ele>
				<time>2016-02-07T05:33:41Z</time>
			</trkpt>
			<trkpt lat="19.094793" lon="98.842453">
				<ele>380.658081</ele>
				<time>2016-02-07T05:33:42Z</time>
			</trkpt>
			<trkpt lat="19.094748" lon="98.842569">
				<ele>380.779419</ele>
				<time>2016-02-07T05:33:43Z</time>
			</trkpt>
			<trkpt lat="19.094699" lon="98.842686">
				<ele>381.454834</ele>
				<time>2016-02-07T05:33:44Z</time>
			</trkpt>
			<trkpt lat="19.094657" lon="98.842810">
				<ele>380.997864</ele>
				<time>2016-02-07T05:33:45Z</time>
			</trkpt>
			<trkpt lat="19.094640" lon="98.842913">
				<ele>379.701599</ele>
				<time>2016-02-07T05:33:46Z</time>
			</trkpt>
			<trkpt lat="19.094616" lon="98.843048">
				<ele>378.238892</ele>
				<time>2016-02-07T05:33:47Z</time>
			</trkpt>
			<trkpt lat="19.094610" lon="98.843152">
				<ele>375.861816</ele>
				<time>2016-02-07T05:33:48Z</time>
			</trkpt>
			<trkpt lat="19.094576" lon="98.843296">
				<ele>376.528259</ele>
				<time>2016-02-07T05:33:49Z</time>
			</trkpt>
			<trkpt lat="19.094542" lon="98.843433">
				<ele>377.343750</ele>
				<time>2016-02-07T05:33:50Z</time>
			</trkpt>
			<trkpt lat="19.094519" lon="98.843567">
				<ele>377.412476</ele>
				<time>2016-02-07T05:33:51Z</time>
			</trkpt>
			<trkpt lat="19.094508" lon="98.843717">
				<ele>373.303223</ele>
				<time>2016-02-07T05:33:52Z</time>
			</trkpt>
			<trkpt lat="19.094496" lon="98.843853">
				<ele>373.410889</ele>
				<time>2016-02-07T05:33:53Z</time>
			</trkpt>
			<trkpt lat="19.094481" lon="98.843992">
				<ele>373.739258</ele>
				<time>2016-02-07T05:33:54Z</time>
			</trkpt>
			<trkpt lat="19.094463" lon="98.844128">
				<ele>373.692261</ele>
				<time>2016-02-07T05:33:55Z</time>
			</trkpt>
			<trkpt lat="19.094442" lon="98.844235">
				<ele>373.892212</ele>
				<time>2016-02-07T05:33:56Z</time>
			</trkpt>
			<trkpt lat="19.094430" lon="98.844326">
				<ele>374.008301</ele>
				<time>2016-02-07T05:33:57Z</time>
			</trkpt>
			<trkpt lat="19.094395" lon="98.844436">
				<ele>373.792480</ele>
				<time>2016-02-07T05:33:58Z</time>
			</trkpt>
			<trkpt lat="19.094409" lon="98.844449">
				<ele>369.115356</ele>
				<time>2016-02-07T05:33:59Z</time>
			</trkpt>
			<trkpt lat="19.094398" lon="98.844502">
				<ele>369.068359</ele>
				<time>2016-02-07T05:34:00Z</time>
			</trkpt>
			<trkpt lat="19.094398" lon="98.844605">
				<ele>364.615479</ele>
				<time>2016-02-07T05:34:01Z</time>
			</trkpt>
			<trkpt lat="19.094399" lon="98.844699">
				<ele>365.114502</ele>
				<time>2016-02-07T05:34:02Z</time>
			</trkpt>
			<trkpt lat="19.094392" lon="98.844797">
				<ele>365.145020</ele>
				<time>2016-02-07T05:34:03Z</time>
			</trkpt>
			<trkpt lat="19.094371" lon="98.844912">
				<ele>365.661133</ele>
				<time>2016-02-07T05:34:04Z</time>
			</trkpt>
			<trkpt lat="19.094334" lon="98.844997">
				<ele>366.909424</ele>
				<time>2016-02-07T05:34:05Z</time>
			</trkpt>
			<trkpt lat="19.094312" lon="98.845094">
				<ele>367.265808</ele>
				<time>2016-02-07T05:34:06Z</time>
			</trkpt>
			<trkpt lat="19.094287" lon="98.845195">
				<ele>367.282288</ele>
				<time>2016-02-07T05:34:07Z</time>
			</trkpt>
			<trkpt lat="19.094251" lon="98.845273">
				<ele>368.570679</ele>
				<time>2016-02-07T05:34:08Z</time>
			</trkpt>
			<trkpt lat="19.094180" lon="98.845392">
				<ele>369.177368</ele>
				<time>2016-02-07T05:34:09Z</time>
			</trkpt>
			<trkpt lat="19.094105" lon="98.845497">
				<ele>369.714722</ele>
				<time>2016-02-07T05:34:10Z</time>
			</trkpt>
			<trkpt lat="19.094039" lon="98.845606">
				<ele>369.202881</ele>
				<time>2016-02-07T05:34:11Z</time>
			</trkpt>
			<trkpt lat="19.093951" lon="98.845728">
				<ele>370.083618</ele>
				<time>2016-02-07T05:34:12Z</time>
			</trkpt>
			<trkpt lat="19.093892" lon="98.845833">
				<ele>371.311279</ele>
				<time>2016-02-07T05:34:13Z</time>
			</trkpt>
			<trkpt lat="19.093852" lon="98.845940">
				<ele>371.812866</ele>
				<time>2016-02-07T05:34:14Z</time>
			</trkpt>
			<trkpt lat="19.093819" lon="98.846052">
				<ele>371.813538</ele>
				<time>2016-02-07T05:34:15Z</time>
			</trkpt>
			<trkpt lat="19.093824" lon="98.846172">
				<ele>368.962891</ele>
				<time>2016-02-07T05:34:16Z</time>
			</trkpt>
			<trkpt lat="19.093824" lon="98.846295">
				<ele>365.975769</ele>
				<time>2016-02-07T05:34:17Z</time>
			</trkpt>
			<trkpt lat="19.093818" lon="98.846425">
				<ele>365.642700</ele>
				<time>2016-02-07T05:34:18Z</time>
			</trkpt>
			<trkpt lat="19.093813" lon="98.846546">
				<ele>365.316895</ele>
				<time>2016-02-07T05:34:19Z</time>
			</trkpt>
			<trkpt lat="19.093788" lon="98.846607">
				<ele>364.083923</ele>
				<time>2016-02-07T05:34:20Z</time>
			</trkpt>
			<trkpt lat="19.093765" lon="98.846699">
				<ele>363.933105</ele>
				<time>2016-02-07T05:34:21Z</time>
			</trkpt>
			<trkpt lat="19.093714" lon="98.846779">
				<ele>363.085449</ele>
				<time>2016-02-07T05:34:22Z</time>
			</trkpt>
			<trkpt lat="19.093651" lon="98.846856">
				<ele>362.843140</ele>
				<time>2016-02-07T05:34:23Z</time>
			</trkpt>
			<trkpt lat="19.093583" lon="98.846905">
				<ele>363.626709</ele>
				<time>2016-02-07T05:34:24Z</time>
			</trkpt>
			<trkpt lat="19.093552" lon="98.846944">
				<ele>364.997437</ele>
				<time>2016-02-07T05:34:25Z</time>
			</trkpt>
			<trkpt lat="19.093468" lon="98.847014">
				<ele>364.978271</ele>
				<time>2016-02-07T05:34:26Z</time>
			</trkpt>
			<trkpt lat="19.093388" lon="98.847067">
				<ele>365.865234</ele>
				<time>2016-02-07T05:34:27Z</time>
			</trkpt>
			<trkpt lat="19.093279" lon="98.847130">
				<ele>367.054199</ele>
				<time>2016-02-07T05:34:28Z</time>
			</trkpt>
			<trkpt lat="19.093185" lon="98.847163">
				<ele>366.631348</ele>
				<time>2016-02-07T05:34:29Z</time>
			</trkpt>
			<trkpt lat="19.093083" lon="98.847170">
				<ele>366.578491</ele>
				<time>2016-02-07T05:34:30Z</time>
			</trkpt>
			<trkpt lat="19.093014" lon="98.847173">
				<ele>366.383728</ele>
				<time>2016-02-07T05:34:31Z</time>
			</trkpt>
			<trkpt lat="19.092947" lon="98.847173">
				<ele>367.959351</ele>
				<time>2016-02-07T05:34:32Z</time>
			</trkpt>
			<trkpt lat="19.092889" lon="98.847192">
				<ele>368.512451</ele>
				<time>2016-02-07T05:34:33Z</time>
			</trkpt>
			<trkpt lat="19.092853" lon="98.847202">
				<ele>368.111450</ele>
				<time>2016-02-07T05:34:34Z</time>
			</trkpt>
			<trkpt lat="19.092816" lon="98.847209">
				<ele>367.232544</ele>
				<time>2016-02-07T05:34:35Z</time>
			</trkpt>
			<trkpt lat="19.092756" lon="98.847212">
				<ele>367.217102</ele>
				<time>2016-02-07T05:34:36Z</time>
			</trkpt>
			<trkpt lat="19.092701" lon="98.847214">
				<ele>366.887878</ele>
				<time>2016-02-07T05:34:37Z</time>
			</trkpt>
			<trkpt lat="19.092650" lon="98.847224">
				<ele>366.685059</ele>
				<time>2016-02-07T05:34:38Z</time>
			</trkpt>
			<trkpt lat="19.092556" lon="98.847236">
				<ele>366.690308</ele>
				<time>2016-02-07T05:34:39Z</time>
			</trkpt>
			<trkpt lat="19.092484" lon="98.847248">
				<ele>365.842163</ele>
				<time>2016-02-07T05:34:40Z</time>
			</trkpt>
			<trkpt lat="19.092384" lon="98.847252">
				<ele>366.983948</ele>
				<time>2016-02-07T05:34:41Z</time>
			</trkpt>
			<trkpt lat="19.092284" lon="98.847254">
				<ele>365.316650</ele>
				<time>2016-02-07T05:34:42Z</time>
			</trkpt>
			<trkpt lat="19.092176" lon="98.847265">
				<ele>365.608582</ele>
				<time>2016-02-07T05:34:43Z</time>
			</trkpt>
			<trkpt lat="19.092088" lon="98.847274">
				<ele>365.383667</ele>
				<time>2016-02-07T05:34:44Z</time>
			</trkpt>
			<trkpt lat="19.092000" lon="98.847296">
				<ele>365.798706</ele>
				<time>2016-02-07T05:34:45Z</time>
			</trkpt>
			<trkpt lat="19.091927" lon="98.847332">
				<ele>366.184998</ele>
				<time>2016-02-07T05:34:46Z</time>
			</trkpt>
			<trkpt lat="19.091901" lon="98.847419">
				<ele>367.033691</ele>
				<time>2016-02-07T05:34:47Z</time>
			</trkpt>
			<trkpt lat="19.091842" lon="98.847485">
				<ele>368.150635</ele>
				<time>2016-02-07T05:34:48Z</time>
			</trkpt>
			<trkpt lat="19.091762" lon="98.847590">
				<ele>367.469482</ele>
				<time>2016-02-07T05:34:49Z</time>
			</trkpt>
			<trkpt lat="19.091683" lon="98.847658">
				<ele>366.659363</ele>
				<time>2016-02-07T05:34:50Z</time>
			</trkpt>
			<trkpt lat="19.091586" lon="98.847752">
				<ele>367.890442</ele>
				<time>2016-02-07T05:34:51Z</time>
			</trkpt>
			<trkpt lat="19.091479" lon="98.847848">
				<ele>368.598999</ele>
				<time>2016-02-07T05:34:52Z</time>
			</trkpt>
			<trkpt lat="19.091366" lon="98.847956">
				<ele>369.622314</ele>
				<time>2016-02-07T05:34:53Z</time>
			</trkpt>
			<trkpt lat="19.091263" lon="98.848061">
				<ele>370.887573</ele>
				<time>2016-02-07T05:34:54Z</time>
			</trkpt>
			<trkpt lat="19.091163" lon="98.848153">
				<ele>370.525146</ele>
				<time>2016-02-07T05:34:55Z</time>
			</trkpt>
			<trkpt lat="19.091056" lon="98.848258">
				<ele>370.063538</ele>
				<time>2016-02-07T05:34:56Z</time>
			</trkpt>
			<trkpt lat="19.090951" lon="98.848360">
				<ele>370.097290</ele>
				<time>2016-02-07T05:34:57Z</time>
			</trkpt>
			<trkpt lat="19.090826" lon="98.848457">
				<ele>369.349243</ele>
				<time>2016-02-07T05:34:58Z</time>
			</trkpt>
			<trkpt lat="19.090712" lon="98.848555">
				<ele>368.696106</ele>
				<time>2016-02-07T05:34:59Z</time>
			</trkpt>
			<trkpt lat="19.090606" lon="98.848648">
				<ele>367.985718</ele>
				<time>2016-02-07T05:35:00Z</time>
			</trkpt>
			<trkpt lat="19.090482" lon="98.848704">
				<ele>366.543091</ele>
				<time>2016-02-07T05:35:01Z</time>
			</trkpt>
			<trkpt lat="19.090363" lon="98.848756">
				<ele>366.845337</ele>
				<time>2016-02-07T05:35:02Z</time>
			</trkpt>
			<trkpt lat="19.090225" lon="98.848809">
				<ele>367.515747</ele>
				<time>2016-02-07T05:35:03Z</time>
			</trkpt>
			<trkpt lat="19.090085" lon="98.848860">
				<ele>367.463623</ele>
				<time>2016-02-07T05:35:04Z</time>
			</trkpt>
			<trkpt lat="19.089944" lon="98.848913">
				<ele>368.260986</ele>
				<time>2016-02-07T05:35:05Z</time>
			</trkpt>
			<trkpt lat="19.089803" lon="98.848966">
				<ele>367.738525</ele>
				<time>2016-02-07T05:35:06Z</time>
			</trkpt>
			<trkpt lat="19.089642" lon="98.849025">
				<ele>368.267822</ele>
				<time>2016-02-07T05:35:07Z</time>
			</trkpt>
			<trkpt lat="19.089530" lon="98.849109">
				<ele>368.063354</ele>
				<time>2016-02-07T05:35:08Z</time>
			</trkpt>
			<trkpt lat="19.089412" lon="98.849196">
				<ele>369.666199</ele>
				<time>2016-02-07T05:35:09Z</time>
			</trkpt>
			<trkpt lat="19.089283" lon="98.849280">
				<ele>370.325073</ele>
				<time>2016-02-07T05:35:10Z</time>
			</trkpt>
			<trkpt lat="19.089172" lon="98.849373">
				<ele>370.039062</ele>
				<time>2016-02-07T05:35:11Z</time>
			</trkpt>
			<trkpt lat="19.089061" lon="98.849477">
				<ele>368.944214</ele>
				<time>2016-02-07T05:35:12Z</time>
			</trkpt>
			<trkpt lat="19.088947" lon="98.849594">
				<ele>367.547119</ele>
				<time>2016-02-07T05:35:13Z</time>
			</trkpt>
			<trkpt lat="19.088849" lon="98.849702">
				<ele>367.694031</ele>
				<time>2016-02-07T05:35:14Z</time>
			</trkpt>
			<trkpt lat="19.088742" lon="98.849806">
				<ele>367.889404</ele>
				<time>2016-02-07T05:35:15Z</time>
			</trkpt>
			<trkpt lat="19.088632" lon="98.849909">
				<ele>368.082153</ele>
				<time>2016-02-07T05:35:16Z</time>
			</trkpt>
			<trkpt lat="19.088522" lon="98.849999">
				<ele>368.096497</ele>
				<time>2016-02-07T05:35:17Z</time>
			</trkpt>
			<trkpt lat="19.088389" lon="98.850089">
				<ele>369.856812</ele>
				<time>2016-02-07T05:35:18Z</time>
			</trkpt>
			<trkpt lat="19.088272" lon="98.850158">
				<ele>369.299377</ele>
				<time>2016-02-07T05:35:19Z</time>
			</trkpt>
			<trkpt lat="19.088156" lon="98.850231">
				<ele>368.486084</ele>
				<time>2016-02-07T05:35:20Z</time>
			</trkpt>
			<trkpt lat="19.088026" lon="98.850324">
				<ele>369.827332</ele>
				<time>2016-02-07T05:35:21Z</time>
			</trkpt>
			<trkpt lat="19.087879" lon="98.850379">
				<ele>370.120483</ele>
				<time>2016-02-07T05:35:22Z</time>
			</trkpt>
			<trkpt lat="19.087731" lon="98.850441">
				<ele>371.431396</ele>
				<time>2016-02-07T05:35:23Z</time>
			</trkpt>
			<trkpt lat="19.087594" lon="98.850519">
				<ele>373.212524</ele>
				<time>2016-02-07T05:35:24Z</time>
			</trkpt>
			<trkpt lat="19.087479" lon="98.850615">
				<ele>372.730042</ele>
				<time>2016-02-07T05:35:25Z</time>
			</trkpt>
			<trkpt lat="19.087359" lon="98.850720">
				<ele>369.910461</ele>
				<time>2016-02-07T05:35:26Z</time>
			</trkpt>
			<trkpt lat="19.087253" lon="98.850842">
				<ele>370.624146</ele>
				<time>2016-02-07T05:35:27Z</time>
			</trkpt>
			<trkpt lat="19.087154" lon="98.850977">
				<ele>371.770508</ele>
				<time>2016-02-07T05:35:28Z</time>
			</trkpt>
			<trkpt lat="19.087060" lon="98.851084">
				<ele>371.030090</ele>
				<time>2016-02-07T05:35:29Z</time>
			</trkpt>
			<trkpt lat="19.086957" lon="98.851186">
				<ele>370.786194</ele>
				<time>2016-02-07T05:35:30Z</time>
			</trkpt>
			<trkpt lat="19.086838" lon="98.851281">
				<ele>370.891907</ele>
				<time>2016-02-07T05:35:31Z</time>
			</trkpt>
			<trkpt lat="19.086693" lon="98.851385">
				<ele>371.935303</ele>
				<time>2016-02-07T05:35:32Z</time>
			</trkpt>
			<trkpt lat="19.086571" lon="98.851474">
				<ele>371.774658</ele>
				<time>2016-02-07T05:35:33Z</time>
			</trkpt>
			<trkpt lat="19.086442" lon="98.851575">
				<ele>372.594238</ele>
				<time>2016-02-07T05:35:34Z</time>
			</trkpt>
			<trkpt lat="19.086313" lon="98.851666">
				<ele>372.594604</ele>
				<time>2016-02-07T05:35:35Z</time>
			</trkpt>
			<trkpt lat="19.086206" lon="98.851741">
				<ele>367.663452</ele>
				<time>2016-02-07T05:35:36Z</time>
			</trkpt>
			<trkpt lat="19.086097" lon="98.851825">
				<ele>367.053711</ele>
				<time>2016-02-07T05:35:37Z</time>
			</trkpt>
			<trkpt lat="19.086015" lon="98.851896">
				<ele>366.364746</ele>
				<time>2016-02-07T05:35:38Z</time>
			</trkpt>
			<trkpt lat="19.085925" lon="98.851986">
				<ele>366.152466</ele>
				<time>2016-02-07T05:35:39Z</time>
			</trkpt>
			<trkpt lat="19.085863" lon="98.852100">
				<ele>366.212891</ele>
				<time>2016-02-07T05:35:40Z</time>
			</trkpt>
			<trkpt lat="19.085802" lon="98.852212">
				<ele>366.322205</ele>
				<time>2016-02-07T05:35:41Z</time>
			</trkpt>
			<trkpt lat="19.085738" lon="98.852311">
				<ele>367.630615</ele>
				<time>2016-02-07T05:35:42Z</time>
			</trkpt>
			<trkpt lat="19.085663" lon="98.852396">
				<ele>367.333740</ele>
				<time>2016-02-07T05:35:43Z</time>
			</trkpt>
			<trkpt lat="19.085608" lon="98.852450">
				<ele>367.126038</ele>
				<time>2016-02-07T05:35:44Z</time>
			</trkpt>
			<trkpt lat="19.085552" lon="98.852470">
				<ele>362.392944</ele>
				<time>2016-02-07T05:35:45Z</time>
			</trkpt>
			<trkpt lat="19.085446" lon="98.852521">
				<ele>362.406433</ele>
				<time>2016-02-07T05:35:46Z</time>
			</trkpt>
			<trkpt lat="19.085329" lon="98.852566">
				<ele>361.649841</ele>
				<time>2016-02-07T05:35:47Z</time>
			</trkpt>
			<trkpt lat="19.085200" lon="98.852648">
				<ele>362.461426</ele>
				<time>2016-02-07T05:35:48Z</time>
			</trkpt>
			<trkpt lat="19.085071" lon="98.852719">
				<ele>361.877563</ele>
				<time>2016-02-07T05:35:49Z</time>
			</trkpt>
			<trkpt lat="19.084942" lon="98.852792">
				<ele>361.211853</ele>
				<time>2016-02-07T05:35:50Z</time>
			</trkpt>
			<trkpt lat="19.084806" lon="98.852859">
				<ele>361.031006</ele>
				<time>2016-02-07T05:35:51Z</time>
			</trkpt>
			<trkpt lat="19.084667" lon="98.852931">
				<ele>361.009766</ele>
				<time>2016-02-07T05:35:52Z</time>
			</trkpt>
			<trkpt lat="19.084520" lon="98.853000">
				<ele>360.112549</ele>
				<time>2016-02-07T05:35:53Z</time>
			</trkpt>
			<trkpt lat="19.084362" lon="98.853076">
				<ele>360.498413</ele>
				<time>2016-02-07T05:35:54Z</time>
			</trkpt>
			<trkpt lat="19.084204" lon="98.853146">
				<ele>361.430542</ele>
				<time>2016-02-07T05:35:55Z</time>
			</trkpt>
			<trkpt lat="19.084040" lon="98.853198">
				<ele>360.555969</ele>
				<time>2016-02-07T05:35:56Z</time>
			</trkpt>
			<trkpt lat="19.083897" lon="98.853262">
				<ele>361.721985</ele>
				<time>2016-02-07T05:35:57Z</time>
			</trkpt>
			<trkpt lat="19.083744" lon="98.853313">
				<ele>363.026245</ele>
				<time>2016-02-07T05:35:58Z</time>
			</trkpt>
			<trkpt lat="19.083611" lon="98.853355">
				<ele>363.270996</ele>
				<time>2016-02-07T05:35:59Z</time>
			</trkpt>
			<trkpt lat="19.083485" lon="98.853399">
				<ele>363.980225</ele>
				<time>2016-02-07T05:36:00Z</time>
			</trkpt>
			<trkpt lat="19.083374" lon="98.853433">
				<ele>363.720459</ele>
				<time>2016-02-07T05:36:01Z</time>
			</trkpt>
			<trkpt lat="19.083247" lon="98.853465">
				<ele>363.554321</ele>
				<time>2016-02-07T05:36:02Z</time>
			</trkpt>
			<trkpt lat="19.083103" lon="98.853482">
				<ele>364.770996</ele>
				<time>2016-02-07T05:36:03Z</time>
			</trkpt>
			<trkpt lat="19.082963" lon="98.853507">
				<ele>366.608887</ele>
				<time>2016-02-07T05:36:04Z</time>
			</trkpt>
			<trkpt lat="19.082842" lon="98.853521">
				<ele>365.770264</ele>
				<time>2016-02-07T05:36:05Z</time>
			</trkpt>
			<trkpt lat="19.082703" lon="98.853548">
				<ele>366.427734</ele>
				<time>2016-02-07T05:36:06Z</time>
			</trkpt>
			<trkpt lat="19.082620" lon="98.853576">
				<ele>367.537537</ele>
				<time>2016-02-07T05:36:07Z</time>
			</trkpt>
			<trkpt lat="19.082541" lon="98.853628">
				<ele>366.912964</ele>
				<time>2016-02-07T05:36:08Z</time>
			</trkpt>
			<trkpt lat="19.082483" lon="98.853705">
				<ele>363.476440</ele>
				<time>2016-02-07T05:36:09Z</time>
			</trkpt>
			<trkpt lat="19.082423" lon="98.853776">
				<ele>363.400330</ele>
				<time>2016-02-07T05:36:10Z</time>
			</trkpt>
			<trkpt lat="19.082432" lon="98.853951">
				<ele>363.675598</ele>
				<time>2016-02-07T05:36:11Z</time>
			</trkpt>
			<trkpt lat="19.082397" lon="98.854082">
				<ele>363.362366</ele>
				<time>2016-02-07T05:36:12Z</time>
			</trkpt>
			<trkpt lat="19.082348" lon="98.854176">
				<ele>357.050964</ele>
				<time>2016-02-07T05:36:13Z</time>
			</trkpt>
			<trkpt lat="19.082296" lon="98.854283">
				<ele>356.474121</ele>
				<time>2016-02-07T05:36:14Z</time>
			</trkpt>
			<trkpt lat="19.082236" lon="98.854379">
				<ele>356.406067</ele>
				<time>2016-02-07T05:36:15Z</time>
			</trkpt>
			<trkpt lat="19.082161" lon="98.854465">
				<ele>356.765137</ele>
				<time>2016-02-07T05:36:16Z</time>
			</trkpt>
			<trkpt lat="19.082080" lon="98.854567">
				<ele>357.846069</ele>
				<time>2016-02-07T05:36:17Z</time>
			</trkpt>
			<trkpt lat="19.082018" lon="98.854664">
				<ele>358.135132</ele>
				<time>2016-02-07T05:36:18Z</time>
			</trkpt>
			<trkpt lat="19.081897" lon="98.854709">
				<ele>358.492920</ele>
				<time>2016-02-07T05:36:19Z</time>
			</trkpt>
			<trkpt lat="19.081679" lon="98.854687">
				<ele>361.421631</ele>
				<time>2016-02-07T05:36:20Z</time>
			</trkpt>
			<trkpt lat="19.081532" lon="98.854708">
				<ele>361.719055</ele>
				<time>2016-02-07T05:36:21Z</time>
			</trkpt>
			<trkpt lat="19.081360" lon="98.854728">
				<ele>362.355042</ele>
				<time>2016-02-07T05:36:22Z</time>
			</trkpt>
			<trkpt lat="19.081206" lon="98.854763">
				<ele>363.161011</ele>
				<time>2016-02-07T05:36:23Z</time>
			</trkpt>
			<trkpt lat="19.081057" lon="98.854788">
				<ele>361.812561</ele>
				<time>2016-02-07T05:36:24Z</time>
			</trkpt>
			<trkpt lat="19.080908" lon="98.854833">
				<ele>359.997070</ele>
				<time>2016-02-07T05:36:25Z</time>
			</trkpt>
			<trkpt lat="19.080764" lon="98.854868">
				<ele>361.186646</ele>
				<time>2016-02-07T05:36:26Z</time>
			</trkpt>
			<trkpt lat="19.080596" lon="98.854896">
				<ele>361.494873</ele>
				<time>2016-02-07T05:36:27Z</time>
			</trkpt>
			<trkpt lat="19.080429" lon="98.854917">
				<ele>361.599731</ele>
				<time>2016-02-07T05:36:28Z</time>
			</trkpt>
			<trkpt lat="19.080274" lon="98.854935">
				<ele>363.822510</ele>
				<time>2016-02-07T05:36:29Z</time>
			</trkpt>
			<trkpt lat="19.080123" lon="98.854879">
				<ele>363.671997</ele>
				<time>2016-02-07T05:36:30Z</time>
			</trkpt>
			<trkpt lat="19.079965" lon="98.854855">
				<ele>364.204712</ele>
				<time>2016-02-07T05:36:31Z</time>
			</trkpt>
			<trkpt lat="19.079840" lon="98.854852">
				<ele>365.640747</ele>
				<time>2016-02-07T05:36:32Z</time>
			</trkpt>
			<trkpt lat="19.079689" lon="98.854859">
				<ele>367.324524</ele>
				<time>2016-02-07T05:36:33Z</time>
			</trkpt>
			<trkpt lat="19.079549" lon="98.854870">
				<ele>365.833618</ele>
				<time>2016-02-07T05:36:34Z</time>
			</trkpt>
			<trkpt lat="19.079402" lon="98.854909">
				<ele>365.644409</ele>
				<time>2016-02-07T05:36:35Z</time>
			</trkpt>
			<trkpt lat="19.079245" lon="98.854949">
				<ele>365.110840</ele>
				<time>2016-02-07T05:36:36Z</time>
			</trkpt>
			<trkpt lat="19.079078" lon="98.854989">
				<ele>364.366760</ele>
				<time>2016-02-07T05:36:37Z</time>
			</trkpt>
			<trkpt lat="19.078909" lon="98.855035">
				<ele>362.902832</ele>
				<time>2016-02-07T05:36:38Z</time>
			</trkpt>
			<trkpt lat="19.078739" lon="98.855082">
				<ele>364.277832</ele>
				<time>2016-02-07T05:36:39Z</time>
			</trkpt>
			<trkpt lat="19.078576" lon="98.855152">
				<ele>363.978394</ele>
				<time>2016-02-07T05:36:40Z</time>
			</trkpt>
			<trkpt lat="19.078411" lon="98.855219">
				<ele>363.969238</ele>
				<time>2016-02-07T05:36:41Z</time>
			</trkpt>
			<trkpt lat="19.078255" lon="98.855295">
				<ele>364.177368</ele>
				<time>2016-02-07T05:36:42Z</time>
			</trkpt>
			<trkpt lat="19.078098" lon="98.855356">
				<ele>362.935059</ele>
				<time>2016-02-07T05:36:43Z</time>
			</trkpt>
			<trkpt lat="19.077925" lon="98.855408">
				<ele>363.628418</ele>
				<time>2016-02-07T05:36:44Z</time>
			</trkpt>
			<trkpt lat="19.077783" lon="98.855468">
				<ele>362.608765</ele>
				<time>2016-02-07T05:36:45Z</time>
			</trkpt>
			<trkpt lat="19.077648" lon="98.855530">
				<ele>362.315369</ele>
				<time>2016-02-07T05:36:46Z</time>
			</trkpt>
			<trkpt lat="19.077512" lon="98.855594">
				<ele>359.536743</ele>
				<time>2016-02-07T05:36:47Z</time>
			</trkpt>
			<trkpt lat="19.077363" lon="98.855673">
				<ele>358.271362</ele>
				<time>2016-02-07T05:36:48Z</time>
			</trkpt>
			<trkpt lat="19.077217" lon="98.855769">
				<ele>359.037781</ele>
				<time>2016-02-07T05:36:49Z</time>
			</trkpt>
			<trkpt lat="19.077063" lon="98.855874">
				<ele>360.204590</ele>
				<time>2016-02-07T05:36:50Z</time>
			</trkpt>
			<trkpt lat="19.076914" lon="98.855993">
				<ele>359.954590</ele>
				<time>2016-02-07T05:36:51Z</time>
			</trkpt>
			<trkpt lat="19.076773" lon="98.856105">
				<ele>360.420288</ele>
				<time>2016-02-07T05:36:52Z</time>
			</trkpt>
			<trkpt lat="19.076636" lon="98.856207">
				<ele>360.947144</ele>
				<time>2016-02-07T05:36:53Z</time>
			</trkpt>
			<trkpt lat="19.076498" lon="98.856300">
				<ele>361.288269</ele>
				<time>2016-02-07T05:36:54Z</time>
			</trkpt>
			<trkpt lat="19.076360" lon="98.856386">
				<ele>361.362061</ele>
				<time>2016-02-07T05:36:55Z</time>
			</trkpt>
			<trkpt lat="19.076214" lon="98.856452">
				<ele>363.854858</ele>
				<time>2016-02-07T05:36:56Z</time>
			</trkpt>
			<trkpt lat="19.076066" lon="98.856517">
				<ele>361.034790</ele>
				<time>2016-02-07T05:36:57Z</time>
			</trkpt>
			<trkpt lat="19.075921" lon="98.856593">
				<ele>360.845154</ele>
				<time>2016-02-07T05:36:58Z</time>
			</trkpt>
			<trkpt lat="19.075797" lon="98.856648">
				<ele>355.208191</ele>
				<time>2016-02-07T05:36:59Z</time>
			</trkpt>
			<trkpt lat="19.075638" lon="98.856718">
				<ele>353.338806</ele>
				<time>2016-02-07T05:37:00Z</time>
			</trkpt>
			<trkpt lat="19.075470" lon="98.856785">
				<ele>353.113037</ele>
				<time>2016-02-07T05:37:01Z</time>
			</trkpt>
			<trkpt lat="19.075280" lon="98.856862">
				<ele>355.439453</ele>
				<time>2016-02-07T05:37:02Z</time>
			</trkpt>
			<trkpt lat="19.075106" lon="98.856928">
				<ele>354.356323</ele>
				<time>2016-02-07T05:37:03Z</time>
			</trkpt>
			<trkpt lat="19.074929" lon="98.856998">
				<ele>353.658813</ele>
				<time>2016-02-07T05:37:04Z</time>
			</trkpt>
			<trkpt lat="19.074747" lon="98.857078">
				<ele>354.007324</ele>
				<time>2016-02-07T05:37:05Z</time>
			</trkpt>
			<trkpt lat="19.074556" lon="98.857156">
				<ele>356.404053</ele>
				<time>2016-02-07T05:37:06Z</time>
			</trkpt>
			<trkpt lat="19.074375" lon="98.857225">
				<ele>356.444580</ele>
				<time>2016-02-07T05:37:07Z</time>
			</trkpt>
			<trkpt lat="19.074195" lon="98.857302">
				<ele>357.341736</ele>
				<time>2016-02-07T05:37:08Z</time>
			</trkpt>
			<trkpt lat="19.074028" lon="98.857368">
				<ele>356.802490</ele>
				<time>2016-02-07T05:37:09Z</time>
			</trkpt>
			<trkpt lat="19.073861" lon="98.857435">
				<ele>357.240112</ele>
				<time>2016-02-07T05:37:10Z</time>
			</trkpt>
			<trkpt lat="19.073690" lon="98.857497">
				<ele>357.436584</ele>
				<time>2016-02-07T05:37:11Z</time>
			</trkpt>
			<trkpt lat="19.073543" lon="98.857557">
				<ele>355.790161</ele>
				<time>2016-02-07T05:37:12Z</time>
			</trkpt>
			<trkpt lat="19.073391" lon="98.857625">
				<ele>356.210938</ele>
				<time>2016-02-07T05:37:13Z</time>
			</trkpt>
			<trkpt lat="19.073244" lon="98.857685">
				<ele>356.847290</ele>
				<time>2016-02-07T05:37:14Z</time>
			</trkpt>
			<trkpt lat="19.073099" lon="98.857757">
				<ele>356.291687</ele>
				<time>2016-02-07T05:37:15Z</time>
			</trkpt>
			<trkpt lat="19.072949" lon="98.857827">
				<ele>356.687561</ele>
				<time>2016-02-07T05:37:16Z</time>
			</trkpt>
			<trkpt lat="19.072794" lon="98.857898">
				<ele>356.556030</ele>
				<time>2016-02-07T05:37:17Z</time>
			</trkpt>
			<trkpt lat="19.072637" lon="98.857984">
				<ele>357.187256</ele>
				<time>2016-02-07T05:37:18Z</time>
			</trkpt>
			<trkpt lat="19.072479" lon="98.858068">
				<ele>357.090088</ele>
				<time>2016-02-07T05:37:19Z</time>
			</trkpt>
			<trkpt lat="19.072323" lon="98.858161">
				<ele>356.633789</ele>
				<time>2016-02-07T05:37:20Z</time>
			</trkpt>
			<trkpt lat="19.072169" lon="98.858251">
				<ele>358.449951</ele>
				<time>2016-02-07T05:37:21Z</time>
			</trkpt>
			<trkpt lat="19.072018" lon="98.858340">
				<ele>359.758423</ele>
				<time>2016-02-07T05:37:22Z</time>
			</trkpt>
			<trkpt lat="19.071867" lon="98.858443">
				<ele>360.790649</ele>
				<time>2016-02-07T05:37:23Z</time>
			</trkpt>
			<trkpt lat="19.071718" lon="98.858545">
				<ele>360.931763</ele>
				<time>2016-02-07T05:37:24Z</time>
			</trkpt>
			<trkpt lat="19.071590" lon="98.858682">
				<ele>360.425659</ele>
				<time>2016-02-07T05:37:25Z</time>
			</trkpt>
			<trkpt lat="19.071467" lon="98.858801">
				<ele>360.014954</ele>
				<time>2016-02-07T05:37:26Z</time>
			</trkpt>
			<trkpt lat="19.071342" lon="98.858914">
				<ele>360.030640</ele>
				<time>2016-02-07T05:37:27Z</time>
			</trkpt>
			<trkpt lat="19.071232" lon="98.858973">
				<ele>360.224854</ele>
				<time>2016-02-07T05:37:28Z</time>
			</trkpt>
			<trkpt lat="19.071112" lon="98.859035">
				<ele>360.027954</ele>
				<time>2016-02-07T05:37:29Z</time>
			</trkpt>
			<trkpt lat="19.070984" lon="98.859087">
				<ele>358.715942</ele>
				<time>2016-02-07T05:37:30Z</time>
			</trkpt>
			<trkpt lat="19.070844" lon="98.859154">
				<ele>358.126221</ele>
				<time>2016-02-07T05:37:31Z</time>
			</trkpt>
			<trkpt lat="19.070668" lon="98.859212">
				<ele>358.248657</ele>
				<time>2016-02-07T05:37:32Z</time>
			</trkpt>
			<trkpt lat="19.070516" lon="98.859275">
				<ele>358.007935</ele>
				<time>2016-02-07T05:37:33Z</time>
			</trkpt>
			<trkpt lat="19.070396" lon="98.859356">
				<ele>356.664551</ele>
				<time>2016-02-07T05:37:34Z</time>
			</trkpt>
			<trkpt lat="19.070255" lon="98.859443">
				<ele>356.680603</ele>
				<time>2016-02-07T05:37:35Z</time>
			</trkpt>
			<trkpt lat="19.070125" lon="98.859526">
				<ele>356.581665</ele>
				<time>2016-02-07T05:37:36Z</time>
			</trkpt>
			<trkpt lat="19.070049" lon="98.859660">
				<ele>356.128784</ele>
				<time>2016-02-07T05:37:37Z</time>
			</trkpt>
			<trkpt lat="19.069937" lon="98.859785">
				<ele>356.641479</ele>
				<time>2016-02-07T05:37:38Z</time>
			</trkpt>
			<trkpt lat="19.069863" lon="98.859863">
				<ele>355.308594</ele>
				<time>2016-02-07T05:37:39Z</time>
			</trkpt>
			<trkpt lat="19.069744" lon="98.859976">
				<ele>356.289673</ele>
				<time>2016-02-07T05:37:40Z</time>
			</trkpt>
			<trkpt lat="19.069609" lon="98.860088">
				<ele>356.810059</ele>
				<time>2016-02-07T05:37:41Z</time>
			</trkpt>
			<trkpt lat="19.069470" lon="98.860187">
				<ele>357.741821</ele>
				<time>2016-02-07T05:37:42Z</time>
			</trkpt>
			<trkpt lat="19.069291" lon="98.860298">
				<ele>359.068237</ele>
				<time>2016-02-07T05:37:43Z</time>
			</trkpt>
			<trkpt lat="19.069123" lon="98.860379">
				<ele>360.435120</ele>
				<time>2016-02-07T05:37:44Z</time>
			</trkpt>
			<trkpt lat="19.068994" lon="98.860445">
				<ele>360.773438</ele>
				<time>2016-02-07T05:37:45Z</time>
			</trkpt>
			<trkpt lat="19.068864" lon="98.860510">
				<ele>358.953247</ele>
				<time>2016-02-07T05:37:46Z</time>
			</trkpt>
			<trkpt lat="19.068725" lon="98.860576">
				<ele>358.440186</ele>
				<time>2016-02-07T05:37:47Z</time>
			</trkpt>
			<trkpt lat="19.068567" lon="98.860659">
				<ele>356.673584</ele>
				<time>2016-02-07T05:37:48Z</time>
			</trkpt>
			<trkpt lat="19.068420" lon="98.860746">
				<ele>355.487305</ele>
				<time>2016-02-07T05:37:49Z</time>
			</trkpt>
			<trkpt lat="19.068275" lon="98.860824">
				<ele>356.307007</ele>
				<time>2016-02-07T05:37:50Z</time>
			</trkpt>
			<trkpt lat="19.068122" lon="98.860902">
				<ele>356.656860</ele>
				<time>2016-02-07T05:37:51Z</time>
			</trkpt>
			<trkpt lat="19.067960" lon="98.860984">
				<ele>353.778748</ele>
				<time>2016-02-07T05:37:52Z</time>
			</trkpt>
			<trkpt lat="19.067799" lon="98.861053">
				<ele>354.612488</ele>
				<time>2016-02-07T05:37:53Z</time>
			</trkpt>
			<trkpt lat="19.067640" lon="98.861117">
				<ele>355.884705</ele>
				<time>2016-02-07T05:37:54Z</time>
			</trkpt>
			<trkpt lat="19.067500" lon="98.861165">
				<ele>353.986023</ele>
				<time>2016-02-07T05:37:55Z</time>
			</trkpt>
			<trkpt lat="19.067332" lon="98.861220">
				<ele>353.399780</ele>
				<time>2016-02-07T05:37:56Z</time>
			</trkpt>
			<trkpt lat="19.067184" lon="98.861269">
				<ele>353.645386</ele>
				<time>2016-02-07T05:37:57Z</time>
			</trkpt>
			<trkpt lat="19.067046" lon="98.861336">
				<ele>354.234619</ele>
				<time>2016-02-07T05:37:58Z</time>
			</trkpt>
			<trkpt lat="19.066910" lon="98.861402">
				<ele>354.218262</ele>
				<time>2016-02-07T05:37:59Z</time>
			</trkpt>
			<trkpt lat="19.066786" lon="98.861462">
				<ele>354.768677</ele>
				<time>2016-02-07T05:38:00Z</time>
			</trkpt>
			<trkpt lat="19.066681" lon="98.861521">
				<ele>354.690186</ele>
				<time>2016-02-07T05:38:01Z</time>
			</trkpt>
			<trkpt lat="19.066574" lon="98.861583">
				<ele>354.322510</ele>
				<time>2016-02-07T05:38:02Z</time>
			</trkpt>
			<trkpt lat="19.066476" lon="98.861636">
				<ele>353.535156</ele>
				<time>2016-02-07T05:38:03Z</time>
			</trkpt>
			<trkpt lat="19.066387" lon="98.861690">
				<ele>354.008606</ele>
				<time>2016-02-07T05:38:04Z</time>
			</trkpt>
			<trkpt lat="19.066294" lon="98.861728">
				<ele>351.958374</ele>
				<time>2016-02-07T05:38:05Z</time>
			</trkpt>
			<trkpt lat="19.066200" lon="98.861769">
				<ele>351.047485</ele>
				<time>2016-02-07T05:38:06Z</time>
			</trkpt>
			<trkpt lat="19.066109" lon="98.861813">
				<ele>351.247192</ele>
				<time>2016-02-07T05:38:07Z</time>
			</trkpt>
			<trkpt lat="19.066023" lon="98.861867">
				<ele>349.195923</ele>
				<time>2016-02-07T05:38:08Z</time>
			</trkpt>
			<trkpt lat="19.065928" lon="98.861924">
				<ele>349.796631</ele>
				<time>2016-02-07T05:38:09Z</time>
			</trkpt>
			<trkpt lat="19.065820" lon="98.861997">
				<ele>351.187988</ele>
				<time>2016-02-07T05:38:10Z</time>
			</trkpt>
			<trkpt lat="19.065699" lon="98.862077">
				<ele>352.446655</ele>
				<time>2016-02-07T05:38:11Z</time>
			</trkpt>
			<trkpt lat="19.065573" lon="98.862161">
				<ele>353.283691</ele>
				<time>2016-02-07T05:38:12Z</time>
			</trkpt>
			<trkpt lat="19.065452" lon="98.862252">
				<ele>352.851929</ele>
				<time>2016-02-07T05:38:13Z</time>
			</trkpt>
			<trkpt lat="19.065338" lon="98.862321">
				<ele>353.506348</ele>
				<time>2016-02-07T05:38:14Z</time>
			</trkpt>
			<trkpt lat="19.065199" lon="98.862387">
				<ele>355.020874</ele>
				<time>2016-02-07T05:38:15Z</time>
			</trkpt>
			<trkpt lat="19.065065" lon="98.862416">
				<ele>355.687317</ele>
				<time>2016-02-07T05:38:16Z</time>
			</trkpt>
			<trkpt lat="19.064955" lon="98.862425">
				<ele>357.480103</ele>
				<time>2016-02-07T05:38:17Z</time>
			</trkpt>
			<trkpt lat="19.064758" lon="98.862406">
				<ele>359.661804</ele>
				<time>2016-02-07T05:38:18Z</time>
			</trkpt>
			<trkpt lat="19.064603" lon="98.862394">
				<ele>359.660889</ele>
				<time>2016-02-07T05:38:19Z</time>
			</trkpt>
			<trkpt lat="19.064428" lon="98.862347">
				<ele>361.063721</ele>
				<time>2016-02-07T05:38:20Z</time>
			</trkpt>
			<trkpt lat="19.064242" lon="98.862320">
				<ele>361.924255</ele>
				<time>2016-02-07T05:38:21Z</time>
			</trkpt>
			<trkpt lat="19.064066" lon="98.862299">
				<ele>362.548401</ele>
				<time>2016-02-07T05:38:22Z</time>
			</trkpt>
			<trkpt lat="19.063876" lon="98.862284">
				<ele>362.551636</ele>
				<time>2016-02-07T05:38:23Z</time>
			</trkpt>
			<trkpt lat="19.063690" lon="98.862244">
				<ele>362.591187</ele>
				<time>2016-02-07T05:38:24Z</time>
			</trkpt>
			<trkpt lat="19.063509" lon="98.862217">
				<ele>362.794922</ele>
				<time>2016-02-07T05:38:25Z</time>
			</trkpt>
			<trkpt lat="19.063327" lon="98.862186">
				<ele>362.924316</ele>
				<time>2016-02-07T05:38:26Z</time>
			</trkpt>
			<trkpt lat="19.063182" lon="98.862151">
				<ele>363.016113</ele>
				<time>2016-02-07T05:38:27Z</time>
			</trkpt>
			<trkpt lat="19.063016" lon="98.862115">
				<ele>363.962891</ele>
				<time>2016-02-07T05:38:28Z</time>
			</trkpt>
			<trkpt lat="19.062854" lon="98.862070">
				<ele>364.876831</ele>
				<time>2016-02-07T05:38:29Z</time>
			</trkpt>
			<trkpt lat="19.062684" lon="98.862050">
				<ele>363.440308</ele>
				<time>2016-02-07T05:38:30Z</time>
			</trkpt>
			<trkpt lat="19.062516" lon="98.862017">
				<ele>363.372437</ele>
				<time>2016-02-07T05:38:31Z</time>
			</trkpt>
			<trkpt lat="19.062343" lon="98.861924">
				<ele>362.455200</ele>
				<time>2016-02-07T05:38:32Z</time>
			</trkpt>
			<trkpt lat="19.062181" lon="98.861840">
				<ele>362.473572</ele>
				<time>2016-02-07T05:38:33Z</time>
			</trkpt>
			<trkpt lat="19.062021" lon="98.861756">
				<ele>362.943481</ele>
				<time>2016-02-07T05:38:34Z</time>
			</trkpt>
			<trkpt lat="19.061860" lon="98.861701">
				<ele>362.909180</ele>
				<time>2016-02-07T05:38:35Z</time>
			</trkpt>
			<trkpt lat="19.061692" lon="98.861624">
				<ele>364.395752</ele>
				<time>2016-02-07T05:38:36Z</time>
			</trkpt>
			<trkpt lat="19.061525" lon="98.861564">
				<ele>365.424011</ele>
				<time>2016-02-07T05:38:37Z</time>
			</trkpt>
			<trkpt lat="19.061362" lon="98.861500">
				<ele>366.783936</ele>
				<time>2016-02-07T05:38:38Z</time>
			</trkpt>
			<trkpt lat="19.061197" lon="98.861440">
				<ele>367.327393</ele>
				<time>2016-02-07T05:38:39Z</time>
			</trkpt>
			<trkpt lat="19.061022" lon="98.861388">
				<ele>367.065796</ele>
				<time>2016-02-07T05:38:40Z</time>
			</trkpt>
			<trkpt lat="19.060838" lon="98.861343">
				<ele>368.491821</ele>
				<time>2016-02-07T05:38:41Z</time>
			</trkpt>
			<trkpt lat="19.060660" lon="98.861264">
				<ele>366.983582</ele>
				<time>2016-02-07T05:38:42Z</time>
			</trkpt>
			<trkpt lat="19.060460" lon="98.861224">
				<ele>363.666992</ele>
				<time>2016-02-07T05:38:43Z</time>
			</trkpt>
			<trkpt lat="19.060296" lon="98.861181">
				<ele>364.245850</ele>
				<time>2016-02-07T05:38:44Z</time>
			</trkpt>
			<trkpt lat="19.060139" lon="98.861138">
				<ele>364.277344</ele>
				<time>2016-02-07T05:38:45Z</time>
			</trkpt>
			<trkpt lat="19.059974" lon="98.861090">
				<ele>364.218140</ele>
				<time>2016-02-07T05:38:46Z</time>
			</trkpt>
			<trkpt lat="19.059844" lon="98.861004">
				<ele>365.858398</ele>
				<time>2016-02-07T05:38:47Z</time>
			</trkpt>
			<trkpt lat="19.059695" lon="98.860926">
				<ele>366.184814</ele>
				<time>2016-02-07T05:38:48Z</time>
			</trkpt>
			<trkpt lat="19.059538" lon="98.860866">
				<ele>365.447510</ele>
				<time>2016-02-07T05:38:49Z</time>
			</trkpt>
			<trkpt lat="19.059361" lon="98.860824">
				<ele>364.214294</ele>
				<time>2016-02-07T05:38:50Z</time>
			</trkpt>
			<trkpt lat="19.059197" lon="98.860787">
				<ele>365.996765</ele>
				<time>2016-02-07T05:38:51Z</time>
			</trkpt>
			<trkpt lat="19.059021" lon="98.860754">
				<ele>366.529541</ele>
				<time>2016-02-07T05:38:52Z</time>
			</trkpt>
			<trkpt lat="19.058850" lon="98.860761">
				<ele>365.231445</ele>
				<time>2016-02-07T05:38:53Z</time>
			</trkpt>
			<trkpt lat="19.058687" lon="98.860755">
				<ele>365.684631</ele>
				<time>2016-02-07T05:38:54Z</time>
			</trkpt>
			<trkpt lat="19.058517" lon="98.860767">
				<ele>366.849365</ele>
				<time>2016-02-07T05:38:55Z</time>
			</trkpt>
			<trkpt lat="19.058323" lon="98.860810">
				<ele>367.147522</ele>
				<time>2016-02-07T05:38:56Z</time>
			</trkpt>
			<trkpt lat="19.058165" lon="98.860867">
				<ele>364.399292</ele>
				<time>2016-02-07T05:38:57Z</time>
			</trkpt>
			<trkpt lat="19.057984" lon="98.860918">
				<ele>364.238281</ele>
				<time>2016-02-07T05:38:58Z</time>
			</trkpt>
			<trkpt lat="19.057785" lon="98.860974">
				<ele>364.100952</ele>
				<time>2016-02-07T05:38:59Z</time>
			</trkpt>
			<trkpt lat="19.057619" lon="98.861013">
				<ele>365.107544</ele>
				<time>2016-02-07T05:39:00Z</time>
			</trkpt>
			<trkpt lat="19.057448" lon="98.861067">
				<ele>367.591187</ele>
				<time>2016-02-07T05:39:01Z</time>
			</trkpt>
			<trkpt lat="19.057290" lon="98.861099">
				<ele>364.384766</ele>
				<time>2016-02-07T05:39:02Z</time>
			</trkpt>
			<trkpt lat="19.057129" lon="98.861134">
				<ele>364.400452</ele>
				<time>2016-02-07T05:39:03Z</time>
			</trkpt>
			<trkpt lat="19.056949" lon="98.861213">
				<ele>364.044312</ele>
				<time>2016-02-07T05:39:04Z</time>
			</trkpt>
			<trkpt lat="19.056781" lon="98.861295">
				<ele>363.473022</ele>
				<time>2016-02-07T05:39:05Z</time>
			</trkpt>
			<trkpt lat="19.056616" lon="98.861396">
				<ele>363.429932</ele>
				<time>2016-02-07T05:39:06Z</time>
			</trkpt>
			<trkpt lat="19.056459" lon="98.861488">
				<ele>363.616455</ele>
				<time>2016-02-07T05:39:07Z</time>
			</trkpt>
			<trkpt lat="19.056288" lon="98.861569">
				<ele>360.718994</ele>
				<time>2016-02-07T05:39:08Z</time>
			</trkpt>
			<trkpt lat="19.056135" lon="98.861651">
				<ele>360.993591</ele>
				<time>2016-02-07T05:39:09Z</time>
			</trkpt>
			<trkpt lat="19.056003" lon="98.861751">
				<ele>359.570740</ele>
				<time>2016-02-07T05:39:10Z</time>
			</trkpt>
			<trkpt lat="19.055855" lon="98.861860">
				<ele>358.906494</ele>
				<time>2016-02-07T05:39:11Z</time>
			</trkpt>
			<trkpt lat="19.055713" lon="98.861987">
				<ele>357.567749</ele>
				<time>2016-02-07T05:39:12Z</time>
			</trkpt>
			<trkpt lat="19.055581" lon="98.862128">
				<ele>357.526245</ele>
				<time>2016-02-07T05:39:13Z</time>
			</trkpt>
			<trkpt lat="19.055461" lon="98.862272">
				<ele>356.547241</ele>
				<time>2016-02-07T05:39:14Z</time>
			</trkpt>
			<trkpt lat="19.055344" lon="98.862394">
				<ele>356.409668</ele>
				<time>2016-02-07T05:39:15Z</time>
			</trkpt>
			<trkpt lat="19.055223" lon="98.862520">
				<ele>356.228149</ele>
				<time>2016-02-07T05:39:16Z</time>
			</trkpt>
			<trkpt lat="19.055083" lon="98.862636">
				<ele>355.401611</ele>
				<time>2016-02-07T05:39:17Z</time>
			</trkpt>
			<trkpt lat="19.054937" lon="98.862745">
				<ele>355.493713</ele>
				<time>2016-02-07T05:39:18Z</time>
			</trkpt>
			<trkpt lat="19.054781" lon="98.862849">
				<ele>355.308472</ele>
				<time>2016-02-07T05:39:19Z</time>
			</trkpt>
			<trkpt lat="19.054615" lon="98.862947">
				<ele>357.209290</ele>
				<time>2016-02-07T05:39:20Z</time>
			</trkpt>
			<trkpt lat="19.054459" lon="98.863039">
				<ele>355.492371</ele>
				<time>2016-02-07T05:39:21Z</time>
			</trkpt>
			<trkpt lat="19.054300" lon="98.863134">
				<ele>355.375854</ele>
				<time>2016-02-07T05:39:22Z</time>
			</trkpt>
			<trkpt lat="19.054147" lon="98.863235">
				<ele>355.494873</ele>
				<time>2016-02-07T05:39:23Z</time>
			</trkpt>
			<trkpt lat="19.054002" lon="98.863342">
				<ele>355.042847</ele>
				<time>2016-02-07T05:39:24Z</time>
			</trkpt>
			<trkpt lat="19.053880" lon="98.863460">
				<ele>354.022949</ele>
				<time>2016-02-07T05:39:25Z</time>
			</trkpt>
			<trkpt lat="19.053754" lon="98.863589">
				<ele>354.444946</ele>
				<time>2016-02-07T05:39:26Z</time>
			</trkpt>
			<trkpt lat="19.053638" lon="98.863722">
				<ele>354.512634</ele>
				<time>2016-02-07T05:39:27Z</time>
			</trkpt>
			<trkpt lat="19.053534" lon="98.863845">
				<ele>355.023315</ele>
				<time>2016-02-07T05:39:28Z</time>
			</trkpt>
			<trkpt lat="19.053419" lon="98.863966">
				<ele>354.912659</ele>
				<time>2016-02-07T05:39:29Z</time>
			</trkpt>
			<trkpt lat="19.053311" lon="98.864060">
				<ele>355.784302</ele>
				<time>2016-02-07T05:39:30Z</time>
			</trkpt>
			<trkpt lat="19.053209" lon="98.864150">
				<ele>356.175293</ele>
				<time>2016-02-07T05:39:31Z</time>
			</trkpt>
			<trkpt lat="19.053100" lon="98.864226">
				<ele>359.119751</ele>
				<time>2016-02-07T05:39:32Z</time>
			</trkpt>
			<trkpt lat="19.053004" lon="98.864307">
				<ele>359.178345</ele>
				<time>2016-02-07T05:39:33Z</time>
			</trkpt>
			<trkpt lat="19.052960" lon="98.864340">
				<ele>357.570312</ele>
				<time>2016-02-07T05:39:34Z</time>
			</trkpt>
			<trkpt lat="19.052878" lon="98.864398">
				<ele>357.309570</ele>
				<time>2016-02-07T05:39:35Z</time>
			</trkpt>
			<trkpt lat="19.052786" lon="98.864460">
				<ele>358.776978</ele>
				<time>2016-02-07T05:39:36Z</time>
			</trkpt>
			<trkpt lat="19.052708" lon="98.864515">
				<ele>358.580322</ele>
				<time>2016-02-07T05:39:37Z</time>
			</trkpt>
			<trkpt lat="19.052609" lon="98.864590">
				<ele>358.124146</ele>
				<time>2016-02-07T05:39:38Z</time>
			</trkpt>
			<trkpt lat="19.052516" lon="98.864655">
				<ele>358.027588</ele>
				<time>2016-02-07T05:39:39Z</time>
			</trkpt>
			<trkpt lat="19.052395" lon="98.864742">
				<ele>360.207397</ele>
				<time>2016-02-07T05:39:40Z</time>
			</trkpt>
			<trkpt lat="19.052280" lon="98.864830">
				<ele>359.896118</ele>
				<time>2016-02-07T05:39:41Z</time>
			</trkpt>
			<trkpt lat="19.052173" lon="98.864920">
				<ele>357.922852</ele>
				<time>2016-02-07T05:39:42Z</time>
			</trkpt>
			<trkpt lat="19.052040" lon="98.865011">
				<ele>357.969666</ele>
				<time>2016-02-07T05:39:43Z</time>
			</trkpt>
			<trkpt lat="19.051921" lon="98.865099">
				<ele>358.185120</ele>
				<time>2016-02-07T05:39:44Z</time>
			</trkpt>
			<trkpt lat="19.051788" lon="98.865188">
				<ele>357.922913</ele>
				<time>2016-02-07T05:39:45Z</time>
			</trkpt>
			<trkpt lat="19.051667" lon="98.865269">
				<ele>357.895691</ele>
				<time>2016-02-07T05:39:46Z</time>
			</trkpt>
			<trkpt lat="19.051543" lon="98.865347">
				<ele>356.819458</ele>
				<time>2016-02-07T05:39:47Z</time>
			</trkpt>
			<trkpt lat="19.051416" lon="98.865425">
				<ele>357.612549</ele>
				<time>2016-02-07T05:39:48Z</time>
			</trkpt>
			<trkpt lat="19.051269" lon="98.865485">
				<ele>357.983521</ele>
				<time>2016-02-07T05:39:49Z</time>
			</trkpt>
			<trkpt lat="19.051139" lon="98.865551">
				<ele>357.978210</ele>
				<time>2016-02-07T05:39:50Z</time>
			</trkpt>
			<trkpt lat="19.051043" lon="98.865607">
				<ele>362.267029</ele>
				<time>2016-02-07T05:39:51Z</time>
			</trkpt>
			<trkpt lat="19.050916" lon="98.865647">
				<ele>362.693481</ele>
				<time>2016-02-07T05:39:52Z</time>
			</trkpt>
			<trkpt lat="19.050774" lon="98.865680">
				<ele>362.924072</ele>
				<time>2016-02-07T05:39:53Z</time>
			</trkpt>
			<trkpt lat="19.050620" lon="98.865714">
				<ele>362.729980</ele>
				<time>2016-02-07T05:39:54Z</time>
			</trkpt>
			<trkpt lat="19.050509" lon="98.865770">
				<ele>363.205811</ele>
				<time>2016-02-07T05:39:55Z</time>
			</trkpt>
			<trkpt lat="19.050368" lon="98.865816">
				<ele>363.205322</ele>
				<time>2016-02-07T05:39:56Z</time>
			</trkpt>
			<trkpt lat="19.050209" lon="98.865867">
				<ele>361.692383</ele>
				<time>2016-02-07T05:39:57Z</time>
			</trkpt>
			<trkpt lat="19.050058" lon="98.865906">
				<ele>361.895081</ele>
				<time>2016-02-07T05:39:58Z</time>
			</trkpt>
			<trkpt lat="19.049917" lon="98.865950">
				<ele>360.005859</ele>
				<time>2016-02-07T05:39:59Z</time>
			</trkpt>
			<trkpt lat="19.049762" lon="98.865986">
				<ele>361.172791</ele>
				<time>2016-02-07T05:40:00Z</time>
			</trkpt>
			<trkpt lat="19.049591" lon="98.866022">
				<ele>360.527039</ele>
				<time>2016-02-07T05:40:01Z</time>
			</trkpt>
			<trkpt lat="19.049424" lon="98.866052">
				<ele>361.611938</ele>
				<time>2016-02-07T05:40:02Z</time>
			</trkpt>
			<trkpt lat="19.049246" lon="98.866086">
				<ele>361.564697</ele>
				<time>2016-02-07T05:40:03Z</time>
			</trkpt>
			<trkpt lat="19.049078" lon="98.866126">
				<ele>361.498718</ele>
				<time>2016-02-07T05:40:04Z</time>
			</trkpt>
			<trkpt lat="19.048927" lon="98.866179">
				<ele>358.457031</ele>
				<time>2016-02-07T05:40:05Z</time>
			</trkpt>
			<trkpt lat="19.048769" lon="98.866209">
				<ele>357.255188</ele>
				<time>2016-02-07T05:40:06Z</time>
			</trkpt>
			<trkpt lat="19.048622" lon="98.866251">
				<ele>357.259644</ele>
				<time>2016-02-07T05:40:07Z</time>
			</trkpt>
			<trkpt lat="19.048466" lon="98.866297">
				<ele>355.997192</ele>
				<time>2016-02-07T05:40:08Z</time>
			</trkpt>
			<trkpt lat="19.048314" lon="98.866336">
				<ele>355.856689</ele>
				<time>2016-02-07T05:40:09Z</time>
			</trkpt>
			<trkpt lat="19.048166" lon="98.866361">
				<ele>357.200745</ele>
				<time>2016-02-07T05:40:10Z</time>
			</trkpt>
			<trkpt lat="19.048012" lon="98.866420">
				<ele>356.602173</ele>
				<time>2016-02-07T05:40:11Z</time>
			</trkpt>
			<trkpt lat="19.047868" lon="98.866459">
				<ele>354.257629</ele>
				<time>2016-02-07T05:40:12Z</time>
			</trkpt>
			<trkpt lat="19.047729" lon="98.866517">
				<ele>353.643066</ele>
				<time>2016-02-07T05:40:13Z</time>
			</trkpt>
			<trkpt lat="19.047595" lon="98.866560">
				<ele>350.395935</ele>
				<time>2016-02-07T05:40:14Z</time>
			</trkpt>
			<trkpt lat="19.047441" lon="98.866617">
				<ele>349.855225</ele>
				<time>2016-02-07T05:40:15Z</time>
			</trkpt>
			<trkpt lat="19.047313" lon="98.866665">
				<ele>348.996643</ele>
				<time>2016-02-07T05:40:16Z</time>
			</trkpt>
			<trkpt lat="19.047179" lon="98.866718">
				<ele>348.556335</ele>
				<time>2016-02-07T05:40:17Z</time>
			</trkpt>
			<trkpt lat="19.047030" lon="98.866758">
				<ele>349.125671</ele>
				<time>2016-02-07T05:40:18Z</time>
			</trkpt>
			<trkpt lat="19.046876" lon="98.866798">
				<ele>348.699280</ele>
				<time>2016-02-07T05:40:19Z</time>
			</trkpt>
			<trkpt lat="19.046741" lon="98.866831">
				<ele>348.664185</ele>
				<time>2016-02-07T05:40:20Z</time>
			</trkpt>
			<trkpt lat="19.046594" lon="98.866863">
				<ele>348.476929</ele>
				<time>2016-02-07T05:40:21Z</time>
			</trkpt>
			<trkpt lat="19.046438" lon="98.866886">
				<ele>348.188843</ele>
				<time>2016-02-07T05:40:22Z</time>
			</trkpt>
			<trkpt lat="19.046301" lon="98.866903">
				<ele>348.122925</ele>
				<time>2016-02-07T05:40:23Z</time>
			</trkpt>
			<trkpt lat="19.046175" lon="98.866913">
				<ele>349.171997</ele>
				<time>2016-02-07T05:40:24Z</time>
			</trkpt>
			<trkpt lat="19.046047" lon="98.866931">
				<ele>348.490112</ele>
				<time>2016-02-07T05:40:25Z</time>
			</trkpt>
			<trkpt lat="19.045917" lon="98.866952">
				<ele>348.408630</ele>
				<time>2016-02-07T05:40:26Z</time>
			</trkpt>
			<trkpt lat="19.045783" lon="98.866981">
				<ele>348.087402</ele>
				<time>2016-02-07T05:40:27Z</time>
			</trkpt>
			<trkpt lat="19.045639" lon="98.867008">
				<ele>347.621887</ele>
				<time>2016-02-07T05:40:28Z</time>
			</trkpt>
			<trkpt lat="19.045506" lon="98.867050">
				<ele>347.841187</ele>
				<time>2016-02-07T05:40:29Z</time>
			</trkpt>
			<trkpt lat="19.045368" lon="98.867098">
				<ele>348.364624</ele>
				<time>2016-02-07T05:40:30Z</time>
			</trkpt>
			<trkpt lat="19.045259" lon="98.867111">
				<ele>344.695679</ele>
				<time>2016-02-07T05:40:31Z</time>
			</trkpt>
			<trkpt lat="19.045156" lon="98.867152">
				<ele>344.861694</ele>
				<time>2016-02-07T05:40:32Z</time>
			</trkpt>
			<trkpt lat="19.045057" lon="98.867232">
				<ele>345.895752</ele>
				<time>2016-02-07T05:40:33Z</time>
			</trkpt>
			<trkpt lat="19.044984" lon="98.867331">
				<ele>345.779785</ele>
				<time>2016-02-07T05:40:34Z</time>
			</trkpt>
			<trkpt lat="19.044887" lon="98.867435">
				<ele>344.520386</ele>
				<time>2016-02-07T05:40:35Z</time>
			</trkpt>
			<trkpt lat="19.044799" lon="98.867542">
				<ele>344.011230</ele>
				<time>2016-02-07T05:40:36Z</time>
			</trkpt>
			<trkpt lat="19.044710" lon="98.867636">
				<ele>345.487244</ele>
				<time>2016-02-07T05:40:37Z</time>
			</trkpt>
			<trkpt lat="19.044593" lon="98.867722">
				<ele>346.416626</ele>
				<time>2016-02-07T05:40:38Z</time>
			</trkpt>
			<trkpt lat="19.044465" lon="98.867780">
				<ele>346.084717</ele>
				<time>2016-02-07T05:40:39Z</time>
			</trkpt>
			<trkpt lat="19.044327" lon="98.867833">
				<ele>348.097168</ele>
				<time>2016-02-07T05:40:40Z</time>
			</trkpt>
			<trkpt lat="19.044201" lon="98.867893">
				<ele>348.306091</ele>
				<time>2016-02-07T05:40:41Z</time>
			</trkpt>
			<trkpt lat="19.044068" lon="98.867952">
				<ele>348.776062</ele>
				<time>2016-02-07T05:40:42Z</time>
			</trkpt>
			<trkpt lat="19.043922" lon="98.867995">
				<ele>349.684326</ele>
				<time>2016-02-07T05:40:43Z</time>
			</trkpt>
			<trkpt lat="19.043804" lon="98.868060">
				<ele>350.537476</ele>
				<time>2016-02-07T05:40:44Z</time>
			</trkpt>
			<trkpt lat="19.043670" lon="98.868131">
				<ele>350.423889</ele>
				<time>2016-02-07T05:40:45Z</time>
			</trkpt>
			<trkpt lat="19.043538" lon="98.868219">
				<ele>348.406982</ele>
				<time>2016-02-07T05:40:46Z</time>
			</trkpt>
			<trkpt lat="19.043445" lon="98.868289">
				<ele>344.474731</ele>
				<time>2016-02-07T05:40:47Z</time>
			</trkpt>
			<trkpt lat="19.043344" lon="98.868382">
				<ele>345.633423</ele>
				<time>2016-02-07T05:40:48Z</time>
			</trkpt>
			<trkpt lat="19.043228" lon="98.868484">
				<ele>347.207214</ele>
				<time>2016-02-07T05:40:49Z</time>
			</trkpt>
			<trkpt lat="19.043111" lon="98.868585">
				<ele>347.248535</ele>
				<time>2016-02-07T05:40:50Z</time>
			</trkpt>
			<trkpt lat="19.043006" lon="98.868712">
				<ele>350.754272</ele>
				<time>2016-02-07T05:40:51Z</time>
			</trkpt>
			<trkpt lat="19.042906" lon="98.868827">
				<ele>351.407288</ele>
				<time>2016-02-07T05:40:52Z</time>
			</trkpt>
			<trkpt lat="19.042812" lon="98.868923">
				<ele>350.197388</ele>
				<time>2016-02-07T05:40:53Z</time>
			</trkpt>
			<trkpt lat="19.042710" lon="98.869026">
				<ele>351.550720</ele>
				<time>2016-02-07T05:40:54Z</time>
			</trkpt>
			<trkpt lat="19.042615" lon="98.869122">
				<ele>355.325317</ele>
				<time>2016-02-07T05:40:55Z</time>
			</trkpt>
			<trkpt lat="19.042511" lon="98.869200">
				<ele>354.559753</ele>
				<time>2016-02-07T05:40:56Z</time>
			</trkpt>
			<trkpt lat="19.042408" lon="98.869265">
				<ele>353.592407</ele>
				<time>2016-02-07T05:40:57Z</time>
			</trkpt>
			<trkpt lat="19.042300" lon="98.869319">
				<ele>353.427002</ele>
				<time>2016-02-07T05:40:58Z</time>
			</trkpt>
			<trkpt lat="19.042173" lon="98.869364">
				<ele>353.496094</ele>
				<time>2016-02-07T05:40:59Z</time>
			</trkpt>
			<trkpt lat="19.042053" lon="98.869397">
				<ele>353.620117</ele>
				<time>2016-02-07T05:41:00Z</time>
			</trkpt>
			<trkpt lat="19.041957" lon="98.869399">
				<ele>354.700806</ele>
				<time>2016-02-07T05:41:01Z</time>
			</trkpt>
			<trkpt lat="19.041830" lon="98.869388">
				<ele>355.976074</ele>
				<time>2016-02-07T05:41:02Z</time>
			</trkpt>
			<trkpt lat="19.041715" lon="98.869372">
				<ele>356.026123</ele>
				<time>2016-02-07T05:41:03Z</time>
			</trkpt>
			<trkpt lat="19.041624" lon="98.869369">
				<ele>356.934448</ele>
				<time>2016-02-07T05:41:04Z</time>
			</trkpt>
			<trkpt lat="19.041532" lon="98.869352">
				<ele>356.753052</ele>
				<time>2016-02-07T05:41:05Z</time>
			</trkpt>
			<trkpt lat="19.041440" lon="98.869388">
				<ele>356.439575</ele>
				<time>2016-02-07T05:41:06Z</time>
			</trkpt>
			<trkpt lat="19.041341" lon="98.869444">
				<ele>355.643066</ele>
				<time>2016-02-07T05:41:07Z</time>
			</trkpt>
			<trkpt lat="19.041245" lon="98.869489">
				<ele>355.541138</ele>
				<time>2016-02-07T05:41:08Z</time>
			</trkpt>
			<trkpt lat="19.041143" lon="98.869558">
				<ele>355.023438</ele>
				<time>2016-02-07T05:41:09Z</time>
			</trkpt>
			<trkpt lat="19.041020" lon="98.869618">
				<ele>353.859558</ele>
				<time>2016-02-07T05:41:10Z</time>
			</trkpt>
			<trkpt lat="19.040889" lon="98.869683">
				<ele>353.953369</ele>
				<time>2016-02-07T05:41:11Z</time>
			</trkpt>
			<trkpt lat="19.040753" lon="98.869749">
				<ele>353.635986</ele>
				<time>2016-02-07T05:41:12Z</time>
			</trkpt>
			<trkpt lat="19.040619" lon="98.869813">
				<ele>353.582275</ele>
				<time>2016-02-07T05:41:13Z</time>
			</trkpt>
			<trkpt lat="19.040465" lon="98.869861">
				<ele>353.198975</ele>
				<time>2016-02-07T05:41:14Z</time>
			</trkpt>
			<trkpt lat="19.040308" lon="98.869888">
				<ele>355.281860</ele>
				<time>2016-02-07T05:41:15Z</time>
			</trkpt>
			<trkpt lat="19.040162" lon="98.869916">
				<ele>355.878601</ele>
				<time>2016-02-07T05:41:16Z</time>
			</trkpt>
			<trkpt lat="19.040004" lon="98.869947">
				<ele>355.795898</ele>
				<time>2016-02-07T05:41:17Z</time>
			</trkpt>
			<trkpt lat="19.039876" lon="98.869984">
				<ele>355.053467</ele>
				<time>2016-02-07T05:41:18Z</time>
			</trkpt>
			<trkpt lat="19.039759" lon="98.870017">
				<ele>356.211914</ele>
				<time>2016-02-07T05:41:19Z</time>
			</trkpt>
			<trkpt lat="19.039676" lon="98.870052">
				<ele>356.072510</ele>
				<time>2016-02-07T05:41:20Z</time>
			</trkpt>
			<trkpt lat="19.039607" lon="98.870086">
				<ele>355.131714</ele>
				<time>2016-02-07T05:41:21Z</time>
			</trkpt>
			<trkpt lat="19.039540" lon="98.870131">
				<ele>355.203491</ele>
				<time>2016-02-07T05:41:22Z</time>
			</trkpt>
			<trkpt lat="19.039478" lon="98.870205">
				<ele>353.760986</ele>
				<time>2016-02-07T05:41:23Z</time>
			</trkpt>
			<trkpt lat="19.039485" lon="98.870290">
				<ele>348.475037</ele>
				<time>2016-02-07T05:41:24Z</time>
			</trkpt>
			<trkpt lat="19.039465" lon="98.870370">
				<ele>347.960693</ele>
				<time>2016-02-07T05:41:25Z</time>
			</trkpt>
			<trkpt lat="19.039430" lon="98.870490">
				<ele>346.436646</ele>
				<time>2016-02-07T05:41:26Z</time>
			</trkpt>
			<trkpt lat="19.039392" lon="98.870593">
				<ele>347.044373</ele>
				<time>2016-02-07T05:41:27Z</time>
			</trkpt>
			<trkpt lat="19.039333" lon="98.870652">
				<ele>350.398071</ele>
				<time>2016-02-07T05:41:28Z</time>
			</trkpt>
			<trkpt lat="19.039269" lon="98.870738">
				<ele>350.869263</ele>
				<time>2016-02-07T05:41:29Z</time>
			</trkpt>
			<trkpt lat="19.039187" lon="98.870839">
				<ele>352.544800</ele>
				<time>2016-02-07T05:41:30Z</time>
			</trkpt>
			<trkpt lat="19.039074" lon="98.870900">
				<ele>353.319397</ele>
				<time>2016-02-07T05:41:31Z</time>
			</trkpt>
			<trkpt lat="19.038973" lon="98.870952">
				<ele>354.088013</ele>
				<time>2016-02-07T05:41:32Z</time>
			</trkpt>
			<trkpt lat="19.038863" lon="98.871002">
				<ele>354.115601</ele>
				<time>2016-02-07T05:41:33Z</time>
			</trkpt>
			<trkpt lat="19.038744" lon="98.871062">
				<ele>351.868530</ele>
				<time>2016-02-07T05:41:34Z</time>
			</trkpt>
			<trkpt lat="19.038640" lon="98.871135">
				<ele>352.728210</ele>
				<time>2016-02-07T05:41:35Z</time>
			</trkpt>
			<trkpt lat="19.038533" lon="98.871206">
				<ele>352.097839</ele>
				<time>2016-02-07T05:41:36Z</time>
			</trkpt>
			<trkpt lat="19.038411" lon="98.871291">
				<ele>352.815247</ele>
				<time>2016-02-07T05:41:37Z</time>
			</trkpt>
			<trkpt lat="19.038294" lon="98.871373">
				<ele>352.812500</ele>
				<time>2016-02-07T05:41:38Z</time>
			</trkpt>
			<trkpt lat="19.038179" lon="98.871441">
				<ele>353.590881</ele>
				<time>2016-02-07T05:41:39Z</time>
			</trkpt>
			<trkpt lat="19.038066" lon="98.871508">
				<ele>354.240662</ele>
				<time>2016-02-07T05:41:40Z</time>
			</trkpt>
			<trkpt lat="19.037933" lon="98.871536">
				<ele>352.881958</ele>
				<time>2016-02-07T05:41:41Z</time>
			</trkpt>
			<trkpt lat="19.037806" lon="98.871564">
				<ele>352.057983</ele>
				<time>2016-02-07T05:41:42Z</time>
			</trkpt>
			<trkpt lat="19.037662" lon="98.871606">
				<ele>351.690552</ele>
				<time>2016-02-07T05:41:43Z</time>
			</trkpt>
			<trkpt lat="19.037523" lon="98.871631">
				<ele>351.482300</ele>
				<time>2016-02-07T05:41:44Z</time>
			</trkpt>
			<trkpt lat="19.037369" lon="98.871685">
				<ele>350.960693</ele>
				<time>2016-02-07T05:41:45Z</time>
			</trkpt>
			<trkpt lat="19.037230" lon="98.871748">
				<ele>350.596069</ele>
				<time>2016-02-07T05:41:46Z</time>
			</trkpt>
			<trkpt lat="19.037081" lon="98.871811">
				<ele>351.469177</ele>
				<time>2016-02-07T05:41:47Z</time>
			</trkpt>
			<trkpt lat="19.036964" lon="98.871878">
				<ele>350.349426</ele>
				<time>2016-02-07T05:41:48Z</time>
			</trkpt>
			<trkpt lat="19.036836" lon="98.871949">
				<ele>351.277344</ele>
				<time>2016-02-07T05:41:49Z</time>
			</trkpt>
			<trkpt lat="19.036746" lon="98.871994">
				<ele>352.349060</ele>
				<time>2016-02-07T05:41:50Z</time>
			</trkpt>
			<trkpt lat="19.036637" lon="98.872043">
				<ele>352.409851</ele>
				<time>2016-02-07T05:41:51Z</time>
			</trkpt>
			<trkpt lat="19.036539" lon="98.872072">
				<ele>354.222290</ele>
				<time>2016-02-07T05:41:52Z</time>
			</trkpt>
			<trkpt lat="19.036430" lon="98.872075">
				<ele>355.201660</ele>
				<time>2016-02-07T05:41:53Z</time>
			</trkpt>
			<trkpt lat="19.036322" lon="98.872079">
				<ele>354.933472</ele>
				<time>2016-02-07T05:41:54Z</time>
			</trkpt>
			<trkpt lat="19.036185" lon="98.872039">
				<ele>354.916016</ele>
				<time>2016-02-07T05:41:55Z</time>
			</trkpt>
			<trkpt lat="19.036067" lon="98.872014">
				<ele>354.875366</ele>
				<time>2016-02-07T05:41:56Z</time>
			</trkpt>
			<trkpt lat="19.035943" lon="98.871983">
				<ele>356.337524</ele>
				<time>2016-02-07T05:41:57Z</time>
			</trkpt>
			<trkpt lat="19.035837" lon="98.871943">
				<ele>356.708374</ele>
				<time>2016-02-07T05:41:58Z</time>
			</trkpt>
			<trkpt lat="19.035724" lon="98.871898">
				<ele>356.947754</ele>
				<time>2016-02-07T05:41:59Z</time>
			</trkpt>
			<trkpt lat="19.035613" lon="98.871855">
				<ele>356.965027</ele>
				<time>2016-02-07T05:42:00Z</time>
			</trkpt>
			<trkpt lat="19.035491" lon="98.871807">
				<ele>357.583008</ele>
				<time>2016-02-07T05:42:01Z</time>
			</trkpt>
			<trkpt lat="19.035372" lon="98.871752">
				<ele>357.342468</ele>
				<time>2016-02-07T05:42:02Z</time>
			</trkpt>
			<trkpt lat="19.035272" lon="98.871691">
				<ele>358.537720</ele>
				<time>2016-02-07T05:42:03Z</time>
			</trkpt>
			<trkpt lat="19.035154" lon="98.871639">
				<ele>359.498596</ele>
				<time>2016-02-07T05:42:04Z</time>
			</trkpt>
			<trkpt lat="19.035074" lon="98.871574">
				<ele>355.512817</ele>
				<time>2016-02-07T05:42:05Z</time>
			</trkpt>
			<trkpt lat="19.034989" lon="98.871529">
				<ele>355.611450</ele>
				<time>2016-02-07T05:42:06Z</time>
			</trkpt>
			<trkpt lat="19.034895" lon="98.871491">
				<ele>355.193604</ele>
				<time>2016-02-07T05:42:07Z</time>
			</trkpt>
			<trkpt lat="19.034807" lon="98.871471">
				<ele>355.371216</ele>
				<time>2016-02-07T05:42:08Z</time>
			</trkpt>
			<trkpt lat="19.034693" lon="98.871469">
				<ele>356.270874</ele>
				<time>2016-02-07T05:42:09Z</time>
			</trkpt>
			<trkpt lat="19.034581" lon="98.871473">
				<ele>355.473816</ele>
				<time>2016-02-07T05:42:10Z</time>
			</trkpt>
			<trkpt lat="19.034474" lon="98.871460">
				<ele>356.491333</ele>
				<time>2016-02-07T05:42:11Z</time>
			</trkpt>
			<trkpt lat="19.034360" lon="98.871445">
				<ele>355.714783</ele>
				<time>2016-02-07T05:42:12Z</time>
			</trkpt>
			<trkpt lat="19.034241" lon="98.871448">
				<ele>353.970886</ele>
				<time>2016-02-07T05:42:13Z</time>
			</trkpt>
			<trkpt lat="19.034127" lon="98.871460">
				<ele>354.520874</ele>
				<time>2016-02-07T05:42:14Z</time>
			</trkpt>
			<trkpt lat="19.034013" lon="98.871478">
				<ele>354.524780</ele>
				<time>2016-02-07T05:42:15Z</time>
			</trkpt>
			<trkpt lat="19.033891" lon="98.871560">
				<ele>354.213989</ele>
				<time>2016-02-07T05:42:16Z</time>
			</trkpt>
			<trkpt lat="19.033781" lon="98.871621">
				<ele>353.462036</ele>
				<time>2016-02-07T05:42:17Z</time>
			</trkpt>
			<trkpt lat="19.033678" lon="98.871697">
				<ele>353.182312</ele>
				<time>2016-02-07T05:42:18Z</time>
			</trkpt>
			<trkpt lat="19.033578" lon="98.871784">
				<ele>351.000061</ele>
				<time>2016-02-07T05:42:19Z</time>
			</trkpt>
			<trkpt lat="19.033459" lon="98.871872">
				<ele>351.163940</ele>
				<time>2016-02-07T05:42:20Z</time>
			</trkpt>
			<trkpt lat="19.033339" lon="98.871983">
				<ele>351.970459</ele>
				<time>2016-02-07T05:42:21Z</time>
			</trkpt>
			<trkpt lat="19.033244" lon="98.872080">
				<ele>352.172729</ele>
				<time>2016-02-07T05:42:22Z</time>
			</trkpt>
			<trkpt lat="19.033140" lon="98.872178">
				<ele>351.593384</ele>
				<time>2016-02-07T05:42:23Z</time>
			</trkpt>
			<trkpt lat="19.033016" lon="98.872269">
				<ele>352.304932</ele>
				<time>2016-02-07T05:42:24Z</time>
			</trkpt>
			<trkpt lat="19.032899" lon="98.872356">
				<ele>352.478149</ele>
				<time>2016-02-07T05:42:25Z</time>
			</trkpt>
			<trkpt lat="19.032784" lon="98.872449">
				<ele>352.649292</ele>
				<time>2016-02-07T05:42:26Z</time>
			</trkpt>
			<trkpt lat="19.032669" lon="98.872539">
				<ele>352.524414</ele>
				<time>2016-02-07T05:42:27Z</time>
			</trkpt>
			<trkpt lat="19.032557" lon="98.872639">
				<ele>353.006714</ele>
				<time>2016-02-07T05:42:28Z</time>
			</trkpt>
			<trkpt lat="19.032441" lon="98.872730">
				<ele>352.845337</ele>
				<time>2016-02-07T05:42:29Z</time>
			</trkpt>
			<trkpt lat="19.032334" lon="98.872798">
				<ele>351.315674</ele>
				<time>2016-02-07T05:42:30Z</time>
			</trkpt>
			<trkpt lat="19.032214" lon="98.872876">
				<ele>351.311890</ele>
				<time>2016-02-07T05:42:31Z</time>
			</trkpt>
			<trkpt lat="19.032107" lon="98.872936">
				<ele>349.811279</ele>
				<time>2016-02-07T05:42:32Z</time>
			</trkpt>
			<trkpt lat="19.031955" lon="98.873005">
				<ele>350.086182</ele>
				<time>2016-02-07T05:42:33Z</time>
			</trkpt>
			<trkpt lat="19.031826" lon="98.873059">
				<ele>349.995972</ele>
				<time>2016-02-07T05:42:34Z</time>
			</trkpt>
			<trkpt lat="19.031702" lon="98.873113">
				<ele>350.285461</ele>
				<time>2016-02-07T05:42:35Z</time>
			</trkpt>
			<trkpt lat="19.031590" lon="98.873180">
				<ele>349.865540</ele>
				<time>2016-02-07T05:42:36Z</time>
			</trkpt>
			<trkpt lat="19.031504" lon="98.873268">
				<ele>349.680542</ele>
				<time>2016-02-07T05:42:37Z</time>
			</trkpt>
			<trkpt lat="19.031406" lon="98.873365">
				<ele>349.601685</ele>
				<time>2016-02-07T05:42:38Z</time>
			</trkpt>
			<trkpt lat="19.031315" lon="98.873477">
				<ele>349.444580</ele>
				<time>2016-02-07T05:42:39Z</time>
			</trkpt>
			<trkpt lat="19.031254" lon="98.873585">
				<ele>350.256470</ele>
				<time>2016-02-07T05:42:40Z</time>
			</trkpt>
			<trkpt lat="19.031185" lon="98.873685">
				<ele>350.739258</ele>
				<time>2016-02-07T05:42:41Z</time>
			</trkpt>
			<trkpt lat="19.031115" lon="98.873728">
				<ele>349.572876</ele>
				<time>2016-02-07T05:42:42Z</time>
			</trkpt>
			<trkpt lat="19.030986" lon="98.873781">
				<ele>348.462280</ele>
				<time>2016-02-07T05:42:43Z</time>
			</trkpt>
			<trkpt lat="19.030873" lon="98.873800">
				<ele>347.330566</ele>
				<time>2016-02-07T05:42:44Z</time>
			</trkpt>
			<trkpt lat="19.030760" lon="98.873819">
				<ele>347.628479</ele>
				<time>2016-02-07T05:42:45Z</time>
			</trkpt>
			<trkpt lat="19.030621" lon="98.873827">
				<ele>343.909546</ele>
				<time>2016-02-07T05:42:46Z</time>
			</trkpt>
			<trkpt lat="19.030499" lon="98.873842">
				<ele>342.876099</ele>
				<time>2016-02-07T05:42:47Z</time>
			</trkpt>
			<trkpt lat="19.030386" lon="98.873841">
				<ele>342.713501</ele>
				<time>2016-02-07T05:42:48Z</time>
			</trkpt>
			<trkpt lat="19.030276" lon="98.873785">
				<ele>341.652466</ele>
				<time>2016-02-07T05:42:49Z</time>
			</trkpt>
			<trkpt lat="19.030187" lon="98.873725">
				<ele>342.283569</ele>
				<time>2016-02-07T05:42:50Z</time>
			</trkpt>
			<trkpt lat="19.030117" lon="98.873664">
				<ele>343.657227</ele>
				<time>2016-02-07T05:42:51Z</time>
			</trkpt>
			<trkpt lat="19.030034" lon="98.873620">
				<ele>342.573242</ele>
				<time>2016-02-07T05:42:52Z</time>
			</trkpt>
			<trkpt lat="19.029925" lon="98.873599">
				<ele>343.989746</ele>
				<time>2016-02-07T05:42:53Z</time>
			</trkpt>
			<trkpt lat="19.029814" lon="98.873591">
				<ele>344.340515</ele>
				<time>2016-02-07T05:42:54Z</time>
			</trkpt>
			<trkpt lat="19.029685" lon="98.873631">
				<ele>342.507141</ele>
				<time>2016-02-07T05:42:55Z</time>
			</trkpt>
			<trkpt lat="19.029542" lon="98.873676">
				<ele>341.845703</ele>
				<time>2016-02-07T05:42:56Z</time>
			</trkpt>
			<trkpt lat="19.029413" lon="98.873704">
				<ele>341.826538</ele>
				<time>2016-02-07T05:42:57Z</time>
			</trkpt>
			<trkpt lat="19.029282" lon="98.873747">
				<ele>341.304199</ele>
				<time>2016-02-07T05:42:58Z</time>
			</trkpt>
			<trkpt lat="19.029164" lon="98.873774">
				<ele>342.317688</ele>
				<time>2016-02-07T05:42:59Z</time>
			</trkpt>
			<trkpt lat="19.029049" lon="98.873798">
				<ele>342.383423</ele>
				<time>2016-02-07T05:43:00Z</time>
			</trkpt>
			<trkpt lat="19.028947" lon="98.873840">
				<ele>342.645752</ele>
				<time>2016-02-07T05:43:01Z</time>
			</trkpt>
			<trkpt lat="19.028843" lon="98.873905">
				<ele>344.519714</ele>
				<time>2016-02-07T05:43:02Z</time>
			</trkpt>
			<trkpt lat="19.028766" lon="98.874001">
				<ele>343.669434</ele>
				<time>2016-02-07T05:43:03Z</time>
			</trkpt>
			<trkpt lat="19.028678" lon="98.874100">
				<ele>344.168213</ele>
				<time>2016-02-07T05:43:04Z</time>
			</trkpt>
			<trkpt lat="19.028595" lon="98.874211">
				<ele>344.767944</ele>
				<time>2016-02-07T05:43:05Z</time>
			</trkpt>
			<trkpt lat="19.028518" lon="98.874336">
				<ele>345.312256</ele>
				<time>2016-02-07T05:43:06Z</time>
			</trkpt>
			<trkpt lat="19.028443" lon="98.874465">
				<ele>344.884888</ele>
				<time>2016-02-07T05:43:07Z</time>
			</trkpt>
			<trkpt lat="19.028353" lon="98.874592">
				<ele>345.806274</ele>
				<time>2016-02-07T05:43:08Z</time>
			</trkpt>
			<trkpt lat="19.028267" lon="98.874722">
				<ele>346.322510</ele>
				<time>2016-02-07T05:43:09Z</time>
			</trkpt>
			<trkpt lat="19.028188" lon="98.874855">
				<ele>345.556030</ele>
				<time>2016-02-07T05:43:10Z</time>
			</trkpt>
			<trkpt lat="19.028111" lon="98.874988">
				<ele>346.330322</ele>
				<time>2016-02-07T05:43:11Z</time>
			</trkpt>
			<trkpt lat="19.028036" lon="98.875116">
				<ele>347.135742</ele>
				<time>2016-02-07T05:43:12Z</time>
			</trkpt>
			<trkpt lat="19.027967" lon="98.875225">
				<ele>347.429443</ele>
				<time>2016-02-07T05:43:13Z</time>
			</trkpt>
			<trkpt lat="19.027871" lon="98.875324">
				<ele>347.437073</ele>
				<time>2016-02-07T05:43:14Z</time>
			</trkpt>
			<trkpt lat="19.027757" lon="98.875417">
				<ele>347.646790</ele>
				<time>2016-02-07T05:43:15Z</time>
			</trkpt>
			<trkpt lat="19.027645" lon="98.875496">
				<ele>347.239075</ele>
				<time>2016-02-07T05:43:16Z</time>
			</trkpt>
			<trkpt lat="19.027523" lon="98.875578">
				<ele>347.635376</ele>
				<time>2016-02-07T05:43:17Z</time>
			</trkpt>
			<trkpt lat="19.027416" lon="98.875642">
				<ele>348.036194</ele>
				<time>2016-02-07T05:43:18Z</time>
			</trkpt>
			<trkpt lat="19.027300" lon="98.875708">
				<ele>347.813110</ele>
				<time>2016-02-07T05:43:19Z</time>
			</trkpt>
			<trkpt lat="19.027196" lon="98.875755">
				<ele>348.094055</ele>
				<time>2016-02-07T05:43:20Z</time>
			</trkpt>
			<trkpt lat="19.027049" lon="98.875737">
				<ele>345.364990</ele>
				<time>2016-02-07T05:43:21Z</time>
			</trkpt>
			<trkpt lat="19.026938" lon="98.875741">
				<ele>344.620667</ele>
				<time>2016-02-07T05:43:22Z</time>
			</trkpt>
			<trkpt lat="19.026801" lon="98.875753">
				<ele>344.832642</ele>
				<time>2016-02-07T05:43:23Z</time>
			</trkpt>
			<trkpt lat="19.026630" lon="98.875710">
				<ele>345.670227</ele>
				<time>2016-02-07T05:43:24Z</time>
			</trkpt>
			<trkpt lat="19.026477" lon="98.875685">
				<ele>345.827637</ele>
				<time>2016-02-07T05:43:25Z</time>
			</trkpt>
			<trkpt lat="19.026327" lon="98.875662">
				<ele>345.682861</ele>
				<time>2016-02-07T05:43:26Z</time>
			</trkpt>
			<trkpt lat="19.026176" lon="98.875648">
				<ele>346.501831</ele>
				<time>2016-02-07T05:43:27Z</time>
			</trkpt>
			<trkpt lat="19.026026" lon="98.875626">
				<ele>346.464478</ele>
				<time>2016-02-07T05:43:28Z</time>
			</trkpt>
			<trkpt lat="19.025887" lon="98.875618">
				<ele>346.515381</ele>
				<time>2016-02-07T05:43:29Z</time>
			</trkpt>
			<trkpt lat="19.025764" lon="98.875582">
				<ele>345.534058</ele>
				<time>2016-02-07T05:43:30Z</time>
			</trkpt>
			<trkpt lat="19.025640" lon="98.875542">
				<ele>345.435059</ele>
				<time>2016-02-07T05:43:31Z</time>
			</trkpt>
			<trkpt lat="19.025534" lon="98.875444">
				<ele>344.729736</ele>
				<time>2016-02-07T05:43:32Z</time>
			</trkpt>
			<trkpt lat="19.025425" lon="98.875357">
				<ele>345.274902</ele>
				<time>2016-02-07T05:43:33Z</time>
			</trkpt>
			<trkpt lat="19.025302" lon="98.875251">
				<ele>345.609253</ele>
				<time>2016-02-07T05:43:34Z</time>
			</trkpt>
			<trkpt lat="19.025167" lon="98.875128">
				<ele>344.907898</ele>
				<time>2016-02-07T05:43:35Z</time>
			</trkpt>
			<trkpt lat="19.025049" lon="98.874997">
				<ele>345.176514</ele>
				<time>2016-02-07T05:43:36Z</time>
			</trkpt>
			<trkpt lat="19.024950" lon="98.874859">
				<ele>346.608032</ele>
				<time>2016-02-07T05:43:37Z</time>
			</trkpt>
			<trkpt lat="19.024843" lon="98.874721">
				<ele>346.346924</ele>
				<time>2016-02-07T05:43:38Z</time>
			</trkpt>
			<trkpt lat="19.024772" lon="98.874623">
				<ele>350.794312</ele>
				<time>2016-02-07T05:43:39Z</time>
			</trkpt>
			<trkpt lat="19.024684" lon="98.874507">
				<ele>350.903198</ele>
				<time>2016-02-07T05:43:40Z</time>
			</trkpt>
			<trkpt lat="19.024606" lon="98.874406">
				<ele>347.383057</ele>
				<time>2016-02-07T05:43:41Z</time>
			</trkpt>
			<trkpt lat="19.024498" lon="98.874341">
				<ele>348.294861</ele>
				<time>2016-02-07T05:43:42Z</time>
			</trkpt>
			<trkpt lat="19.024400" lon="98.874298">
				<ele>347.188232</ele>
				<time>2016-02-07T05:43:43Z</time>
			</trkpt>
			<trkpt lat="19.024278" lon="98.874278">
				<ele>347.152832</ele>
				<time>2016-02-07T05:43:44Z</time>
			</trkpt>
			<trkpt lat="19.024162" lon="98.874297">
				<ele>348.786621</ele>
				<time>2016-02-07T05:43:45Z</time>
			</trkpt>
			<trkpt lat="19.024034" lon="98.874316">
				<ele>349.435669</ele>
				<time>2016-02-07T05:43:46Z</time>
			</trkpt>
			<trkpt lat="19.023882" lon="98.874339">
				<ele>350.290710</ele>
				<time>2016-02-07T05:43:47Z</time>
			</trkpt>
			<trkpt lat="19.023722" lon="98.874367">
				<ele>352.122131</ele>
				<time>2016-02-07T05:43:48Z</time>
			</trkpt>
			<trkpt lat="19.023572" lon="98.874389">
				<ele>352.300903</ele>
				<time>2016-02-07T05:43:49Z</time>
			</trkpt>
			<trkpt lat="19.023409" lon="98.874411">
				<ele>352.887695</ele>
				<time>2016-02-07T05:43:50Z</time>
			</trkpt>
			<trkpt lat="19.023248" lon="98.874432">
				<ele>353.152527</ele>
				<time>2016-02-07T05:43:51Z</time>
			</trkpt>
			<trkpt lat="19.023103" lon="98.874463">
				<ele>350.433838</ele>
				<time>2016-02-07T05:43:52Z</time>
			</trkpt>
			<trkpt lat="19.022970" lon="98.874484">
				<ele>350.848877</ele>
				<time>2016-02-07T05:43:53Z</time>
			</trkpt>
			<trkpt lat="19.022829" lon="98.874507">
				<ele>352.223267</ele>
				<time>2016-02-07T05:43:54Z</time>
			</trkpt>
			<trkpt lat="19.022714" lon="98.874551">
				<ele>350.979492</ele>
				<time>2016-02-07T05:43:55Z</time>
			</trkpt>
			<trkpt lat="19.022600" lon="98.874595">
				<ele>350.994141</ele>
				<time>2016-02-07T05:43:56Z</time>
			</trkpt>
			<trkpt lat="19.022518" lon="98.874687">
				<ele>349.334778</ele>
				<time>2016-02-07T05:43:57Z</time>
			</trkpt>
			<trkpt lat="19.022462" lon="98.874762">
				<ele>349.662476</ele>
				<time>2016-02-07T05:43:58Z</time>
			</trkpt>
			<trkpt lat="19.022390" lon="98.874852">
				<ele>349.662781</ele>
				<time>2016-02-07T05:43:59Z</time>
			</trkpt>
			<trkpt lat="19.022350" lon="98.874966">
				<ele>350.710510</ele>
				<time>2016-02-07T05:44:00Z</time>
			</trkpt>
			<trkpt lat="19.022281" lon="98.875096">
				<ele>350.209717</ele>
				<time>2016-02-07T05:44:01Z</time>
			</trkpt>
			<trkpt lat="19.022199" lon="98.875231">
				<ele>352.026367</ele>
				<time>2016-02-07T05:44:02Z</time>
			</trkpt>
			<trkpt lat="19.022102" lon="98.875333">
				<ele>351.506592</ele>
				<time>2016-02-07T05:44:03Z</time>
			</trkpt>
			<trkpt lat="19.022006" lon="98.875465">
				<ele>352.233154</ele>
				<time>2016-02-07T05:44:04Z</time>
			</trkpt>
			<trkpt lat="19.021913" lon="98.875580">
				<ele>351.980591</ele>
				<time>2016-02-07T05:44:05Z</time>
			</trkpt>
			<trkpt lat="19.021845" lon="98.875674">
				<ele>349.924194</ele>
				<time>2016-02-07T05:44:06Z</time>
			</trkpt>
			<trkpt lat="19.021741" lon="98.875784">
				<ele>349.689819</ele>
				<time>2016-02-07T05:44:07Z</time>
			</trkpt>
			<trkpt lat="19.021642" lon="98.875829">
				<ele>349.031494</ele>
				<time>2016-02-07T05:44:08Z</time>
			</trkpt>
			<trkpt lat="19.021523" lon="98.875895">
				<ele>348.004395</ele>
				<time>2016-02-07T05:44:09Z</time>
			</trkpt>
			<trkpt lat="19.021406" lon="98.875965">
				<ele>347.946045</ele>
				<time>2016-02-07T05:44:10Z</time>
			</trkpt>
			<trkpt lat="19.021255" lon="98.875999">
				<ele>347.360962</ele>
				<time>2016-02-07T05:44:11Z</time>
			</trkpt>
			<trkpt lat="19.021127" lon="98.876039">
				<ele>346.505676</ele>
				<time>2016-02-07T05:44:12Z</time>
			</trkpt>
			<trkpt lat="19.020989" lon="98.876078">
				<ele>346.409729</ele>
				<time>2016-02-07T05:44:13Z</time>
			</trkpt>
			<trkpt lat="19.020862" lon="98.876084">
				<ele>346.059814</ele>
				<time>2016-02-07T05:44:14Z</time>
			</trkpt>
			<trkpt lat="19.020735" lon="98.876082">
				<ele>343.254456</ele>
				<time>2016-02-07T05:44:15Z</time>
			</trkpt>
			<trkpt lat="19.020611" lon="98.876085">
				<ele>343.226929</ele>
				<time>2016-02-07T05:44:16Z</time>
			</trkpt>
			<trkpt lat="19.020487" lon="98.876087">
				<ele>343.452637</ele>
				<time>2016-02-07T05:44:17Z</time>
			</trkpt>
			<trkpt lat="19.020367" lon="98.876107">
				<ele>343.452515</ele>
				<time>2016-02-07T05:44:18Z</time>
			</trkpt>
			<trkpt lat="19.020255" lon="98.876137">
				<ele>343.434814</ele>
				<time>2016-02-07T05:44:19Z</time>
			</trkpt>
			<trkpt lat="19.020153" lon="98.876191">
				<ele>343.503418</ele>
				<time>2016-02-07T05:44:20Z</time>
			</trkpt>
			<trkpt lat="19.020044" lon="98.876245">
				<ele>344.208130</ele>
				<time>2016-02-07T05:44:21Z</time>
			</trkpt>
			<trkpt lat="19.019918" lon="98.876299">
				<ele>344.264282</ele>
				<time>2016-02-07T05:44:22Z</time>
			</trkpt>
			<trkpt lat="19.019802" lon="98.876342">
				<ele>344.261475</ele>
				<time>2016-02-07T05:44:23Z</time>
			</trkpt>
			<trkpt lat="19.019692" lon="98.876390">
				<ele>346.417969</ele>
				<time>2016-02-07T05:44:24Z</time>
			</trkpt>
			<trkpt lat="19.019588" lon="98.876437">
				<ele>345.991699</ele>
				<time>2016-02-07T05:44:25Z</time>
			</trkpt>
			<trkpt lat="19.019494" lon="98.876505">
				<ele>344.557739</ele>
				<time>2016-02-07T05:44:26Z</time>
			</trkpt>
			<trkpt lat="19.019407" lon="98.876587">
				<ele>343.599365</ele>
				<time>2016-02-07T05:44:27Z</time>
			</trkpt>
			<trkpt lat="19.019313" lon="98.876680">
				<ele>343.631226</ele>
				<time>2016-02-07T05:44:28Z</time>
			</trkpt>
			<trkpt lat="19.019200" lon="98.876755">
				<ele>341.305054</ele>
				<time>2016-02-07T05:44:29Z</time>
			</trkpt>
			<trkpt lat="19.019107" lon="98.876841">
				<ele>343.139221</ele>
				<time>2016-02-07T05:44:30Z</time>
			</trkpt>
			<trkpt lat="19.018994" lon="98.876951">
				<ele>343.512573</ele>
				<time>2016-02-07T05:44:31Z</time>
			</trkpt>
			<trkpt lat="19.018875" lon="98.877067">
				<ele>343.819458</ele>
				<time>2016-02-07T05:44:32Z</time>
			</trkpt>
			<trkpt lat="19.018768" lon="98.877176">
				<ele>344.192505</ele>
				<time>2016-02-07T05:44:33Z</time>
			</trkpt>
			<trkpt lat="19.018666" lon="98.877279">
				<ele>344.206604</ele>
				<time>2016-02-07T05:44:34Z</time>
			</trkpt>
			<trkpt lat="19.018572" lon="98.877379">
				<ele>344.216431</ele>
				<time>2016-02-07T05:44:35Z</time>
			</trkpt>
			<trkpt lat="19.018467" lon="98.877444">
				<ele>344.252502</ele>
				<time>2016-02-07T05:44:36Z</time>
			</trkpt>
			<trkpt lat="19.018356" lon="98.877511">
				<ele>343.839294</ele>
				<time>2016-02-07T05:44:37Z</time>
			</trkpt>
			<trkpt lat="19.018241" lon="98.877548">
				<ele>343.424561</ele>
				<time>2016-02-07T05:44:38Z</time>
			</trkpt>
			<trkpt lat="19.018126" lon="98.877596">
				<ele>343.443726</ele>
				<time>2016-02-07T05:44:39Z</time>
			</trkpt>
			<trkpt lat="19.018042" lon="98.877618">
				<ele>344.597412</ele>
				<time>2016-02-07T05:44:40Z</time>
			</trkpt>
			<trkpt lat="19.017929" lon="98.877627">
				<ele>345.848389</ele>
				<time>2016-02-07T05:44:41Z</time>
			</trkpt>
			<trkpt lat="19.017846" lon="98.877621">
				<ele>346.190308</ele>
				<time>2016-02-07T05:44:42Z</time>
			</trkpt>
			<trkpt lat="19.017773" lon="98.877629">
				<ele>347.366943</ele>
				<time>2016-02-07T05:44:43Z</time>
			</trkpt>
			<trkpt lat="19.017690" lon="98.877626">
				<ele>347.363525</ele>
				<time>2016-02-07T05:44:44Z</time>
			</trkpt>
			<trkpt lat="19.017627" lon="98.877668">
				<ele>347.583740</ele>
				<time>2016-02-07T05:44:45Z</time>
			</trkpt>
			<trkpt lat="19.017561" lon="98.877748">
				<ele>347.712036</ele>
				<time>2016-02-07T05:44:46Z</time>
			</trkpt>
			<trkpt lat="19.017503" lon="98.877822">
				<ele>348.660400</ele>
				<time>2016-02-07T05:44:47Z</time>
			</trkpt>
			<trkpt lat="19.017432" lon="98.877908">
				<ele>348.505981</ele>
				<time>2016-02-07T05:44:48Z</time>
			</trkpt>
			<trkpt lat="19.017375" lon="98.878005">
				<ele>348.215149</ele>
				<time>2016-02-07T05:44:49Z</time>
			</trkpt>
			<trkpt lat="19.017309" lon="98.878105">
				<ele>347.430176</ele>
				<time>2016-02-07T05:44:50Z</time>
			</trkpt>
			<trkpt lat="19.017240" lon="98.878221">
				<ele>347.192627</ele>
				<time>2016-02-07T05:44:51Z</time>
			</trkpt>
			<trkpt lat="19.017191" lon="98.878333">
				<ele>346.901550</ele>
				<time>2016-02-07T05:44:52Z</time>
			</trkpt>
			<trkpt lat="19.017129" lon="98.878454">
				<ele>347.251831</ele>
				<time>2016-02-07T05:44:53Z</time>
			</trkpt>
			<trkpt lat="19.017062" lon="98.878575">
				<ele>347.611084</ele>
				<time>2016-02-07T05:44:54Z</time>
			</trkpt>
			<trkpt lat="19.016989" lon="98.878694">
				<ele>348.442993</ele>
				<time>2016-02-07T05:44:55Z</time>
			</trkpt>
			<trkpt lat="19.016919" lon="98.878816">
				<ele>348.721680</ele>
				<time>2016-02-07T05:44:56Z</time>
			</trkpt>
			<trkpt lat="19.016848" lon="98.878957">
				<ele>347.776733</ele>
				<time>2016-02-07T05:44:57Z</time>
			</trkpt>
			<trkpt lat="19.016787" lon="98.879087">
				<ele>347.769653</ele>
				<time>2016-02-07T05:44:58Z</time>
			</trkpt>
			<trkpt lat="19.016707" lon="98.879257">
				<ele>337.727295</ele>
				<time>2016-02-07T05:44:59Z</time>
			</trkpt>
			<trkpt lat="19.016675" lon="98.879391">
				<ele>338.496826</ele>
				<time>2016-02-07T05:45:00Z</time>
			</trkpt>
			<trkpt lat="19.016671" lon="98.879503">
				<ele>337.518188</ele>
				<time>2016-02-07T05:45:01Z</time>
			</trkpt>
			<trkpt lat="19.016643" lon="98.879627">
				<ele>336.228027</ele>
				<time>2016-02-07T05:45:02Z</time>
			</trkpt>
			<trkpt lat="19.016607" lon="98.879762">
				<ele>335.993896</ele>
				<time>2016-02-07T05:45:03Z</time>
			</trkpt>
			<trkpt lat="19.016570" lon="98.879883">
				<ele>335.332642</ele>
				<time>2016-02-07T05:45:04Z</time>
			</trkpt>
			<trkpt lat="19.016536" lon="98.879986">
				<ele>335.906982</ele>
				<time>2016-02-07T05:45:05Z</time>
			</trkpt>
			<trkpt lat="19.016497" lon="98.880089">
				<ele>335.923340</ele>
				<time>2016-02-07T05:45:06Z</time>
			</trkpt>
			<trkpt lat="19.016484" lon="98.880154">
				<ele>336.543518</ele>
				<time>2016-02-07T05:45:07Z</time>
			</trkpt>
			<trkpt lat="19.016447" lon="98.880237">
				<ele>337.001770</ele>
				<time>2016-02-07T05:45:08Z</time>
			</trkpt>
			<trkpt lat="19.016408" lon="98.880320">
				<ele>336.210938</ele>
				<time>2016-02-07T05:45:09Z</time>
			</trkpt>
			<trkpt lat="19.016362" lon="98.880421">
				<ele>337.841919</ele>
				<time>2016-02-07T05:45:10Z</time>
			</trkpt>
			<trkpt lat="19.016315" lon="98.880527">
				<ele>337.852295</ele>
				<time>2016-02-07T05:45:11Z</time>
			</trkpt>
			<trkpt lat="19.016278" lon="98.880632">
				<ele>337.650024</ele>
				<time>2016-02-07T05:45:12Z</time>
			</trkpt>
			<trkpt lat="19.016232" lon="98.880748">
				<ele>337.577393</ele>
				<time>2016-02-07T05:45:13Z</time>
			</trkpt>
			<trkpt lat="19.016181" lon="98.880849">
				<ele>343.916504</ele>
				<time>2016-02-07T05:45:14Z</time>
			</trkpt>
			<trkpt lat="19.016153" lon="98.880986">
				<ele>343.225952</ele>
				<time>2016-02-07T05:45:15Z</time>
			</trkpt>
			<trkpt lat="19.016149" lon="98.881107">
				<ele>343.131470</ele>
				<time>2016-02-07T05:45:16Z</time>
			</trkpt>
			<trkpt lat="19.016133" lon="98.881243">
				<ele>343.260742</ele>
				<time>2016-02-07T05:45:17Z</time>
			</trkpt>
			<trkpt lat="19.016116" lon="98.881391">
				<ele>344.550049</ele>
				<time>2016-02-07T05:45:18Z</time>
			</trkpt>
			<trkpt lat="19.016113" lon="98.881538">
				<ele>344.494629</ele>
				<time>2016-02-07T05:45:19Z</time>
			</trkpt>
			<trkpt lat="19.016111" lon="98.881699">
				<ele>344.487061</ele>
				<time>2016-02-07T05:45:20Z</time>
			</trkpt>
			<trkpt lat="19.016120" lon="98.881855">
				<ele>343.740723</ele>
				<time>2016-02-07T05:45:21Z</time>
			</trkpt>
			<trkpt lat="19.016129" lon="98.882008">
				<ele>343.635071</ele>
				<time>2016-02-07T05:45:22Z</time>
			</trkpt>
			<trkpt lat="19.016151" lon="98.882189">
				<ele>343.813110</ele>
				<time>2016-02-07T05:45:23Z</time>
			</trkpt>
			<trkpt lat="19.016182" lon="98.882351">
				<ele>344.316711</ele>
				<time>2016-02-07T05:45:24Z</time>
			</trkpt>
			<trkpt lat="19.016211" lon="98.882512">
				<ele>344.388733</ele>
				<time>2016-02-07T05:45:25Z</time>
			</trkpt>
			<trkpt lat="19.016233" lon="98.882658">
				<ele>344.105408</ele>
				<time>2016-02-07T05:45:26Z</time>
			</trkpt>
			<trkpt lat="19.016264" lon="98.882782">
				<ele>343.695374</ele>
				<time>2016-02-07T05:45:27Z</time>
			</trkpt>
			<trkpt lat="19.016290" lon="98.882918">
				<ele>343.676270</ele>
				<time>2016-02-07T05:45:28Z</time>
			</trkpt>
			<trkpt lat="19.016281" lon="98.882954">
				<ele>345.279907</ele>
				<time>2016-02-07T05:45:29Z</time>
			</trkpt>
			<trkpt lat="19.016302" lon="98.883014">
				<ele>343.856689</ele>
				<time>2016-02-07T05:45:30Z</time>
			</trkpt>
			<trkpt lat="19.016283" lon="98.883068">
				<ele>343.052246</ele>
				<time>2016-02-07T05:45:31Z</time>
			</trkpt>
			<trkpt lat="19.016263" lon="98.883123">
				<ele>342.793213</ele>
				<time>2016-02-07T05:45:32Z</time>
			</trkpt>
			<trkpt lat="19.016215" lon="98.883159">
				<ele>345.234375</ele>
				<time>2016-02-07T05:45:33Z</time>
			</trkpt>
			<trkpt lat="19.016107" lon="98.883164">
				<ele>345.500977</ele>
				<time>2016-02-07T05:45:34Z</time>
			</trkpt>
			<trkpt lat="19.015994" lon="98.883139">
				<ele>345.099365</ele>
				<time>2016-02-07T05:45:35Z</time>
			</trkpt>
			<trkpt lat="19.015882" lon="98.883091">
				<ele>343.629272</ele>
				<time>2016-02-07T05:45:36Z</time>
			</trkpt>
			<trkpt lat="19.015778" lon="98.883107">
				<ele>343.507874</ele>
				<time>2016-02-07T05:45:37Z</time>
			</trkpt>
			<trkpt lat="19.015661" lon="98.883112">
				<ele>344.395386</ele>
				<time>2016-02-07T05:45:38Z</time>
			</trkpt>
			<trkpt lat="19.015545" lon="98.883121">
				<ele>344.461670</ele>
				<time>2016-02-07T05:45:39Z</time>
			</trkpt>
			<trkpt lat="19.015437" lon="98.883159">
				<ele>344.656250</ele>
				<time>2016-02-07T05:45:40Z</time>
			</trkpt>
			<trkpt lat="19.015334" lon="98.883196">
				<ele>344.709717</ele>
				<time>2016-02-07T05:45:41Z</time>
			</trkpt>
			<trkpt lat="19.015222" lon="98.883234">
				<ele>344.545410</ele>
				<time>2016-02-07T05:45:42Z</time>
			</trkpt>
			<trkpt lat="19.015116" lon="98.883301">
				<ele>343.868408</ele>
				<time>2016-02-07T05:45:43Z</time>
			</trkpt>
			<trkpt lat="19.015020" lon="98.883340">
				<ele>344.187683</ele>
				<time>2016-02-07T05:45:44Z</time>
			</trkpt>
			<trkpt lat="19.014908" lon="98.883392">
				<ele>344.234863</ele>
				<time>2016-02-07T05:45:45Z</time>
			</trkpt>
			<trkpt lat="19.014813" lon="98.883448">
				<ele>344.119629</ele>
				<time>2016-02-07T05:45:46Z</time>
			</trkpt>
			<trkpt lat="19.014696" lon="98.883515">
				<ele>344.659912</ele>
				<time>2016-02-07T05:45:47Z</time>
			</trkpt>
			<trkpt lat="19.014590" lon="98.883569">
				<ele>342.153564</ele>
				<time>2016-02-07T05:45:48Z</time>
			</trkpt>
			<trkpt lat="19.014486" lon="98.883638">
				<ele>341.972168</ele>
				<time>2016-02-07T05:45:49Z</time>
			</trkpt>
			<trkpt lat="19.014407" lon="98.883686">
				<ele>342.247314</ele>
				<time>2016-02-07T05:45:50Z</time>
			</trkpt>
			<trkpt lat="19.014317" lon="98.883746">
				<ele>342.335815</ele>
				<time>2016-02-07T05:45:51Z</time>
			</trkpt>
			<trkpt lat="19.014229" lon="98.883803">
				<ele>342.288086</ele>
				<time>2016-02-07T05:45:52Z</time>
			</trkpt>
			<trkpt lat="19.014121" lon="98.883880">
				<ele>340.200439</ele>
				<time>2016-02-07T05:45:53Z</time>
			</trkpt>
			<trkpt lat="19.013998" lon="98.883949">
				<ele>342.232727</ele>
				<time>2016-02-07T05:45:54Z</time>
			</trkpt>
			<trkpt lat="19.013869" lon="98.884030">
				<ele>342.489624</ele>
				<time>2016-02-07T05:45:55Z</time>
			</trkpt>
			<trkpt lat="19.013744" lon="98.884112">
				<ele>342.210327</ele>
				<time>2016-02-07T05:45:56Z</time>
			</trkpt>
			<trkpt lat="19.013618" lon="98.884183">
				<ele>342.755432</ele>
				<time>2016-02-07T05:45:57Z</time>
			</trkpt>
			<trkpt lat="19.013496" lon="98.884252">
				<ele>342.703613</ele>
				<time>2016-02-07T05:45:58Z</time>
			</trkpt>
			<trkpt lat="19.013387" lon="98.884326">
				<ele>344.204163</ele>
				<time>2016-02-07T05:45:59Z</time>
			</trkpt>
			<trkpt lat="19.013258" lon="98.884410">
				<ele>344.249023</ele>
				<time>2016-02-07T05:46:00Z</time>
			</trkpt>
			<trkpt lat="19.013125" lon="98.884486">
				<ele>344.721069</ele>
				<time>2016-02-07T05:46:01Z</time>
			</trkpt>
			<trkpt lat="19.012998" lon="98.884566">
				<ele>344.650635</ele>
				<time>2016-02-07T05:46:02Z</time>
			</trkpt>
			<trkpt lat="19.012868" lon="98.884651">
				<ele>343.280029</ele>
				<time>2016-02-07T05:46:03Z</time>
			</trkpt>
			<trkpt lat="19.012733" lon="98.884729">
				<ele>343.104980</ele>
				<time>2016-02-07T05:46:04Z</time>
			</trkpt>
			<trkpt lat="19.012546" lon="98.884808">
				<ele>344.426208</ele>
				<time>2016-02-07T05:46:05Z</time>
			</trkpt>
			<trkpt lat="19.012389" lon="98.884869">
				<ele>344.005615</ele>
				<time>2016-02-07T05:46:06Z</time>
			</trkpt>
			<trkpt lat="19.012242" lon="98.884931">
				<ele>344.214233</ele>
				<time>2016-02-07T05:46:07Z</time>
			</trkpt>
			<trkpt lat="19.012058" lon="98.884998">
				<ele>344.404297</ele>
				<time>2016-02-07T05:46:08Z</time>
			</trkpt>
			<trkpt lat="19.011917" lon="98.885041">
				<ele>342.221680</ele>
				<time>2016-02-07T05:46:09Z</time>
			</trkpt>
			<trkpt lat="19.011781" lon="98.885089">
				<ele>341.966919</ele>
				<time>2016-02-07T05:46:10Z</time>
			</trkpt>
			<trkpt lat="19.011649" lon="98.885136">
				<ele>339.838867</ele>
				<time>2016-02-07T05:46:11Z</time>
			</trkpt>
			<trkpt lat="19.011483" lon="98.885159">
				<ele>336.797607</ele>
				<time>2016-02-07T05:46:12Z</time>
			</trkpt>
			<trkpt lat="19.011331" lon="98.885197">
				<ele>336.811890</ele>
				<time>2016-02-07T05:46:13Z</time>
			</trkpt>
			<trkpt lat="19.011179" lon="98.885236">
				<ele>336.900757</ele>
				<time>2016-02-07T05:46:14Z</time>
			</trkpt>
			<trkpt lat="19.011038" lon="98.885279">
				<ele>336.926880</ele>
				<time>2016-02-07T05:46:15Z</time>
			</trkpt>
			<trkpt lat="19.010897" lon="98.885303">
				<ele>336.498108</ele>
				<time>2016-02-07T05:46:16Z</time>
			</trkpt>
			<trkpt lat="19.010761" lon="98.885334">
				<ele>336.302917</ele>
				<time>2016-02-07T05:46:17Z</time>
			</trkpt>
			<trkpt lat="19.010593" lon="98.885361">
				<ele>335.113159</ele>
				<time>2016-02-07T05:46:18Z</time>
			</trkpt>
			<trkpt lat="19.010455" lon="98.885390">
				<ele>335.302368</ele>
				<time>2016-02-07T05:46:19Z</time>
			</trkpt>
			<trkpt lat="19.010287" lon="98.885421">
				<ele>334.332092</ele>
				<time>2016-02-07T05:46:20Z</time>
			</trkpt>
			<trkpt lat="19.010144" lon="98.885441">
				<ele>334.189331</ele>
				<time>2016-02-07T05:46:21Z</time>
			</trkpt>
			<trkpt lat="19.009987" lon="98.885461">
				<ele>334.142578</ele>
				<time>2016-02-07T05:46:22Z</time>
			</trkpt>
			<trkpt lat="19.009781" lon="98.885476">
				<ele>335.795044</ele>
				<time>2016-02-07T05:46:23Z</time>
			</trkpt>
			<trkpt lat="19.009592" lon="98.885479">
				<ele>335.653076</ele>
				<time>2016-02-07T05:46:24Z</time>
			</trkpt>
			<trkpt lat="19.009410" lon="98.885479">
				<ele>335.666626</ele>
				<time>2016-02-07T05:46:25Z</time>
			</trkpt>
			<trkpt lat="19.009240" lon="98.885473">
				<ele>336.989746</ele>
				<time>2016-02-07T05:46:26Z</time>
			</trkpt>
			<trkpt lat="19.009046" lon="98.885469">
				<ele>337.923706</ele>
				<time>2016-02-07T05:46:27Z</time>
			</trkpt>
			<trkpt lat="19.008859" lon="98.885463">
				<ele>337.908875</ele>
				<time>2016-02-07T05:46:28Z</time>
			</trkpt>
			<trkpt lat="19.008660" lon="98.885459">
				<ele>336.700684</ele>
				<time>2016-02-07T05:46:29Z</time>
			</trkpt>
			<trkpt lat="19.008463" lon="98.885450">
				<ele>336.016479</ele>
				<time>2016-02-07T05:46:30Z</time>
			</trkpt>
			<trkpt lat="19.008248" lon="98.885448">
				<ele>337.246216</ele>
				<time>2016-02-07T05:46:31Z</time>
			</trkpt>
			<trkpt lat="19.008049" lon="98.885446">
				<ele>337.614868</ele>
				<time>2016-02-07T05:46:32Z</time>
			</trkpt>
			<trkpt lat="19.007859" lon="98.885443">
				<ele>336.122070</ele>
				<time>2016-02-07T05:46:33Z</time>
			</trkpt>
			<trkpt lat="19.007679" lon="98.885437">
				<ele>335.371094</ele>
				<time>2016-02-07T05:46:34Z</time>
			</trkpt>
			<trkpt lat="19.007493" lon="98.885436">
				<ele>335.860596</ele>
				<time>2016-02-07T05:46:35Z</time>
			</trkpt>
			<trkpt lat="19.007302" lon="98.885453">
				<ele>336.338440</ele>
				<time>2016-02-07T05:46:36Z</time>
			</trkpt>
			<trkpt lat="19.007131" lon="98.885468">
				<ele>333.075806</ele>
				<time>2016-02-07T05:46:37Z</time>
			</trkpt>
			<trkpt lat="19.006960" lon="98.885505">
				<ele>333.628784</ele>
				<time>2016-02-07T05:46:38Z</time>
			</trkpt>
			<trkpt lat="19.006801" lon="98.885541">
				<ele>333.249023</ele>
				<time>2016-02-07T05:46:39Z</time>
			</trkpt>
			<trkpt lat="19.006653" lon="98.885623">
				<ele>331.618408</ele>
				<time>2016-02-07T05:46:40Z</time>
			</trkpt>
			<trkpt lat="19.006516" lon="98.885689">
				<ele>331.339417</ele>
				<time>2016-02-07T05:46:41Z</time>
			</trkpt>
			<trkpt lat="19.006363" lon="98.885751">
				<ele>332.034790</ele>
				<time>2016-02-07T05:46:42Z</time>
			</trkpt>
			<trkpt lat="19.006195" lon="98.885776">
				<ele>332.850159</ele>
				<time>2016-02-07T05:46:43Z</time>
			</trkpt>
			<trkpt lat="19.006044" lon="98.885809">
				<ele>333.491333</ele>
				<time>2016-02-07T05:46:44Z</time>
			</trkpt>
			<trkpt lat="19.005882" lon="98.885841">
				<ele>332.638184</ele>
				<time>2016-02-07T05:46:45Z</time>
			</trkpt>
			<trkpt lat="19.005744" lon="98.885878">
				<ele>332.551880</ele>
				<time>2016-02-07T05:46:46Z</time>
			</trkpt>
			<trkpt lat="19.005590" lon="98.885932">
				<ele>332.342773</ele>
				<time>2016-02-07T05:46:47Z</time>
			</trkpt>
			<trkpt lat="19.005437" lon="98.885996">
				<ele>332.655579</ele>
				<time>2016-02-07T05:46:48Z</time>
			</trkpt>
			<trkpt lat="19.005283" lon="98.886062">
				<ele>333.755249</ele>
				<time>2016-02-07T05:46:49Z</time>
			</trkpt>
			<trkpt lat="19.005108" lon="98.886116">
				<ele>333.098022</ele>
				<time>2016-02-07T05:46:50Z</time>
			</trkpt>
			<trkpt lat="19.004942" lon="98.886182">
				<ele>333.072998</ele>
				<time>2016-02-07T05:46:51Z</time>
			</trkpt>
			<trkpt lat="19.004771" lon="98.886256">
				<ele>332.585938</ele>
				<time>2016-02-07T05:46:52Z</time>
			</trkpt>
			<trkpt lat="19.004599" lon="98.886331">
				<ele>332.448853</ele>
				<time>2016-02-07T05:46:53Z</time>
			</trkpt>
			<trkpt lat="19.004433" lon="98.886412">
				<ele>332.830566</ele>
				<time>2016-02-07T05:46:54Z</time>
			</trkpt>
			<trkpt lat="19.004263" lon="98.886489">
				<ele>332.778076</ele>
				<time>2016-02-07T05:46:55Z</time>
			</trkpt>
			<trkpt lat="19.004089" lon="98.886568">
				<ele>332.763306</ele>
				<time>2016-02-07T05:46:56Z</time>
			</trkpt>
			<trkpt lat="19.003919" lon="98.886650">
				<ele>332.721313</ele>
				<time>2016-02-07T05:46:57Z</time>
			</trkpt>
			<trkpt lat="19.003728" lon="98.886745">
				<ele>335.525330</ele>
				<time>2016-02-07T05:46:58Z</time>
			</trkpt>
			<trkpt lat="19.003572" lon="98.886829">
				<ele>335.523804</ele>
				<time>2016-02-07T05:46:59Z</time>
			</trkpt>
			<trkpt lat="19.003422" lon="98.886924">
				<ele>335.730347</ele>
				<time>2016-02-07T05:47:00Z</time>
			</trkpt>
			<trkpt lat="19.003281" lon="98.887015">
				<ele>335.004028</ele>
				<time>2016-02-07T05:47:01Z</time>
			</trkpt>
			<trkpt lat="19.003121" lon="98.887117">
				<ele>334.765747</ele>
				<time>2016-02-07T05:47:02Z</time>
			</trkpt>
			<trkpt lat="19.002988" lon="98.887243">
				<ele>336.315979</ele>
				<time>2016-02-07T05:47:03Z</time>
			</trkpt>
			<trkpt lat="19.002894" lon="98.887347">
				<ele>333.828003</ele>
				<time>2016-02-07T05:47:04Z</time>
			</trkpt>
			<trkpt lat="19.002746" lon="98.887473">
				<ele>336.028442</ele>
				<time>2016-02-07T05:47:05Z</time>
			</trkpt>
			<trkpt lat="19.002607" lon="98.887598">
				<ele>336.605469</ele>
				<time>2016-02-07T05:47:06Z</time>
			</trkpt>
			<trkpt lat="19.002504" lon="98.887716">
				<ele>337.100952</ele>
				<time>2016-02-07T05:47:07Z</time>
			</trkpt>
			<trkpt lat="19.002406" lon="98.887829">
				<ele>335.807617</ele>
				<time>2016-02-07T05:47:08Z</time>
			</trkpt>
			<trkpt lat="19.002281" lon="98.887943">
				<ele>335.849792</ele>
				<time>2016-02-07T05:47:09Z</time>
			</trkpt>
			<trkpt lat="19.002159" lon="98.888041">
				<ele>336.116150</ele>
				<time>2016-02-07T05:47:10Z</time>
			</trkpt>
			<trkpt lat="19.002043" lon="98.888142">
				<ele>336.164856</ele>
				<time>2016-02-07T05:47:11Z</time>
			</trkpt>
			<trkpt lat="19.001915" lon="98.888248">
				<ele>337.170166</ele>
				<time>2016-02-07T05:47:12Z</time>
			</trkpt>
			<trkpt lat="19.001755" lon="98.888290">
				<ele>335.493164</ele>
				<time>2016-02-07T05:47:13Z</time>
			</trkpt>
			<trkpt lat="19.001612" lon="98.888343">
				<ele>335.981812</ele>
				<time>2016-02-07T05:47:14Z</time>
			</trkpt>
			<trkpt lat="19.001476" lon="98.888420">
				<ele>336.810303</ele>
				<time>2016-02-07T05:47:15Z</time>
			</trkpt>
			<trkpt lat="19.001298" lon="98.888475">
				<ele>337.437622</ele>
				<time>2016-02-07T05:47:16Z</time>
			</trkpt>
			<trkpt lat="19.001154" lon="98.888489">
				<ele>337.558838</ele>
				<time>2016-02-07T05:47:17Z</time>
			</trkpt>
			<trkpt lat="19.001002" lon="98.888516">
				<ele>338.229614</ele>
				<time>2016-02-07T05:47:18Z</time>
			</trkpt>
			<trkpt lat="19.000871" lon="98.888440">
				<ele>340.570740</ele>
				<time>2016-02-07T05:47:19Z</time>
			</trkpt>
			<trkpt lat="19.000730" lon="98.888414">
				<ele>341.069946</ele>
				<time>2016-02-07T05:47:20Z</time>
			</trkpt>
			<trkpt lat="19.000596" lon="98.888373">
				<ele>341.540283</ele>
				<time>2016-02-07T05:47:21Z</time>
			</trkpt>
			<trkpt lat="19.000473" lon="98.888333">
				<ele>340.864258</ele>
				<time>2016-02-07T05:47:22Z</time>
			</trkpt>
			<trkpt lat="19.000344" lon="98.888293">
				<ele>340.863403</ele>
				<time>2016-02-07T05:47:23Z</time>
			</trkpt>
			<trkpt lat="19.000211" lon="98.888287">
				<ele>339.862671</ele>
				<time>2016-02-07T05:47:24Z</time>
			</trkpt>
			<trkpt lat="19.000072" lon="98.888303">
				<ele>339.819092</ele>
				<time>2016-02-07T05:47:25Z</time>
			</trkpt>
			<trkpt lat="18.999938" lon="98.888324">
				<ele>339.106445</ele>
				<time>2016-02-07T05:47:26Z</time>
			</trkpt>
			<trkpt lat="18.999801" lon="98.888400">
				<ele>337.638672</ele>
				<time>2016-02-07T05:47:27Z</time>
			</trkpt>
			<trkpt lat="18.999683" lon="98.888428">
				<ele>337.547974</ele>
				<time>2016-02-07T05:47:28Z</time>
			</trkpt>
			<trkpt lat="18.999553" lon="98.888519">
				<ele>337.093506</ele>
				<time>2016-02-07T05:47:29Z</time>
			</trkpt>
			<trkpt lat="18.999429" lon="98.888574">
				<ele>333.678162</ele>
				<time>2016-02-07T05:47:30Z</time>
			</trkpt>
			<trkpt lat="18.999296" lon="98.888660">
				<ele>333.792480</ele>
				<time>2016-02-07T05:47:31Z</time>
			</trkpt>
			<trkpt lat="18.999132" lon="98.888739">
				<ele>333.602661</ele>
				<time>2016-02-07T05:47:32Z</time>
			</trkpt>
			<trkpt lat="18.999004" lon="98.888820">
				<ele>337.022217</ele>
				<time>2016-02-07T05:47:33Z</time>
			</trkpt>
			<trkpt lat="18.998887" lon="98.888895">
				<ele>338.841492</ele>
				<time>2016-02-07T05:47:34Z</time>
			</trkpt>
			<trkpt lat="18.998751" lon="98.888942">
				<ele>338.567139</ele>
				<time>2016-02-07T05:47:35Z</time>
			</trkpt>
			<trkpt lat="18.998602" lon="98.888977">
				<ele>339.309204</ele>
				<time>2016-02-07T05:47:36Z</time>
			</trkpt>
			<trkpt lat="18.998441" lon="98.889008">
				<ele>339.458008</ele>
				<time>2016-02-07T05:47:37Z</time>
			</trkpt>
			<trkpt lat="18.998246" lon="98.889040">
				<ele>338.965698</ele>
				<time>2016-02-07T05:47:38Z</time>
			</trkpt>
			<trkpt lat="18.998074" lon="98.889072">
				<ele>338.383972</ele>
				<time>2016-02-07T05:47:39Z</time>
			</trkpt>
			<trkpt lat="18.997914" lon="98.889116">
				<ele>337.535889</ele>
				<time>2016-02-07T05:47:40Z</time>
			</trkpt>
			<trkpt lat="18.997760" lon="98.889171">
				<ele>337.925537</ele>
				<time>2016-02-07T05:47:41Z</time>
			</trkpt>
			<trkpt lat="18.997612" lon="98.889244">
				<ele>338.245667</ele>
				<time>2016-02-07T05:47:42Z</time>
			</trkpt>
			<trkpt lat="18.997465" lon="98.889333">
				<ele>338.056946</ele>
				<time>2016-02-07T05:47:43Z</time>
			</trkpt>
			<trkpt lat="18.997337" lon="98.889426">
				<ele>337.330200</ele>
				<time>2016-02-07T05:47:44Z</time>
			</trkpt>
			<trkpt lat="18.997205" lon="98.889530">
				<ele>335.780090</ele>
				<time>2016-02-07T05:47:45Z</time>
			</trkpt>
			<trkpt lat="18.997057" lon="98.889643">
				<ele>336.667969</ele>
				<time>2016-02-07T05:47:46Z</time>
			</trkpt>
			<trkpt lat="18.996918" lon="98.889762">
				<ele>336.673828</ele>
				<time>2016-02-07T05:47:47Z</time>
			</trkpt>
			<trkpt lat="18.996773" lon="98.889873">
				<ele>336.141235</ele>
				<time>2016-02-07T05:47:48Z</time>
			</trkpt>
			<trkpt lat="18.996639" lon="98.889986">
				<ele>336.574951</ele>
				<time>2016-02-07T05:47:49Z</time>
			</trkpt>
			<trkpt lat="18.996513" lon="98.890105">
				<ele>335.638306</ele>
				<time>2016-02-07T05:47:50Z</time>
			</trkpt>
			<trkpt lat="18.996365" lon="98.890223">
				<ele>335.523315</ele>
				<time>2016-02-07T05:47:51Z</time>
			</trkpt>
			<trkpt lat="18.996202" lon="98.890333">
				<ele>335.913696</ele>
				<time>2016-02-07T05:47:52Z</time>
			</trkpt>
			<trkpt lat="18.996045" lon="98.890445">
				<ele>335.740479</ele>
				<time>2016-02-07T05:47:53Z</time>
			</trkpt>
			<trkpt lat="18.995922" lon="98.890535">
				<ele>334.515015</ele>
				<time>2016-02-07T05:47:54Z</time>
			</trkpt>
			<trkpt lat="18.995802" lon="98.890638">
				<ele>333.417847</ele>
				<time>2016-02-07T05:47:55Z</time>
			</trkpt>
			<trkpt lat="18.995663" lon="98.890748">
				<ele>333.293213</ele>
				<time>2016-02-07T05:47:56Z</time>
			</trkpt>
			<trkpt lat="18.995503" lon="98.890851">
				<ele>336.274170</ele>
				<time>2016-02-07T05:47:57Z</time>
			</trkpt>
			<trkpt lat="18.995404" lon="98.890948">
				<ele>338.127991</ele>
				<time>2016-02-07T05:47:58Z</time>
			</trkpt>
			<trkpt lat="18.995288" lon="98.891073">
				<ele>338.495605</ele>
				<time>2016-02-07T05:47:59Z</time>
			</trkpt>
			<trkpt lat="18.995172" lon="98.891206">
				<ele>339.192383</ele>
				<time>2016-02-07T05:48:00Z</time>
			</trkpt>
			<trkpt lat="18.995057" lon="98.891340">
				<ele>339.326904</ele>
				<time>2016-02-07T05:48:01Z</time>
			</trkpt>
			<trkpt lat="18.994942" lon="98.891468">
				<ele>340.460083</ele>
				<time>2016-02-07T05:48:02Z</time>
			</trkpt>
			<trkpt lat="18.994827" lon="98.891576">
				<ele>339.822571</ele>
				<time>2016-02-07T05:48:03Z</time>
			</trkpt>
			<trkpt lat="18.994691" lon="98.891696">
				<ele>340.729919</ele>
				<time>2016-02-07T05:48:04Z</time>
			</trkpt>
			<trkpt lat="18.994566" lon="98.891801">
				<ele>340.951965</ele>
				<time>2016-02-07T05:48:05Z</time>
			</trkpt>
			<trkpt lat="18.994464" lon="98.891909">
				<ele>341.190186</ele>
				<time>2016-02-07T05:48:06Z</time>
			</trkpt>
			<trkpt lat="18.994373" lon="98.891997">
				<ele>344.040283</ele>
				<time>2016-02-07T05:48:07Z</time>
			</trkpt>
			<trkpt lat="18.994268" lon="98.892060">
				<ele>341.582520</ele>
				<time>2016-02-07T05:48:08Z</time>
			</trkpt>
			<trkpt lat="18.994144" lon="98.892118">
				<ele>342.463379</ele>
				<time>2016-02-07T05:48:09Z</time>
			</trkpt>
			<trkpt lat="18.994019" lon="98.892157">
				<ele>342.601440</ele>
				<time>2016-02-07T05:48:10Z</time>
			</trkpt>
			<trkpt lat="18.993886" lon="98.892198">
				<ele>342.498962</ele>
				<time>2016-02-07T05:48:11Z</time>
			</trkpt>
			<trkpt lat="18.993742" lon="98.892224">
				<ele>342.090210</ele>
				<time>2016-02-07T05:48:12Z</time>
			</trkpt>
			<trkpt lat="18.993592" lon="98.892220">
				<ele>342.657104</ele>
				<time>2016-02-07T05:48:13Z</time>
			</trkpt>
			<trkpt lat="18.993471" lon="98.892223">
				<ele>341.663452</ele>
				<time>2016-02-07T05:48:14Z</time>
			</trkpt>
			<trkpt lat="18.993342" lon="98.892241">
				<ele>341.536743</ele>
				<time>2016-02-07T05:48:15Z</time>
			</trkpt>
			<trkpt lat="18.993221" lon="98.892292">
				<ele>341.770752</ele>
				<time>2016-02-07T05:48:16Z</time>
			</trkpt>
			<trkpt lat="18.993096" lon="98.892357">
				<ele>340.087646</ele>
				<time>2016-02-07T05:48:17Z</time>
			</trkpt>
			<trkpt lat="18.992977" lon="98.892429">
				<ele>339.531860</ele>
				<time>2016-02-07T05:48:18Z</time>
			</trkpt>
			<trkpt lat="18.992857" lon="98.892508">
				<ele>338.414490</ele>
				<time>2016-02-07T05:48:19Z</time>
			</trkpt>
			<trkpt lat="18.992762" lon="98.892588">
				<ele>338.248779</ele>
				<time>2016-02-07T05:48:20Z</time>
			</trkpt>
			<trkpt lat="18.992659" lon="98.892684">
				<ele>337.051941</ele>
				<time>2016-02-07T05:48:21Z</time>
			</trkpt>
			<trkpt lat="18.992569" lon="98.892783">
				<ele>337.310303</ele>
				<time>2016-02-07T05:48:22Z</time>
			</trkpt>
			<trkpt lat="18.992505" lon="98.892881">
				<ele>336.726135</ele>
				<time>2016-02-07T05:48:23Z</time>
			</trkpt>
			<trkpt lat="18.992447" lon="98.892984">
				<ele>337.307007</ele>
				<time>2016-02-07T05:48:24Z</time>
			</trkpt>
			<trkpt lat="18.992402" lon="98.893101">
				<ele>336.340271</ele>
				<time>2016-02-07T05:48:25Z</time>
			</trkpt>
			<trkpt lat="18.992356" lon="98.893231">
				<ele>336.513245</ele>
				<time>2016-02-07T05:48:26Z</time>
			</trkpt>
			<trkpt lat="18.992324" lon="98.893367">
				<ele>337.306458</ele>
				<time>2016-02-07T05:48:27Z</time>
			</trkpt>
			<trkpt lat="18.992297" lon="98.893499">
				<ele>337.389648</ele>
				<time>2016-02-07T05:48:28Z</time>
			</trkpt>
			<trkpt lat="18.992302" lon="98.893640">
				<ele>336.400391</ele>
				<time>2016-02-07T05:48:29Z</time>
			</trkpt>
			<trkpt lat="18.992316" lon="98.893766">
				<ele>336.062500</ele>
				<time>2016-02-07T05:48:30Z</time>
			</trkpt>
			<trkpt lat="18.992328" lon="98.893894">
				<ele>336.198364</ele>
				<time>2016-02-07T05:48:31Z</time>
			</trkpt>
			<trkpt lat="18.992349" lon="98.894012">
				<ele>335.528564</ele>
				<time>2016-02-07T05:48:32Z</time>
			</trkpt>
			<trkpt lat="18.992386" lon="98.894142">
				<ele>335.945801</ele>
				<time>2016-02-07T05:48:33Z</time>
			</trkpt>
			<trkpt lat="18.992388" lon="98.894269">
				<ele>335.707397</ele>
				<time>2016-02-07T05:48:34Z</time>
			</trkpt>
			<trkpt lat="18.992365" lon="98.894380">
				<ele>335.522705</ele>
				<time>2016-02-07T05:48:35Z</time>
			</trkpt>
			<trkpt lat="18.992293" lon="98.894485">
				<ele>336.581299</ele>
				<time>2016-02-07T05:48:36Z</time>
			</trkpt>
			<trkpt lat="18.992255" lon="98.894600">
				<ele>336.608521</ele>
				<time>2016-02-07T05:48:37Z</time>
			</trkpt>
			<trkpt lat="18.992127" lon="98.894697">
				<ele>333.773926</ele>
				<time>2016-02-07T05:48:38Z</time>
			</trkpt>
			<trkpt lat="18.992032" lon="98.894810">
				<ele>333.358765</ele>
				<time>2016-02-07T05:48:39Z</time>
			</trkpt>
			<trkpt lat="18.991954" lon="98.894889">
				<ele>332.601440</ele>
				<time>2016-02-07T05:48:40Z</time>
			</trkpt>
			<trkpt lat="18.991856" lon="98.894975">
				<ele>331.580627</ele>
				<time>2016-02-07T05:48:41Z</time>
			</trkpt>
			<trkpt lat="18.991753" lon="98.895072">
				<ele>331.536987</ele>
				<time>2016-02-07T05:48:42Z</time>
			</trkpt>
			<trkpt lat="18.991641" lon="98.895135">
				<ele>331.719360</ele>
				<time>2016-02-07T05:48:43Z</time>
			</trkpt>
			<trkpt lat="18.991564" lon="98.895152">
				<ele>330.386353</ele>
				<time>2016-02-07T05:48:44Z</time>
			</trkpt>
			<trkpt lat="18.991461" lon="98.895195">
				<ele>330.066895</ele>
				<time>2016-02-07T05:48:45Z</time>
			</trkpt>
			<trkpt lat="18.991320" lon="98.895203">
				<ele>331.825378</ele>
				<time>2016-02-07T05:48:46Z</time>
			</trkpt>
			<trkpt lat="18.991202" lon="98.895232">
				<ele>332.476196</ele>
				<time>2016-02-07T05:48:47Z</time>
			</trkpt>
			<trkpt lat="18.991093" lon="98.895279">
				<ele>333.670959</ele>
				<time>2016-02-07T05:48:48Z</time>
			</trkpt>
			<trkpt lat="18.991003" lon="98.895340">
				<ele>335.574036</ele>
				<time>2016-02-07T05:48:49Z</time>
			</trkpt>
			<trkpt lat="18.990927" lon="98.895449">
				<ele>337.436646</ele>
				<time>2016-02-07T05:48:50Z</time>
			</trkpt>
			<trkpt lat="18.990841" lon="98.895550">
				<ele>337.215820</ele>
				<time>2016-02-07T05:48:51Z</time>
			</trkpt>
			<trkpt lat="18.990752" lon="98.895677">
				<ele>337.792603</ele>
				<time>2016-02-07T05:48:52Z</time>
			</trkpt>
			<trkpt lat="18.990667" lon="98.895803">
				<ele>338.071411</ele>
				<time>2016-02-07T05:48:53Z</time>
			</trkpt>
			<trkpt lat="18.990567" lon="98.895933">
				<ele>337.892212</ele>
				<time>2016-02-07T05:48:54Z</time>
			</trkpt>
			<trkpt lat="18.990461" lon="98.896056">
				<ele>337.716553</ele>
				<time>2016-02-07T05:48:55Z</time>
			</trkpt>
			<trkpt lat="18.990358" lon="98.896180">
				<ele>337.690063</ele>
				<time>2016-02-07T05:48:56Z</time>
			</trkpt>
			<trkpt lat="18.990252" lon="98.896301">
				<ele>337.708801</ele>
				<time>2016-02-07T05:48:57Z</time>
			</trkpt>
			<trkpt lat="18.990118" lon="98.896429">
				<ele>336.342041</ele>
				<time>2016-02-07T05:48:58Z</time>
			</trkpt>
			<trkpt lat="18.990000" lon="98.896560">
				<ele>338.906738</ele>
				<time>2016-02-07T05:48:59Z</time>
			</trkpt>
			<trkpt lat="18.989892" lon="98.896682">
				<ele>338.871094</ele>
				<time>2016-02-07T05:49:00Z</time>
			</trkpt>
			<trkpt lat="18.989810" lon="98.896788">
				<ele>340.849854</ele>
				<time>2016-02-07T05:49:01Z</time>
			</trkpt>
			<trkpt lat="18.989717" lon="98.896906">
				<ele>342.171875</ele>
				<time>2016-02-07T05:49:02Z</time>
			</trkpt>
			<trkpt lat="18.989638" lon="98.897022">
				<ele>343.830139</ele>
				<time>2016-02-07T05:49:03Z</time>
			</trkpt>
			<trkpt lat="18.989578" lon="98.897116">
				<ele>344.555298</ele>
				<time>2016-02-07T05:49:04Z</time>
			</trkpt>
			<trkpt lat="18.989516" lon="98.897245">
				<ele>343.181824</ele>
				<time>2016-02-07T05:49:05Z</time>
			</trkpt>
			<trkpt lat="18.989463" lon="98.897383">
				<ele>342.682251</ele>
				<time>2016-02-07T05:49:06Z</time>
			</trkpt>
			<trkpt lat="18.989436" lon="98.897518">
				<ele>342.160889</ele>
				<time>2016-02-07T05:49:07Z</time>
			</trkpt>
			<trkpt lat="18.989426" lon="98.897646">
				<ele>341.197266</ele>
				<time>2016-02-07T05:49:08Z</time>
			</trkpt>
			<trkpt lat="18.989411" lon="98.897786">
				<ele>341.061646</ele>
				<time>2016-02-07T05:49:09Z</time>
			</trkpt>
			<trkpt lat="18.989411" lon="98.897912">
				<ele>340.685974</ele>
				<time>2016-02-07T05:49:10Z</time>
			</trkpt>
			<trkpt lat="18.989410" lon="98.898056">
				<ele>339.496643</ele>
				<time>2016-02-07T05:49:11Z</time>
			</trkpt>
			<trkpt lat="18.989464" lon="98.898193">
				<ele>339.154663</ele>
				<time>2016-02-07T05:49:12Z</time>
			</trkpt>
			<trkpt lat="18.989502" lon="98.898336">
				<ele>339.390259</ele>
				<time>2016-02-07T05:49:13Z</time>
			</trkpt>
			<trkpt lat="18.989551" lon="98.898488">
				<ele>339.412354</ele>
				<time>2016-02-07T05:49:14Z</time>
			</trkpt>
			<trkpt lat="18.989603" lon="98.898616">
				<ele>339.758362</ele>
				<time>2016-02-07T05:49:15Z</time>
			</trkpt>
			<trkpt lat="18.989676" lon="98.898718">
				<ele>339.494629</ele>
				<time>2016-02-07T05:49:16Z</time>
			</trkpt>
			<trkpt lat="18.989746" lon="98.898828">
				<ele>339.112854</ele>
				<time>2016-02-07T05:49:17Z</time>
			</trkpt>
			<trkpt lat="18.989798" lon="98.898929">
				<ele>338.771362</ele>
				<time>2016-02-07T05:49:18Z</time>
			</trkpt>
			<trkpt lat="18.989828" lon="98.899036">
				<ele>338.037231</ele>
				<time>2016-02-07T05:49:19Z</time>
			</trkpt>
			<trkpt lat="18.989859" lon="98.899145">
				<ele>337.999878</ele>
				<time>2016-02-07T05:49:20Z</time>
			</trkpt>
			<trkpt lat="18.989868" lon="98.899268">
				<ele>339.539856</ele>
				<time>2016-02-07T05:49:21Z</time>
			</trkpt>
			<trkpt lat="18.989878" lon="98.899400">
				<ele>339.761719</ele>
				<time>2016-02-07T05:49:22Z</time>
			</trkpt>
			<trkpt lat="18.989853" lon="98.899518">
				<ele>339.221375</ele>
				<time>2016-02-07T05:49:23Z</time>
			</trkpt>
			<trkpt lat="18.989815" lon="98.899662">
				<ele>339.460693</ele>
				<time>2016-02-07T05:49:24Z</time>
			</trkpt>
			<trkpt lat="18.989765" lon="98.899819">
				<ele>338.787476</ele>
				<time>2016-02-07T05:49:25Z</time>
			</trkpt>
			<trkpt lat="18.989711" lon="98.899987">
				<ele>338.333130</ele>
				<time>2016-02-07T05:49:26Z</time>
			</trkpt>
			<trkpt lat="18.989661" lon="98.900167">
				<ele>339.166931</ele>
				<time>2016-02-07T05:49:27Z</time>
			</trkpt>
			<trkpt lat="18.989606" lon="98.900341">
				<ele>338.555847</ele>
				<time>2016-02-07T05:49:28Z</time>
			</trkpt>
			<trkpt lat="18.989570" lon="98.900497">
				<ele>338.550049</ele>
				<time>2016-02-07T05:49:29Z</time>
			</trkpt>
			<trkpt lat="18.989510" lon="98.900653">
				<ele>339.770142</ele>
				<time>2016-02-07T05:49:30Z</time>
			</trkpt>
			<trkpt lat="18.989507" lon="98.900814">
				<ele>341.335693</ele>
				<time>2016-02-07T05:49:31Z</time>
			</trkpt>
			<trkpt lat="18.989475" lon="98.900971">
				<ele>339.621826</ele>
				<time>2016-02-07T05:49:32Z</time>
			</trkpt>
			<trkpt lat="18.989444" lon="98.901121">
				<ele>338.212341</ele>
				<time>2016-02-07T05:49:33Z</time>
			</trkpt>
			<trkpt lat="18.989409" lon="98.901299">
				<ele>337.318848</ele>
				<time>2016-02-07T05:49:34Z</time>
			</trkpt>
			<trkpt lat="18.989375" lon="98.901453">
				<ele>337.752930</ele>
				<time>2016-02-07T05:49:35Z</time>
			</trkpt>
			<trkpt lat="18.989328" lon="98.901606">
				<ele>338.132446</ele>
				<time>2016-02-07T05:49:36Z</time>
			</trkpt>
			<trkpt lat="18.989270" lon="98.901739">
				<ele>336.143066</ele>
				<time>2016-02-07T05:49:37Z</time>
			</trkpt>
			<trkpt lat="18.989188" lon="98.901871">
				<ele>335.902588</ele>
				<time>2016-02-07T05:49:38Z</time>
			</trkpt>
			<trkpt lat="18.989129" lon="98.901979">
				<ele>335.672852</ele>
				<time>2016-02-07T05:49:39Z</time>
			</trkpt>
			<trkpt lat="18.989047" lon="98.902090">
				<ele>334.621033</ele>
				<time>2016-02-07T05:49:40Z</time>
			</trkpt>
			<trkpt lat="18.988900" lon="98.902218">
				<ele>333.907349</ele>
				<time>2016-02-07T05:49:41Z</time>
			</trkpt>
			<trkpt lat="18.988773" lon="98.902338">
				<ele>332.385620</ele>
				<time>2016-02-07T05:49:42Z</time>
			</trkpt>
			<trkpt lat="18.988616" lon="98.902404">
				<ele>331.862183</ele>
				<time>2016-02-07T05:49:43Z</time>
			</trkpt>
			<trkpt lat="18.988479" lon="98.902487">
				<ele>331.212219</ele>
				<time>2016-02-07T05:49:44Z</time>
			</trkpt>
			<trkpt lat="18.988349" lon="98.902575">
				<ele>331.054565</ele>
				<time>2016-02-07T05:49:45Z</time>
			</trkpt>
			<trkpt lat="18.988240" lon="98.902663">
				<ele>332.326782</ele>
				<time>2016-02-07T05:49:46Z</time>
			</trkpt>
			<trkpt lat="18.988126" lon="98.902754">
				<ele>330.373535</ele>
				<time>2016-02-07T05:49:47Z</time>
			</trkpt>
			<trkpt lat="18.988005" lon="98.902865">
				<ele>330.844849</ele>
				<time>2016-02-07T05:49:48Z</time>
			</trkpt>
			<trkpt lat="18.987885" lon="98.902997">
				<ele>330.631714</ele>
				<time>2016-02-07T05:49:49Z</time>
			</trkpt>
			<trkpt lat="18.987787" lon="98.903127">
				<ele>331.369751</ele>
				<time>2016-02-07T05:49:50Z</time>
			</trkpt>
			<trkpt lat="18.987683" lon="98.903256">
				<ele>331.336121</ele>
				<time>2016-02-07T05:49:51Z</time>
			</trkpt>
			<trkpt lat="18.987597" lon="98.903395">
				<ele>332.129517</ele>
				<time>2016-02-07T05:49:52Z</time>
			</trkpt>
			<trkpt lat="18.987513" lon="98.903546">
				<ele>332.281494</ele>
				<time>2016-02-07T05:49:53Z</time>
			</trkpt>
			<trkpt lat="18.987466" lon="98.903737">
				<ele>332.949341</ele>
				<time>2016-02-07T05:49:54Z</time>
			</trkpt>
			<trkpt lat="18.987421" lon="98.903908">
				<ele>333.838501</ele>
				<time>2016-02-07T05:49:55Z</time>
			</trkpt>
			<trkpt lat="18.987368" lon="98.904046">
				<ele>332.231567</ele>
				<time>2016-02-07T05:49:56Z</time>
			</trkpt>
			<trkpt lat="18.987322" lon="98.904213">
				<ele>331.558228</ele>
				<time>2016-02-07T05:49:57Z</time>
			</trkpt>
			<trkpt lat="18.987289" lon="98.904394">
				<ele>331.130066</ele>
				<time>2016-02-07T05:49:58Z</time>
			</trkpt>
			<trkpt lat="18.987287" lon="98.904544">
				<ele>331.854736</ele>
				<time>2016-02-07T05:49:59Z</time>
			</trkpt>
			<trkpt lat="18.987284" lon="98.904697">
				<ele>332.150024</ele>
				<time>2016-02-07T05:50:00Z</time>
			</trkpt>
			<trkpt lat="18.987262" lon="98.904825">
				<ele>331.609741</ele>
				<time>2016-02-07T05:50:01Z</time>
			</trkpt>
			<trkpt lat="18.987225" lon="98.904965">
				<ele>331.695557</ele>
				<time>2016-02-07T05:50:02Z</time>
			</trkpt>
			<trkpt lat="18.987164" lon="98.905111">
				<ele>331.831299</ele>
				<time>2016-02-07T05:50:03Z</time>
			</trkpt>
			<trkpt lat="18.987063" lon="98.905255">
				<ele>331.288208</ele>
				<time>2016-02-07T05:50:04Z</time>
			</trkpt>
			<trkpt lat="18.986974" lon="98.905394">
				<ele>333.320801</ele>
				<time>2016-02-07T05:50:05Z</time>
			</trkpt>
			<trkpt lat="18.986885" lon="98.905526">
				<ele>332.384216</ele>
				<time>2016-02-07T05:50:06Z</time>
			</trkpt>
			<trkpt lat="18.986804" lon="98.905671">
				<ele>333.649658</ele>
				<time>2016-02-07T05:50:07Z</time>
			</trkpt>
			<trkpt lat="18.986774" lon="98.905839">
				<ele>333.934448</ele>
				<time>2016-02-07T05:50:08Z</time>
			</trkpt>
			<trkpt lat="18.986734" lon="98.905985">
				<ele>335.594971</ele>
				<time>2016-02-07T05:50:09Z</time>
			</trkpt>
			<trkpt lat="18.986689" lon="98.906114">
				<ele>335.112915</ele>
				<time>2016-02-07T05:50:10Z</time>
			</trkpt>
			<trkpt lat="18.986650" lon="98.906245">
				<ele>334.103149</ele>
				<time>2016-02-07T05:50:11Z</time>
			</trkpt>
			<trkpt lat="18.986611" lon="98.906368">
				<ele>334.616333</ele>
				<time>2016-02-07T05:50:12Z</time>
			</trkpt>
			<trkpt lat="18.986568" lon="98.906502">
				<ele>334.807617</ele>
				<time>2016-02-07T05:50:13Z</time>
			</trkpt>
			<trkpt lat="18.986517" lon="98.906639">
				<ele>334.007874</ele>
				<time>2016-02-07T05:50:14Z</time>
			</trkpt>
			<trkpt lat="18.986462" lon="98.906778">
				<ele>333.109131</ele>
				<time>2016-02-07T05:50:15Z</time>
			</trkpt>
			<trkpt lat="18.986376" lon="98.906900">
				<ele>332.096802</ele>
				<time>2016-02-07T05:50:16Z</time>
			</trkpt>
			<trkpt lat="18.986287" lon="98.907029">
				<ele>331.553040</ele>
				<time>2016-02-07T05:50:17Z</time>
			</trkpt>
			<trkpt lat="18.986159" lon="98.907125">
				<ele>331.903931</ele>
				<time>2016-02-07T05:50:18Z</time>
			</trkpt>
			<trkpt lat="18.986032" lon="98.907220">
				<ele>332.174805</ele>
				<time>2016-02-07T05:50:19Z</time>
			</trkpt>
			<trkpt lat="18.985905" lon="98.907306">
				<ele>331.561401</ele>
				<time>2016-02-07T05:50:20Z</time>
			</trkpt>
			<trkpt lat="18.985771" lon="98.907386">
				<ele>330.509521</ele>
				<time>2016-02-07T05:50:21Z</time>
			</trkpt>
			<trkpt lat="18.985614" lon="98.907461">
				<ele>330.780762</ele>
				<time>2016-02-07T05:50:22Z</time>
			</trkpt>
			<trkpt lat="18.985463" lon="98.907538">
				<ele>330.235596</ele>
				<time>2016-02-07T05:50:23Z</time>
			</trkpt>
			<trkpt lat="18.985303" lon="98.907605">
				<ele>331.120117</ele>
				<time>2016-02-07T05:50:24Z</time>
			</trkpt>
			<trkpt lat="18.985143" lon="98.907686">
				<ele>331.386475</ele>
				<time>2016-02-07T05:50:25Z</time>
			</trkpt>
			<trkpt lat="18.984959" lon="98.907717">
				<ele>331.351746</ele>
				<time>2016-02-07T05:50:26Z</time>
			</trkpt>
			<trkpt lat="18.984794" lon="98.907757">
				<ele>331.250366</ele>
				<time>2016-02-07T05:50:27Z</time>
			</trkpt>
			<trkpt lat="18.984629" lon="98.907785">
				<ele>332.612488</ele>
				<time>2016-02-07T05:50:28Z</time>
			</trkpt>
			<trkpt lat="18.984453" lon="98.907816">
				<ele>333.247559</ele>
				<time>2016-02-07T05:50:29Z</time>
			</trkpt>
			<trkpt lat="18.984285" lon="98.907840">
				<ele>334.091187</ele>
				<time>2016-02-07T05:50:30Z</time>
			</trkpt>
			<trkpt lat="18.984131" lon="98.907859">
				<ele>334.303711</ele>
				<time>2016-02-07T05:50:31Z</time>
			</trkpt>
			<trkpt lat="18.983967" lon="98.907886">
				<ele>334.750000</ele>
				<time>2016-02-07T05:50:32Z</time>
			</trkpt>
			<trkpt lat="18.983806" lon="98.907936">
				<ele>335.515991</ele>
				<time>2016-02-07T05:50:33Z</time>
			</trkpt>
			<trkpt lat="18.983641" lon="98.908002">
				<ele>332.586670</ele>
				<time>2016-02-07T05:50:34Z</time>
			</trkpt>
			<trkpt lat="18.983485" lon="98.908074">
				<ele>332.360291</ele>
				<time>2016-02-07T05:50:35Z</time>
			</trkpt>
			<trkpt lat="18.983339" lon="98.908191">
				<ele>331.301514</ele>
				<time>2016-02-07T05:50:36Z</time>
			</trkpt>
			<trkpt lat="18.983189" lon="98.908313">
				<ele>332.845337</ele>
				<time>2016-02-07T05:50:37Z</time>
			</trkpt>
			<trkpt lat="18.983096" lon="98.908439">
				<ele>334.279907</ele>
				<time>2016-02-07T05:50:38Z</time>
			</trkpt>
			<trkpt lat="18.983007" lon="98.908611">
				<ele>333.539551</ele>
				<time>2016-02-07T05:50:39Z</time>
			</trkpt>
			<trkpt lat="18.982926" lon="98.908771">
				<ele>334.464111</ele>
				<time>2016-02-07T05:50:40Z</time>
			</trkpt>
			<trkpt lat="18.982816" lon="98.908958">
				<ele>334.943237</ele>
				<time>2016-02-07T05:50:41Z</time>
			</trkpt>
			<trkpt lat="18.982747" lon="98.909118">
				<ele>334.371948</ele>
				<time>2016-02-07T05:50:42Z</time>
			</trkpt>
			<trkpt lat="18.982688" lon="98.909269">
				<ele>332.077209</ele>
				<time>2016-02-07T05:50:43Z</time>
			</trkpt>
			<trkpt lat="18.982610" lon="98.909425">
				<ele>332.569580</ele>
				<time>2016-02-07T05:50:44Z</time>
			</trkpt>
			<trkpt lat="18.982532" lon="98.909605">
				<ele>330.066528</ele>
				<time>2016-02-07T05:50:45Z</time>
			</trkpt>
			<trkpt lat="18.982462" lon="98.909778">
				<ele>329.599976</ele>
				<time>2016-02-07T05:50:46Z</time>
			</trkpt>
			<trkpt lat="18.982399" lon="98.909950">
				<ele>330.086670</ele>
				<time>2016-02-07T05:50:47Z</time>
			</trkpt>
			<trkpt lat="18.982319" lon="98.910140">
				<ele>329.695435</ele>
				<time>2016-02-07T05:50:48Z</time>
			</trkpt>
			<trkpt lat="18.982242" lon="98.910318">
				<ele>331.612427</ele>
				<time>2016-02-07T05:50:49Z</time>
			</trkpt>
			<trkpt lat="18.982174" lon="98.910482">
				<ele>333.645508</ele>
				<time>2016-02-07T05:50:50Z</time>
			</trkpt>
			<trkpt lat="18.982122" lon="98.910664">
				<ele>330.638428</ele>
				<time>2016-02-07T05:50:51Z</time>
			</trkpt>
			<trkpt lat="18.982063" lon="98.910820">
				<ele>330.196655</ele>
				<time>2016-02-07T05:50:52Z</time>
			</trkpt>
			<trkpt lat="18.982022" lon="98.910964">
				<ele>330.206299</ele>
				<time>2016-02-07T05:50:53Z</time>
			</trkpt>
			<trkpt lat="18.981994" lon="98.911103">
				<ele>330.467896</ele>
				<time>2016-02-07T05:50:54Z</time>
			</trkpt>
			<trkpt lat="18.981953" lon="98.911244">
				<ele>332.480713</ele>
				<time>2016-02-07T05:50:55Z</time>
			</trkpt>
			<trkpt lat="18.981946" lon="98.911395">
				<ele>327.980835</ele>
				<time>2016-02-07T05:50:56Z</time>
			</trkpt>
			<trkpt lat="18.981997" lon="98.911533">
				<ele>326.931946</ele>
				<time>2016-02-07T05:50:57Z</time>
			</trkpt>
			<trkpt lat="18.982048" lon="98.911666">
				<ele>327.543701</ele>
				<time>2016-02-07T05:50:58Z</time>
			</trkpt>
			<trkpt lat="18.982096" lon="98.911789">
				<ele>327.484436</ele>
				<time>2016-02-07T05:50:59Z</time>
			</trkpt>
			<trkpt lat="18.982109" lon="98.911909">
				<ele>327.035156</ele>
				<time>2016-02-07T05:51:00Z</time>
			</trkpt>
			<trkpt lat="18.982106" lon="98.912038">
				<ele>328.533203</ele>
				<time>2016-02-07T05:51:01Z</time>
			</trkpt>
			<trkpt lat="18.982073" lon="98.912167">
				<ele>329.438354</ele>
				<time>2016-02-07T05:51:02Z</time>
			</trkpt>
			<trkpt lat="18.982036" lon="98.912302">
				<ele>329.695068</ele>
				<time>2016-02-07T05:51:03Z</time>
			</trkpt>
			<trkpt lat="18.982023" lon="98.912438">
				<ele>329.128906</ele>
				<time>2016-02-07T05:51:04Z</time>
			</trkpt>
			<trkpt lat="18.981964" lon="98.912569">
				<ele>330.522766</ele>
				<time>2016-02-07T05:51:05Z</time>
			</trkpt>
			<trkpt lat="18.981940" lon="98.912700">
				<ele>329.753662</ele>
				<time>2016-02-07T05:51:06Z</time>
			</trkpt>
			<trkpt lat="18.981914" lon="98.912842">
				<ele>329.726990</ele>
				<time>2016-02-07T05:51:07Z</time>
			</trkpt>
			<trkpt lat="18.981913" lon="98.913009">
				<ele>329.580688</ele>
				<time>2016-02-07T05:51:08Z</time>
			</trkpt>
			<trkpt lat="18.981921" lon="98.913156">
				<ele>329.261719</ele>
				<time>2016-02-07T05:51:09Z</time>
			</trkpt>
			<trkpt lat="18.981925" lon="98.913304">
				<ele>330.201416</ele>
				<time>2016-02-07T05:51:10Z</time>
			</trkpt>
			<trkpt lat="18.981945" lon="98.913441">
				<ele>330.211792</ele>
				<time>2016-02-07T05:51:11Z</time>
			</trkpt>
			<trkpt lat="18.982000" lon="98.913545">
				<ele>330.241882</ele>
				<time>2016-02-07T05:51:12Z</time>
			</trkpt>
			<trkpt lat="18.982048" lon="98.913660">
				<ele>327.853760</ele>
				<time>2016-02-07T05:51:13Z</time>
			</trkpt>
			<trkpt lat="18.982114" lon="98.913752">
				<ele>329.282227</ele>
				<time>2016-02-07T05:51:14Z</time>
			</trkpt>
			<trkpt lat="18.982202" lon="98.913820">
				<ele>328.508667</ele>
				<time>2016-02-07T05:51:15Z</time>
			</trkpt>
			<trkpt lat="18.982311" lon="98.913860">
				<ele>328.544434</ele>
				<time>2016-02-07T05:51:16Z</time>
			</trkpt>
			<trkpt lat="18.982430" lon="98.913880">
				<ele>329.761230</ele>
				<time>2016-02-07T05:51:17Z</time>
			</trkpt>
			<trkpt lat="18.982565" lon="98.913927">
				<ele>328.849060</ele>
				<time>2016-02-07T05:51:18Z</time>
			</trkpt>
			<trkpt lat="18.982681" lon="98.913953">
				<ele>328.288818</ele>
				<time>2016-02-07T05:51:19Z</time>
			</trkpt>
			<trkpt lat="18.982788" lon="98.913990">
				<ele>328.340088</ele>
				<time>2016-02-07T05:51:20Z</time>
			</trkpt>
			<trkpt lat="18.982888" lon="98.914032">
				<ele>328.345703</ele>
				<time>2016-02-07T05:51:21Z</time>
			</trkpt>
			<trkpt lat="18.982973" lon="98.914097">
				<ele>328.583496</ele>
				<time>2016-02-07T05:51:22Z</time>
			</trkpt>
			<trkpt lat="18.983018" lon="98.914175">
				<ele>328.341797</ele>
				<time>2016-02-07T05:51:23Z</time>
			</trkpt>
			<trkpt lat="18.983041" lon="98.914274">
				<ele>328.223267</ele>
				<time>2016-02-07T05:51:24Z</time>
			</trkpt>
			<trkpt lat="18.983034" lon="98.914379">
				<ele>326.133606</ele>
				<time>2016-02-07T05:51:25Z</time>
			</trkpt>
			<trkpt lat="18.983026" lon="98.914491">
				<ele>325.945190</ele>
				<time>2016-02-07T05:51:26Z</time>
			</trkpt>
			<trkpt lat="18.983038" lon="98.914614">
				<ele>325.764282</ele>
				<time>2016-02-07T05:51:27Z</time>
			</trkpt>
			<trkpt lat="18.983031" lon="98.914774">
				<ele>326.396973</ele>
				<time>2016-02-07T05:51:28Z</time>
			</trkpt>
			<trkpt lat="18.983024" lon="98.914928">
				<ele>328.345703</ele>
				<time>2016-02-07T05:51:29Z</time>
			</trkpt>
			<trkpt lat="18.983034" lon="98.915091">
				<ele>327.343262</ele>
				<time>2016-02-07T05:51:30Z</time>
			</trkpt>
			<trkpt lat="18.983022" lon="98.915253">
				<ele>327.369385</ele>
				<time>2016-02-07T05:51:31Z</time>
			</trkpt>
			<trkpt lat="18.983010" lon="98.915433">
				<ele>326.684082</ele>
				<time>2016-02-07T05:51:32Z</time>
			</trkpt>
			<trkpt lat="18.982984" lon="98.915588">
				<ele>327.574829</ele>
				<time>2016-02-07T05:51:33Z</time>
			</trkpt>
			<trkpt lat="18.982970" lon="98.915749">
				<ele>327.076050</ele>
				<time>2016-02-07T05:51:34Z</time>
			</trkpt>
			<trkpt lat="18.982963" lon="98.915924">
				<ele>326.425293</ele>
				<time>2016-02-07T05:51:35Z</time>
			</trkpt>
			<trkpt lat="18.982966" lon="98.916067">
				<ele>326.933228</ele>
				<time>2016-02-07T05:51:36Z</time>
			</trkpt>
			<trkpt lat="18.982972" lon="98.916215">
				<ele>327.277893</ele>
				<time>2016-02-07T05:51:37Z</time>
			</trkpt>
			<trkpt lat="18.982961" lon="98.916341">
				<ele>328.239441</ele>
				<time>2016-02-07T05:51:38Z</time>
			</trkpt>
			<trkpt lat="18.982950" lon="98.916469">
				<ele>328.112183</ele>
				<time>2016-02-07T05:51:39Z</time>
			</trkpt>
			<trkpt lat="18.982938" lon="98.916602">
				<ele>327.609192</ele>
				<time>2016-02-07T05:51:40Z</time>
			</trkpt>
			<trkpt lat="18.982872" lon="98.916683">
				<ele>327.757568</ele>
				<time>2016-02-07T05:51:41Z</time>
			</trkpt>
			<trkpt lat="18.982708" lon="98.916789">
				<ele>326.963501</ele>
				<time>2016-02-07T05:51:42Z</time>
			</trkpt>
			<trkpt lat="18.982636" lon="98.916884">
				<ele>327.310913</ele>
				<time>2016-02-07T05:51:43Z</time>
			</trkpt>
			<trkpt lat="18.982541" lon="98.916946">
				<ele>328.562073</ele>
				<time>2016-02-07T05:51:44Z</time>
			</trkpt>
			<trkpt lat="18.982364" lon="98.917069">
				<ele>327.064392</ele>
				<time>2016-02-07T05:51:45Z</time>
			</trkpt>
			<trkpt lat="18.982228" lon="98.917200">
				<ele>328.390137</ele>
				<time>2016-02-07T05:51:46Z</time>
			</trkpt>
			<trkpt lat="18.982083" lon="98.917312">
				<ele>328.436890</ele>
				<time>2016-02-07T05:51:47Z</time>
			</trkpt>
			<trkpt lat="18.981970" lon="98.917426">
				<ele>329.253540</ele>
				<time>2016-02-07T05:51:48Z</time>
			</trkpt>
			<trkpt lat="18.981858" lon="98.917534">
				<ele>329.956543</ele>
				<time>2016-02-07T05:51:49Z</time>
			</trkpt>
			<trkpt lat="18.981748" lon="98.917626">
				<ele>329.822998</ele>
				<time>2016-02-07T05:51:50Z</time>
			</trkpt>
			<trkpt lat="18.981603" lon="98.917694">
				<ele>328.787537</ele>
				<time>2016-02-07T05:51:51Z</time>
			</trkpt>
			<trkpt lat="18.981471" lon="98.917753">
				<ele>328.304565</ele>
				<time>2016-02-07T05:51:52Z</time>
			</trkpt>
			<trkpt lat="18.981341" lon="98.917804">
				<ele>328.298950</ele>
				<time>2016-02-07T05:51:53Z</time>
			</trkpt>
			<trkpt lat="18.981241" lon="98.917868">
				<ele>328.541504</ele>
				<time>2016-02-07T05:51:54Z</time>
			</trkpt>
			<trkpt lat="18.981156" lon="98.917944">
				<ele>328.560181</ele>
				<time>2016-02-07T05:51:55Z</time>
			</trkpt>
			<trkpt lat="18.981081" lon="98.918017">
				<ele>328.945190</ele>
				<time>2016-02-07T05:51:56Z</time>
			</trkpt>
			<trkpt lat="18.981023" lon="98.918102">
				<ele>330.143005</ele>
				<time>2016-02-07T05:51:57Z</time>
			</trkpt>
			<trkpt lat="18.980972" lon="98.918207">
				<ele>330.996094</ele>
				<time>2016-02-07T05:51:58Z</time>
			</trkpt>
			<trkpt lat="18.980929" lon="98.918316">
				<ele>332.099121</ele>
				<time>2016-02-07T05:51:59Z</time>
			</trkpt>
			<trkpt lat="18.980865" lon="98.918417">
				<ele>331.873840</ele>
				<time>2016-02-07T05:52:00Z</time>
			</trkpt>
			<trkpt lat="18.980774" lon="98.918495">
				<ele>327.829834</ele>
				<time>2016-02-07T05:52:01Z</time>
			</trkpt>
			<trkpt lat="18.980680" lon="98.918533">
				<ele>326.897034</ele>
				<time>2016-02-07T05:52:02Z</time>
			</trkpt>
			<trkpt lat="18.980563" lon="98.918559">
				<ele>327.411743</ele>
				<time>2016-02-07T05:52:03Z</time>
			</trkpt>
			<trkpt lat="18.980442" lon="98.918556">
				<ele>327.953674</ele>
				<time>2016-02-07T05:52:04Z</time>
			</trkpt>
			<trkpt lat="18.980319" lon="98.918545">
				<ele>327.883728</ele>
				<time>2016-02-07T05:52:05Z</time>
			</trkpt>
			<trkpt lat="18.980202" lon="98.918516">
				<ele>328.189819</ele>
				<time>2016-02-07T05:52:06Z</time>
			</trkpt>
			<trkpt lat="18.980084" lon="98.918473">
				<ele>329.056519</ele>
				<time>2016-02-07T05:52:07Z</time>
			</trkpt>
			<trkpt lat="18.979969" lon="98.918406">
				<ele>329.751709</ele>
				<time>2016-02-07T05:52:08Z</time>
			</trkpt>
			<trkpt lat="18.979849" lon="98.918335">
				<ele>328.903198</ele>
				<time>2016-02-07T05:52:09Z</time>
			</trkpt>
			<trkpt lat="18.979743" lon="98.918235">
				<ele>328.763977</ele>
				<time>2016-02-07T05:52:10Z</time>
			</trkpt>
			<trkpt lat="18.979654" lon="98.918136">
				<ele>328.115356</ele>
				<time>2016-02-07T05:52:11Z</time>
			</trkpt>
			<trkpt lat="18.979577" lon="98.918023">
				<ele>327.968628</ele>
				<time>2016-02-07T05:52:12Z</time>
			</trkpt>
			<trkpt lat="18.979504" lon="98.917903">
				<ele>327.606201</ele>
				<time>2016-02-07T05:52:13Z</time>
			</trkpt>
			<trkpt lat="18.979429" lon="98.917799">
				<ele>327.818359</ele>
				<time>2016-02-07T05:52:14Z</time>
			</trkpt>
			<trkpt lat="18.979363" lon="98.917706">
				<ele>327.725525</ele>
				<time>2016-02-07T05:52:15Z</time>
			</trkpt>
			<trkpt lat="18.979291" lon="98.917633">
				<ele>326.412109</ele>
				<time>2016-02-07T05:52:16Z</time>
			</trkpt>
			<trkpt lat="18.979205" lon="98.917585">
				<ele>327.311279</ele>
				<time>2016-02-07T05:52:17Z</time>
			</trkpt>
			<trkpt lat="18.979083" lon="98.917583">
				<ele>328.494507</ele>
				<time>2016-02-07T05:52:18Z</time>
			</trkpt>
			<trkpt lat="18.978963" lon="98.917580">
				<ele>328.449341</ele>
				<time>2016-02-07T05:52:19Z</time>
			</trkpt>
			<trkpt lat="18.978844" lon="98.917573">
				<ele>328.852661</ele>
				<time>2016-02-07T05:52:20Z</time>
			</trkpt>
			<trkpt lat="18.978718" lon="98.917574">
				<ele>329.732239</ele>
				<time>2016-02-07T05:52:21Z</time>
			</trkpt>
			<trkpt lat="18.978589" lon="98.917592">
				<ele>329.288391</ele>
				<time>2016-02-07T05:52:22Z</time>
			</trkpt>
			<trkpt lat="18.978461" lon="98.917604">
				<ele>329.457947</ele>
				<time>2016-02-07T05:52:23Z</time>
			</trkpt>
			<trkpt lat="18.978338" lon="98.917637">
				<ele>330.910522</ele>
				<time>2016-02-07T05:52:24Z</time>
			</trkpt>
			<trkpt lat="18.978211" lon="98.917693">
				<ele>331.862610</ele>
				<time>2016-02-07T05:52:25Z</time>
			</trkpt>
			<trkpt lat="18.978096" lon="98.917747">
				<ele>332.710571</ele>
				<time>2016-02-07T05:52:26Z</time>
			</trkpt>
			<trkpt lat="18.977979" lon="98.917807">
				<ele>332.119507</ele>
				<time>2016-02-07T05:52:27Z</time>
			</trkpt>
			<trkpt lat="18.977856" lon="98.917863">
				<ele>330.970032</ele>
				<time>2016-02-07T05:52:28Z</time>
			</trkpt>
			<trkpt lat="18.977728" lon="98.917912">
				<ele>331.450806</ele>
				<time>2016-02-07T05:52:29Z</time>
			</trkpt>
			<trkpt lat="18.977591" lon="98.917951">
				<ele>331.549805</ele>
				<time>2016-02-07T05:52:30Z</time>
			</trkpt>
			<trkpt lat="18.977457" lon="98.917982">
				<ele>332.250977</ele>
				<time>2016-02-07T05:52:31Z</time>
			</trkpt>
			<trkpt lat="18.977337" lon="98.918006">
				<ele>333.219116</ele>
				<time>2016-02-07T05:52:32Z</time>
			</trkpt>
			<trkpt lat="18.977199" lon="98.918033">
				<ele>333.789246</ele>
				<time>2016-02-07T05:52:33Z</time>
			</trkpt>
			<trkpt lat="18.977063" lon="98.918053">
				<ele>332.912964</ele>
				<time>2016-02-07T05:52:34Z</time>
			</trkpt>
			<trkpt lat="18.976940" lon="98.918068">
				<ele>332.996216</ele>
				<time>2016-02-07T05:52:35Z</time>
			</trkpt>
			<trkpt lat="18.976823" lon="98.918096">
				<ele>332.889465</ele>
				<time>2016-02-07T05:52:36Z</time>
			</trkpt>
			<trkpt lat="18.976723" lon="98.918120">
				<ele>333.481812</ele>
				<time>2016-02-07T05:52:37Z</time>
			</trkpt>
			<trkpt lat="18.976593" lon="98.918181">
				<ele>331.485901</ele>
				<time>2016-02-07T05:52:38Z</time>
			</trkpt>
			<trkpt lat="18.976476" lon="98.918250">
				<ele>331.190918</ele>
				<time>2016-02-07T05:52:39Z</time>
			</trkpt>
			<trkpt lat="18.976368" lon="98.918327">
				<ele>331.008545</ele>
				<time>2016-02-07T05:52:40Z</time>
			</trkpt>
			<trkpt lat="18.976235" lon="98.918414">
				<ele>332.397095</ele>
				<time>2016-02-07T05:52:41Z</time>
			</trkpt>
			<trkpt lat="18.976102" lon="98.918497">
				<ele>333.009888</ele>
				<time>2016-02-07T05:52:42Z</time>
			</trkpt>
			<trkpt lat="18.975967" lon="98.918570">
				<ele>332.498169</ele>
				<time>2016-02-07T05:52:43Z</time>
			</trkpt>
			<trkpt lat="18.975830" lon="98.918632">
				<ele>332.412964</ele>
				<time>2016-02-07T05:52:44Z</time>
			</trkpt>
			<trkpt lat="18.975685" lon="98.918685">
				<ele>332.946350</ele>
				<time>2016-02-07T05:52:45Z</time>
			</trkpt>
			<trkpt lat="18.975545" lon="98.918733">
				<ele>332.078613</ele>
				<time>2016-02-07T05:52:46Z</time>
			</trkpt>
			<trkpt lat="18.975428" lon="98.918773">
				<ele>331.903015</ele>
				<time>2016-02-07T05:52:47Z</time>
			</trkpt>
			<trkpt lat="18.975312" lon="98.918822">
				<ele>332.569214</ele>
				<time>2016-02-07T05:52:48Z</time>
			</trkpt>
			<trkpt lat="18.975142" lon="98.918892">
				<ele>328.644775</ele>
				<time>2016-02-07T05:52:49Z</time>
			</trkpt>
			<trkpt lat="18.975023" lon="98.918956">
				<ele>328.686035</ele>
				<time>2016-02-07T05:52:50Z</time>
			</trkpt>
			<trkpt lat="18.974903" lon="98.919054">
				<ele>329.760864</ele>
				<time>2016-02-07T05:52:51Z</time>
			</trkpt>
			<trkpt lat="18.974774" lon="98.919148">
				<ele>329.225586</ele>
				<time>2016-02-07T05:52:52Z</time>
			</trkpt>
			<trkpt lat="18.974659" lon="98.919239">
				<ele>328.852905</ele>
				<time>2016-02-07T05:52:53Z</time>
			</trkpt>
			<trkpt lat="18.974579" lon="98.919314">
				<ele>328.648743</ele>
				<time>2016-02-07T05:52:54Z</time>
			</trkpt>
			<trkpt lat="18.974450" lon="98.919394">
				<ele>329.161621</ele>
				<time>2016-02-07T05:52:55Z</time>
			</trkpt>
			<trkpt lat="18.974318" lon="98.919479">
				<ele>329.533569</ele>
				<time>2016-02-07T05:52:56Z</time>
			</trkpt>
			<trkpt lat="18.974186" lon="98.919561">
				<ele>329.595337</ele>
				<time>2016-02-07T05:52:57Z</time>
			</trkpt>
			<trkpt lat="18.974048" lon="98.919633">
				<ele>330.725220</ele>
				<time>2016-02-07T05:52:58Z</time>
			</trkpt>
			<trkpt lat="18.973892" lon="98.919687">
				<ele>330.523926</ele>
				<time>2016-02-07T05:52:59Z</time>
			</trkpt>
			<trkpt lat="18.973753" lon="98.919751">
				<ele>329.867859</ele>
				<time>2016-02-07T05:53:00Z</time>
			</trkpt>
			<trkpt lat="18.973596" lon="98.919818">
				<ele>330.655762</ele>
				<time>2016-02-07T05:53:01Z</time>
			</trkpt>
			<trkpt lat="18.973456" lon="98.919877">
				<ele>331.221680</ele>
				<time>2016-02-07T05:53:02Z</time>
			</trkpt>
			<trkpt lat="18.973319" lon="98.919938">
				<ele>332.380615</ele>
				<time>2016-02-07T05:53:03Z</time>
			</trkpt>
			<trkpt lat="18.973166" lon="98.919996">
				<ele>332.748535</ele>
				<time>2016-02-07T05:53:04Z</time>
			</trkpt>
			<trkpt lat="18.973039" lon="98.920028">
				<ele>332.983093</ele>
				<time>2016-02-07T05:53:05Z</time>
			</trkpt>
			<trkpt lat="18.972920" lon="98.920049">
				<ele>330.488281</ele>
				<time>2016-02-07T05:53:06Z</time>
			</trkpt>
			<trkpt lat="18.972781" lon="98.920077">
				<ele>330.495728</ele>
				<time>2016-02-07T05:53:07Z</time>
			</trkpt>
			<trkpt lat="18.972623" lon="98.920083">
				<ele>331.096313</ele>
				<time>2016-02-07T05:53:08Z</time>
			</trkpt>
			<trkpt lat="18.972472" lon="98.920078">
				<ele>332.357056</ele>
				<time>2016-02-07T05:53:09Z</time>
			</trkpt>
			<trkpt lat="18.972287" lon="98.920074">
				<ele>332.691284</ele>
				<time>2016-02-07T05:53:10Z</time>
			</trkpt>
			<trkpt lat="18.972132" lon="98.920059">
				<ele>333.047363</ele>
				<time>2016-02-07T05:53:11Z</time>
			</trkpt>
			<trkpt lat="18.971963" lon="98.920041">
				<ele>334.187500</ele>
				<time>2016-02-07T05:53:12Z</time>
			</trkpt>
			<trkpt lat="18.971825" lon="98.920021">
				<ele>333.975464</ele>
				<time>2016-02-07T05:53:13Z</time>
			</trkpt>
			<trkpt lat="18.971661" lon="98.920029">
				<ele>334.066040</ele>
				<time>2016-02-07T05:53:14Z</time>
			</trkpt>
			<trkpt lat="18.971513" lon="98.920057">
				<ele>332.891846</ele>
				<time>2016-02-07T05:53:15Z</time>
			</trkpt>
			<trkpt lat="18.971363" lon="98.920087">
				<ele>332.505188</ele>
				<time>2016-02-07T05:53:16Z</time>
			</trkpt>
			<trkpt lat="18.971221" lon="98.920132">
				<ele>332.762939</ele>
				<time>2016-02-07T05:53:17Z</time>
			</trkpt>
			<trkpt lat="18.971095" lon="98.920191">
				<ele>332.119507</ele>
				<time>2016-02-07T05:53:18Z</time>
			</trkpt>
			<trkpt lat="18.970957" lon="98.920274">
				<ele>331.379089</ele>
				<time>2016-02-07T05:53:19Z</time>
			</trkpt>
			<trkpt lat="18.970833" lon="98.920372">
				<ele>330.566650</ele>
				<time>2016-02-07T05:53:20Z</time>
			</trkpt>
			<trkpt lat="18.970715" lon="98.920480">
				<ele>329.802368</ele>
				<time>2016-02-07T05:53:21Z</time>
			</trkpt>
			<trkpt lat="18.970586" lon="98.920583">
				<ele>331.847778</ele>
				<time>2016-02-07T05:53:22Z</time>
			</trkpt>
			<trkpt lat="18.970465" lon="98.920695">
				<ele>330.741577</ele>
				<time>2016-02-07T05:53:23Z</time>
			</trkpt>
			<trkpt lat="18.970359" lon="98.920803">
				<ele>331.085449</ele>
				<time>2016-02-07T05:53:24Z</time>
			</trkpt>
			<trkpt lat="18.970256" lon="98.920916">
				<ele>330.338867</ele>
				<time>2016-02-07T05:53:25Z</time>
			</trkpt>
			<trkpt lat="18.970162" lon="98.921019">
				<ele>330.428955</ele>
				<time>2016-02-07T05:53:26Z</time>
			</trkpt>
			<trkpt lat="18.970087" lon="98.921110">
				<ele>331.065247</ele>
				<time>2016-02-07T05:53:27Z</time>
			</trkpt>
			<trkpt lat="18.969983" lon="98.921191">
				<ele>331.800781</ele>
				<time>2016-02-07T05:53:28Z</time>
			</trkpt>
			<trkpt lat="18.969891" lon="98.921275">
				<ele>331.836914</ele>
				<time>2016-02-07T05:53:29Z</time>
			</trkpt>
			<trkpt lat="18.969779" lon="98.921335">
				<ele>331.900024</ele>
				<time>2016-02-07T05:53:30Z</time>
			</trkpt>
			<trkpt lat="18.969662" lon="98.921386">
				<ele>331.476135</ele>
				<time>2016-02-07T05:53:31Z</time>
			</trkpt>
			<trkpt lat="18.969535" lon="98.921365">
				<ele>332.361145</ele>
				<time>2016-02-07T05:53:32Z</time>
			</trkpt>
			<trkpt lat="18.969408" lon="98.921340">
				<ele>331.500732</ele>
				<time>2016-02-07T05:53:33Z</time>
			</trkpt>
			<trkpt lat="18.969271" lon="98.921298">
				<ele>328.357910</ele>
				<time>2016-02-07T05:53:34Z</time>
			</trkpt>
			<trkpt lat="18.969127" lon="98.921238">
				<ele>328.483398</ele>
				<time>2016-02-07T05:53:35Z</time>
			</trkpt>
			<trkpt lat="18.968974" lon="98.921173">
				<ele>327.675537</ele>
				<time>2016-02-07T05:53:36Z</time>
			</trkpt>
			<trkpt lat="18.968827" lon="98.921102">
				<ele>325.108276</ele>
				<time>2016-02-07T05:53:37Z</time>
			</trkpt>
			<trkpt lat="18.968680" lon="98.921033">
				<ele>324.852112</ele>
				<time>2016-02-07T05:53:38Z</time>
			</trkpt>
			<trkpt lat="18.968550" lon="98.920958">
				<ele>323.823792</ele>
				<time>2016-02-07T05:53:39Z</time>
			</trkpt>
			<trkpt lat="18.968422" lon="98.920866">
				<ele>323.489441</ele>
				<time>2016-02-07T05:53:40Z</time>
			</trkpt>
			<trkpt lat="18.968298" lon="98.920784">
				<ele>324.109802</ele>
				<time>2016-02-07T05:53:41Z</time>
			</trkpt>
			<trkpt lat="18.968166" lon="98.920700">
				<ele>324.351685</ele>
				<time>2016-02-07T05:53:42Z</time>
			</trkpt>
			<trkpt lat="18.968027" lon="98.920619">
				<ele>324.349609</ele>
				<time>2016-02-07T05:53:43Z</time>
			</trkpt>
			<trkpt lat="18.967902" lon="98.920535">
				<ele>325.244446</ele>
				<time>2016-02-07T05:53:44Z</time>
			</trkpt>
			<trkpt lat="18.967777" lon="98.920446">
				<ele>325.780884</ele>
				<time>2016-02-07T05:53:45Z</time>
			</trkpt>
			<trkpt lat="18.967655" lon="98.920391">
				<ele>324.987732</ele>
				<time>2016-02-07T05:53:46Z</time>
			</trkpt>
			<trkpt lat="18.967521" lon="98.920352">
				<ele>324.216980</ele>
				<time>2016-02-07T05:53:47Z</time>
			</trkpt>
			<trkpt lat="18.967376" lon="98.920345">
				<ele>325.489807</ele>
				<time>2016-02-07T05:53:48Z</time>
			</trkpt>
			<trkpt lat="18.967229" lon="98.920359">
				<ele>324.866089</ele>
				<time>2016-02-07T05:53:49Z</time>
			</trkpt>
			<trkpt lat="18.967083" lon="98.920383">
				<ele>324.592163</ele>
				<time>2016-02-07T05:53:50Z</time>
			</trkpt>
			<trkpt lat="18.966950" lon="98.920437">
				<ele>322.701172</ele>
				<time>2016-02-07T05:53:51Z</time>
			</trkpt>
			<trkpt lat="18.966815" lon="98.920468">
				<ele>322.556885</ele>
				<time>2016-02-07T05:53:52Z</time>
			</trkpt>
			<trkpt lat="18.966665" lon="98.920446">
				<ele>314.861450</ele>
				<time>2016-02-07T05:53:53Z</time>
			</trkpt>
			<trkpt lat="18.966557" lon="98.920465">
				<ele>315.038208</ele>
				<time>2016-02-07T05:53:54Z</time>
			</trkpt>
			<trkpt lat="18.966430" lon="98.920498">
				<ele>314.914551</ele>
				<time>2016-02-07T05:53:55Z</time>
			</trkpt>
			<trkpt lat="18.966363" lon="98.920561">
				<ele>315.498962</ele>
				<time>2016-02-07T05:53:56Z</time>
			</trkpt>
			<trkpt lat="18.966284" lon="98.920617">
				<ele>315.041748</ele>
				<time>2016-02-07T05:53:57Z</time>
			</trkpt>
			<trkpt lat="18.966186" lon="98.920670">
				<ele>316.150208</ele>
				<time>2016-02-07T05:53:58Z</time>
			</trkpt>
			<trkpt lat="18.966059" lon="98.920739">
				<ele>316.417969</ele>
				<time>2016-02-07T05:53:59Z</time>
			</trkpt>
			<trkpt lat="18.965929" lon="98.920811">
				<ele>317.276672</ele>
				<time>2016-02-07T05:54:00Z</time>
			</trkpt>
			<trkpt lat="18.965813" lon="98.920899">
				<ele>317.078491</ele>
				<time>2016-02-07T05:54:01Z</time>
			</trkpt>
			<trkpt lat="18.965711" lon="98.920963">
				<ele>317.405823</ele>
				<time>2016-02-07T05:54:02Z</time>
			</trkpt>
			<trkpt lat="18.965608" lon="98.921016">
				<ele>319.289124</ele>
				<time>2016-02-07T05:54:03Z</time>
			</trkpt>
			<trkpt lat="18.965506" lon="98.921086">
				<ele>320.530884</ele>
				<time>2016-02-07T05:54:04Z</time>
			</trkpt>
			<trkpt lat="18.965374" lon="98.921149">
				<ele>321.063904</ele>
				<time>2016-02-07T05:54:05Z</time>
			</trkpt>
			<trkpt lat="18.965247" lon="98.921198">
				<ele>321.283447</ele>
				<time>2016-02-07T05:54:06Z</time>
			</trkpt>
			<trkpt lat="18.965116" lon="98.921243">
				<ele>321.037476</ele>
				<time>2016-02-07T05:54:07Z</time>
			</trkpt>
			<trkpt lat="18.964931" lon="98.921307">
				<ele>324.351440</ele>
				<time>2016-02-07T05:54:08Z</time>
			</trkpt>
			<trkpt lat="18.964782" lon="98.921358">
				<ele>324.918457</ele>
				<time>2016-02-07T05:54:09Z</time>
			</trkpt>
			<trkpt lat="18.964632" lon="98.921412">
				<ele>325.431885</ele>
				<time>2016-02-07T05:54:10Z</time>
			</trkpt>
			<trkpt lat="18.964468" lon="98.921473">
				<ele>326.977783</ele>
				<time>2016-02-07T05:54:11Z</time>
			</trkpt>
			<trkpt lat="18.964327" lon="98.921534">
				<ele>329.177246</ele>
				<time>2016-02-07T05:54:12Z</time>
			</trkpt>
			<trkpt lat="18.964200" lon="98.921595">
				<ele>329.571106</ele>
				<time>2016-02-07T05:54:13Z</time>
			</trkpt>
			<trkpt lat="18.964074" lon="98.921669">
				<ele>327.953735</ele>
				<time>2016-02-07T05:54:14Z</time>
			</trkpt>
			<trkpt lat="18.963955" lon="98.921755">
				<ele>329.555420</ele>
				<time>2016-02-07T05:54:15Z</time>
			</trkpt>
			<trkpt lat="18.963835" lon="98.921842">
				<ele>328.707764</ele>
				<time>2016-02-07T05:54:16Z</time>
			</trkpt>
			<trkpt lat="18.963697" lon="98.921950">
				<ele>327.574829</ele>
				<time>2016-02-07T05:54:17Z</time>
			</trkpt>
			<trkpt lat="18.963575" lon="98.922044">
				<ele>325.911621</ele>
				<time>2016-02-07T05:54:18Z</time>
			</trkpt>
			<trkpt lat="18.963434" lon="98.922143">
				<ele>325.098389</ele>
				<time>2016-02-07T05:54:19Z</time>
			</trkpt>
			<trkpt lat="18.963301" lon="98.922237">
				<ele>324.836792</ele>
				<time>2016-02-07T05:54:20Z</time>
			</trkpt>
			<trkpt lat="18.963167" lon="98.922315">
				<ele>324.850464</ele>
				<time>2016-02-07T05:54:21Z</time>
			</trkpt>
			<trkpt lat="18.963043" lon="98.922378">
				<ele>325.513794</ele>
				<time>2016-02-07T05:54:22Z</time>
			</trkpt>
			<trkpt lat="18.962923" lon="98.922434">
				<ele>325.964355</ele>
				<time>2016-02-07T05:54:23Z</time>
			</trkpt>
			<trkpt lat="18.962786" lon="98.922429">
				<ele>327.080322</ele>
				<time>2016-02-07T05:54:24Z</time>
			</trkpt>
			<trkpt lat="18.962669" lon="98.922412">
				<ele>329.011902</ele>
				<time>2016-02-07T05:54:25Z</time>
			</trkpt>
			<trkpt lat="18.962532" lon="98.922380">
				<ele>329.188232</ele>
				<time>2016-02-07T05:54:26Z</time>
			</trkpt>
			<trkpt lat="18.962398" lon="98.922342">
				<ele>329.184692</ele>
				<time>2016-02-07T05:54:27Z</time>
			</trkpt>
			<trkpt lat="18.962261" lon="98.922310">
				<ele>327.139526</ele>
				<time>2016-02-07T05:54:28Z</time>
			</trkpt>
			<trkpt lat="18.962118" lon="98.922260">
				<ele>327.950439</ele>
				<time>2016-02-07T05:54:29Z</time>
			</trkpt>
			<trkpt lat="18.961976" lon="98.922200">
				<ele>327.081299</ele>
				<time>2016-02-07T05:54:30Z</time>
			</trkpt>
			<trkpt lat="18.961837" lon="98.922140">
				<ele>326.473328</ele>
				<time>2016-02-07T05:54:31Z</time>
			</trkpt>
			<trkpt lat="18.961701" lon="98.922066">
				<ele>326.320923</ele>
				<time>2016-02-07T05:54:32Z</time>
			</trkpt>
			<trkpt lat="18.961583" lon="98.921998">
				<ele>325.796875</ele>
				<time>2016-02-07T05:54:33Z</time>
			</trkpt>
			<trkpt lat="18.961457" lon="98.921932">
				<ele>325.753601</ele>
				<time>2016-02-07T05:54:34Z</time>
			</trkpt>
			<trkpt lat="18.961332" lon="98.921873">
				<ele>325.950684</ele>
				<time>2016-02-07T05:54:35Z</time>
			</trkpt>
			<trkpt lat="18.961210" lon="98.921811">
				<ele>326.444092</ele>
				<time>2016-02-07T05:54:36Z</time>
			</trkpt>
			<trkpt lat="18.961073" lon="98.921746">
				<ele>326.564087</ele>
				<time>2016-02-07T05:54:37Z</time>
			</trkpt>
			<trkpt lat="18.960899" lon="98.921753">
				<ele>326.460571</ele>
				<time>2016-02-07T05:54:38Z</time>
			</trkpt>
			<trkpt lat="18.960734" lon="98.921740">
				<ele>326.338135</ele>
				<time>2016-02-07T05:54:39Z</time>
			</trkpt>
			<trkpt lat="18.960566" lon="98.921803">
				<ele>325.239624</ele>
				<time>2016-02-07T05:54:40Z</time>
			</trkpt>
			<trkpt lat="18.960418" lon="98.921818">
				<ele>325.782776</ele>
				<time>2016-02-07T05:54:41Z</time>
			</trkpt>
			<trkpt lat="18.960258" lon="98.921818">
				<ele>323.935303</ele>
				<time>2016-02-07T05:54:42Z</time>
			</trkpt>
			<trkpt lat="18.960106" lon="98.921796">
				<ele>324.510254</ele>
				<time>2016-02-07T05:54:43Z</time>
			</trkpt>
			<trkpt lat="18.959954" lon="98.921783">
				<ele>324.969849</ele>
				<time>2016-02-07T05:54:44Z</time>
			</trkpt>
			<trkpt lat="18.959802" lon="98.921763">
				<ele>324.110352</ele>
				<time>2016-02-07T05:54:45Z</time>
			</trkpt>
			<trkpt lat="18.959657" lon="98.921749">
				<ele>322.764282</ele>
				<time>2016-02-07T05:54:46Z</time>
			</trkpt>
			<trkpt lat="18.959512" lon="98.921697">
				<ele>322.816345</ele>
				<time>2016-02-07T05:54:47Z</time>
			</trkpt>
			<trkpt lat="18.959367" lon="98.921627">
				<ele>323.880615</ele>
				<time>2016-02-07T05:54:48Z</time>
			</trkpt>
			<trkpt lat="18.959224" lon="98.921532">
				<ele>323.870117</ele>
				<time>2016-02-07T05:54:49Z</time>
			</trkpt>
			<trkpt lat="18.959074" lon="98.921490">
				<ele>322.541626</ele>
				<time>2016-02-07T05:54:50Z</time>
			</trkpt>
			<trkpt lat="18.958938" lon="98.921427">
				<ele>325.623901</ele>
				<time>2016-02-07T05:54:51Z</time>
			</trkpt>
			<trkpt lat="18.958796" lon="98.921382">
				<ele>327.033813</ele>
				<time>2016-02-07T05:54:52Z</time>
			</trkpt>
			<trkpt lat="18.958654" lon="98.921359">
				<ele>327.344360</ele>
				<time>2016-02-07T05:54:53Z</time>
			</trkpt>
			<trkpt lat="18.958527" lon="98.921338">
				<ele>325.663940</ele>
				<time>2016-02-07T05:54:54Z</time>
			</trkpt>
			<trkpt lat="18.958399" lon="98.921311">
				<ele>325.523315</ele>
				<time>2016-02-07T05:54:55Z</time>
			</trkpt>
			<trkpt lat="18.958270" lon="98.921319">
				<ele>325.435303</ele>
				<time>2016-02-07T05:54:56Z</time>
			</trkpt>
			<trkpt lat="18.958138" lon="98.921324">
				<ele>326.193848</ele>
				<time>2016-02-07T05:54:57Z</time>
			</trkpt>
			<trkpt lat="18.958011" lon="98.921337">
				<ele>326.850525</ele>
				<time>2016-02-07T05:54:58Z</time>
			</trkpt>
			<trkpt lat="18.957905" lon="98.921383">
				<ele>326.376099</ele>
				<time>2016-02-07T05:54:59Z</time>
			</trkpt>
			<trkpt lat="18.957801" lon="98.921446">
				<ele>325.370605</ele>
				<time>2016-02-07T05:55:00Z</time>
			</trkpt>
			<trkpt lat="18.957694" lon="98.921513">
				<ele>325.356934</ele>
				<time>2016-02-07T05:55:01Z</time>
			</trkpt>
			<trkpt lat="18.957585" lon="98.921598">
				<ele>324.249634</ele>
				<time>2016-02-07T05:55:02Z</time>
			</trkpt>
			<trkpt lat="18.957473" lon="98.921687">
				<ele>325.543091</ele>
				<time>2016-02-07T05:55:03Z</time>
			</trkpt>
			<trkpt lat="18.957356" lon="98.921776">
				<ele>325.703613</ele>
				<time>2016-02-07T05:55:04Z</time>
			</trkpt>
			<trkpt lat="18.957229" lon="98.921861">
				<ele>327.654602</ele>
				<time>2016-02-07T05:55:05Z</time>
			</trkpt>
			<trkpt lat="18.957133" lon="98.921953">
				<ele>328.019897</ele>
				<time>2016-02-07T05:55:06Z</time>
			</trkpt>
			<trkpt lat="18.957023" lon="98.922046">
				<ele>330.298706</ele>
				<time>2016-02-07T05:55:07Z</time>
			</trkpt>
			<trkpt lat="18.956919" lon="98.922132">
				<ele>329.440186</ele>
				<time>2016-02-07T05:55:08Z</time>
			</trkpt>
			<trkpt lat="18.956809" lon="98.922240">
				<ele>328.193726</ele>
				<time>2016-02-07T05:55:09Z</time>
			</trkpt>
			<trkpt lat="18.956703" lon="98.922328">
				<ele>328.089966</ele>
				<time>2016-02-07T05:55:10Z</time>
			</trkpt>
			<trkpt lat="18.956595" lon="98.922429">
				<ele>327.869629</ele>
				<time>2016-02-07T05:55:11Z</time>
			</trkpt>
			<trkpt lat="18.956489" lon="98.922519">
				<ele>326.887390</ele>
				<time>2016-02-07T05:55:12Z</time>
			</trkpt>
			<trkpt lat="18.956347" lon="98.922601">
				<ele>324.021484</ele>
				<time>2016-02-07T05:55:13Z</time>
			</trkpt>
			<trkpt lat="18.956209" lon="98.922689">
				<ele>320.945862</ele>
				<time>2016-02-07T05:55:14Z</time>
			</trkpt>
			<trkpt lat="18.956076" lon="98.922768">
				<ele>320.303772</ele>
				<time>2016-02-07T05:55:15Z</time>
			</trkpt>
			<trkpt lat="18.955910" lon="98.922855">
				<ele>320.817017</ele>
				<time>2016-02-07T05:55:16Z</time>
			</trkpt>
			<trkpt lat="18.955761" lon="98.922932">
				<ele>321.624084</ele>
				<time>2016-02-07T05:55:17Z</time>
			</trkpt>
			<trkpt lat="18.955602" lon="98.923014">
				<ele>321.948608</ele>
				<time>2016-02-07T05:55:18Z</time>
			</trkpt>
			<trkpt lat="18.955462" lon="98.923081">
				<ele>320.028259</ele>
				<time>2016-02-07T05:55:19Z</time>
			</trkpt>
			<trkpt lat="18.955329" lon="98.923134">
				<ele>319.891174</ele>
				<time>2016-02-07T05:55:20Z</time>
			</trkpt>
			<trkpt lat="18.955193" lon="98.923194">
				<ele>319.952148</ele>
				<time>2016-02-07T05:55:21Z</time>
			</trkpt>
			<trkpt lat="18.955053" lon="98.923250">
				<ele>318.278320</ele>
				<time>2016-02-07T05:55:22Z</time>
			</trkpt>
			<trkpt lat="18.954921" lon="98.923311">
				<ele>319.038574</ele>
				<time>2016-02-07T05:55:23Z</time>
			</trkpt>
			<trkpt lat="18.954806" lon="98.923378">
				<ele>320.321899</ele>
				<time>2016-02-07T05:55:24Z</time>
			</trkpt>
			<trkpt lat="18.954684" lon="98.923443">
				<ele>320.136780</ele>
				<time>2016-02-07T05:55:25Z</time>
			</trkpt>
			<trkpt lat="18.954573" lon="98.923510">
				<ele>318.311340</ele>
				<time>2016-02-07T05:55:26Z</time>
			</trkpt>
			<trkpt lat="18.954464" lon="98.923566">
				<ele>318.284790</ele>
				<time>2016-02-07T05:55:27Z</time>
			</trkpt>
			<trkpt lat="18.954357" lon="98.923628">
				<ele>317.722717</ele>
				<time>2016-02-07T05:55:28Z</time>
			</trkpt>
			<trkpt lat="18.954245" lon="98.923705">
				<ele>318.725891</ele>
				<time>2016-02-07T05:55:29Z</time>
			</trkpt>
			<trkpt lat="18.954131" lon="98.923781">
				<ele>318.776611</ele>
				<time>2016-02-07T05:55:30Z</time>
			</trkpt>
			<trkpt lat="18.954039" lon="98.923858">
				<ele>319.964478</ele>
				<time>2016-02-07T05:55:31Z</time>
			</trkpt>
			<trkpt lat="18.953953" lon="98.923924">
				<ele>320.878906</ele>
				<time>2016-02-07T05:55:32Z</time>
			</trkpt>
			<trkpt lat="18.953868" lon="98.923991">
				<ele>321.010010</ele>
				<time>2016-02-07T05:55:33Z</time>
			</trkpt>
			<trkpt lat="18.953777" lon="98.924057">
				<ele>322.472778</ele>
				<time>2016-02-07T05:55:34Z</time>
			</trkpt>
			<trkpt lat="18.953694" lon="98.924124">
				<ele>322.342529</ele>
				<time>2016-02-07T05:55:35Z</time>
			</trkpt>
			<trkpt lat="18.953608" lon="98.924181">
				<ele>319.181274</ele>
				<time>2016-02-07T05:55:36Z</time>
			</trkpt>
			<trkpt lat="18.953522" lon="98.924251">
				<ele>320.344116</ele>
				<time>2016-02-07T05:55:37Z</time>
			</trkpt>
			<trkpt lat="18.953440" lon="98.924316">
				<ele>320.379883</ele>
				<time>2016-02-07T05:55:38Z</time>
			</trkpt>
			<trkpt lat="18.953341" lon="98.924383">
				<ele>320.157959</ele>
				<time>2016-02-07T05:55:39Z</time>
			</trkpt>
			<trkpt lat="18.953258" lon="98.924439">
				<ele>320.777344</ele>
				<time>2016-02-07T05:55:40Z</time>
			</trkpt>
			<trkpt lat="18.953170" lon="98.924501">
				<ele>322.627686</ele>
				<time>2016-02-07T05:55:41Z</time>
			</trkpt>
			<trkpt lat="18.953078" lon="98.924550">
				<ele>321.225342</ele>
				<time>2016-02-07T05:55:42Z</time>
			</trkpt>
			<trkpt lat="18.952995" lon="98.924587">
				<ele>321.627319</ele>
				<time>2016-02-07T05:55:43Z</time>
			</trkpt>
			<trkpt lat="18.952904" lon="98.924634">
				<ele>322.122681</ele>
				<time>2016-02-07T05:55:44Z</time>
			</trkpt>
			<trkpt lat="18.952799" lon="98.924667">
				<ele>321.106567</ele>
				<time>2016-02-07T05:55:45Z</time>
			</trkpt>
			<trkpt lat="18.952707" lon="98.924693">
				<ele>321.147217</ele>
				<time>2016-02-07T05:55:46Z</time>
			</trkpt>
			<trkpt lat="18.952640" lon="98.924723">
				<ele>321.273315</ele>
				<time>2016-02-07T05:55:47Z</time>
			</trkpt>
			<trkpt lat="18.952563" lon="98.924741">
				<ele>320.966797</ele>
				<time>2016-02-07T05:55:48Z</time>
			</trkpt>
			<trkpt lat="18.952491" lon="98.924759">
				<ele>323.994385</ele>
				<time>2016-02-07T05:55:49Z</time>
			</trkpt>
			<trkpt lat="18.952413" lon="98.924764">
				<ele>321.342346</ele>
				<time>2016-02-07T05:55:50Z</time>
			</trkpt>
			<trkpt lat="18.952346" lon="98.924783">
				<ele>323.617126</ele>
				<time>2016-02-07T05:55:51Z</time>
			</trkpt>
			<trkpt lat="18.952280" lon="98.924790">
				<ele>323.644836</ele>
				<time>2016-02-07T05:55:52Z</time>
			</trkpt>
			<trkpt lat="18.952230" lon="98.924792">
				<ele>324.284180</ele>
				<time>2016-02-07T05:55:53Z</time>
			</trkpt>
			<trkpt lat="18.952171" lon="98.924787">
				<ele>324.223755</ele>
				<time>2016-02-07T05:55:54Z</time>
			</trkpt>
			<trkpt lat="18.952105" lon="98.924805">
				<ele>321.968994</ele>
				<time>2016-02-07T05:55:55Z</time>
			</trkpt>
			<trkpt lat="18.952040" lon="98.924803">
				<ele>322.134033</ele>
				<time>2016-02-07T05:55:56Z</time>
			</trkpt>
			<trkpt lat="18.951963" lon="98.924820">
				<ele>322.741577</ele>
				<time>2016-02-07T05:55:57Z</time>
			</trkpt>
			<trkpt lat="18.951886" lon="98.924816">
				<ele>323.354492</ele>
				<time>2016-02-07T05:55:58Z</time>
			</trkpt>
			<trkpt lat="18.951819" lon="98.924828">
				<ele>322.091187</ele>
				<time>2016-02-07T05:55:59Z</time>
			</trkpt>
			<trkpt lat="18.951755" lon="98.924836">
				<ele>321.377197</ele>
				<time>2016-02-07T05:56:00Z</time>
			</trkpt>
			<trkpt lat="18.951680" lon="98.924844">
				<ele>321.829956</ele>
				<time>2016-02-07T05:56:01Z</time>
			</trkpt>
			<trkpt lat="18.951591" lon="98.924875">
				<ele>321.318542</ele>
				<time>2016-02-07T05:56:02Z</time>
			</trkpt>
			<trkpt lat="18.951511" lon="98.924889">
				<ele>321.335449</ele>
				<time>2016-02-07T05:56:03Z</time>
			</trkpt>
			<trkpt lat="18.951402" lon="98.924892">
				<ele>321.706055</ele>
				<time>2016-02-07T05:56:04Z</time>
			</trkpt>
			<trkpt lat="18.951309" lon="98.924911">
				<ele>321.332153</ele>
				<time>2016-02-07T05:56:05Z</time>
			</trkpt>
			<trkpt lat="18.951214" lon="98.924924">
				<ele>323.125488</ele>
				<time>2016-02-07T05:56:06Z</time>
			</trkpt>
			<trkpt lat="18.951109" lon="98.924943">
				<ele>323.235229</ele>
				<time>2016-02-07T05:56:07Z</time>
			</trkpt>
			<trkpt lat="18.951001" lon="98.924978">
				<ele>323.444336</ele>
				<time>2016-02-07T05:56:08Z</time>
			</trkpt>
			<trkpt lat="18.950884" lon="98.924998">
				<ele>323.399658</ele>
				<time>2016-02-07T05:56:09Z</time>
			</trkpt>
			<trkpt lat="18.950736" lon="98.925023">
				<ele>320.617859</ele>
				<time>2016-02-07T05:56:10Z</time>
			</trkpt>
			<trkpt lat="18.950596" lon="98.925048">
				<ele>320.980347</ele>
				<time>2016-02-07T05:56:11Z</time>
			</trkpt>
			<trkpt lat="18.950461" lon="98.925079">
				<ele>320.873230</ele>
				<time>2016-02-07T05:56:12Z</time>
			</trkpt>
			<trkpt lat="18.950298" lon="98.925125">
				<ele>322.662964</ele>
				<time>2016-02-07T05:56:13Z</time>
			</trkpt>
			<trkpt lat="18.950160" lon="98.925166">
				<ele>322.772583</ele>
				<time>2016-02-07T05:56:14Z</time>
			</trkpt>
			<trkpt lat="18.950031" lon="98.925225">
				<ele>321.912354</ele>
				<time>2016-02-07T05:56:15Z</time>
			</trkpt>
			<trkpt lat="18.949892" lon="98.925277">
				<ele>321.921997</ele>
				<time>2016-02-07T05:56:16Z</time>
			</trkpt>
			<trkpt lat="18.949743" lon="98.925329">
				<ele>321.724548</ele>
				<time>2016-02-07T05:56:17Z</time>
			</trkpt>
			<trkpt lat="18.949607" lon="98.925373">
				<ele>321.099548</ele>
				<time>2016-02-07T05:56:18Z</time>
			</trkpt>
			<trkpt lat="18.949454" lon="98.925423">
				<ele>321.107544</ele>
				<time>2016-02-07T05:56:19Z</time>
			</trkpt>
			<trkpt lat="18.949310" lon="98.925465">
				<ele>320.957642</ele>
				<time>2016-02-07T05:56:20Z</time>
			</trkpt>
			<trkpt lat="18.949170" lon="98.925493">
				<ele>320.814941</ele>
				<time>2016-02-07T05:56:21Z</time>
			</trkpt>
			<trkpt lat="18.949051" lon="98.925526">
				<ele>320.194336</ele>
				<time>2016-02-07T05:56:22Z</time>
			</trkpt>
			<trkpt lat="18.948935" lon="98.925552">
				<ele>320.997070</ele>
				<time>2016-02-07T05:56:23Z</time>
			</trkpt>
			<trkpt lat="18.948809" lon="98.925585">
				<ele>320.959473</ele>
				<time>2016-02-07T05:56:24Z</time>
			</trkpt>
			<trkpt lat="18.948707" lon="98.925618">
				<ele>320.122192</ele>
				<time>2016-02-07T05:56:25Z</time>
			</trkpt>
			<trkpt lat="18.948607" lon="98.925656">
				<ele>319.925964</ele>
				<time>2016-02-07T05:56:26Z</time>
			</trkpt>
			<trkpt lat="18.948504" lon="98.925696">
				<ele>320.253235</ele>
				<time>2016-02-07T05:56:27Z</time>
			</trkpt>
			<trkpt lat="18.948409" lon="98.925740">
				<ele>320.515747</ele>
				<time>2016-02-07T05:56:28Z</time>
			</trkpt>
			<trkpt lat="18.948312" lon="98.925785">
				<ele>320.739624</ele>
				<time>2016-02-07T05:56:29Z</time>
			</trkpt>
			<trkpt lat="18.948225" lon="98.925835">
				<ele>320.363220</ele>
				<time>2016-02-07T05:56:30Z</time>
			</trkpt>
			<trkpt lat="18.948128" lon="98.925883">
				<ele>322.169556</ele>
				<time>2016-02-07T05:56:31Z</time>
			</trkpt>
			<trkpt lat="18.948039" lon="98.925945">
				<ele>320.537598</ele>
				<time>2016-02-07T05:56:32Z</time>
			</trkpt>
			<trkpt lat="18.947968" lon="98.925989">
				<ele>319.903076</ele>
				<time>2016-02-07T05:56:33Z</time>
			</trkpt>
			<trkpt lat="18.947899" lon="98.926039">
				<ele>320.966553</ele>
				<time>2016-02-07T05:56:34Z</time>
			</trkpt>
			<trkpt lat="18.947829" lon="98.926098">
				<ele>320.658447</ele>
				<time>2016-02-07T05:56:35Z</time>
			</trkpt>
			<trkpt lat="18.947755" lon="98.926145">
				<ele>321.177856</ele>
				<time>2016-02-07T05:56:36Z</time>
			</trkpt>
			<trkpt lat="18.947678" lon="98.926201">
				<ele>321.584839</ele>
				<time>2016-02-07T05:56:37Z</time>
			</trkpt>
			<trkpt lat="18.947613" lon="98.926250">
				<ele>321.631226</ele>
				<time>2016-02-07T05:56:38Z</time>
			</trkpt>
			<trkpt lat="18.947537" lon="98.926303">
				<ele>322.354004</ele>
				<time>2016-02-07T05:56:39Z</time>
			</trkpt>
			<trkpt lat="18.947454" lon="98.926339">
				<ele>321.752869</ele>
				<time>2016-02-07T05:56:40Z</time>
			</trkpt>
			<trkpt lat="18.947372" lon="98.926375">
				<ele>322.477905</ele>
				<time>2016-02-07T05:56:41Z</time>
			</trkpt>
			<trkpt lat="18.947290" lon="98.926423">
				<ele>322.808350</ele>
				<time>2016-02-07T05:56:42Z</time>
			</trkpt>
			<trkpt lat="18.947209" lon="98.926465">
				<ele>324.149048</ele>
				<time>2016-02-07T05:56:43Z</time>
			</trkpt>
			<trkpt lat="18.947129" lon="98.926510">
				<ele>323.907959</ele>
				<time>2016-02-07T05:56:44Z</time>
			</trkpt>
			<trkpt lat="18.947016" lon="98.926556">
				<ele>323.882385</ele>
				<time>2016-02-07T05:56:45Z</time>
			</trkpt>
			<trkpt lat="18.946918" lon="98.926609">
				<ele>323.727783</ele>
				<time>2016-02-07T05:56:46Z</time>
			</trkpt>
			<trkpt lat="18.946817" lon="98.926667">
				<ele>323.689148</ele>
				<time>2016-02-07T05:56:47Z</time>
			</trkpt>
			<trkpt lat="18.946715" lon="98.926722">
				<ele>322.875732</ele>
				<time>2016-02-07T05:56:48Z</time>
			</trkpt>
			<trkpt lat="18.946610" lon="98.926789">
				<ele>323.288391</ele>
				<time>2016-02-07T05:56:49Z</time>
			</trkpt>
			<trkpt lat="18.946506" lon="98.926849">
				<ele>323.324219</ele>
				<time>2016-02-07T05:56:50Z</time>
			</trkpt>
			<trkpt lat="18.946405" lon="98.926910">
				<ele>323.218445</ele>
				<time>2016-02-07T05:56:51Z</time>
			</trkpt>
			<trkpt lat="18.946296" lon="98.926968">
				<ele>323.558228</ele>
				<time>2016-02-07T05:56:52Z</time>
			</trkpt>
			<trkpt lat="18.946178" lon="98.927034">
				<ele>322.774170</ele>
				<time>2016-02-07T05:56:53Z</time>
			</trkpt>
			<trkpt lat="18.946080" lon="98.927098">
				<ele>322.086975</ele>
				<time>2016-02-07T05:56:54Z</time>
			</trkpt>
			<trkpt lat="18.945943" lon="98.927165">
				<ele>321.050537</ele>
				<time>2016-02-07T05:56:55Z</time>
			</trkpt>
			<trkpt lat="18.945820" lon="98.927229">
				<ele>320.267334</ele>
				<time>2016-02-07T05:56:56Z</time>
			</trkpt>
			<trkpt lat="18.945693" lon="98.927292">
				<ele>319.983337</ele>
				<time>2016-02-07T05:56:57Z</time>
			</trkpt>
			<trkpt lat="18.945550" lon="98.927359">
				<ele>319.441345</ele>
				<time>2016-02-07T05:56:58Z</time>
			</trkpt>
			<trkpt lat="18.945428" lon="98.927428">
				<ele>317.722534</ele>
				<time>2016-02-07T05:56:59Z</time>
			</trkpt>
			<trkpt lat="18.945294" lon="98.927487">
				<ele>319.369141</ele>
				<time>2016-02-07T05:57:00Z</time>
			</trkpt>
			<trkpt lat="18.945169" lon="98.927553">
				<ele>319.806213</ele>
				<time>2016-02-07T05:57:01Z</time>
			</trkpt>
			<trkpt lat="18.945062" lon="98.927619">
				<ele>318.032349</ele>
				<time>2016-02-07T05:57:02Z</time>
			</trkpt>
			<trkpt lat="18.944943" lon="98.927686">
				<ele>317.167969</ele>
				<time>2016-02-07T05:57:03Z</time>
			</trkpt>
			<trkpt lat="18.944836" lon="98.927757">
				<ele>317.792786</ele>
				<time>2016-02-07T05:57:04Z</time>
			</trkpt>
			<trkpt lat="18.944710" lon="98.927840">
				<ele>318.076172</ele>
				<time>2016-02-07T05:57:05Z</time>
			</trkpt>
			<trkpt lat="18.944572" lon="98.927922">
				<ele>318.281128</ele>
				<time>2016-02-07T05:57:06Z</time>
			</trkpt>
			<trkpt lat="18.944426" lon="98.928019">
				<ele>317.700806</ele>
				<time>2016-02-07T05:57:07Z</time>
			</trkpt>
			<trkpt lat="18.944264" lon="98.928119">
				<ele>319.123413</ele>
				<time>2016-02-07T05:57:08Z</time>
			</trkpt>
			<trkpt lat="18.944094" lon="98.928223">
				<ele>317.976807</ele>
				<time>2016-02-07T05:57:09Z</time>
			</trkpt>
			<trkpt lat="18.943915" lon="98.928333">
				<ele>318.445435</ele>
				<time>2016-02-07T05:57:10Z</time>
			</trkpt>
			<trkpt lat="18.943734" lon="98.928448">
				<ele>319.177429</ele>
				<time>2016-02-07T05:57:11Z</time>
			</trkpt>
			<trkpt lat="18.943550" lon="98.928562">
				<ele>318.407410</ele>
				<time>2016-02-07T05:57:12Z</time>
			</trkpt>
			<trkpt lat="18.943373" lon="98.928683">
				<ele>318.978027</ele>
				<time>2016-02-07T05:57:13Z</time>
			</trkpt>
			<trkpt lat="18.943204" lon="98.928797">
				<ele>318.846558</ele>
				<time>2016-02-07T05:57:14Z</time>
			</trkpt>
			<trkpt lat="18.943051" lon="98.928908">
				<ele>318.252869</ele>
				<time>2016-02-07T05:57:15Z</time>
			</trkpt>
			<trkpt lat="18.942887" lon="98.929016">
				<ele>318.293213</ele>
				<time>2016-02-07T05:57:16Z</time>
			</trkpt>
			<trkpt lat="18.942748" lon="98.929117">
				<ele>319.679749</ele>
				<time>2016-02-07T05:57:17Z</time>
			</trkpt>
			<trkpt lat="18.942604" lon="98.929206">
				<ele>320.196960</ele>
				<time>2016-02-07T05:57:18Z</time>
			</trkpt>
			<trkpt lat="18.942459" lon="98.929288">
				<ele>320.039246</ele>
				<time>2016-02-07T05:57:19Z</time>
			</trkpt>
			<trkpt lat="18.942310" lon="98.929325">
				<ele>321.373169</ele>
				<time>2016-02-07T05:57:20Z</time>
			</trkpt>
			<trkpt lat="18.942128" lon="98.929370">
				<ele>320.195679</ele>
				<time>2016-02-07T05:57:21Z</time>
			</trkpt>
			<trkpt lat="18.941969" lon="98.929405">
				<ele>320.452515</ele>
				<time>2016-02-07T05:57:22Z</time>
			</trkpt>
			<trkpt lat="18.941833" lon="98.929445">
				<ele>321.463623</ele>
				<time>2016-02-07T05:57:23Z</time>
			</trkpt>
			<trkpt lat="18.941714" lon="98.929488">
				<ele>323.259033</ele>
				<time>2016-02-07T05:57:24Z</time>
			</trkpt>
			<trkpt lat="18.941591" lon="98.929517">
				<ele>323.027283</ele>
				<time>2016-02-07T05:57:25Z</time>
			</trkpt>
			<trkpt lat="18.941478" lon="98.929541">
				<ele>323.479248</ele>
				<time>2016-02-07T05:57:26Z</time>
			</trkpt>
			<trkpt lat="18.941361" lon="98.929584">
				<ele>322.832764</ele>
				<time>2016-02-07T05:57:27Z</time>
			</trkpt>
			<trkpt lat="18.941249" lon="98.929625">
				<ele>323.616577</ele>
				<time>2016-02-07T05:57:28Z</time>
			</trkpt>
			<trkpt lat="18.941152" lon="98.929666">
				<ele>323.338135</ele>
				<time>2016-02-07T05:57:29Z</time>
			</trkpt>
			<trkpt lat="18.941034" lon="98.929727">
				<ele>324.075073</ele>
				<time>2016-02-07T05:57:30Z</time>
			</trkpt>
			<trkpt lat="18.940918" lon="98.929806">
				<ele>324.015503</ele>
				<time>2016-02-07T05:57:31Z</time>
			</trkpt>
			<trkpt lat="18.940803" lon="98.929907">
				<ele>322.919312</ele>
				<time>2016-02-07T05:57:32Z</time>
			</trkpt>
			<trkpt lat="18.940676" lon="98.930014">
				<ele>323.110107</ele>
				<time>2016-02-07T05:57:33Z</time>
			</trkpt>
			<trkpt lat="18.940554" lon="98.930126">
				<ele>323.525391</ele>
				<time>2016-02-07T05:57:34Z</time>
			</trkpt>
			<trkpt lat="18.940431" lon="98.930253">
				<ele>324.308228</ele>
				<time>2016-02-07T05:57:35Z</time>
			</trkpt>
			<trkpt lat="18.940313" lon="98.930370">
				<ele>324.674194</ele>
				<time>2016-02-07T05:57:36Z</time>
			</trkpt>
			<trkpt lat="18.940176" lon="98.930499">
				<ele>324.924805</ele>
				<time>2016-02-07T05:57:37Z</time>
			</trkpt>
			<trkpt lat="18.940047" lon="98.930624">
				<ele>324.566040</ele>
				<time>2016-02-07T05:57:38Z</time>
			</trkpt>
			<trkpt lat="18.939911" lon="98.930744">
				<ele>324.829895</ele>
				<time>2016-02-07T05:57:39Z</time>
			</trkpt>
			<trkpt lat="18.939776" lon="98.930863">
				<ele>325.060547</ele>
				<time>2016-02-07T05:57:40Z</time>
			</trkpt>
			<trkpt lat="18.939673" lon="98.930981">
				<ele>325.248901</ele>
				<time>2016-02-07T05:57:41Z</time>
			</trkpt>
			<trkpt lat="18.939542" lon="98.931087">
				<ele>324.436646</ele>
				<time>2016-02-07T05:57:42Z</time>
			</trkpt>
			<trkpt lat="18.939432" lon="98.931181">
				<ele>322.698975</ele>
				<time>2016-02-07T05:57:43Z</time>
			</trkpt>
			<trkpt lat="18.939336" lon="98.931283">
				<ele>322.474854</ele>
				<time>2016-02-07T05:57:44Z</time>
			</trkpt>
			<trkpt lat="18.939228" lon="98.931391">
				<ele>322.132935</ele>
				<time>2016-02-07T05:57:45Z</time>
			</trkpt>
			<trkpt lat="18.939127" lon="98.931495">
				<ele>321.565796</ele>
				<time>2016-02-07T05:57:46Z</time>
			</trkpt>
			<trkpt lat="18.939028" lon="98.931586">
				<ele>320.608276</ele>
				<time>2016-02-07T05:57:47Z</time>
			</trkpt>
			<trkpt lat="18.938926" lon="98.931662">
				<ele>320.189331</ele>
				<time>2016-02-07T05:57:48Z</time>
			</trkpt>
			<trkpt lat="18.938791" lon="98.931719">
				<ele>318.575500</ele>
				<time>2016-02-07T05:57:49Z</time>
			</trkpt>
			<trkpt lat="18.938660" lon="98.931794">
				<ele>318.889893</ele>
				<time>2016-02-07T05:57:50Z</time>
			</trkpt>
			<trkpt lat="18.938533" lon="98.931887">
				<ele>318.612122</ele>
				<time>2016-02-07T05:57:51Z</time>
			</trkpt>
			<trkpt lat="18.938406" lon="98.932003">
				<ele>317.915527</ele>
				<time>2016-02-07T05:57:52Z</time>
			</trkpt>
			<trkpt lat="18.938290" lon="98.932116">
				<ele>316.798584</ele>
				<time>2016-02-07T05:57:53Z</time>
			</trkpt>
			<trkpt lat="18.938164" lon="98.932215">
				<ele>315.168213</ele>
				<time>2016-02-07T05:57:54Z</time>
			</trkpt>
			<trkpt lat="18.938054" lon="98.932323">
				<ele>315.894897</ele>
				<time>2016-02-07T05:57:55Z</time>
			</trkpt>
			<trkpt lat="18.937934" lon="98.932416">
				<ele>317.331787</ele>
				<time>2016-02-07T05:57:56Z</time>
			</trkpt>
			<trkpt lat="18.937816" lon="98.932496">
				<ele>318.012573</ele>
				<time>2016-02-07T05:57:57Z</time>
			</trkpt>
			<trkpt lat="18.937691" lon="98.932553">
				<ele>317.911499</ele>
				<time>2016-02-07T05:57:58Z</time>
			</trkpt>
			<trkpt lat="18.937587" lon="98.932606">
				<ele>318.329346</ele>
				<time>2016-02-07T05:57:59Z</time>
			</trkpt>
			<trkpt lat="18.937489" lon="98.932650">
				<ele>316.827454</ele>
				<time>2016-02-07T05:58:00Z</time>
			</trkpt>
			<trkpt lat="18.937398" lon="98.932688">
				<ele>317.367554</ele>
				<time>2016-02-07T05:58:01Z</time>
			</trkpt>
			<trkpt lat="18.937322" lon="98.932730">
				<ele>316.514648</ele>
				<time>2016-02-07T05:58:02Z</time>
			</trkpt>
			<trkpt lat="18.937264" lon="98.932764">
				<ele>317.967957</ele>
				<time>2016-02-07T05:58:03Z</time>
			</trkpt>
			<trkpt lat="18.937155" lon="98.932793">
				<ele>319.668335</ele>
				<time>2016-02-07T05:58:04Z</time>
			</trkpt>
			<trkpt lat="18.937049" lon="98.932832">
				<ele>320.366943</ele>
				<time>2016-02-07T05:58:05Z</time>
			</trkpt>
			<trkpt lat="18.936939" lon="98.932863">
				<ele>314.691956</ele>
				<time>2016-02-07T05:58:06Z</time>
			</trkpt>
			<trkpt lat="18.936839" lon="98.932914">
				<ele>314.960815</ele>
				<time>2016-02-07T05:58:07Z</time>
			</trkpt>
			<trkpt lat="18.936747" lon="98.932959">
				<ele>315.378235</ele>
				<time>2016-02-07T05:58:08Z</time>
			</trkpt>
			<trkpt lat="18.936651" lon="98.933012">
				<ele>315.502502</ele>
				<time>2016-02-07T05:58:09Z</time>
			</trkpt>
			<trkpt lat="18.936543" lon="98.933071">
				<ele>315.264160</ele>
				<time>2016-02-07T05:58:10Z</time>
			</trkpt>
			<trkpt lat="18.936437" lon="98.933128">
				<ele>315.557617</ele>
				<time>2016-02-07T05:58:11Z</time>
			</trkpt>
			<trkpt lat="18.936319" lon="98.933193">
				<ele>315.365356</ele>
				<time>2016-02-07T05:58:12Z</time>
			</trkpt>
			<trkpt lat="18.936212" lon="98.933246">
				<ele>314.732178</ele>
				<time>2016-02-07T05:58:13Z</time>
			</trkpt>
			<trkpt lat="18.936141" lon="98.933316">
				<ele>316.264099</ele>
				<time>2016-02-07T05:58:14Z</time>
			</trkpt>
			<trkpt lat="18.936056" lon="98.933400">
				<ele>316.470215</ele>
				<time>2016-02-07T05:58:15Z</time>
			</trkpt>
			<trkpt lat="18.935978" lon="98.933484">
				<ele>317.139221</ele>
				<time>2016-02-07T05:58:16Z</time>
			</trkpt>
			<trkpt lat="18.935911" lon="98.933584">
				<ele>317.060059</ele>
				<time>2016-02-07T05:58:17Z</time>
			</trkpt>
			<trkpt lat="18.935834" lon="98.933691">
				<ele>316.987915</ele>
				<time>2016-02-07T05:58:18Z</time>
			</trkpt>
			<trkpt lat="18.935752" lon="98.933779">
				<ele>317.144775</ele>
				<time>2016-02-07T05:58:19Z</time>
			</trkpt>
			<trkpt lat="18.935686" lon="98.933877">
				<ele>318.521851</ele>
				<time>2016-02-07T05:58:20Z</time>
			</trkpt>
			<trkpt lat="18.935618" lon="98.933967">
				<ele>317.916748</ele>
				<time>2016-02-07T05:58:21Z</time>
			</trkpt>
			<trkpt lat="18.935553" lon="98.934058">
				<ele>317.223389</ele>
				<time>2016-02-07T05:58:22Z</time>
			</trkpt>
			<trkpt lat="18.935503" lon="98.934128">
				<ele>316.828247</ele>
				<time>2016-02-07T05:58:23Z</time>
			</trkpt>
			<trkpt lat="18.935452" lon="98.934197">
				<ele>316.801636</ele>
				<time>2016-02-07T05:58:24Z</time>
			</trkpt>
			<trkpt lat="18.935392" lon="98.934272">
				<ele>317.553833</ele>
				<time>2016-02-07T05:58:25Z</time>
			</trkpt>
			<trkpt lat="18.935335" lon="98.934338">
				<ele>316.143799</ele>
				<time>2016-02-07T05:58:26Z</time>
			</trkpt>
			<trkpt lat="18.935291" lon="98.934391">
				<ele>316.526978</ele>
				<time>2016-02-07T05:58:27Z</time>
			</trkpt>
			<trkpt lat="18.935238" lon="98.934476">
				<ele>316.927490</ele>
				<time>2016-02-07T05:58:28Z</time>
			</trkpt>
			<trkpt lat="18.935193" lon="98.934540">
				<ele>315.951294</ele>
				<time>2016-02-07T05:58:29Z</time>
			</trkpt>
			<trkpt lat="18.935152" lon="98.934600">
				<ele>316.475952</ele>
				<time>2016-02-07T05:58:30Z</time>
			</trkpt>
			<trkpt lat="18.935114" lon="98.934657">
				<ele>317.031982</ele>
				<time>2016-02-07T05:58:31Z</time>
			</trkpt>
			<trkpt lat="18.935082" lon="98.934716">
				<ele>317.660278</ele>
				<time>2016-02-07T05:58:32Z</time>
			</trkpt>
			<trkpt lat="18.935053" lon="98.934789">
				<ele>317.694397</ele>
				<time>2016-02-07T05:58:33Z</time>
			</trkpt>
			<trkpt lat="18.935019" lon="98.934854">
				<ele>317.435913</ele>
				<time>2016-02-07T05:58:34Z</time>
			</trkpt>
			<trkpt lat="18.934980" lon="98.934880">
				<ele>318.385010</ele>
				<time>2016-02-07T05:58:35Z</time>
			</trkpt>
			<trkpt lat="18.934950" lon="98.934937">
				<ele>318.385681</ele>
				<time>2016-02-07T05:58:36Z</time>
			</trkpt>
			<trkpt lat="18.934944" lon="98.934971">
				<ele>318.750732</ele>
				<time>2016-02-07T05:58:37Z</time>
			</trkpt>
			<trkpt lat="18.934937" lon="98.934986">
				<ele>317.403320</ele>
				<time>2016-02-07T05:58:38Z</time>
			</trkpt>
			<trkpt lat="18.934932" lon="98.935020">
				<ele>318.490967</ele>
				<time>2016-02-07T05:58:39Z</time>
			</trkpt>
			<trkpt lat="18.934919" lon="98.935054">
				<ele>321.428589</ele>
				<time>2016-02-07T05:58:40Z</time>
			</trkpt>
			<trkpt lat="18.934908" lon="98.935068">
				<ele>321.034058</ele>
				<time>2016-02-07T05:58:41Z</time>
			</trkpt>
			<trkpt lat="18.934893" lon="98.935070">
				<ele>322.080627</ele>
				<time>2016-02-07T05:58:42Z</time>
			</trkpt>
			<trkpt lat="18.934879" lon="98.935065">
				<ele>323.916016</ele>
				<time>2016-02-07T05:58:43Z</time>
			</trkpt>
			<trkpt lat="18.934862" lon="98.935050">
				<ele>324.363281</ele>
				<time>2016-02-07T05:58:44Z</time>
			</trkpt>
			<trkpt lat="18.934855" lon="98.935044">
				<ele>325.636597</ele>
				<time>2016-02-07T05:58:45Z</time>
			</trkpt>
			<trkpt lat="18.934859" lon="98.935040">
				<ele>324.867126</ele>
				<time>2016-02-07T05:58:46Z</time>
			</trkpt>
			<trkpt lat="18.934859" lon="98.935040">
				<ele>326.471558</ele>
				<time>2016-02-07T05:58:48Z</time>
			</trkpt>
			<trkpt lat="18.934852" lon="98.935005">
				<ele>323.108521</ele>
				<time>2016-02-07T05:59:01Z</time>
			</trkpt>
			<trkpt lat="18.934864" lon="98.934968">
				<ele>322.609009</ele>
				<time>2016-02-07T05:59:02Z</time>
			</trkpt>
			<trkpt lat="18.934899" lon="98.934912">
				<ele>321.538879</ele>
				<time>2016-02-07T05:59:03Z</time>
			</trkpt>
			<trkpt lat="18.934933" lon="98.934853">
				<ele>320.260376</ele>
				<time>2016-02-07T05:59:04Z</time>
			</trkpt>
			<trkpt lat="18.934985" lon="98.934779">
				<ele>319.092651</ele>
				<time>2016-02-07T05:59:05Z</time>
			</trkpt>
			<trkpt lat="18.935042" lon="98.934691">
				<ele>319.198486</ele>
				<time>2016-02-07T05:59:06Z</time>
			</trkpt>
			<trkpt lat="18.935098" lon="98.934603">
				<ele>317.798401</ele>
				<time>2016-02-07T05:59:07Z</time>
			</trkpt>
			<trkpt lat="18.935166" lon="98.934511">
				<ele>318.137573</ele>
				<time>2016-02-07T05:59:08Z</time>
			</trkpt>
			<trkpt lat="18.935245" lon="98.934407">
				<ele>317.883911</ele>
				<time>2016-02-07T05:59:09Z</time>
			</trkpt>
			<trkpt lat="18.935322" lon="98.934303">
				<ele>319.663391</ele>
				<time>2016-02-07T05:59:10Z</time>
			</trkpt>
			<trkpt lat="18.935396" lon="98.934205">
				<ele>319.370361</ele>
				<time>2016-02-07T05:59:11Z</time>
			</trkpt>
			<trkpt lat="18.935462" lon="98.934126">
				<ele>321.038086</ele>
				<time>2016-02-07T05:59:12Z</time>
			</trkpt>
			<trkpt lat="18.935507" lon="98.934068">
				<ele>320.087524</ele>
				<time>2016-02-07T05:59:13Z</time>
			</trkpt>
			<trkpt lat="18.935537" lon="98.934017">
				<ele>321.327942</ele>
				<time>2016-02-07T05:59:14Z</time>
			</trkpt>
			<trkpt lat="18.935556" lon="98.933985">
				<ele>322.693359</ele>
				<time>2016-02-07T05:59:15Z</time>
			</trkpt>
			<trkpt lat="18.935555" lon="98.933939">
				<ele>322.599182</ele>
				<time>2016-02-07T05:59:16Z</time>
			</trkpt>
			<trkpt lat="18.935539" lon="98.933899">
				<ele>323.147095</ele>
				<time>2016-02-07T05:59:17Z</time>
			</trkpt>
			<trkpt lat="18.935516" lon="98.933850">
				<ele>318.363708</ele>
				<time>2016-02-07T05:59:18Z</time>
			</trkpt>
			<trkpt lat="18.935478" lon="98.933807">
				<ele>318.675781</ele>
				<time>2016-02-07T05:59:19Z</time>
			</trkpt>
			<trkpt lat="18.935415" lon="98.933738">
				<ele>319.732544</ele>
				<time>2016-02-07T05:59:20Z</time>
			</trkpt>
			<trkpt lat="18.935357" lon="98.933662">
				<ele>319.872070</ele>
				<time>2016-02-07T05:59:21Z</time>
			</trkpt>
			<trkpt lat="18.935297" lon="98.933572">
				<ele>320.450500</ele>
				<time>2016-02-07T05:59:22Z</time>
			</trkpt>
			<trkpt lat="18.935248" lon="98.933489">
				<ele>320.851257</ele>
				<time>2016-02-07T05:59:23Z</time>
			</trkpt>
			<trkpt lat="18.935205" lon="98.933413">
				<ele>320.828369</ele>
				<time>2016-02-07T05:59:24Z</time>
			</trkpt>
			<trkpt lat="18.935158" lon="98.933328">
				<ele>319.430298</ele>
				<time>2016-02-07T05:59:25Z</time>
			</trkpt>
			<trkpt lat="18.935119" lon="98.933256">
				<ele>319.418335</ele>
				<time>2016-02-07T05:59:26Z</time>
			</trkpt>
			<trkpt lat="18.935128" lon="98.933180">
				<ele>319.107483</ele>
				<time>2016-02-07T05:59:27Z</time>
			</trkpt>
			<trkpt lat="18.935139" lon="98.933098">
				<ele>320.003052</ele>
				<time>2016-02-07T05:59:28Z</time>
			</trkpt>
			<trkpt lat="18.935161" lon="98.932996">
				<ele>319.350342</ele>
				<time>2016-02-07T05:59:29Z</time>
			</trkpt>
			<trkpt lat="18.935166" lon="98.932888">
				<ele>320.378845</ele>
				<time>2016-02-07T05:59:30Z</time>
			</trkpt>
			<trkpt lat="18.935171" lon="98.932785">
				<ele>320.361267</ele>
				<time>2016-02-07T05:59:31Z</time>
			</trkpt>
			<trkpt lat="18.935174" lon="98.932686">
				<ele>321.996826</ele>
				<time>2016-02-07T05:59:32Z</time>
			</trkpt>
			<trkpt lat="18.935193" lon="98.932601">
				<ele>322.842041</ele>
				<time>2016-02-07T05:59:33Z</time>
			</trkpt>
			<trkpt lat="18.935210" lon="98.932509">
				<ele>322.889221</ele>
				<time>2016-02-07T05:59:34Z</time>
			</trkpt>
			<trkpt lat="18.935197" lon="98.932495">
				<ele>322.666809</ele>
				<time>2016-02-07T05:59:35Z</time>
			</trkpt>
			<trkpt lat="18.935174" lon="98.932426">
				<ele>319.875000</ele>
				<time>2016-02-07T05:59:36Z</time>
			</trkpt>
			<trkpt lat="18.935153" lon="98.932373">
				<ele>319.973450</ele>
				<time>2016-02-07T05:59:37Z</time>
			</trkpt>
			<trkpt lat="18.935101" lon="98.932315">
				<ele>316.994080</ele>
				<time>2016-02-07T05:59:38Z</time>
			</trkpt>
			<trkpt lat="18.935028" lon="98.932259">
				<ele>319.747192</ele>
				<time>2016-02-07T05:59:39Z</time>
			</trkpt>
			<trkpt lat="18.934969" lon="98.932215">
				<ele>318.604248</ele>
				<time>2016-02-07T05:59:40Z</time>
			</trkpt>
			<trkpt lat="18.934894" lon="98.932129">
				<ele>321.547852</ele>
				<time>2016-02-07T05:59:41Z</time>
			</trkpt>
			<trkpt lat="18.934829" lon="98.932052">
				<ele>322.029541</ele>
				<time>2016-02-07T05:59:42Z</time>
			</trkpt>
			<trkpt lat="18.934738" lon="98.931973">
				<ele>322.243286</ele>
				<time>2016-02-07T05:59:43Z</time>
			</trkpt>
			<trkpt lat="18.934641" lon="98.931919">
				<ele>320.093018</ele>
				<time>2016-02-07T05:59:44Z</time>
			</trkpt>
			<trkpt lat="18.934543" lon="98.931848">
				<ele>320.071167</ele>
				<time>2016-02-07T05:59:45Z</time>
			</trkpt>
			<trkpt lat="18.934475" lon="98.931761">
				<ele>316.710388</ele>
				<time>2016-02-07T05:59:46Z</time>
			</trkpt>
			<trkpt lat="18.934408" lon="98.931689">
				<ele>316.654053</ele>
				<time>2016-02-07T05:59:47Z</time>
			</trkpt>
			<trkpt lat="18.934347" lon="98.931619">
				<ele>317.189087</ele>
				<time>2016-02-07T05:59:48Z</time>
			</trkpt>
			<trkpt lat="18.934271" lon="98.931594">
				<ele>315.067139</ele>
				<time>2016-02-07T05:59:49Z</time>
			</trkpt>
			<trkpt lat="18.934225" lon="98.931520">
				<ele>314.313110</ele>
				<time>2016-02-07T05:59:50Z</time>
			</trkpt>
			<trkpt lat="18.934165" lon="98.931450">
				<ele>314.203125</ele>
				<time>2016-02-07T05:59:51Z</time>
			</trkpt>
			<trkpt lat="18.934132" lon="98.931384">
				<ele>314.648560</ele>
				<time>2016-02-07T05:59:52Z</time>
			</trkpt>
			<trkpt lat="18.934112" lon="98.931328">
				<ele>311.899902</ele>
				<time>2016-02-07T05:59:53Z</time>
			</trkpt>
			<trkpt lat="18.934120" lon="98.931251">
				<ele>314.747559</ele>
				<time>2016-02-07T05:59:54Z</time>
			</trkpt>
			<trkpt lat="18.934128" lon="98.931153">
				<ele>316.604858</ele>
				<time>2016-02-07T05:59:55Z</time>
			</trkpt>
			<trkpt lat="18.934139" lon="98.931054">
				<ele>314.987671</ele>
				<time>2016-02-07T05:59:56Z</time>
			</trkpt>
			<trkpt lat="18.934154" lon="98.930945">
				<ele>314.133728</ele>
				<time>2016-02-07T05:59:57Z</time>
			</trkpt>
			<trkpt lat="18.934158" lon="98.930837">
				<ele>314.974915</ele>
				<time>2016-02-07T05:59:58Z</time>
			</trkpt>
			<trkpt lat="18.934161" lon="98.930718">
				<ele>314.141602</ele>
				<time>2016-02-07T05:59:59Z</time>
			</trkpt>
			<trkpt lat="18.934160" lon="98.930595">
				<ele>315.766479</ele>
				<time>2016-02-07T06:00:00Z</time>
			</trkpt>
			<trkpt lat="18.934149" lon="98.930487">
				<ele>317.076416</ele>
				<time>2016-02-07T06:00:01Z</time>
			</trkpt>
			<trkpt lat="18.934134" lon="98.930375">
				<ele>316.845581</ele>
				<time>2016-02-07T06:00:02Z</time>
			</trkpt>
			<trkpt lat="18.934095" lon="98.930276">
				<ele>315.164917</ele>
				<time>2016-02-07T06:00:03Z</time>
			</trkpt>
			<trkpt lat="18.934056" lon="98.930200">
				<ele>314.822937</ele>
				<time>2016-02-07T06:00:04Z</time>
			</trkpt>
			<trkpt lat="18.934005" lon="98.930159">
				<ele>316.569946</ele>
				<time>2016-02-07T06:00:05Z</time>
			</trkpt>
			<trkpt lat="18.933947" lon="98.930087">
				<ele>316.254578</ele>
				<time>2016-02-07T06:00:06Z</time>
			</trkpt>
			<trkpt lat="18.933876" lon="98.930012">
				<ele>316.213135</ele>
				<time>2016-02-07T06:00:07Z</time>
			</trkpt>
			<trkpt lat="18.933800" lon="98.929949">
				<ele>316.426147</ele>
				<time>2016-02-07T06:00:08Z</time>
			</trkpt>
			<trkpt lat="18.933725" lon="98.929919">
				<ele>315.766724</ele>
				<time>2016-02-07T06:00:09Z</time>
			</trkpt>
			<trkpt lat="18.933637" lon="98.929926">
				<ele>317.704346</ele>
				<time>2016-02-07T06:00:10Z</time>
			</trkpt>
			<trkpt lat="18.933535" lon="98.929899">
				<ele>317.157471</ele>
				<time>2016-02-07T06:00:11Z</time>
			</trkpt>
			<trkpt lat="18.933508" lon="98.929870">
				<ele>319.605835</ele>
				<time>2016-02-07T06:00:12Z</time>
			</trkpt>
			<trkpt lat="18.933459" lon="98.929826">
				<ele>320.940063</ele>
				<time>2016-02-07T06:00:13Z</time>
			</trkpt>
			<trkpt lat="18.933423" lon="98.929781">
				<ele>320.685730</ele>
				<time>2016-02-07T06:00:14Z</time>
			</trkpt>
			<trkpt lat="18.933375" lon="98.929732">
				<ele>320.390747</ele>
				<time>2016-02-07T06:00:15Z</time>
			</trkpt>
			<trkpt lat="18.933325" lon="98.929634">
				<ele>320.584167</ele>
				<time>2016-02-07T06:00:16Z</time>
			</trkpt>
			<trkpt lat="18.933300" lon="98.929529">
				<ele>320.052734</ele>
				<time>2016-02-07T06:00:17Z</time>
			</trkpt>
			<trkpt lat="18.933292" lon="98.929415">
				<ele>322.510071</ele>
				<time>2016-02-07T06:00:18Z</time>
			</trkpt>
			<trkpt lat="18.933307" lon="98.929326">
				<ele>321.642578</ele>
				<time>2016-02-07T06:00:19Z</time>
			</trkpt>
			<trkpt lat="18.933318" lon="98.929276">
				<ele>322.311768</ele>
				<time>2016-02-07T06:00:20Z</time>
			</trkpt>
			<trkpt lat="18.933325" lon="98.929207">
				<ele>320.590698</ele>
				<time>2016-02-07T06:00:21Z</time>
			</trkpt>
			<trkpt lat="18.933335" lon="98.929185">
				<ele>319.733398</ele>
				<time>2016-02-07T06:00:22Z</time>
			</trkpt>
			<trkpt lat="18.933273" lon="98.929170">
				<ele>319.525818</ele>
				<time>2016-02-07T06:00:23Z</time>
			</trkpt>
			<trkpt lat="18.933238" lon="98.929207">
				<ele>316.957153</ele>
				<time>2016-02-07T06:00:24Z</time>
			</trkpt>
			<trkpt lat="18.933176" lon="98.929244">
				<ele>317.668701</ele>
				<time>2016-02-07T06:00:25Z</time>
			</trkpt>
			<trkpt lat="18.933121" lon="98.929268">
				<ele>316.716431</ele>
				<time>2016-02-07T06:00:26Z</time>
			</trkpt>
			<trkpt lat="18.933037" lon="98.929295">
				<ele>318.501465</ele>
				<time>2016-02-07T06:00:27Z</time>
			</trkpt>
			<trkpt lat="18.932953" lon="98.929331">
				<ele>319.137573</ele>
				<time>2016-02-07T06:00:28Z</time>
			</trkpt>
			<trkpt lat="18.932824" lon="98.929358">
				<ele>321.430054</ele>
				<time>2016-02-07T06:00:29Z</time>
			</trkpt>
			<trkpt lat="18.932686" lon="98.929372">
				<ele>320.887756</ele>
				<time>2016-02-07T06:00:30Z</time>
			</trkpt>
			<trkpt lat="18.932560" lon="98.929370">
				<ele>321.215698</ele>
				<time>2016-02-07T06:00:31Z</time>
			</trkpt>
			<trkpt lat="18.932440" lon="98.929371">
				<ele>323.335571</ele>
				<time>2016-02-07T06:00:32Z</time>
			</trkpt>
			<trkpt lat="18.932304" lon="98.929360">
				<ele>323.708496</ele>
				<time>2016-02-07T06:00:33Z</time>
			</trkpt>
			<trkpt lat="18.932180" lon="98.929348">
				<ele>324.265198</ele>
				<time>2016-02-07T06:00:34Z</time>
			</trkpt>
			<trkpt lat="18.932055" lon="98.929336">
				<ele>323.909668</ele>
				<time>2016-02-07T06:00:35Z</time>
			</trkpt>
			<trkpt lat="18.931931" lon="98.929334">
				<ele>323.691711</ele>
				<time>2016-02-07T06:00:36Z</time>
			</trkpt>
			<trkpt lat="18.931826" lon="98.929345">
				<ele>323.531006</ele>
				<time>2016-02-07T06:00:37Z</time>
			</trkpt>
			<trkpt lat="18.931717" lon="98.929340">
				<ele>323.532959</ele>
				<time>2016-02-07T06:00:38Z</time>
			</trkpt>
			<trkpt lat="18.931598" lon="98.929334">
				<ele>324.888550</ele>
				<time>2016-02-07T06:00:39Z</time>
			</trkpt>
			<trkpt lat="18.931477" lon="98.929324">
				<ele>325.269653</ele>
				<time>2016-02-07T06:00:40Z</time>
			</trkpt>
			<trkpt lat="18.931356" lon="98.929313">
				<ele>325.901978</ele>
				<time>2016-02-07T06:00:41Z</time>
			</trkpt>
			<trkpt lat="18.931234" lon="98.929306">
				<ele>325.936890</ele>
				<time>2016-02-07T06:00:42Z</time>
			</trkpt>
			<trkpt lat="18.931084" lon="98.929298">
				<ele>322.921631</ele>
				<time>2016-02-07T06:00:43Z</time>
			</trkpt>
			<trkpt lat="18.930954" lon="98.929289">
				<ele>322.793762</ele>
				<time>2016-02-07T06:00:44Z</time>
			</trkpt>
			<trkpt lat="18.930819" lon="98.929274">
				<ele>322.927612</ele>
				<time>2016-02-07T06:00:45Z</time>
			</trkpt>
			<trkpt lat="18.930702" lon="98.929277">
				<ele>323.467346</ele>
				<time>2016-02-07T06:00:46Z</time>
			</trkpt>
			<trkpt lat="18.930588" lon="98.929276">
				<ele>323.553589</ele>
				<time>2016-02-07T06:00:47Z</time>
			</trkpt>
			<trkpt lat="18.930503" lon="98.929314">
				<ele>323.967773</ele>
				<time>2016-02-07T06:00:48Z</time>
			</trkpt>
			<trkpt lat="18.930428" lon="98.929387">
				<ele>322.167603</ele>
				<time>2016-02-07T06:00:49Z</time>
			</trkpt>
			<trkpt lat="18.930338" lon="98.929453">
				<ele>320.842529</ele>
				<time>2016-02-07T06:00:50Z</time>
			</trkpt>
			<trkpt lat="18.930260" lon="98.929474">
				<ele>318.193481</ele>
				<time>2016-02-07T06:00:51Z</time>
			</trkpt>
			<trkpt lat="18.930173" lon="98.929501">
				<ele>318.212891</ele>
				<time>2016-02-07T06:00:52Z</time>
			</trkpt>
			<trkpt lat="18.930089" lon="98.929510">
				<ele>319.112671</ele>
				<time>2016-02-07T06:00:53Z</time>
			</trkpt>
			<trkpt lat="18.930013" lon="98.929537">
				<ele>318.452332</ele>
				<time>2016-02-07T06:00:54Z</time>
			</trkpt>
			<trkpt lat="18.929931" lon="98.929549">
				<ele>316.578735</ele>
				<time>2016-02-07T06:00:55Z</time>
			</trkpt>
			<trkpt lat="18.929872" lon="98.929607">
				<ele>316.664978</ele>
				<time>2016-02-07T06:00:56Z</time>
			</trkpt>
			<trkpt lat="18.929799" lon="98.929698">
				<ele>317.802795</ele>
				<time>2016-02-07T06:00:57Z</time>
			</trkpt>
			<trkpt lat="18.929746" lon="98.929824">
				<ele>318.009644</ele>
				<time>2016-02-07T06:00:58Z</time>
			</trkpt>
			<trkpt lat="18.929668" lon="98.929965">
				<ele>318.114319</ele>
				<time>2016-02-07T06:00:59Z</time>
			</trkpt>
			<trkpt lat="18.929605" lon="98.930093">
				<ele>317.673950</ele>
				<time>2016-02-07T06:01:00Z</time>
			</trkpt>
			<trkpt lat="18.929530" lon="98.930233">
				<ele>319.491699</ele>
				<time>2016-02-07T06:01:01Z</time>
			</trkpt>
			<trkpt lat="18.929459" lon="98.930364">
				<ele>320.378418</ele>
				<time>2016-02-07T06:01:02Z</time>
			</trkpt>
			<trkpt lat="18.929389" lon="98.930460">
				<ele>319.834717</ele>
				<time>2016-02-07T06:01:03Z</time>
			</trkpt>
			<trkpt lat="18.929307" lon="98.930571">
				<ele>319.962402</ele>
				<time>2016-02-07T06:01:04Z</time>
			</trkpt>
			<trkpt lat="18.929220" lon="98.930683">
				<ele>319.794800</ele>
				<time>2016-02-07T06:01:05Z</time>
			</trkpt>
			<trkpt lat="18.929117" lon="98.930775">
				<ele>320.440796</ele>
				<time>2016-02-07T06:01:06Z</time>
			</trkpt>
			<trkpt lat="18.929015" lon="98.930865">
				<ele>320.489258</ele>
				<time>2016-02-07T06:01:07Z</time>
			</trkpt>
			<trkpt lat="18.928906" lon="98.930935">
				<ele>320.092712</ele>
				<time>2016-02-07T06:01:08Z</time>
			</trkpt>
			<trkpt lat="18.928782" lon="98.931014">
				<ele>319.743286</ele>
				<time>2016-02-07T06:01:09Z</time>
			</trkpt>
			<trkpt lat="18.928626" lon="98.931054">
				<ele>319.873230</ele>
				<time>2016-02-07T06:01:10Z</time>
			</trkpt>
			<trkpt lat="18.928488" lon="98.931121">
				<ele>318.941895</ele>
				<time>2016-02-07T06:01:11Z</time>
			</trkpt>
			<trkpt lat="18.928353" lon="98.931190">
				<ele>318.048523</ele>
				<time>2016-02-07T06:01:12Z</time>
			</trkpt>
			<trkpt lat="18.928214" lon="98.931270">
				<ele>317.829590</ele>
				<time>2016-02-07T06:01:13Z</time>
			</trkpt>
			<trkpt lat="18.928091" lon="98.931319">
				<ele>317.396240</ele>
				<time>2016-02-07T06:01:14Z</time>
			</trkpt>
			<trkpt lat="18.927982" lon="98.931387">
				<ele>318.206909</ele>
				<time>2016-02-07T06:01:15Z</time>
			</trkpt>
			<trkpt lat="18.927859" lon="98.931464">
				<ele>318.269653</ele>
				<time>2016-02-07T06:01:16Z</time>
			</trkpt>
			<trkpt lat="18.927728" lon="98.931557">
				<ele>318.260986</ele>
				<time>2016-02-07T06:01:17Z</time>
			</trkpt>
			<trkpt lat="18.927603" lon="98.931645">
				<ele>318.890564</ele>
				<time>2016-02-07T06:01:18Z</time>
			</trkpt>
			<trkpt lat="18.927498" lon="98.931740">
				<ele>318.037720</ele>
				<time>2016-02-07T06:01:19Z</time>
			</trkpt>
			<trkpt lat="18.927396" lon="98.931841">
				<ele>317.248962</ele>
				<time>2016-02-07T06:01:20Z</time>
			</trkpt>
			<trkpt lat="18.927320" lon="98.931934">
				<ele>318.676758</ele>
				<time>2016-02-07T06:01:21Z</time>
			</trkpt>
			<trkpt lat="18.927220" lon="98.932035">
				<ele>316.528137</ele>
				<time>2016-02-07T06:01:22Z</time>
			</trkpt>
			<trkpt lat="18.927108" lon="98.932106">
				<ele>315.386353</ele>
				<time>2016-02-07T06:01:23Z</time>
			</trkpt>
			<trkpt lat="18.926999" lon="98.932143">
				<ele>315.159119</ele>
				<time>2016-02-07T06:01:24Z</time>
			</trkpt>
			<trkpt lat="18.926916" lon="98.932181">
				<ele>318.592041</ele>
				<time>2016-02-07T06:01:25Z</time>
			</trkpt>
			<trkpt lat="18.926797" lon="98.932189">
				<ele>318.916138</ele>
				<time>2016-02-07T06:01:26Z</time>
			</trkpt>
			<trkpt lat="18.926670" lon="98.932171">
				<ele>319.632568</ele>
				<time>2016-02-07T06:01:27Z</time>
			</trkpt>
			<trkpt lat="18.926541" lon="98.932142">
				<ele>319.836670</ele>
				<time>2016-02-07T06:01:28Z</time>
			</trkpt>
			<trkpt lat="18.926405" lon="98.932093">
				<ele>322.409546</ele>
				<time>2016-02-07T06:01:29Z</time>
			</trkpt>
			<trkpt lat="18.926227" lon="98.932079">
				<ele>324.091919</ele>
				<time>2016-02-07T06:01:30Z</time>
			</trkpt>
			<trkpt lat="18.926067" lon="98.932079">
				<ele>325.265625</ele>
				<time>2016-02-07T06:01:31Z</time>
			</trkpt>
			<trkpt lat="18.925915" lon="98.932092">
				<ele>326.492737</ele>
				<time>2016-02-07T06:01:32Z</time>
			</trkpt>
			<trkpt lat="18.925759" lon="98.932119">
				<ele>326.556885</ele>
				<time>2016-02-07T06:01:33Z</time>
			</trkpt>
			<trkpt lat="18.925615" lon="98.932163">
				<ele>327.584473</ele>
				<time>2016-02-07T06:01:34Z</time>
			</trkpt>
			<trkpt lat="18.925482" lon="98.932216">
				<ele>327.266479</ele>
				<time>2016-02-07T06:01:35Z</time>
			</trkpt>
			<trkpt lat="18.925359" lon="98.932267">
				<ele>326.006653</ele>
				<time>2016-02-07T06:01:36Z</time>
			</trkpt>
			<trkpt lat="18.925247" lon="98.932335">
				<ele>325.746948</ele>
				<time>2016-02-07T06:01:37Z</time>
			</trkpt>
			<trkpt lat="18.925138" lon="98.932413">
				<ele>325.598022</ele>
				<time>2016-02-07T06:01:38Z</time>
			</trkpt>
			<trkpt lat="18.925034" lon="98.932497">
				<ele>325.480713</ele>
				<time>2016-02-07T06:01:39Z</time>
			</trkpt>
			<trkpt lat="18.924956" lon="98.932574">
				<ele>326.552002</ele>
				<time>2016-02-07T06:01:40Z</time>
			</trkpt>
			<trkpt lat="18.924867" lon="98.932654">
				<ele>326.509277</ele>
				<time>2016-02-07T06:01:41Z</time>
			</trkpt>
			<trkpt lat="18.924780" lon="98.932731">
				<ele>326.419617</ele>
				<time>2016-02-07T06:01:42Z</time>
			</trkpt>
			<trkpt lat="18.924710" lon="98.932807">
				<ele>326.341797</ele>
				<time>2016-02-07T06:01:43Z</time>
			</trkpt>
			<trkpt lat="18.924634" lon="98.932879">
				<ele>326.029358</ele>
				<time>2016-02-07T06:01:44Z</time>
			</trkpt>
			<trkpt lat="18.924555" lon="98.932960">
				<ele>326.061890</ele>
				<time>2016-02-07T06:01:45Z</time>
			</trkpt>
			<trkpt lat="18.924478" lon="98.933038">
				<ele>326.145020</ele>
				<time>2016-02-07T06:01:46Z</time>
			</trkpt>
			<trkpt lat="18.924387" lon="98.933131">
				<ele>326.015015</ele>
				<time>2016-02-07T06:01:47Z</time>
			</trkpt>
			<trkpt lat="18.924308" lon="98.933207">
				<ele>325.201904</ele>
				<time>2016-02-07T06:01:48Z</time>
			</trkpt>
			<trkpt lat="18.924226" lon="98.933279">
				<ele>325.148438</ele>
				<time>2016-02-07T06:01:49Z</time>
			</trkpt>
			<trkpt lat="18.924129" lon="98.933367">
				<ele>325.248474</ele>
				<time>2016-02-07T06:01:50Z</time>
			</trkpt>
			<trkpt lat="18.924034" lon="98.933476">
				<ele>325.943237</ele>
				<time>2016-02-07T06:01:51Z</time>
			</trkpt>
			<trkpt lat="18.923930" lon="98.933615">
				<ele>326.101868</ele>
				<time>2016-02-07T06:01:52Z</time>
			</trkpt>
			<trkpt lat="18.923857" lon="98.933765">
				<ele>327.430786</ele>
				<time>2016-02-07T06:01:53Z</time>
			</trkpt>
			<trkpt lat="18.923773" lon="98.933915">
				<ele>326.231201</ele>
				<time>2016-02-07T06:01:54Z</time>
			</trkpt>
			<trkpt lat="18.923696" lon="98.934074">
				<ele>326.947571</ele>
				<time>2016-02-07T06:01:55Z</time>
			</trkpt>
			<trkpt lat="18.923632" lon="98.934236">
				<ele>325.852417</ele>
				<time>2016-02-07T06:01:56Z</time>
			</trkpt>
			<trkpt lat="18.923576" lon="98.934404">
				<ele>326.018799</ele>
				<time>2016-02-07T06:01:57Z</time>
			</trkpt>
			<trkpt lat="18.923529" lon="98.934568">
				<ele>326.480225</ele>
				<time>2016-02-07T06:01:58Z</time>
			</trkpt>
			<trkpt lat="18.923494" lon="98.934733">
				<ele>325.014099</ele>
				<time>2016-02-07T06:01:59Z</time>
			</trkpt>
			<trkpt lat="18.923473" lon="98.934888">
				<ele>324.102539</ele>
				<time>2016-02-07T06:02:00Z</time>
			</trkpt>
			<trkpt lat="18.923442" lon="98.935016">
				<ele>324.258789</ele>
				<time>2016-02-07T06:02:01Z</time>
			</trkpt>
			<trkpt lat="18.923398" lon="98.935133">
				<ele>323.534546</ele>
				<time>2016-02-07T06:02:02Z</time>
			</trkpt>
			<trkpt lat="18.923357" lon="98.935255">
				<ele>322.929688</ele>
				<time>2016-02-07T06:02:03Z</time>
			</trkpt>
			<trkpt lat="18.923322" lon="98.935369">
				<ele>323.907776</ele>
				<time>2016-02-07T06:02:04Z</time>
			</trkpt>
			<trkpt lat="18.923273" lon="98.935482">
				<ele>323.874023</ele>
				<time>2016-02-07T06:02:05Z</time>
			</trkpt>
			<trkpt lat="18.923209" lon="98.935586">
				<ele>323.771240</ele>
				<time>2016-02-07T06:02:06Z</time>
			</trkpt>
			<trkpt lat="18.923141" lon="98.935704">
				<ele>323.380371</ele>
				<time>2016-02-07T06:02:07Z</time>
			</trkpt>
			<trkpt lat="18.923061" lon="98.935803">
				<ele>323.992188</ele>
				<time>2016-02-07T06:02:08Z</time>
			</trkpt>
			<trkpt lat="18.922989" lon="98.935891">
				<ele>323.187134</ele>
				<time>2016-02-07T06:02:09Z</time>
			</trkpt>
			<trkpt lat="18.922912" lon="98.935988">
				<ele>324.530457</ele>
				<time>2016-02-07T06:02:10Z</time>
			</trkpt>
			<trkpt lat="18.922818" lon="98.936090">
				<ele>325.218262</ele>
				<time>2016-02-07T06:02:11Z</time>
			</trkpt>
			<trkpt lat="18.922724" lon="98.936193">
				<ele>324.896606</ele>
				<time>2016-02-07T06:02:12Z</time>
			</trkpt>
			<trkpt lat="18.922627" lon="98.936295">
				<ele>325.705872</ele>
				<time>2016-02-07T06:02:13Z</time>
			</trkpt>
			<trkpt lat="18.922525" lon="98.936408">
				<ele>325.578735</ele>
				<time>2016-02-07T06:02:14Z</time>
			</trkpt>
			<trkpt lat="18.922424" lon="98.936517">
				<ele>325.628052</ele>
				<time>2016-02-07T06:02:15Z</time>
			</trkpt>
			<trkpt lat="18.922325" lon="98.936630">
				<ele>324.394531</ele>
				<time>2016-02-07T06:02:16Z</time>
			</trkpt>
			<trkpt lat="18.922226" lon="98.936736">
				<ele>323.783325</ele>
				<time>2016-02-07T06:02:17Z</time>
			</trkpt>
			<trkpt lat="18.922135" lon="98.936847">
				<ele>323.892456</ele>
				<time>2016-02-07T06:02:18Z</time>
			</trkpt>
			<trkpt lat="18.922050" lon="98.936953">
				<ele>323.622070</ele>
				<time>2016-02-07T06:02:19Z</time>
			</trkpt>
			<trkpt lat="18.921967" lon="98.937062">
				<ele>323.140991</ele>
				<time>2016-02-07T06:02:20Z</time>
			</trkpt>
			<trkpt lat="18.921892" lon="98.937180">
				<ele>323.853638</ele>
				<time>2016-02-07T06:02:21Z</time>
			</trkpt>
			<trkpt lat="18.921816" lon="98.937299">
				<ele>323.598145</ele>
				<time>2016-02-07T06:02:22Z</time>
			</trkpt>
			<trkpt lat="18.921755" lon="98.937416">
				<ele>324.480347</ele>
				<time>2016-02-07T06:02:23Z</time>
			</trkpt>
			<trkpt lat="18.921696" lon="98.937523">
				<ele>324.694946</ele>
				<time>2016-02-07T06:02:24Z</time>
			</trkpt>
			<trkpt lat="18.921629" lon="98.937635">
				<ele>324.579224</ele>
				<time>2016-02-07T06:02:25Z</time>
			</trkpt>
			<trkpt lat="18.921579" lon="98.937725">
				<ele>323.913391</ele>
				<time>2016-02-07T06:02:26Z</time>
			</trkpt>
			<trkpt lat="18.921529" lon="98.937815">
				<ele>323.787354</ele>
				<time>2016-02-07T06:02:27Z</time>
			</trkpt>
			<trkpt lat="18.921488" lon="98.937891">
				<ele>323.904053</ele>
				<time>2016-02-07T06:02:28Z</time>
			</trkpt>
			<trkpt lat="18.921446" lon="98.937955">
				<ele>324.072998</ele>
				<time>2016-02-07T06:02:29Z</time>
			</trkpt>
			<trkpt lat="18.921424" lon="98.938007">
				<ele>324.418213</ele>
				<time>2016-02-07T06:02:30Z</time>
			</trkpt>
			<trkpt lat="18.921401" lon="98.938048">
				<ele>325.041016</ele>
				<time>2016-02-07T06:02:31Z</time>
			</trkpt>
			<trkpt lat="18.921368" lon="98.938082">
				<ele>325.474426</ele>
				<time>2016-02-07T06:02:32Z</time>
			</trkpt>
			<trkpt lat="18.921343" lon="98.938119">
				<ele>325.114990</ele>
				<time>2016-02-07T06:02:33Z</time>
			</trkpt>
			<trkpt lat="18.921335" lon="98.938144">
				<ele>326.971252</ele>
				<time>2016-02-07T06:02:34Z</time>
			</trkpt>
			<trkpt lat="18.921335" lon="98.938151">
				<ele>326.968994</ele>
				<time>2016-02-07T06:02:35Z</time>
			</trkpt>
			<trkpt lat="18.921333" lon="98.938158">
				<ele>326.967163</ele>
				<time>2016-02-07T06:02:36Z</time>
			</trkpt>
			<trkpt lat="18.921338" lon="98.938165">
				<ele>325.122192</ele>
				<time>2016-02-07T06:02:40Z</time>
			</trkpt>
			<trkpt lat="18.921341" lon="98.938174">
				<ele>325.369507</ele>
				<time>2016-02-07T06:02:41Z</time>
			</trkpt>
			<trkpt lat="18.921333" lon="98.938193">
				<ele>325.585876</ele>
				<time>2016-02-07T06:02:42Z</time>
			</trkpt>
			<trkpt lat="18.921326" lon="98.938211">
				<ele>326.185791</ele>
				<time>2016-02-07T06:02:43Z</time>
			</trkpt>
			<trkpt lat="18.921318" lon="98.938222">
				<ele>326.861023</ele>
				<time>2016-02-07T06:02:44Z</time>
			</trkpt>
			<trkpt lat="18.921314" lon="98.938226">
				<ele>326.431396</ele>
				<time>2016-02-07T06:02:45Z</time>
			</trkpt>
			<trkpt lat="18.921311" lon="98.938227">
				<ele>325.926636</ele>
				<time>2016-02-07T06:02:46Z</time>
			</trkpt>
			<trkpt lat="18.921307" lon="98.938229">
				<ele>325.876343</ele>
				<time>2016-02-07T06:02:47Z</time>
			</trkpt>
			<trkpt lat="18.921309" lon="98.938227">
				<ele>324.425781</ele>
				<time>2016-02-07T06:02:49Z</time>
			</trkpt>
			<trkpt lat="18.921313" lon="98.938225">
				<ele>323.777283</ele>
				<time>2016-02-07T06:02:50Z</time>
			</trkpt>
			<trkpt lat="18.921326" lon="98.938214">
				<ele>327.585754</ele>
				<time>2016-02-07T06:02:57Z</time>
			</trkpt>
			<trkpt lat="18.921324" lon="98.938219">
				<ele>327.499023</ele>
				<time>2016-02-07T06:02:58Z</time>
			</trkpt>
			<trkpt lat="18.921307" lon="98.938249">
				<ele>327.189514</ele>
				<time>2016-02-07T06:02:59Z</time>
			</trkpt>
			<trkpt lat="18.921230" lon="98.938379">
				<ele>326.101685</ele>
				<time>2016-02-07T06:03:00Z</time>
			</trkpt>
			<trkpt lat="18.921177" lon="98.938458">
				<ele>325.985718</ele>
				<time>2016-02-07T06:03:01Z</time>
			</trkpt>
			<trkpt lat="18.921117" lon="98.938551">
				<ele>325.838867</ele>
				<time>2016-02-07T06:03:02Z</time>
			</trkpt>
			<trkpt lat="18.921054" lon="98.938650">
				<ele>326.014771</ele>
				<time>2016-02-07T06:03:03Z</time>
			</trkpt>
			<trkpt lat="18.920986" lon="98.938751">
				<ele>325.769287</ele>
				<time>2016-02-07T06:03:04Z</time>
			</trkpt>
			<trkpt lat="18.920918" lon="98.938831">
				<ele>325.420410</ele>
				<time>2016-02-07T06:03:05Z</time>
			</trkpt>
			<trkpt lat="18.920842" lon="98.938910">
				<ele>325.175415</ele>
				<time>2016-02-07T06:03:06Z</time>
			</trkpt>
			<trkpt lat="18.920768" lon="98.938985">
				<ele>323.606018</ele>
				<time>2016-02-07T06:03:07Z</time>
			</trkpt>
			<trkpt lat="18.920659" lon="98.939028">
				<ele>323.610840</ele>
				<time>2016-02-07T06:03:08Z</time>
			</trkpt>
			<trkpt lat="18.920581" lon="98.939034">
				<ele>323.525391</ele>
				<time>2016-02-07T06:03:09Z</time>
			</trkpt>
			<trkpt lat="18.920486" lon="98.939043">
				<ele>323.286987</ele>
				<time>2016-02-07T06:03:10Z</time>
			</trkpt>
			<trkpt lat="18.920392" lon="98.939039">
				<ele>321.606079</ele>
				<time>2016-02-07T06:03:11Z</time>
			</trkpt>
			<trkpt lat="18.920294" lon="98.939032">
				<ele>321.624146</ele>
				<time>2016-02-07T06:03:12Z</time>
			</trkpt>
			<trkpt lat="18.920197" lon="98.938976">
				<ele>321.142700</ele>
				<time>2016-02-07T06:03:13Z</time>
			</trkpt>
			<trkpt lat="18.920111" lon="98.938922">
				<ele>320.007507</ele>
				<time>2016-02-07T06:03:14Z</time>
			</trkpt>
			<trkpt lat="18.920014" lon="98.938868">
				<ele>317.617310</ele>
				<time>2016-02-07T06:03:15Z</time>
			</trkpt>
			<trkpt lat="18.919913" lon="98.938808">
				<ele>319.436646</ele>
				<time>2016-02-07T06:03:16Z</time>
			</trkpt>
			<trkpt lat="18.919806" lon="98.938763">
				<ele>320.817017</ele>
				<time>2016-02-07T06:03:17Z</time>
			</trkpt>
			<trkpt lat="18.919699" lon="98.938731">
				<ele>320.960693</ele>
				<time>2016-02-07T06:03:18Z</time>
			</trkpt>
			<trkpt lat="18.919560" lon="98.938710">
				<ele>320.748291</ele>
				<time>2016-02-07T06:03:19Z</time>
			</trkpt>
			<trkpt lat="18.919425" lon="98.938696">
				<ele>320.490906</ele>
				<time>2016-02-07T06:03:20Z</time>
			</trkpt>
			<trkpt lat="18.919292" lon="98.938671">
				<ele>320.115601</ele>
				<time>2016-02-07T06:03:21Z</time>
			</trkpt>
			<trkpt lat="18.919166" lon="98.938638">
				<ele>320.845032</ele>
				<time>2016-02-07T06:03:22Z</time>
			</trkpt>
			<trkpt lat="18.919061" lon="98.938615">
				<ele>319.975830</ele>
				<time>2016-02-07T06:03:23Z</time>
			</trkpt>
			<trkpt lat="18.918952" lon="98.938580">
				<ele>317.060059</ele>
				<time>2016-02-07T06:03:24Z</time>
			</trkpt>
			<trkpt lat="18.918851" lon="98.938556">
				<ele>317.369507</ele>
				<time>2016-02-07T06:03:25Z</time>
			</trkpt>
			<trkpt lat="18.918734" lon="98.938555">
				<ele>315.797974</ele>
				<time>2016-02-07T06:03:26Z</time>
			</trkpt>
			<trkpt lat="18.918618" lon="98.938553">
				<ele>316.020813</ele>
				<time>2016-02-07T06:03:27Z</time>
			</trkpt>
			<trkpt lat="18.918520" lon="98.938545">
				<ele>316.938843</ele>
				<time>2016-02-07T06:03:28Z</time>
			</trkpt>
			<trkpt lat="18.918425" lon="98.938538">
				<ele>317.260986</ele>
				<time>2016-02-07T06:03:29Z</time>
			</trkpt>
			<trkpt lat="18.918329" lon="98.938525">
				<ele>316.982239</ele>
				<time>2016-02-07T06:03:30Z</time>
			</trkpt>
			<trkpt lat="18.918245" lon="98.938499">
				<ele>318.614014</ele>
				<time>2016-02-07T06:03:31Z</time>
			</trkpt>
			<trkpt lat="18.918150" lon="98.938472">
				<ele>317.453491</ele>
				<time>2016-02-07T06:03:32Z</time>
			</trkpt>
			<trkpt lat="18.918073" lon="98.938425">
				<ele>318.450928</ele>
				<time>2016-02-07T06:03:33Z</time>
			</trkpt>
			<trkpt lat="18.917990" lon="98.938369">
				<ele>320.814453</ele>
				<time>2016-02-07T06:03:34Z</time>
			</trkpt>
			<trkpt lat="18.917906" lon="98.938328">
				<ele>322.016846</ele>
				<time>2016-02-07T06:03:35Z</time>
			</trkpt>
			<trkpt lat="18.917821" lon="98.938273">
				<ele>322.755737</ele>
				<time>2016-02-07T06:03:36Z</time>
			</trkpt>
			<trkpt lat="18.917728" lon="98.938240">
				<ele>323.029419</ele>
				<time>2016-02-07T06:03:37Z</time>
			</trkpt>
			<trkpt lat="18.917632" lon="98.938212">
				<ele>322.629272</ele>
				<time>2016-02-07T06:03:38Z</time>
			</trkpt>
			<trkpt lat="18.917542" lon="98.938197">
				<ele>323.643250</ele>
				<time>2016-02-07T06:03:39Z</time>
			</trkpt>
			<trkpt lat="18.917458" lon="98.938166">
				<ele>323.620605</ele>
				<time>2016-02-07T06:03:40Z</time>
			</trkpt>
			<trkpt lat="18.917395" lon="98.938139">
				<ele>323.043091</ele>
				<time>2016-02-07T06:03:41Z</time>
			</trkpt>
			<trkpt lat="18.917316" lon="98.938077">
				<ele>320.455688</ele>
				<time>2016-02-07T06:03:42Z</time>
			</trkpt>
			<trkpt lat="18.917247" lon="98.938037">
				<ele>320.719849</ele>
				<time>2016-02-07T06:03:43Z</time>
			</trkpt>
			<trkpt lat="18.917161" lon="98.938000">
				<ele>320.648682</ele>
				<time>2016-02-07T06:03:44Z</time>
			</trkpt>
			<trkpt lat="18.917076" lon="98.937958">
				<ele>321.724854</ele>
				<time>2016-02-07T06:03:45Z</time>
			</trkpt>
			<trkpt lat="18.916987" lon="98.937896">
				<ele>322.274292</ele>
				<time>2016-02-07T06:03:46Z</time>
			</trkpt>
			<trkpt lat="18.916924" lon="98.937826">
				<ele>321.230835</ele>
				<time>2016-02-07T06:03:47Z</time>
			</trkpt>
			<trkpt lat="18.916881" lon="98.937784">
				<ele>322.533447</ele>
				<time>2016-02-07T06:03:48Z</time>
			</trkpt>
			<trkpt lat="18.916829" lon="98.937746">
				<ele>324.243774</ele>
				<time>2016-02-07T06:03:49Z</time>
			</trkpt>
			<trkpt lat="18.916779" lon="98.937731">
				<ele>323.249634</ele>
				<time>2016-02-07T06:03:50Z</time>
			</trkpt>
			<trkpt lat="18.916737" lon="98.937738">
				<ele>323.765381</ele>
				<time>2016-02-07T06:03:51Z</time>
			</trkpt>
			<trkpt lat="18.916685" lon="98.937788">
				<ele>322.128906</ele>
				<time>2016-02-07T06:03:52Z</time>
			</trkpt>
			<trkpt lat="18.916637" lon="98.937858">
				<ele>322.744263</ele>
				<time>2016-02-07T06:03:53Z</time>
			</trkpt>
			<trkpt lat="18.916600" lon="98.937929">
				<ele>322.329346</ele>
				<time>2016-02-07T06:03:54Z</time>
			</trkpt>
			<trkpt lat="18.916565" lon="98.937984">
				<ele>324.036011</ele>
				<time>2016-02-07T06:03:55Z</time>
			</trkpt>
			<trkpt lat="18.916542" lon="98.938045">
				<ele>326.113647</ele>
				<time>2016-02-07T06:03:56Z</time>
			</trkpt>
			<trkpt lat="18.916515" lon="98.938105">
				<ele>325.135498</ele>
				<time>2016-02-07T06:03:57Z</time>
			</trkpt>
			<trkpt lat="18.916448" lon="98.938111">
				<ele>325.883057</ele>
				<time>2016-02-07T06:03:58Z</time>
			</trkpt>
			<trkpt lat="18.916393" lon="98.938134">
				<ele>326.001526</ele>
				<time>2016-02-07T06:03:59Z</time>
			</trkpt>
			<trkpt lat="18.916321" lon="98.938125">
				<ele>325.946899</ele>
				<time>2016-02-07T06:04:00Z</time>
			</trkpt>
			<trkpt lat="18.916259" lon="98.938125">
				<ele>326.550720</ele>
				<time>2016-02-07T06:04:01Z</time>
			</trkpt>
			<trkpt lat="18.916199" lon="98.938134">
				<ele>326.064087</ele>
				<time>2016-02-07T06:04:02Z</time>
			</trkpt>
			<trkpt lat="18.916147" lon="98.938165">
				<ele>324.992676</ele>
				<time>2016-02-07T06:04:03Z</time>
			</trkpt>
			<trkpt lat="18.916130" lon="98.938235">
				<ele>323.027527</ele>
				<time>2016-02-07T06:04:04Z</time>
			</trkpt>
			<trkpt lat="18.916116" lon="98.938294">
				<ele>322.800049</ele>
				<time>2016-02-07T06:04:05Z</time>
			</trkpt>
			<trkpt lat="18.916107" lon="98.938375">
				<ele>323.510742</ele>
				<time>2016-02-07T06:04:06Z</time>
			</trkpt>
			<trkpt lat="18.916099" lon="98.938458">
				<ele>323.637512</ele>
				<time>2016-02-07T06:04:07Z</time>
			</trkpt>
			<trkpt lat="18.916089" lon="98.938523">
				<ele>323.217163</ele>
				<time>2016-02-07T06:04:08Z</time>
			</trkpt>
			<trkpt lat="18.916072" lon="98.938585">
				<ele>323.956299</ele>
				<time>2016-02-07T06:04:09Z</time>
			</trkpt>
			<trkpt lat="18.916032" lon="98.938631">
				<ele>324.069275</ele>
				<time>2016-02-07T06:04:10Z</time>
			</trkpt>
			<trkpt lat="18.915987" lon="98.938668">
				<ele>324.535095</ele>
				<time>2016-02-07T06:04:11Z</time>
			</trkpt>
			<trkpt lat="18.915934" lon="98.938684">
				<ele>325.055603</ele>
				<time>2016-02-07T06:04:12Z</time>
			</trkpt>
			<trkpt lat="18.915880" lon="98.938683">
				<ele>325.465149</ele>
				<time>2016-02-07T06:04:13Z</time>
			</trkpt>
			<trkpt lat="18.915820" lon="98.938673">
				<ele>325.795776</ele>
				<time>2016-02-07T06:04:14Z</time>
			</trkpt>
			<trkpt lat="18.915744" lon="98.938677">
				<ele>323.223267</ele>
				<time>2016-02-07T06:04:15Z</time>
			</trkpt>
			<trkpt lat="18.915666" lon="98.938664">
				<ele>324.112061</ele>
				<time>2016-02-07T06:04:16Z</time>
			</trkpt>
			<trkpt lat="18.915585" lon="98.938659">
				<ele>324.330933</ele>
				<time>2016-02-07T06:04:17Z</time>
			</trkpt>
			<trkpt lat="18.915517" lon="98.938653">
				<ele>322.463623</ele>
				<time>2016-02-07T06:04:18Z</time>
			</trkpt>
			<trkpt lat="18.915450" lon="98.938649">
				<ele>322.003784</ele>
				<time>2016-02-07T06:04:19Z</time>
			</trkpt>
			<trkpt lat="18.915388" lon="98.938661">
				<ele>319.819092</ele>
				<time>2016-02-07T06:04:20Z</time>
			</trkpt>
			<trkpt lat="18.915332" lon="98.938684">
				<ele>320.277710</ele>
				<time>2016-02-07T06:04:21Z</time>
			</trkpt>
			<trkpt lat="18.915306" lon="98.938740">
				<ele>321.288391</ele>
				<time>2016-02-07T06:04:22Z</time>
			</trkpt>
			<trkpt lat="18.915273" lon="98.938801">
				<ele>321.049805</ele>
				<time>2016-02-07T06:04:23Z</time>
			</trkpt>
			<trkpt lat="18.915236" lon="98.938866">
				<ele>321.777588</ele>
				<time>2016-02-07T06:04:24Z</time>
			</trkpt>
			<trkpt lat="18.915185" lon="98.938928">
				<ele>322.114868</ele>
				<time>2016-02-07T06:04:25Z</time>
			</trkpt>
			<trkpt lat="18.915118" lon="98.939004">
				<ele>321.830505</ele>
				<time>2016-02-07T06:04:26Z</time>
			</trkpt>
			<trkpt lat="18.915052" lon="98.939072">
				<ele>321.517090</ele>
				<time>2016-02-07T06:04:27Z</time>
			</trkpt>
			<trkpt lat="18.914983" lon="98.939125">
				<ele>321.309204</ele>
				<time>2016-02-07T06:04:28Z</time>
			</trkpt>
			<trkpt lat="18.914930" lon="98.939175">
				<ele>323.132385</ele>
				<time>2016-02-07T06:04:29Z</time>
			</trkpt>
			<trkpt lat="18.914878" lon="98.939206">
				<ele>323.473572</ele>
				<time>2016-02-07T06:04:30Z</time>
			</trkpt>
			<trkpt lat="18.914846" lon="98.939236">
				<ele>322.963013</ele>
				<time>2016-02-07T06:04:31Z</time>
			</trkpt>
			<trkpt lat="18.914798" lon="98.939269">
				<ele>323.131531</ele>
				<time>2016-02-07T06:04:32Z</time>
			</trkpt>
			<trkpt lat="18.914749" lon="98.939310">
				<ele>323.241455</ele>
				<time>2016-02-07T06:04:33Z</time>
			</trkpt>
			<trkpt lat="18.914688" lon="98.939323">
				<ele>323.430603</ele>
				<time>2016-02-07T06:04:34Z</time>
			</trkpt>
			<trkpt lat="18.914613" lon="98.939363">
				<ele>321.712646</ele>
				<time>2016-02-07T06:04:35Z</time>
			</trkpt>
			<trkpt lat="18.914527" lon="98.939404">
				<ele>321.781738</ele>
				<time>2016-02-07T06:04:36Z</time>
			</trkpt>
			<trkpt lat="18.914486" lon="98.939444">
				<ele>322.175537</ele>
				<time>2016-02-07T06:04:37Z</time>
			</trkpt>
			<trkpt lat="18.914421" lon="98.939500">
				<ele>322.596802</ele>
				<time>2016-02-07T06:04:38Z</time>
			</trkpt>
			<trkpt lat="18.914328" lon="98.939515">
				<ele>322.797974</ele>
				<time>2016-02-07T06:04:39Z</time>
			</trkpt>
			<trkpt lat="18.914283" lon="98.939543">
				<ele>326.078979</ele>
				<time>2016-02-07T06:04:40Z</time>
			</trkpt>
			<trkpt lat="18.914214" lon="98.939578">
				<ele>326.324768</ele>
				<time>2016-02-07T06:04:41Z</time>
			</trkpt>
			<trkpt lat="18.914159" lon="98.939610">
				<ele>327.414307</ele>
				<time>2016-02-07T06:04:42Z</time>
			</trkpt>
			<trkpt lat="18.914070" lon="98.939644">
				<ele>326.860229</ele>
				<time>2016-02-07T06:04:43Z</time>
			</trkpt>
			<trkpt lat="18.913997" lon="98.939662">
				<ele>326.245483</ele>
				<time>2016-02-07T06:04:44Z</time>
			</trkpt>
			<trkpt lat="18.913962" lon="98.939686">
				<ele>329.335571</ele>
				<time>2016-02-07T06:04:45Z</time>
			</trkpt>
			<trkpt lat="18.913991" lon="98.939672">
				<ele>330.096558</ele>
				<time>2016-02-07T06:04:46Z</time>
			</trkpt>
			<trkpt lat="18.913991" lon="98.939662">
				<ele>329.062256</ele>
				<time>2016-02-07T06:04:47Z</time>
			</trkpt>
			<trkpt lat="18.914017" lon="98.939704">
				<ele>330.481995</ele>
				<time>2016-02-07T06:04:56Z</time>
			</trkpt>
			<trkpt lat="18.914006" lon="98.939703">
				<ele>331.518311</ele>
				<time>2016-02-07T06:04:58Z</time>
			</trkpt>
			<trkpt lat="18.913990" lon="98.939686">
				<ele>332.206726</ele>
				<time>2016-02-07T06:04:59Z</time>
			</trkpt>
			<trkpt lat="18.913976" lon="98.939635">
				<ele>332.173218</ele>
				<time>2016-02-07T06:05:00Z</time>
			</trkpt>
			<trkpt lat="18.913929" lon="98.939575">
				<ele>331.627563</ele>
				<time>2016-02-07T06:05:01Z</time>
			</trkpt>
			<trkpt lat="18.913876" lon="98.939444">
				<ele>331.926514</ele>
				<time>2016-02-07T06:05:02Z</time>
			</trkpt>
			<trkpt lat="18.913816" lon="98.939311">
				<ele>332.434937</ele>
				<time>2016-02-07T06:05:03Z</time>
			</trkpt>
			<trkpt lat="18.913754" lon="98.939159">
				<ele>333.654175</ele>
				<time>2016-02-07T06:05:04Z</time>
			</trkpt>
			<trkpt lat="18.913684" lon="98.939014">
				<ele>334.044922</ele>
				<time>2016-02-07T06:05:05Z</time>
			</trkpt>
			<trkpt lat="18.913612" lon="98.938829">
				<ele>334.890015</ele>
				<time>2016-02-07T06:05:06Z</time>
			</trkpt>
			<trkpt lat="18.913540" lon="98.938655">
				<ele>334.911865</ele>
				<time>2016-02-07T06:05:07Z</time>
			</trkpt>
			<trkpt lat="18.913475" lon="98.938489">
				<ele>337.156006</ele>
				<time>2016-02-07T06:05:08Z</time>
			</trkpt>
			<trkpt lat="18.913417" lon="98.938341">
				<ele>338.129272</ele>
				<time>2016-02-07T06:05:09Z</time>
			</trkpt>
			<trkpt lat="18.913354" lon="98.938239">
				<ele>339.444946</ele>
				<time>2016-02-07T06:05:10Z</time>
			</trkpt>
			<trkpt lat="18.913295" lon="98.938114">
				<ele>340.016235</ele>
				<time>2016-02-07T06:05:11Z</time>
			</trkpt>
			<trkpt lat="18.913237" lon="98.938029">
				<ele>339.212769</ele>
				<time>2016-02-07T06:05:12Z</time>
			</trkpt>
			<trkpt lat="18.913178" lon="98.937932">
				<ele>340.459717</ele>
				<time>2016-02-07T06:05:13Z</time>
			</trkpt>
			<trkpt lat="18.913125" lon="98.937830">
				<ele>340.585815</ele>
				<time>2016-02-07T06:05:14Z</time>
			</trkpt>
			<trkpt lat="18.913097" lon="98.937701">
				<ele>340.459167</ele>
				<time>2016-02-07T06:05:15Z</time>
			</trkpt>
			<trkpt lat="18.913047" lon="98.937575">
				<ele>340.430786</ele>
				<time>2016-02-07T06:05:16Z</time>
			</trkpt>
			<trkpt lat="18.912992" lon="98.937442">
				<ele>341.371582</ele>
				<time>2016-02-07T06:05:17Z</time>
			</trkpt>
			<trkpt lat="18.912926" lon="98.937309">
				<ele>342.186279</ele>
				<time>2016-02-07T06:05:18Z</time>
			</trkpt>
			<trkpt lat="18.912856" lon="98.937179">
				<ele>341.591064</ele>
				<time>2016-02-07T06:05:19Z</time>
			</trkpt>
			<trkpt lat="18.912805" lon="98.937063">
				<ele>341.216858</ele>
				<time>2016-02-07T06:05:20Z</time>
			</trkpt>
			<trkpt lat="18.912755" lon="98.936937">
				<ele>340.065002</ele>
				<time>2016-02-07T06:05:21Z</time>
			</trkpt>
			<trkpt lat="18.912700" lon="98.936810">
				<ele>339.983704</ele>
				<time>2016-02-07T06:05:22Z</time>
			</trkpt>
			<trkpt lat="18.912645" lon="98.936687">
				<ele>339.908386</ele>
				<time>2016-02-07T06:05:23Z</time>
			</trkpt>
			<trkpt lat="18.912622" lon="98.936598">
				<ele>340.946411</ele>
				<time>2016-02-07T06:05:24Z</time>
			</trkpt>
			<trkpt lat="18.912594" lon="98.936489">
				<ele>339.967834</ele>
				<time>2016-02-07T06:05:25Z</time>
			</trkpt>
			<trkpt lat="18.912560" lon="98.936390">
				<ele>339.865723</ele>
				<time>2016-02-07T06:05:26Z</time>
			</trkpt>
			<trkpt lat="18.912537" lon="98.936364">
				<ele>339.634155</ele>
				<time>2016-02-07T06:05:27Z</time>
			</trkpt>
			<trkpt lat="18.912446" lon="98.936412">
				<ele>338.963318</ele>
				<time>2016-02-07T06:05:28Z</time>
			</trkpt>
			<trkpt lat="18.912363" lon="98.936387">
				<ele>338.194458</ele>
				<time>2016-02-07T06:05:29Z</time>
			</trkpt>
			<trkpt lat="18.912290" lon="98.936381">
				<ele>337.064453</ele>
				<time>2016-02-07T06:05:30Z</time>
			</trkpt>
			<trkpt lat="18.912214" lon="98.936393">
				<ele>336.782471</ele>
				<time>2016-02-07T06:05:31Z</time>
			</trkpt>
			<trkpt lat="18.912090" lon="98.936374">
				<ele>333.649719</ele>
				<time>2016-02-07T06:05:32Z</time>
			</trkpt>
			<trkpt lat="18.911981" lon="98.936372">
				<ele>332.651245</ele>
				<time>2016-02-07T06:05:33Z</time>
			</trkpt>
			<trkpt lat="18.911852" lon="98.936347">
				<ele>331.720703</ele>
				<time>2016-02-07T06:05:34Z</time>
			</trkpt>
			<trkpt lat="18.911745" lon="98.936336">
				<ele>331.334351</ele>
				<time>2016-02-07T06:05:35Z</time>
			</trkpt>
			<trkpt lat="18.911638" lon="98.936327">
				<ele>331.898682</ele>
				<time>2016-02-07T06:05:36Z</time>
			</trkpt>
			<trkpt lat="18.911540" lon="98.936313">
				<ele>329.229919</ele>
				<time>2016-02-07T06:05:37Z</time>
			</trkpt>
			<trkpt lat="18.911435" lon="98.936298">
				<ele>329.125305</ele>
				<time>2016-02-07T06:05:38Z</time>
			</trkpt>
			<trkpt lat="18.911328" lon="98.936290">
				<ele>329.370667</ele>
				<time>2016-02-07T06:05:39Z</time>
			</trkpt>
			<trkpt lat="18.911219" lon="98.936276">
				<ele>329.288147</ele>
				<time>2016-02-07T06:05:40Z</time>
			</trkpt>
			<trkpt lat="18.911090" lon="98.936273">
				<ele>325.226562</ele>
				<time>2016-02-07T06:05:41Z</time>
			</trkpt>
			<trkpt lat="18.910978" lon="98.936271">
				<ele>326.518921</ele>
				<time>2016-02-07T06:05:42Z</time>
			</trkpt>
			<trkpt lat="18.910875" lon="98.936254">
				<ele>325.716797</ele>
				<time>2016-02-07T06:05:43Z</time>
			</trkpt>
			<trkpt lat="18.910767" lon="98.936248">
				<ele>325.744690</ele>
				<time>2016-02-07T06:05:44Z</time>
			</trkpt>
			<trkpt lat="18.910677" lon="98.936252">
				<ele>324.262817</ele>
				<time>2016-02-07T06:05:45Z</time>
			</trkpt>
			<trkpt lat="18.910585" lon="98.936254">
				<ele>324.169312</ele>
				<time>2016-02-07T06:05:46Z</time>
			</trkpt>
			<trkpt lat="18.910541" lon="98.936230">
				<ele>323.721924</ele>
				<time>2016-02-07T06:05:47Z</time>
			</trkpt>
			<trkpt lat="18.910493" lon="98.936207">
				<ele>324.322510</ele>
				<time>2016-02-07T06:05:48Z</time>
			</trkpt>
			<trkpt lat="18.910453" lon="98.936171">
				<ele>324.895752</ele>
				<time>2016-02-07T06:05:49Z</time>
			</trkpt>
			<trkpt lat="18.910423" lon="98.936125">
				<ele>324.923584</ele>
				<time>2016-02-07T06:05:50Z</time>
			</trkpt>
			<trkpt lat="18.910413" lon="98.936053">
				<ele>325.576172</ele>
				<time>2016-02-07T06:05:51Z</time>
			</trkpt>
			<trkpt lat="18.910418" lon="98.935979">
				<ele>324.788391</ele>
				<time>2016-02-07T06:05:52Z</time>
			</trkpt>
			<trkpt lat="18.910429" lon="98.935886">
				<ele>323.625366</ele>
				<time>2016-02-07T06:05:53Z</time>
			</trkpt>
			<trkpt lat="18.910437" lon="98.935791">
				<ele>322.908936</ele>
				<time>2016-02-07T06:05:54Z</time>
			</trkpt>
			<trkpt lat="18.910447" lon="98.935703">
				<ele>322.869751</ele>
				<time>2016-02-07T06:05:55Z</time>
			</trkpt>
			<trkpt lat="18.910457" lon="98.935624">
				<ele>323.146362</ele>
				<time>2016-02-07T06:05:56Z</time>
			</trkpt>
			<trkpt lat="18.910448" lon="98.935564">
				<ele>323.797974</ele>
				<time>2016-02-07T06:05:57Z</time>
			</trkpt>
			<trkpt lat="18.910418" lon="98.935503">
				<ele>323.625000</ele>
				<time>2016-02-07T06:05:58Z</time>
			</trkpt>
			<trkpt lat="18.910385" lon="98.935443">
				<ele>323.593323</ele>
				<time>2016-02-07T06:05:59Z</time>
			</trkpt>
			<trkpt lat="18.910348" lon="98.935423">
				<ele>322.816589</ele>
				<time>2016-02-07T06:06:00Z</time>
			</trkpt>
			<trkpt lat="18.910295" lon="98.935365">
				<ele>323.087463</ele>
				<time>2016-02-07T06:06:01Z</time>
			</trkpt>
			<trkpt lat="18.910247" lon="98.935316">
				<ele>323.072144</ele>
				<time>2016-02-07T06:06:02Z</time>
			</trkpt>
			<trkpt lat="18.910195" lon="98.935203">
				<ele>325.735596</ele>
				<time>2016-02-07T06:06:03Z</time>
			</trkpt>
			<trkpt lat="18.910154" lon="98.935098">
				<ele>325.490417</ele>
				<time>2016-02-07T06:06:04Z</time>
			</trkpt>
			<trkpt lat="18.910122" lon="98.935000">
				<ele>325.402100</ele>
				<time>2016-02-07T06:06:05Z</time>
			</trkpt>
			<trkpt lat="18.910077" lon="98.934883">
				<ele>324.840027</ele>
				<time>2016-02-07T06:06:06Z</time>
			</trkpt>
			<trkpt lat="18.910054" lon="98.934785">
				<ele>325.752319</ele>
				<time>2016-02-07T06:06:07Z</time>
			</trkpt>
			<trkpt lat="18.910016" lon="98.934678">
				<ele>325.683105</ele>
				<time>2016-02-07T06:06:08Z</time>
			</trkpt>
			<trkpt lat="18.909982" lon="98.934599">
				<ele>326.143677</ele>
				<time>2016-02-07T06:06:09Z</time>
			</trkpt>
			<trkpt lat="18.909928" lon="98.934519">
				<ele>326.906860</ele>
				<time>2016-02-07T06:06:10Z</time>
			</trkpt>
			<trkpt lat="18.909903" lon="98.934462">
				<ele>328.027222</ele>
				<time>2016-02-07T06:06:11Z</time>
			</trkpt>
			<trkpt lat="18.909867" lon="98.934397">
				<ele>327.070801</ele>
				<time>2016-02-07T06:06:12Z</time>
			</trkpt>
			<trkpt lat="18.909833" lon="98.934324">
				<ele>327.424377</ele>
				<time>2016-02-07T06:06:13Z</time>
			</trkpt>
			<trkpt lat="18.909821" lon="98.934288">
				<ele>326.995300</ele>
				<time>2016-02-07T06:06:14Z</time>
			</trkpt>
			<trkpt lat="18.909788" lon="98.934259">
				<ele>325.434570</ele>
				<time>2016-02-07T06:06:15Z</time>
			</trkpt>
			<trkpt lat="18.909769" lon="98.934235">
				<ele>325.377930</ele>
				<time>2016-02-07T06:06:16Z</time>
			</trkpt>
			<trkpt lat="18.909755" lon="98.934225">
				<ele>325.612915</ele>
				<time>2016-02-07T06:06:17Z</time>
			</trkpt>
			<trkpt lat="18.909743" lon="98.934234">
				<ele>325.447510</ele>
				<time>2016-02-07T06:06:18Z</time>
			</trkpt>
			<trkpt lat="18.909741" lon="98.934239">
				<ele>324.246765</ele>
				<time>2016-02-07T06:06:19Z</time>
			</trkpt>
			<trkpt lat="18.909747" lon="98.934244">
				<ele>324.115601</ele>
				<time>2016-02-07T06:06:20Z</time>
			</trkpt>
			<trkpt lat="18.909746" lon="98.934247">
				<ele>324.580994</ele>
				<time>2016-02-07T06:06:21Z</time>
			</trkpt>
			<trkpt lat="18.909739" lon="98.934234">
				<ele>322.982178</ele>
				<time>2016-02-07T06:06:24Z</time>
			</trkpt>
			<trkpt lat="18.909730" lon="98.934237">
				<ele>321.706665</ele>
				<time>2016-02-07T06:06:32Z</time>
			</trkpt>
			<trkpt lat="18.909732" lon="98.934244">
				<ele>322.790649</ele>
				<time>2016-02-07T06:06:33Z</time>
			</trkpt>
			<trkpt lat="18.909731" lon="98.934249">
				<ele>321.671204</ele>
				<time>2016-02-07T06:06:34Z</time>
			</trkpt>
			<trkpt lat="18.909726" lon="98.934254">
				<ele>321.086304</ele>
				<time>2016-02-07T06:06:38Z</time>
			</trkpt>
			<trkpt lat="18.909726" lon="98.934255">
				<ele>320.617798</ele>
				<time>2016-02-07T06:06:39Z</time>
			</trkpt>
			<trkpt lat="18.909728" lon="98.934254">
				<ele>320.646240</ele>
				<time>2016-02-07T06:06:40Z</time>
			</trkpt>
			<trkpt lat="18.909732" lon="98.934250">
				<ele>319.238525</ele>
				<time>2016-02-07T06:06:42Z</time>
			</trkpt>
			<trkpt lat="18.909736" lon="98.934247">
				<ele>319.483765</ele>
				<time>2016-02-07T06:06:43Z</time>
			</trkpt>
			<trkpt lat="18.909735" lon="98.934240">
				<ele>319.812744</ele>
				<time>2016-02-07T06:06:44Z</time>
			</trkpt>
			<trkpt lat="18.909732" lon="98.934230">
				<ele>321.046631</ele>
				<time>2016-02-07T06:06:45Z</time>
			</trkpt>
			<trkpt lat="18.909728" lon="98.934223">
				<ele>320.870239</ele>
				<time>2016-02-07T06:06:46Z</time>
			</trkpt>
			<trkpt lat="18.909725" lon="98.934217">
				<ele>320.795410</ele>
				<time>2016-02-07T06:06:47Z</time>
			</trkpt>
			<trkpt lat="18.909722" lon="98.934213">
				<ele>322.658325</ele>
				<time>2016-02-07T06:06:48Z</time>
			</trkpt>
			<trkpt lat="18.909718" lon="98.934208">
				<ele>321.438721</ele>
				<time>2016-02-07T06:06:49Z</time>
			</trkpt>
			<trkpt lat="18.909712" lon="98.934198">
				<ele>318.656372</ele>
				<time>2016-02-07T06:07:10Z</time>
			</trkpt>
			<trkpt lat="18.909711" lon="98.934201">
				<ele>316.826050</ele>
				<time>2016-02-07T06:07:22Z</time>
			</trkpt>
			<trkpt lat="18.909728" lon="98.934204">
				<ele>316.909241</ele>
				<time>2016-02-07T06:07:40Z</time>
			</trkpt>
			<trkpt lat="18.909736" lon="98.934211">
				<ele>316.525391</ele>
				<time>2016-02-07T06:07:41Z</time>
			</trkpt>
			<trkpt lat="18.909741" lon="98.934220">
				<ele>316.353394</ele>
				<time>2016-02-07T06:07:42Z</time>
			</trkpt>
			<trkpt lat="18.909743" lon="98.934231">
				<ele>316.690796</ele>
				<time>2016-02-07T06:07:43Z</time>
			</trkpt>
			<trkpt lat="18.909747" lon="98.934244">
				<ele>317.759216</ele>
				<time>2016-02-07T06:07:44Z</time>
			</trkpt>
			<trkpt lat="18.909750" lon="98.934256">
				<ele>317.843628</ele>
				<time>2016-02-07T06:07:45Z</time>
			</trkpt>
			<trkpt lat="18.909753" lon="98.934266">
				<ele>317.694946</ele>
				<time>2016-02-07T06:07:46Z</time>
			</trkpt>
			<trkpt lat="18.909752" lon="98.934274">
				<ele>319.203125</ele>
				<time>2016-02-07T06:07:47Z</time>
			</trkpt>
			<trkpt lat="18.909749" lon="98.934281">
				<ele>320.338013</ele>
				<time>2016-02-07T06:07:48Z</time>
			</trkpt>
			<trkpt lat="18.909744" lon="98.934285">
				<ele>319.660645</ele>
				<time>2016-02-07T06:07:49Z</time>
			</trkpt>
			<trkpt lat="18.909739" lon="98.934285">
				<ele>320.260925</ele>
				<time>2016-02-07T06:07:50Z</time>
			</trkpt>
			<trkpt lat="18.909734" lon="98.934283">
				<ele>318.534668</ele>
				<time>2016-02-07T06:07:51Z</time>
			</trkpt>
			<trkpt lat="18.909726" lon="98.934275">
				<ele>319.008423</ele>
				<time>2016-02-07T06:07:53Z</time>
			</trkpt>
			<trkpt lat="18.909721" lon="98.934268">
				<ele>319.948975</ele>
				<time>2016-02-07T06:07:55Z</time>
			</trkpt>
			<trkpt lat="18.909725" lon="98.934264">
				<ele>321.693848</ele>
				<time>2016-02-07T06:07:56Z</time>
			</trkpt>
			<trkpt lat="18.909733" lon="98.934262">
				<ele>321.826660</ele>
				<time>2016-02-07T06:07:57Z</time>
			</trkpt>
			<trkpt lat="18.909742" lon="98.934261">
				<ele>321.596680</ele>
				<time>2016-02-07T06:07:58Z</time>
			</trkpt>
			<trkpt lat="18.909750" lon="98.934259">
				<ele>321.758850</ele>
				<time>2016-02-07T06:07:59Z</time>
			</trkpt>
			<trkpt lat="18.909756" lon="98.934257">
				<ele>321.192505</ele>
				<time>2016-02-07T06:08:00Z</time>
			</trkpt>
			<trkpt lat="18.909758" lon="98.934252">
				<ele>320.713074</ele>
				<time>2016-02-07T06:08:01Z</time>
			</trkpt>
			<trkpt lat="18.909760" lon="98.934244">
				<ele>321.179932</ele>
				<time>2016-02-07T06:08:02Z</time>
			</trkpt>
			<trkpt lat="18.909760" lon="98.934236">
				<ele>321.013733</ele>
				<time>2016-02-07T06:08:03Z</time>
			</trkpt>
			<trkpt lat="18.909760" lon="98.934228">
				<ele>321.214905</ele>
				<time>2016-02-07T06:08:04Z</time>
			</trkpt>
			<trkpt lat="18.909760" lon="98.934228">
				<ele>320.628662</ele>
				<time>2016-02-07T06:08:40Z</time>
			</trkpt>
		</trkseg>
	</trk>
</gpx>
