Date,Note,Location,GPS,Source,Foursquare ID,Address
2012-05-03T09:47:47+00:00,,พิธานพาณิชย์ ศูนย์บริการโตโยต้า,"13.74246370,100.59561106",foursquare-feed,4fa25443e4b0abdff9945460,"Bang Kapi, Thailand"
2012-05-03T10:46:35+00:00,,Sizzler,"13.72142656,100.58313652",foursquare-feed,4fa2620be4b033a3e2435c05,"Vadhana, Thailand"
2012-05-04T14:01:42+00:00,,Durty Nelly's Irish Pub,"13.72339744,100.58475852",foursquare-feed,4fa3e146e4b02e6a542cdbac,"Vadhana, Thailand"
2012-05-05T05:29:41+00:00,,Vanilla Café,"13.73012510,100.59168935",foursquare-feed,4fa4bac5e4b0bbcd49676e07,"Vadhana, Thailand"
2012-05-05T09:40:30+00:00,,OZONO,"13.74475605,100.57296489",foursquare-feed,4fa4f58ee4b0d6f4bc4bdf0c,"Vadhana, Thailand"
2012-05-06T14:27:56+00:00,,Offshore fish & chips,"13.73615373,100.56266857",foursquare-feed,4fa68a6ce4b0fed4829da3f4,"Khlong Tan Nuea, Thailand"
2012-05-08T10:28:36+00:00,,Emporium,"13.73042066,100.56890415",foursquare-feed,4fa8f554e4b0f05beb7e8914,"Khlong Toei, Thailand"
2012-05-08T10:29:03+00:00,,Greyhound Café,"13.73065773,100.56876200",foursquare-feed,4fa8f56fe4b007be2caaa3d0,"Khlong Toei, Thailand"
2012-05-08T11:48:18+00:00,,BTS Phrom Phong,"13.73075552,100.56955252",foursquare-feed,4fa90802e4b09ce16576ebdd,"Vadhana, Thailand"
2012-05-11T11:49:15+00:00,,Omu,"13.72309652,100.58412038",foursquare-feed,4facfcbbe4b00ef4658f6db9,"Vadhana, Thailand"
2012-05-12T05:54:49+00:00,,Paradise Park,"13.68762642,100.64747370",foursquare-feed,4fadfb29e4b02f54b7fad627,"Prawet, Thailand"
2012-05-13T06:01:24+00:00,,Robinson,"13.75914407,100.56601524",foursquare-feed,4faf4e34e4b01d7a905c4154,"Huai Khwang, Thailand"
2012-05-13T07:30:01+00:00,,Hippopotamus,"13.75812281,100.56590796",foursquare-feed,4faf62f9e4b0664ab7ebdc64,"Huai Khwang, Thailand"
2012-05-14T00:14:56+00:00,,Vachirabenjatas Park (Rot Fai Park),"13.81647611,100.55368289",foursquare-feed,4fb04e80e4b06048088c6ff1,"Chatuchak, Thailand"
2012-05-16T06:05:55+00:00,,Emporium,"13.73042066,100.56890415",foursquare-feed,4fb343c3e4b076d9e99b1e32,"Khlong Toei, Thailand"
2012-05-17T12:21:41+00:00,,Durty Nelly's Irish Pub,"13.72339744,100.58475852",foursquare-feed,4fb4ed55e4b0b34b9aaaf7cb,"Vadhana, Thailand"
2012-05-18T06:02:15+00:00,,Doi Chaang,"13.72976553,100.58590651",foursquare-feed,4fb5e5e7e4b037516fb655e2,"Vadhana, Thailand"
2012-05-18T12:00:52+00:00,,Burger Factory,"13.72908898,100.58651340",foursquare-feed,4fb639f4e4b014d752ace77d,"Vadhana, Thailand"
2012-05-19T06:29:47+00:00,,Scoozi Pizza,"13.72127463,100.58452368",foursquare-feed,4fb73ddbe4b06a37b679d723,"Vadhana, Thailand"
2012-05-19T07:20:27+00:00,,Playtime,"13.72329807,100.58426308",foursquare-feed,4fb749bbe4b0ef49412e5cbc,"Vadhana, Thailand"
2012-05-20T07:50:30+00:00,,Tummour,"13.72173869,100.58314408",foursquare-feed,4fb8a246e4b0d09acd2e293b,"Vadhana, Thailand"
2012-05-20T10:27:20+00:00,,Wine Republic Bar & Bistro,"13.73255978,100.58214275",foursquare-feed,4fb8c708e4b0d0cc8207960b,"Vadhana, Thailand"
2012-05-20T14:05:29+00:00,,The Iron Fairies & Co,"13.73334015,100.58235747",foursquare-feed,4fb8fa29e4b029dcb23373fa,"Vadhana, Thailand"
2012-05-20T15:05:13+00:00,,After You,"13.73370394,100.58133917",foursquare-feed,4fb90829e4b07c28760f2b98,"Vadhana, Thailand"
2012-05-21T10:41:03+00:00,,Sizzler,"13.72142656,100.58313652",foursquare-feed,4fba1bbfe4b070866e3b6d58,"Vadhana, Thailand"
2012-05-23T06:14:10+00:00,,Fortune Town,"13.75848526,100.56540359",foursquare-feed,4fbc8032e4b0090538b1e88b,"Din Daeng, Thailand"
2012-05-23T12:59:09+00:00,,Woodstock Bar & Grill,"13.73392398,100.57991982",foursquare-feed,4fbcdf1de4b04771aedba64e,"Vadhana, Thailand"
2012-05-24T10:39:55+00:00,,Durty Nelly's Irish Pub,"13.72339744,100.58475852",foursquare-feed,4fbe0ffbe4b065afd551957b,"Vadhana, Thailand"
2012-05-27T08:38:16+00:00,,Omu,"13.72309652,100.58412038",foursquare-feed,4fc1e7f8e4b04422a150ecab,"Vadhana, Thailand"
2012-05-29T11:56:32+00:00,,Bourbon Street Bar & Restaurant,"13.72238200,100.58445400",foursquare-feed,4fc4b970e4b084616fe3f82b,"Vadhana, Thailand"
2012-05-30T10:06:14+00:00,,Terminal21,"13.73741630,100.56038103",foursquare-feed,4fc5f116e4b0861ffad1f97e,"Vadhana, Thailand"
2012-05-30T11:33:08+00:00,,Sheraton Grande Sukhumvit Bangkok,"13.73741020,100.55908410",foursquare-feed,4fc60574e4b0a4bd4324c360,"Khlong Toei, Thailand"
2012-06-01T07:28:39+00:00,,Heritage 59,"13.72413952,100.58126677",foursquare-feed,4fc86f27e4b084e50deafcb1,"Vadhana, Thailand"
2012-06-01T10:35:23+00:00,,Sizzler,"13.72142656,100.58313652",foursquare-feed,4fc89aebe4b067bcc48bf2e9,"Vadhana, Thailand"
2012-06-01T16:08:47+00:00,,Durty Nelly's Irish Pub,"13.72339744,100.58475852",foursquare-feed,4fc8e90fe4b0c2090e67ef87,"Vadhana, Thailand"
2012-06-02T09:35:18+00:00,,Shell,"13.72414278,100.58458959",foursquare-feed,4fc9de56e4b076b9bcc2f71e,"Vadhana, Thailand"
2012-06-03T11:27:52+00:00,,OZONO,"13.74475605,100.57296489",foursquare-feed,4fcb4a38e4b0ee2f3aa7ea6d,"Vadhana, Thailand"
2012-06-03T12:18:11+00:00,,Seenspace,"13.73339015,100.58143025",foursquare-feed,4fcb5603e4b08fe96cfde7d8,"Vadhana, Thailand"
2012-06-03T12:35:45+00:00,,Fat Gut'z Saloon,"13.73291303,100.58237135",foursquare-feed,4fcb5a21e4b0c4b6a693d380,"Vadhana, Thailand"
2012-06-03T14:01:55+00:00,,Durty Nelly's Irish Pub,"13.72339744,100.58475852",foursquare-feed,4fcb6e53e4b02f44381fb7cb,"Vadhana, Thailand"
2012-06-04T09:44:45+00:00,,Cheer's Bar & Grill,"13.73197969,100.56512791",foursquare-feed,4fcc838de4b0163c919d1e54,"Khlong Toei, Thailand"
2012-06-08T10:44:37+00:00,,Tantan Izakaya Buffet,"13.73236329,100.58513928",foursquare-feed,4fd1d795e4b0f8bb2c429397,"Vadhana, Thailand"
2012-06-08T13:00:05+00:00,,Major Cineplex Ratchayothin,"13.82862609,100.56875237",foursquare-feed,4fd1f755e4b0692891d18702,"Chatuchak, Thailand"
2012-06-09T12:38:07+00:00,,Firehouse,"13.74502818,100.55637531",foursquare-feed,4fd343afe4b0a1f006a0cf67,"Vadhana, Thailand"
2012-06-09T16:31:43+00:00,,Titanium Ice Bar,"13.73304499,100.56519549",foursquare-feed,4fd37a6fe4b0d6a97d0bd6b8,"Khlong Toei, Thailand"
2012-06-11T10:49:07+00:00,,Pint Beer Park,"13.72310951,100.58406771",foursquare-feed,4fd5cd23e4b0dde497199a61,"Vadhana, Thailand"
2012-06-11T12:26:12+00:00,,The Clubhouse,"13.73836335,100.56303250",foursquare-feed,4fd5e3e4e4b0f4325d99d872,"Vadhana, Thailand"
2012-06-13T12:20:30+00:00,,Lotus's,"13.80175679,100.61406620",foursquare-feed,4fd8858ee4b067696aa5454f,"Lat Phrao, Thailand"
2012-06-13T12:40:01+00:00,,Big C,"13.78533048,100.61220288",foursquare-feed,4fd88a21e4b0de27c8e263fa,"Wang Thonglang, Thailand"
2012-06-14T15:08:12+00:00,,Suvarnabhumi Airport,"13.69200261,100.75055122",foursquare-feed,4fd9fe5ce4b013d81a6a925f,"Bang Phli, Thailand"
2012-06-15T14:17:42+00:00,,Chicago O'Hare International Airport,"41.97703031,-87.90479802",foursquare-feed,4fdb4406e4b05180f3e84829,"Chicago, United States"
2012-06-15T17:25:07+00:00,,Denny's,"42.95492203,-87.91031889",foursquare-feed,4fdb6ff3e4b0a4975b7504ef,"Milwaukee, United States"
2012-06-16T16:01:37+00:00,,Coffee Corner,"43.52107422,-88.22880464",foursquare-feed,4fdcade1e4b06c92706b5fcf,"Kewaskum, United States"
2012-06-17T20:58:42+00:00,,Field's Park Motel,"43.62787336,-89.76682356",foursquare-feed,4fde4502e4b035f47948208c,"Wisconsin Dells, United States"
2012-06-17T21:28:24+00:00,,The Del-Bar,"43.59941900,-89.79317000",foursquare-feed,4fde4bf8e4b02cb4ed264813,"Wisconsin Dells, United States"
2012-06-18T00:25:52+00:00,,Wisconsin Deer Park,"43.61951937,-89.78458244",foursquare-feed,4fde7590e4b019d607a03e39,"Wisconsin Dells, United States"
2012-06-18T17:20:25+00:00,,Timber Falls Adventure Park,"43.62835673,-89.78176878",foursquare-feed,4fdf6359e4b0a5a28073c19a,"Wisconsin Dells, United States"
2012-06-18T17:21:23+00:00,,Field's Park Motel,"43.62787336,-89.76682356",foursquare-feed,4fdf6393e4b049c33c7ddccb,"Wisconsin Dells, United States"
2012-06-18T23:46:20+00:00,,Glacier Canyon Lodge,"43.58497231,-89.77696091",foursquare-feed,4fdfbdcce4b088cd1799b0d9,"Lake Delton, United States"
2012-06-19T01:05:09+00:00,,Wilderness Resort,"43.58662300,-89.78274100",foursquare-feed,4fdfd045e4b0f752580a46ff,"WI, United States"
2012-06-19T02:27:28+00:00,,Field's Park Motel,"43.62787336,-89.76682356",foursquare-feed,4fdfe390e4b0c441c27af739,"Wisconsin Dells, United States"
2012-06-19T14:38:19+00:00,,Field's Park Motel,"43.62787336,-89.76682356",foursquare-feed,4fe08edbe4b0866bd7f43c3d,"Wisconsin Dells, United States"
2012-06-19T16:45:01+00:00,,Bucky's Restaurant,"44.40003015,-88.74498765",foursquare-feed,4fe0ac8de4b0866bd801b23a,"New London, United States"
2012-06-19T18:26:55+00:00,,Lambeau Field,"44.50132831,-88.06217641",foursquare-feed,4fe0c46fe4b0357b85fe3a3e,"Green Bay, United States"
2012-06-19T20:51:46+00:00,,Cedar Court Inn,"45.12877848,-87.24770582",foursquare-feed,4fe0e662e4b05dcdf789cde0,"Fish Creek, United States"
2012-06-20T02:00:30+00:00,,The Cookery Restaurant & Wine Bar,"45.12703900,-87.24468500",foursquare-feed,4fe12ebee4b079e195be92a7,"Fish Creek, United States"
2012-06-20T13:28:23+00:00,,Summertime,"45.12834729,-87.24663959",foursquare-feed,4fe1cff7e4b0f7406e0222d8,"Fish Creek, United States"
2012-06-20T17:07:39+00:00,,Edge of the Park,"45.12625798,-87.23624628",foursquare-feed,4fe2035be4b03c304eb410ad,"Fish Creek, United States"
2012-06-20T17:35:25+00:00,,Cooper's Corner,"45.12800712,-87.24698458",foursquare-feed,4fe209dde4b0f60bf218d0d6,"Fish Creek, United States"
2012-06-20T23:09:12+00:00,,Cedar Court Inn,"45.12877848,-87.24770582",foursquare-feed,4fe25818e4b06e75a64218fe,"Fish Creek, United States"
2012-06-21T03:18:00+00:00,,Wild Tomato Wood-fired Pizza and Grille,"45.12509917,-87.23667807",foursquare-feed,4fe29268e4b061f3972d9172,"Fish Creek, United States"
2012-06-21T15:22:20+00:00,,Cedar Court Inn,"45.12877848,-87.24770582",foursquare-feed,4fe33c2ce4b0b1a277f8b711,"Fish Creek, United States"
2012-06-21T16:17:06+00:00,,Julie's Park Cafe & Motel,"45.12597603,-87.23619885",foursquare-feed,4fe34902e4b0a812ea02fdfb,"Fish Creek, United States"
2012-06-23T03:16:16+00:00,,Call Of The Wild Bar & Grill,"43.51352424,-88.16050357",foursquare-feed,4fe53500e4b0c836716ba6f4,"Kewaskum, United States"
2012-06-26T23:10:09+00:00,,Noodles & Company,"43.39716083,-88.18151014",foursquare-feed,4fea4151e4b00ee8eb5e1403,"West Bend, United States"
2012-06-26T23:46:16+00:00,,Kohl's,"43.19087385,-88.13322629",foursquare-feed,4fea49c8e4b0807788411b78,"Menomonee Falls, United States"
2012-06-28T17:31:12+00:00,,Chili's Grill & Bar,"43.19254056,-88.14089394",foursquare-feed,4fec94e0e4b06e7fdfa66e8b,"Germantown, United States"
2012-06-28T21:07:49+00:00,,Apple Bayshore,"43.12157110,-87.91533630",foursquare-feed,4fecc7a5e4b0a6dbbe937c27,"Glendale, United States"
2012-06-29T02:00:55+00:00,,Bayshore Town Center,"43.12289800,-87.91369400",foursquare-feed,4fed0c57e4b0eb75844a9acf,"Glendale, United States"
2012-06-29T20:19:36+00:00,,Victoria's Secret,"43.12092200,-87.91542900",foursquare-feed,4fee0dd8e4b0647d7c12cfc6,"Glendale, United States"
2012-07-02T21:48:46+00:00,,Macy's,"43.06550779,-88.04476781",foursquare-feed,4ff2173ee4b037e44124c6bc,"Wauwatosa, United States"
2012-07-02T21:49:34+00:00,,Veterans Park,"43.04420951,-87.88942337",foursquare-feed,4ff2176ee4b0afc114db566f,"Milwaukee, United States"
2012-07-04T16:34:09+00:00,,St Matthews,"43.59886418,-88.27553966",foursquare-feed,4ff47081e4b01992a9786292,"Campbellsport, United States"
2012-07-04T23:06:23+00:00,,Noodles & Company,"43.39716083,-88.18151014",foursquare-feed,4ff4cc6fe4b0f1c61788da7a,"West Bend, United States"
2012-07-04T23:07:05+00:00,,Walmart,"43.39589700,-88.19613900",foursquare-feed,4ff4cc99e4b002d4d2693f15,"West Bend, United States"
2012-07-04T23:07:32+00:00,,Boston Store,"43.39610680,-88.19337946",foursquare-feed,4ff4ccb4e4b0f08303ed7ac2,"West Bend, United States"
2012-07-06T22:34:53+00:00,,Mayfair Mall,"43.06403760,-88.04477480",foursquare-feed,4ff7680de4b04f7677f1876d,"Milwaukee, United States"
2012-07-06T23:49:19+00:00,,Clarion Hotel & Conference Center,"42.94840700,-87.91147600",foursquare-feed,4ff7797fe4b0b8fdaa2be960,"Milwaukee, United States"
2012-07-06T23:49:45+00:00,,Cork n Cleaver,"42.94845616,-87.91126761",foursquare-feed,4ff77999e4b01ead02479ecc,"Milwaukee, United States"
2012-07-07T16:39:34+00:00,,Chicago O'Hare International Airport,"41.97703031,-87.90479802",foursquare-feed,4ff86646e4b0f1c61907c5ae,"Chicago, United States"
2012-07-09T12:24:04+00:00,,The Nest Bangkok,"13.74483366,100.55608123",foursquare-feed,4ffacd64e4b002d4d4eaf9b0,"Vadhana, Thailand"
2012-07-09T15:51:40+00:00,,Q Bar,"13.74508965,100.55625439",foursquare-feed,4ffafe0ce4b0e8d00f2a30b0,"Khlong Toei, Thailand"
2012-07-10T11:39:59+00:00,,BTS Ekkamai,"13.71936913,100.58515322",foursquare-feed,4ffc148fe4b044d6afcf3e43,"Vadhana, Thailand"
2012-07-10T11:59:54+00:00,,The Queen Victoria Pub,"13.73726978,100.56285040",foursquare-feed,4ffc193ae4b063a95e1dc68f,"Vadhana, Thailand"
2012-07-13T03:42:19+00:00,,The Racquet Club,"13.73657478,100.57630400",foursquare-feed,4fff991be4b0d031876e9c93,"Vadhana, Thailand"
2012-07-13T04:23:06+00:00,,Samitivej Sukhumvit Hospital,"13.73507210,100.57700857",foursquare-feed,4fffa2aae4b0627b9ffa72c2,"Vadhana, Thailand"
2012-07-13T05:33:19+00:00,,Dental Hospital,"13.73281874,100.57666056",foursquare-feed,4fffb31fe4b0e08eee916086,"Vadhana, Thailand"
2012-07-13T11:45:55+00:00,,PALA Pizza Romana,"13.73696427,100.56085776",foursquare-feed,50000a73e4b0d03187950908,"Vadhana, Thailand"
2012-07-13T12:25:17+00:00,,The Black Swan,"13.73956700,100.56003200",foursquare-feed,500013ade4b05bf8e6f10684,"Vadhana, Thailand"
2012-07-14T10:08:50+00:00,,Greyhound Café,"13.73452700,100.58230000",foursquare-feed,50014532e4b01f40cdd00f61,"Vadhana, Thailand"
2012-07-14T15:18:11+00:00,,Livingstones,"13.73392600,100.56688400",foursquare-feed,50018db3e4b031e9caed6047,"Khlong Toei Nuea, Thailand"
2012-07-15T06:46:30+00:00,,Omu,"13.72309652,100.58412038",foursquare-feed,50026746e4b087cfc28c95e8,"Vadhana, Thailand"
2012-07-15T08:31:19+00:00,,ทางด่วน บางนา,"13.69386801,100.59856525",foursquare-feed,50027fd7e4b052458229d63c,"Phra Nakhon, Thailand"
2012-07-15T08:40:04+00:00,,ปั๊มบางจาก ทางรถไฟสายเก่า,"13.68349310,100.59108569",foursquare-feed,500281e4e4b06c76d0e3284d,Thailand
2012-07-15T10:06:26+00:00,,Sri Nakhon Khuean Khan Park and Botanical Garden,"13.69702487,100.56386492",foursquare-feed,50029622e4b09fa8c4041ec7,"Phra Pradaeng, Thailand"
2012-07-16T05:06:06+00:00,,HomePro,"13.79928898,100.61353208",foursquare-feed,5003a13ee4b021927e8d2617,"Lat Phrao, Thailand"
2012-07-16T06:41:15+00:00,,Crystal Design Center,"13.80246218,100.61825591",foursquare-feed,5003b78be4b077654fa705b8,"Bang Kapi, Thailand"
2012-07-16T11:55:36+00:00,,"Fuzio, Stylish Italian Cuisine","13.73220389,100.58641915",foursquare-feed,50040138e4b031e9cc0b92a5,"Vadhana, Thailand"
2012-07-17T10:10:50+00:00,,Bourbon Street Bar & Restaurant,"13.72238200,100.58445400",foursquare-feed,50053a2ae4b0a2a87c6283be,"Vadhana, Thailand"
2012-07-20T13:56:49+00:00,,Durty Nelly's Irish Pub,"13.72339744,100.58475852",foursquare-feed,500963a1e4b04f67ec19dc4f,"Vadhana, Thailand"
2012-07-20T15:03:04+00:00,,i Darts Thailand,"13.72306391,100.58414698",foursquare-feed,50097328e4b03da68d4e4d6d,"Ekkamai, Thailand"
2012-07-25T11:30:27+00:00,,CheeseCake House & Restaurant,"13.72135925,100.58314600",foursquare-feed,500fd8d3e4b0b3d70277ac68,"Vadhana, Thailand"
2012-07-25T12:07:06+00:00,,BTS Phloen Chit,"13.74304394,100.54884918",foursquare-feed,500fe16ae4b0925e9902f7e3,"Pathum Wan, Thailand"
2012-07-25T12:16:33+00:00,,Café Tartine,"13.74212255,100.54977774",foursquare-feed,500fe3a1e4b0cb7f60edf8f4,"Pathum Wan, Thailand"
2012-07-27T11:30:35+00:00,,Suvarnabhumi Airport,"13.69200261,100.75055122",foursquare-feed,50127bdbe4b0c7c30c5d7281,"Bang Phli, Thailand"
2012-07-27T16:42:34+00:00,,Kokomos Hotel & Restaurant,"15.16720457,120.58727177",foursquare-feed,5012c4fae4b0c3d590fa69ad,"Angeles City, Philippines"
2012-07-28T10:45:11+00:00,,Kokomos Hotel & Restaurant,"15.16720457,120.58727177",foursquare-feed,5013c2b7e4b0c7c30cf17c59,"Angeles City, Philippines"
2012-07-28T13:31:15+00:00,,Garfield's Last Stand,"15.16551700,120.57371300",foursquare-feed,5013e9a3e4b0b186e4a61b47,Philippines
2012-07-28T13:34:36+00:00,,Garfield's Last Stand,"15.16551700,120.57371300",foursquare-feed,5013ea6ce4b0abd8757b8f02,Philippines
2012-07-29T13:26:55+00:00,,Tequila Reef Cantina,"15.16683281,120.58720816",foursquare-feed,50153a1fe4b0e259d39a8fdf,"Angeles City, Philippines"
2012-07-30T08:32:59+00:00,,Suvarnabhumi Airport,"13.69200261,100.75055122",foursquare-feed,501646bbe4b0bc7cf643f994,"Bang Phli, Thailand"
2012-07-30T10:11:23+00:00,,Omu,"13.72309652,100.58412038",foursquare-feed,50165dcbe4b0cfd78bd1e14c,"Vadhana, Thailand"
2012-07-31T08:23:05+00:00,,Mint Restaurant,"13.72662450,100.56967108",foursquare-feed,501795e9e4b097cc1dafc526,"Khlong Toei, Thailand"
2012-07-31T12:06:53+00:00,,Dental Hospital,"13.73281874,100.57666056",foursquare-feed,5017ca5de4b04836862b7b20,"Vadhana, Thailand"
2012-08-01T09:05:14+00:00,,HUBBA Thailand,"13.72524960,100.58764718",foursquare-feed,5018f14ae4b0a36602fb046e,"Vadhana, Thailand"
2012-08-01T11:42:05+00:00,,Bumrungrad International Hospital,"13.74571613,100.55276167",foursquare-feed,5019160de4b03dd378780a62,"Vadhana, Thailand"
2012-08-02T04:00:48+00:00,,Bourbon Street Bar & Restaurant,"13.72238200,100.58445400",foursquare-feed,5019fb70e4b08d4f176de6c7,"Vadhana, Thailand"
2012-08-02T12:03:41+00:00,,Sizzler,"13.72142656,100.58313652",foursquare-feed,501a6c9de4b03c99d13e9c23,"Vadhana, Thailand"
2012-08-04T12:50:59+00:00,,BTS Nana,"13.74033776,100.55564121",foursquare-feed,501d1ab3e4b0b4a5c9c78e96,"Vadhana, Thailand"
2012-08-04T14:44:46+00:00,,The Old Dutch,"13.73692447,100.56271312",foursquare-feed,501d355ee4b0125d26f68160,"Vadhana, Thailand"
2012-08-06T12:42:24+00:00,,S&P,"13.72696183,100.58533186",foursquare-feed,501fbbb0e4b0597c4b574a29,"Vadhana, Thailand"
2012-08-06T12:43:12+00:00,,Big C,"13.72692615,100.58542191",foursquare-feed,501fbbe0e4b05e0d96985877,"Vadhana, Thailand"
2012-08-07T08:03:57+00:00,,Sofa Café & Restaurant,"13.73044684,100.58624957",foursquare-feed,5020cbede4b05c65882af2ed,"Phra Nakhon, Thailand"
2012-08-07T11:01:35+00:00,,Dental Hospital,"13.73281874,100.57666056",foursquare-feed,5020f58fe4b02c3290503380,"Vadhana, Thailand"
2012-08-09T08:05:15+00:00,,Lotus's,"13.80175679,100.61406620",foursquare-feed,50236f3be4b0068b78f7888e,"Lat Phrao, Thailand"
2012-08-09T08:29:32+00:00,,Big C,"13.78533048,100.61220288",foursquare-feed,502374ece4b0957f27e6e4ff,"Wang Thonglang, Thailand"
2012-08-09T12:43:40+00:00,,Big C,"13.72692615,100.58542191",foursquare-feed,5023b07ce4b05507eb0d76df,"Vadhana, Thailand"
2012-08-10T00:48:44+00:00,,Suvarnabhumi Airport,"13.69200261,100.75055122",foursquare-feed,50245a6ce4b0b3d65bd2f98d,"Bang Phli, Thailand"
2012-08-10T05:36:51+00:00,,Hotel Jen Tanglin Singapore,"1.30390094,103.82385013",foursquare-feed,50249df3e4b06253f4484a2f,Singapore
2012-08-10T13:42:25+00:00,,The Singapore Flyer,"1.28959081,103.86344082",foursquare-feed,50250fc1e4b03b3417f412ca,Singapore
2012-08-11T05:27:18+00:00,,Universal Studios Singapore,"1.25404400,103.82381000",foursquare-feed,5025ed36e4b08ea91366a3d4,"Sentosa Island, Singapore"
2012-08-11T06:37:58+00:00,,Mel's Drive-In,"1.25532165,103.82217988",foursquare-feed,5025fdc6e4b064c42becffad,"Sentosa Island, Singapore"
2012-08-12T03:44:15+00:00,,Halia Restaurant,"1.31134489,103.81498106",foursquare-feed,5027268fe4b063baa12e0193,Singapore
2012-08-12T03:47:52+00:00,,Singapore Botanic Gardens,"1.31595497,103.81526670",foursquare-feed,50272768e4b0e4d9604db344,Singapore
2012-08-12T05:38:49+00:00,,Tanglin Mall,"1.30487398,103.82395083",foursquare-feed,50274169e4b0d0acd2e4ac34,Singapore
2012-08-14T08:25:44+00:00,,Samitivej Sukhumvit Hospital,"13.73507210,100.57700857",foursquare-feed,502a0b88e4b06703001b0d1e,"Vadhana, Thailand"
2012-08-14T11:56:16+00:00,,Bourbon Street Bar & Restaurant,"13.72238200,100.58445400",foursquare-feed,502a3ce0e4b043f80717522b,"Vadhana, Thailand"
2012-08-15T12:26:25+00:00,,The Robin Hood,"13.73170500,100.56818700",foursquare-feed,502b9571e4b050746e48e32e,"Vadhana, Thailand"
2012-08-18T03:27:07+00:00,,Ban Mai Market,"13.69725631,101.09010293",foursquare-feed,502f0b8be4b06888b6c03da4,"Chachoengsao, Thailand"
2012-08-18T03:29:52+00:00,,บ้านป้าหนู,"13.69685348,101.09069139",foursquare-feed,502f0c30e4b0d68f3789ea9c,"Chachoengsao, Thailand"
2012-08-18T05:13:54+00:00,,เขื่อนทดน้ำบางปะกง,"13.68542292,101.13325806",foursquare-feed,502f2492e4b0b49bb5306d17,"Chachoengsao, Thailand"
2012-08-18T06:29:46+00:00,,Caltex,"13.64275546,101.04409993",foursquare-feed,502f365ae4b0b5d01d0b7733,"Chachoengsao, Thailand"
2012-08-18T06:55:48+00:00,,Klong Suan 100-Year-Old Market,"13.66227155,100.95479206",foursquare-feed,502f3c74e4b047ef9a5c2e02,"Ban Pho, Thailand"
2012-08-18T08:16:45+00:00,,Siam Wheels,"13.67787500,100.65076900",foursquare-feed,502f4f6de4b08345ccc1d2be,"Nong Bon, Thailand"
2012-08-18T11:52:53+00:00,,Bangkok Burger Company,"13.64535866,100.68053008",foursquare-feed,502f8215e4b0b66652b851a9,"Bang Phli, Thailand"
2012-08-19T06:33:08+00:00,,Sub-Zero Ice Skate Club (ซับซีโร่),"13.72073643,100.58395691",foursquare-feed,503088a4e4b0c65b4b5c3000,"Vadhana, Thailand"
2012-08-19T07:39:03+00:00,,Sizzler,"13.72142656,100.58313652",foursquare-feed,50309817e4b0b02594fdd479,"Vadhana, Thailand"
2012-08-21T12:21:46+00:00,,MRT Si Lom,"13.72931930,100.53648009",foursquare-feed,50337d5ae4b055d9f39f2a60,"Bang Rak, Thailand"
2012-08-21T14:23:31+00:00,,Roadhouse Barbecue,"13.73051593,100.53362489",foursquare-feed,503399e3e4b055d9f3aee8bd,"Phra Nakhon, Thailand"
2012-08-25T03:55:51+00:00,,Playtime,"13.72329807,100.58426308",foursquare-feed,50384cc7e4b0fc42f737c22e,"Vadhana, Thailand"
2012-08-25T06:45:35+00:00,,Durty Nelly's Irish Pub,"13.72339744,100.58475852",foursquare-feed,5038748fe4b03509a9658035,"Vadhana, Thailand"
2012-08-25T10:25:13+00:00,,BOY Ponyang,"13.81840975,100.58823223",foursquare-feed,5038a809e4b0fc35e3ecad37,"Chatuchak, Thailand"
2012-08-25T10:43:01+00:00,,Warehouse Cafe' & Restaurant,"13.81935993,100.59359190",foursquare-feed,5038ac35e4b0307ba34000f8,"Lat Phrao, Thailand"
2012-08-25T14:43:08+00:00,,ตะขบ ซอยเสือใหญ่,"13.82085745,100.58173727",foursquare-feed,5038e47ce4b0c89c2418a80b,Thailand
2012-08-31T08:18:30+00:00,,Kuppadeli,"13.74555700,100.56255000",foursquare-feed,50407356e4b0c996b22f7ad0,"Vadhana, Thailand"
2012-09-02T09:19:08+00:00,,Sizzler,"13.72142656,100.58313652",foursquare-feed,5043248ce4b068ce7d9397bb,"Vadhana, Thailand"
2012-09-04T11:48:34+00:00,,Bourbon Street Bar & Restaurant,"13.72238200,100.58445400",foursquare-feed,5045ea92e4b00cac6f54a83e,"Vadhana, Thailand"
2012-09-07T12:42:27+00:00,,Rain Hill,"13.72763061,100.57407305",foursquare-feed,5049ebb3e4b0713dc69d8971,"Vadhana, Thailand"
2012-09-07T12:43:25+00:00,,Wine Connection Tapas Bar & Bistro,"13.72754696,100.57398158",foursquare-feed,5049ebede4b00cd4559e2452,"Vadhana, Thailand"
2012-09-09T02:59:34+00:00,,PTT Gas Station,"14.09859463,100.95162641",foursquare-feed,504c0616e4b0d1cf33f0d1c3,"Ongkharak, Thailand"
2012-09-09T04:45:18+00:00,,Khao Yai Visitor Center,"14.43915666,101.37201412",foursquare-feed,504c1edee4b086a8fa53cf40,"Pak Chong, Thailand"
2012-09-09T05:33:04+00:00,,Cowboy Steak House,"14.52212431,101.36898395",foursquare-feed,504c2a10e4b09ab3b3c4087b,"Pak Chong, Thailand"
2012-09-09T09:38:02+00:00,,Siam Wheels,"13.67787500,100.65076900",foursquare-feed,504c637ae4b0838e30c38d02,"Nong Bon, Thailand"
2012-09-10T10:19:04+00:00,,Café Classique,"13.72927735,100.58647361",foursquare-feed,504dbe98e4b03e71202e900e,"Khlong Toei Nuea, Thailand"
2012-09-10T13:02:41+00:00,,The Imperial Queen's Park Hotel,"13.73040129,100.56539297",foursquare-feed,504de4f1e4b08a4f6a1de60f,"Khlong Toei, Thailand"
2012-09-10T16:04:43+00:00,,The Dubliner,"13.73213137,100.56835413",foursquare-feed,504e0f9be4b015de630e931e,"Vadhana, Thailand"
2012-09-11T07:01:51+00:00,,Big C,"13.78533048,100.61220288",foursquare-feed,504ee1dfe4b0e8d61c1e74f3,"Wang Thonglang, Thailand"
2012-09-12T02:41:15+00:00,,"Kawasaki Motors Enterprise (Thailand) Co., Ltd.","13.75563326,100.57171789",foursquare-feed,504ff64be4b087fd015690d8,"Huai Khwang, Thailand"
2012-09-12T04:40:52+00:00,,Eastin Grand Hotel Sathorn,"13.71906206,100.52174840",foursquare-feed,50501254e4b0d5301f270285,"Bang Rak, Thailand"
2012-09-14T09:58:07+00:00,,ไก่ย่างน้องเล็ก,"14.29315078,101.28789486",foursquare-feed,5052ffafe4b07ab78c134b95,"Nakhon Nayok, Thailand"
2012-09-16T04:43:15+00:00,,International Building (IUP),"13.84651700,100.56983784",foursquare-feed,505558e3e4b01ef822573a5f,"Chatuchak, Thailand"
2012-09-16T12:22:26+00:00,,Ginger' House,"13.81628700,100.59112238",foursquare-feed,5055c482e4b0540a808b0dfd,"Lat Phrao, Thailand"
2012-09-18T11:53:01+00:00,,Bourbon Street Bar & Restaurant,"13.72238200,100.58445400",foursquare-feed,5058609de4b0eaaf499fa08a,"Vadhana, Thailand"
2012-09-19T12:24:30+00:00,,HUBBA Thailand,"13.72524960,100.58764718",foursquare-feed,5059b97ee4b0fbd8286a2f5d,"Vadhana, Thailand"
2012-09-21T13:18:40+00:00,,Ginger' House,"13.81628700,100.59112238",foursquare-feed,505c6930e4b0d7a5e22bc65d,"Lat Phrao, Thailand"
2012-09-22T08:36:52+00:00,,Gateway Ekamai,"13.71892767,100.58520524",foursquare-feed,505d78a4e4b027df9bfc2eaf,"Khlong Toei, Thailand"
2012-09-23T05:17:46+00:00,,Greyhound Café,"13.73065773,100.56876200",foursquare-feed,505e9b7ae4b0211dec47397b,"Khlong Toei, Thailand"
2012-09-23T05:19:54+00:00,,Emporium,"13.73042066,100.56890415",foursquare-feed,505e9bfae4b05548bd2af543,"Khlong Toei, Thailand"
2012-09-23T07:36:52+00:00,,Wine Connection Tapas Bar & Bistro,"13.72754696,100.57398158",foursquare-feed,505ebc14e4b02078abf49bd3,"Vadhana, Thailand"
2012-09-23T10:18:40+00:00,,Durty Nelly's Irish Pub,"13.72339744,100.58475852",foursquare-feed,505ee200e4b010db73485833,"Vadhana, Thailand"
2012-09-24T10:15:02+00:00,,Century The Movie Plaza,"13.76191703,100.53690336",foursquare-feed,506032a6e4b00e43873ebb98,"Ratchathewi, Thailand"
2012-09-24T11:29:53+00:00,,Novotel Bangkok Ploenchit Sukhumvit,"13.74254550,100.54954530",foursquare-feed,50604431e4b0c69da8cc2611,"Pathum Wan, Thailand"
2012-09-24T14:10:38+00:00,,BTS Phloen Chit,"13.74304394,100.54884918",foursquare-feed,506069dee4b0794d7590a193,"Pathum Wan, Thailand"
2012-09-26T12:51:11+00:00,,HUBBA Thailand,"13.72524960,100.58764718",foursquare-feed,5062fa3fe4b0c706ac14ce75,"Vadhana, Thailand"
2012-09-28T10:30:16+00:00,,Doi Chaang,"13.81909798,100.59275533",foursquare-feed,50657c38e4b0404203f91e9a,"Lat Phrao, Thailand"
2012-09-28T13:37:27+00:00,,BOY Ponyang,"13.81840975,100.58823223",foursquare-feed,5065a817e4b0fc16da7dfb14,"Chatuchak, Thailand"
2012-09-28T15:40:52+00:00,,SOR.KOR.SOR Bar&Restaurant,"13.81503368,100.59133434",foursquare-feed,5065c504e4b08bbff843d7db,"Lat Phrao, Thailand"
2012-09-29T04:44:06+00:00,,Playtime,"13.72329807,100.58426308",foursquare-feed,50667c96e4b08b70595d0891,"Vadhana, Thailand"
2012-09-29T06:22:53+00:00,,Omu,"13.72309652,100.58412038",foursquare-feed,506693bde4b073191fff422d,"Vadhana, Thailand"
2012-10-02T05:30:45+00:00,,Bluedoor,"13.72925465,100.58640350",foursquare-feed,506a7c05498e3c4346aa1920,"Vadhana, Thailand"
2012-10-02T11:28:16+00:00,,El Gaucho,"13.73785133,100.55980525",foursquare-feed,506acfd0e4b0499adec0eba6,"Vadhana, Thailand"
2012-10-03T11:41:58+00:00,,WTF Gallery & Café,"13.72649377,100.57642903",foursquare-feed,506c2486e4b08b1697557bf0,"Vadhana, Thailand"
2012-10-03T14:44:38+00:00,,BREW Beers & Ciders,"13.73337844,100.58143474",foursquare-feed,506c4f56e4b02757fa6b9a32,"Vadhana, Thailand"
2012-10-04T10:14:03+00:00,,BTS National Stadium,"13.74661010,100.52886502",foursquare-feed,506d616be4b00eb58f35da13,"Pathum Wan, Thailand"
2012-10-04T10:39:54+00:00,,MBK Center,"13.74558077,100.53018005",foursquare-feed,506d677ae4b0b039736ab2b1,"Pathum Wan, Thailand"
2012-10-04T13:31:00+00:00,,Dean & DeLuca,"13.72384560,100.52896857",foursquare-feed,506d8f94e4b0b0397381d991,"Bang Rak, Thailand"
2012-10-05T06:34:33+00:00,,Doi Chaang,"13.72976553,100.58590651",foursquare-feed,506e7f79e4b0748e04be8800,"Vadhana, Thailand"
2012-10-05T16:23:59+00:00,,Madrid Pizzeria & Bar,"13.72830486,100.53204158",foursquare-feed,506f099fe4b0eefb57f3a3ea,"Si Phraya, Thailand"
2012-10-06T12:37:16+00:00,,Four Seasons Hotel Bangkok,"13.74089625,100.54013729",foursquare-feed,507025fce4b0f8e791e4fd2f,"Pathum Wan, Thailand"
2012-10-07T07:25:44+00:00,,Sizzler,"13.72142656,100.58313652",foursquare-feed,50712e78e4b0359dfabbe567,"Vadhana, Thailand"
2012-10-08T09:11:15+00:00,,Litehouse Asia,"13.57648827,100.77253780",foursquare-feed,507298b3e4b09822b9b6588d,Thailand
2012-10-10T08:14:28+00:00,,Samitivej Sukhumvit Hospital,"13.73507210,100.57700857",foursquare-feed,50752e64e4b09edf35fbdf13,"Vadhana, Thailand"
2012-10-10T09:13:05+00:00,,OOTOYA,"13.73524218,100.57691246",foursquare-feed,50753c21e4b091d93662d174,"Vadhana, Thailand"
2012-10-11T12:43:40+00:00,,Dusit Thani Bangkok,"13.72843197,100.53718961",foursquare-feed,5076befce4b022d509382484,"Bang Rak, Thailand"
2012-10-11T16:47:12+00:00,,Bed Supperclub,"13.74449173,100.55704594",foursquare-feed,5076f810e4b0eca51a496ad1,"Vadhana, Thailand"
2012-10-11T18:10:07+00:00,,Levels Club & Lounge,"13.74426836,100.55654127",foursquare-feed,50770b7fe4b05d12c284232c,"Vadhana, Thailand"
2012-10-11T19:38:15+00:00,,Levels Club & Lounge,"13.74426836,100.55654127",foursquare-feed,50772027e4b05d12c28f59e1,"Vadhana, Thailand"
2012-10-12T05:43:07+00:00,,Pro Wash Carcare,"13.72992217,100.59386089",foursquare-feed,5077adebe4b0d3b807a7e302,"Vadhana, Thailand"
2012-10-12T10:53:14+00:00,,Sabaijai Kebtawan,"13.73001300,100.58560700",foursquare-feed,5077f69ae4b036360a4646ac,"Vadhana, Thailand"
2012-10-13T03:21:40+00:00,,Emporium,"13.73042066,100.56890415",foursquare-feed,5078de44e4b0e94246f618f9,"Khlong Toei, Thailand"
2012-10-13T03:44:39+00:00,,Benchasiri Park,"13.73072438,100.56744218",foursquare-feed,5078e3a7e4b07e75d89f7e5e,"Khlong Toei, Thailand"
2012-10-16T11:40:37+00:00,,FAMOUS Singapore Chicken Rice,"13.72638509,100.58523504",foursquare-feed,507d47b5e4b0fae5259e6d36,"Vadhana, Thailand"
2012-10-18T14:09:25+00:00,,Galleria 10 Hotel,"13.73687581,100.55713414",foursquare-feed,50800d95e4b0998ce468bf66,"Khlong Toei, Thailand"
2012-10-20T03:48:34+00:00,,PTT Bypass Chon Buri,"13.35040680,101.00195274",foursquare-feed,50821f12e4b091f169f0dbad,"Mueang Chon Buri, Thailand"
2012-10-20T08:27:33+00:00,,Bang Saen Beach,"13.28859443,100.91226792",foursquare-feed,50826075e4b0948209e9705b,"Mueang Chon Buri, Thailand"
2012-10-20T11:55:46+00:00,,Megabangna,"13.64602771,100.68097575",foursquare-feed,50829142e4b052212e20f770,"Bang Phli, Thailand"
2012-10-20T12:17:03+00:00,,Bangkok Burger Company,"13.64535866,100.68053008",foursquare-feed,5082963fe4b0e99d0b5f8754,"Bang Phli, Thailand"
2012-10-22T08:47:17+00:00,,Food by Phone,"13.73181526,100.56294723",foursquare-feed,50850815e4b05e913625f0a7,"Phra Nakhon, Thailand"
2012-10-23T02:30:45+00:00,,TrueCoffee,"13.74565144,100.53353863",foursquare-feed,50860155e4b067eb271cf4cf,"Pathum Wan, Thailand"
2012-10-25T08:28:20+00:00,,Lotus's,"13.80175679,100.61406620",foursquare-feed,5088f824e4b0b52a6b214347,"Lat Phrao, Thailand"
2012-10-25T13:17:21+00:00,,The Westin Grande Sukhumvit Bangkok,"13.73843200,100.55949420",foursquare-feed,50893be1e4b0f0fd186ec62f,"Vadhana, Thailand"
2012-10-25T14:55:55+00:00,,Mulligan's,"13.74396417,100.55658924",foursquare-feed,508952fbe4b0c96981e03ae5,"Vadhana, Thailand"
2012-10-25T15:30:15+00:00,,Levels Club & Lounge,"13.74426836,100.55654127",foursquare-feed,50895b07e4b0db195ef0be2b,"Vadhana, Thailand"
2012-10-27T05:20:37+00:00,,Au Bon Pain,"13.73511540,100.57671488",foursquare-feed,508b6f25e4b0e9aaf9abbf2f,"Vadhana, Thailand"
2012-10-27T09:49:15+00:00,,BTS Bang Na,"13.66831888,100.60478375",foursquare-feed,508bae1be4b0772b5863a69b,"Bang Na, Thailand"
2012-10-27T10:33:29+00:00,,BITEC,"13.66961091,100.61000347",foursquare-feed,508bb879498edfd684ad71ca,"Bang Na, Thailand"
2012-10-27T12:24:08+00:00,,Gateway Ekamai,"13.71892767,100.58520524",foursquare-feed,508bd268e4b0c350531141d6,"Khlong Toei, Thailand"
2012-10-27T12:26:04+00:00,,Nagiya,"13.71893736,100.58521197",foursquare-feed,508bd2dce4b02ba9b18f1244,"Khlong Toei, Thailand"
2012-10-28T06:50:31+00:00,,Doi Chaang,"13.81909798,100.59275533",foursquare-feed,508cd5b7e4b01ff7529e42e0,"Lat Phrao, Thailand"
2012-10-28T13:02:51+00:00,,Night Food Stall Street,"13.72370100,100.57903840",foursquare-feed,508d2cfbe4b09bdc37480629,"Khlong Toei, Thailand"
2012-10-30T05:32:32+00:00,,The Landmark Bangkok,"13.74096920,100.55385947",foursquare-feed,508f6670e4b09fc3201762f8,"Khlong Toei, Thailand"
2012-10-30T12:52:06+00:00,,Pullman Bangkok King Power,"13.75887266,100.53732240",foursquare-feed,508fcd76e4b06dbf5f121e02,"Ratchathewi, Thailand"
2012-11-04T05:37:45+00:00,,Playtime,"13.72329807,100.58426308",foursquare-feed,5095ff29e4b076702d167e1c,"Vadhana, Thailand"
2012-11-04T09:22:48+00:00,,Omu,"13.72309652,100.58412038",foursquare-feed,509633e8e4b024b7d8659422,"Vadhana, Thailand"
2012-11-07T06:24:27+00:00,,PTT Station,"13.80999682,100.60951096",foursquare-feed,5099fe9be4b06b51697af2e2,"Lat Phrao, Thailand"
2012-11-07T06:30:04+00:00,,การไฟฟ้านครหลวงเขต สาขาย่อยนาคนิวาส,"13.80535259,100.60709554",foursquare-feed,5099ffece4b013eecafe48e3,Thailand
2012-11-07T07:21:12+00:00,,Samitivej Sukhumvit Hospital,"13.73507210,100.57700857",foursquare-feed,509a0be8e4b020849255bc01,"Vadhana, Thailand"
2012-11-07T13:08:20+00:00,,BTS Saphan Taksin,"13.71882553,100.51430617",foursquare-feed,509a5d44e4b05e3770c91cb7,"Bang Rak, Thailand"
2012-11-07T13:18:02+00:00,,River City,"13.73006958,100.51324064",foursquare-feed,509a5f8ae4b0bc59f11517e8,"Samphanthawong, Thailand"
2012-11-07T13:18:20+00:00,,Viva & Aviv The River,"13.73018355,100.51297464",foursquare-feed,509a5f9ce4b02cd4a0b74d8d,"Samphanthawong, Thailand"
2012-11-07T13:21:24+00:00,,Viva & Aviv The River,"13.73018355,100.51297464",foursquare-feed,509a6054e4b02754b6494364,"Samphanthawong, Thailand"
2012-11-07T18:35:53+00:00,,Pak Khlong Talat,"13.74221326,100.49649106",foursquare-feed,509aaa09e4b08986efa5c8db,"Phra Nakhon, Thailand"
2012-11-09T14:15:27+00:00,,Wine I Love You,"13.72017106,100.56807434",foursquare-feed,509d0fffe4b07eb4d81db7f0,"Khlong Toei, Thailand"
2012-11-10T10:54:51+00:00,,Pullman Bangkok Hotel G,"13.72612860,100.52579520",foursquare-feed,509e327be4b08f34f853f7a5,"Bang Rak, Thailand"
2012-11-10T11:49:17+00:00,,Scarlett,"13.72605600,100.52588000",foursquare-feed,509e3f3de4b05e06b4c21a03,"Bang Rak, Thailand"
2012-11-10T13:58:55+00:00,,Osito,"13.74217107,100.54924430",foursquare-feed,509e5d9fe4b01b688677f872,"Pathum Wan, Thailand"
2012-11-10T17:20:47+00:00,,Mojo's,"13.73373994,100.56785122",foursquare-feed,509e8cefe4b0ca91fb11fd50,"Vadhana, Thailand"
2012-11-13T05:03:58+00:00,,Bangkok Burger Company,"13.64535866,100.68053008",foursquare-feed,50a1d4bee4b09f2bf5a51bdf,"Bang Phli, Thailand"
2012-11-16T00:02:40+00:00,,Suvarnabhumi Airport,"13.69200261,100.75055122",foursquare-feed,50a582a0498e2249361c4a6a,"Bang Phli, Thailand"
2012-11-16T02:47:20+00:00,,Krabi International Airport,"8.09772143,98.98120028",foursquare-feed,50a5a938e4b00184ad3401e6,"Nuea Khlong, Thailand"
2012-11-16T03:53:29+00:00,,Aonang Paradise Resort & Longstay,"8.03283121,98.82750658",foursquare-feed,50a5b8b9e4b0ce30ab4ad4e9,"Krabi, Thailand"
2012-11-16T07:06:38+00:00,,Wang Sai Seafood,"8.03839201,98.81588390",foursquare-feed,50a5e5fee4b03e18c26d4d8e,"Krabi, Thailand"
2012-11-16T09:29:35+00:00,,Railay Beach West,"8.01171000,98.83777000",foursquare-feed,50a6077fe4b04e0a4b0e3d55,"Krabi, Thailand"
2012-11-16T10:06:36+00:00,,Railay Beach West,"8.01171000,98.83777000",foursquare-feed,50a6102ce4b0cbed9e971034,"Krabi, Thailand"
2012-11-16T13:30:23+00:00,,Last Fisherman Bar,"8.02871379,98.82473180",foursquare-feed,50a63fefe4b05b355c8f2430,"Krabi, Thailand"
2012-11-16T18:00:47+00:00,,Coconut Bar,"8.03296115,98.82673594",foursquare-feed,50a67f4fe4b0c753d6cc6dde,"Ao Nang, Thailand"
2012-11-17T05:07:09+00:00,,Blue Orchid Cafe,"8.03165421,98.82212535",foursquare-feed,50a71b7de4b0024edf00acc2,Thailand
2012-11-18T11:12:05+00:00,,น้องโจ๊ก (Nong Joke Restaurant),"8.05030400,98.91640500",foursquare-feed,50a8c285e4b0740a1871602b,"Krabi, Thailand"
2012-11-18T13:07:35+00:00,,Krabi International Airport,"8.09772143,98.98120028",foursquare-feed,50a8dd97e4b041c065f181b0,"Nuea Khlong, Thailand"
2012-11-18T14:51:06+00:00,,Suvarnabhumi Airport,"13.69200261,100.75055122",foursquare-feed,50a8f5dae4b0785850869f9f,"Bang Phli, Thailand"
2012-11-19T12:54:24+00:00,,The Imperial Queen's Park Hotel,"13.73040129,100.56539297",foursquare-feed,50aa2c00e4b007904c2931a0,"Khlong Toei, Thailand"
2012-11-20T08:20:11+00:00,,Doi Chaang,"13.72976553,100.58590651",foursquare-feed,50ab3d3be4b03c7a6e4369e0,"Vadhana, Thailand"
2012-11-23T02:30:00+00:00,,Siam Wheels,"13.67787500,100.65076900",foursquare-feed,50aedfa8e4b0211a313995df,"Nong Bon, Thailand"
2012-11-23T06:11:00+00:00,,Anna's,"13.67091130,100.61599059",foursquare-feed,50af1374e4b006275343772e,"Bang Na, Thailand"
2012-11-23T09:17:30+00:00,,Katip Restaurant,"13.78467300,100.61221700",foursquare-feed,50af3f2ae4b006275354a0f1,Thailand
2012-11-23T12:53:15+00:00,,Durty Nelly's Irish Pub,"13.72339744,100.58475852",foursquare-feed,50af71bbe4b0a0a3019f5746,"Vadhana, Thailand"
2012-11-24T03:37:54+00:00,,Bangkok Patana School,"13.66304524,100.62199746",foursquare-feed,50b04112e4b0a0a30217f564,"Bang Na, Thailand"
2012-11-25T06:30:14+00:00,,Attarod Cuisine,"13.82256400,100.58111600",foursquare-feed,50b1baf6e4b037e0ed639361,"Chatuchak, Thailand"
2013-01-16T14:20:25+00:00,,Durty Nelly's Irish Pub,"13.72339744,100.58475852",foursquare-feed,50f6b729e4b01347e62d4fb5,"Vadhana, Thailand"
2013-01-18T11:43:27+00:00,,ชู ช็อคโกแล็ต บาร์ & คาเฟ่,"13.73594533,100.56178297",foursquare-feed,50f9355fe4b052edb3ecee05,"Khlong Toei, Thailand"
2013-01-18T12:49:28+00:00,,Madrid Pizzeria & Bar,"13.72830486,100.53204158",foursquare-feed,50f944d8e4b017160de8b83f,"Si Phraya, Thailand"
2013-01-19T05:32:08+00:00,,Honda Big Wing,"13.80570520,100.61694836",foursquare-feed,50fa2fd8e4b0b707cb8c1ad8,"แขวงลาดพร้าว เขตลาดพร้าว, Thailand"
2013-01-19T05:35:35+00:00,,NYCC,"13.80461030,100.61783771",foursquare-feed,50fa30a7e4b02622b0f0aeaa,"Bang Kapi, Thailand"
2013-01-19T07:33:28+00:00,,Playtime,"13.72329807,100.58426308",foursquare-feed,50fa4c48e4b01d6653f263f3,"Vadhana, Thailand"
2013-01-20T09:57:25+00:00,,20th Concert in the Park,"13.73151158,100.54146373",foursquare-feed,50fbbf85e4b053e009872309,Thailand
2013-01-20T09:57:44+00:00,,Lumphini Park,"13.73098493,100.54157495",foursquare-feed,50fbbf98e4b0a8cc9e53859f,"Pathum Wan, Thailand"
2013-01-21T06:32:27+00:00,,Burger Factory,"13.72908898,100.58651340",foursquare-feed,50fce0fbe4b0096f9500f8c6,"Vadhana, Thailand"
2013-01-21T11:41:07+00:00,,The Black Swan,"13.73956700,100.56003200",foursquare-feed,50fd2953e4b05cb57e36e4c0,"Vadhana, Thailand"
2013-01-21T12:12:07+00:00,,The Imperial Queen's Park Hotel,"13.73040129,100.56539297",foursquare-feed,50fd3097e4b00724576d576a,"Khlong Toei, Thailand"
2013-01-23T12:22:39+00:00,,Neilson Hays Library,"13.72706615,100.52299261",foursquare-feed,50ffd60fe4b08c118af29f35,"Bang Rak, Thailand"
2013-01-26T11:40:16+00:00,,Al Ferdoss,"13.74256724,100.55344742",foursquare-feed,5103c0a0e4b0059cda8f61f9,"Vadhana, Thailand"
2013-01-26T16:32:30+00:00,,Durty Nelly's Irish Pub,"13.72339744,100.58475852",foursquare-feed,5104051ee4b0d770c5e3d399,"Vadhana, Thailand"
2013-01-27T10:33:51+00:00,,Lumphini Park,"13.73098493,100.54157495",foursquare-feed,5105028fe4b022bf0159146a,"Pathum Wan, Thailand"
2013-01-27T11:22:09+00:00,,20th Concert in the Park,"13.73151158,100.54146373",foursquare-feed,51050de1e4b06cfb71bcb98e,Thailand
2013-01-28T12:16:37+00:00,,Rembrandt Hotel,"13.73243727,100.56278334",foursquare-feed,51066c25e4b0f2b9638bb753,"Khlong Toei, Thailand"
2013-01-30T02:55:16+00:00,,Bangkok Bank,"13.88120598,100.56490587",foursquare-feed,51088b94e4b0e6d0faa5b4fe,"Lak Si, Thailand"
2013-01-30T03:27:38+00:00,,Immigration Division 1,"13.88122827,100.56493947",foursquare-feed,5108932ae4b0b8521a339a8d,"Lak Si, Thailand"
2013-01-30T12:36:19+00:00,,Café Tartine,"13.74212255,100.54977774",foursquare-feed,510913c3e4b026ea03934294,"Pathum Wan, Thailand"
2013-01-30T14:36:37+00:00,,Ad Makers,"13.74200616,100.54954648",foursquare-feed,51092ff5e4b07566df2775a2,"Pathum Wan, Thailand"
2013-02-01T12:35:26+00:00,,Spice Roads,"13.72599087,100.59858461",foursquare-feed,510bb68ee4b0a47aabd626a0,Thailand
2013-02-01T16:50:21+00:00,,เสนาแวร์เฮ้าส์,"13.69992678,100.58855814",foursquare-feed,510bf24de4b0ca91e4decbfc,Thailand
2013-02-02T12:02:49+00:00,,Koh Loi Pier,"13.17525426,100.91963166",foursquare-feed,510d0069e4b075469651ab03,"Si Racha, Thailand"
2013-02-02T13:11:56+00:00,,BenzBungalow,"13.15287400,100.81419500",foursquare-feed,510d109ce4b04d3f8f77251e,"Ko Si Chang, Thailand"
2013-02-02T14:32:17+00:00,,Paree Hut,"13.13537423,100.80700695",foursquare-feed,510d2371e4b0c180bf2bd2ba,"Ko Si Chang, Thailand"
2013-02-03T01:16:06+00:00,,จุดชมวิวช่องเขาขาด,"13.16275185,100.80159102",foursquare-feed,510dba56e4b032faf3e4f6b0,"Ko Si Chang, Thailand"
2013-02-03T01:59:54+00:00,,Tham Phang Beach,"13.14592202,100.80680829",foursquare-feed,510dc49ae4b0150a5c1598ba,"Ko Si Chang, Thailand"
2013-02-03T03:30:50+00:00,,Malee Blue,"13.14748087,100.81315358",foursquare-feed,510dd9eae4b0af957c482b4b,"Si Racha, Thailand"
2013-02-03T04:54:38+00:00,,Lower Pier of Koh Sichang,"13.16181588,100.81087557",foursquare-feed,510ded8ee4b03a11789fbe9a,"Ko Si Chang, Thailand"
2013-02-03T06:40:24+00:00,,PTT Station,"13.34242499,100.99436046",foursquare-feed,510e0658e4b03bf8369b60b7,"Mueang Chon Buri, Thailand"
2013-02-03T23:31:40+00:00,,The Clubhouse,"13.73836335,100.56303250",foursquare-feed,510ef35ce4b0aaab9411704c,"Vadhana, Thailand"
2013-02-04T07:54:48+00:00,,โฟลว์ เฮาส์,"13.72049632,100.56728380",foursquare-feed,510f6948e4b0b5593f7be149,"Khlong Toei, Thailand"
2013-02-04T08:45:28+00:00,,Carl's Jr.,"13.72168556,100.56598594",foursquare-feed,510f7528e4b0eaed270e2b89,"Khlong Toei, Thailand"
2013-02-06T11:45:06+00:00,,No Idea,"13.73256100,100.56508100",foursquare-feed,51124242e4b08d877065d086,"Khlong Toei, Thailand"
2013-02-07T11:22:36+00:00,,Durty Nelly's Irish Pub,"13.72339744,100.58475852",foursquare-feed,51138e7ce4b05cd1ed73db07,"Vadhana, Thailand"
2013-02-08T05:30:25+00:00,,Lotus's,"13.80175679,100.61406620",foursquare-feed,51148d71e4b07e19b5d8c66b,"Lat Phrao, Thailand"
2013-02-08T07:47:19+00:00,,Swensen's,"13.72123371,100.58319932",foursquare-feed,5114ad87e4b01f2a8f5b5bb0,"Vadhana, Thailand"
2013-02-09T05:17:49+00:00,,Honda Big Wing,"13.80570520,100.61694836",foursquare-feed,5115dbfde4b0810624e9180c,"แขวงลาดพร้าว เขตลาดพร้าว, Thailand"
2013-02-09T06:05:09+00:00,,ครัวแสงดาวเสือ,"13.81779449,100.67540674",foursquare-feed,5115e715e4b03863bdb55617,"Khan Na Yao, Thailand"
2013-02-09T11:32:31+00:00,,Firehouse,"13.74502818,100.55637531",foursquare-feed,511633cfe4b02ebaedc51fdd,"Vadhana, Thailand"
2013-02-10T09:05:49+00:00,,Bangna Nok Temple Pier,"13.67661963,100.58739928",foursquare-feed,511762ede4b07949c1d5f346,"Bang Na, Thailand"
2013-02-10T13:03:26+00:00,,Night Food Stall Street,"13.72370100,100.57903840",foursquare-feed,51179a9ee4b091f4478c47c7,"Khlong Toei, Thailand"
2013-02-11T11:46:17+00:00,,Ramada Hotel & Suites Bangkok,"13.73478760,100.55781814",foursquare-feed,5118da09e4b007746a69110e,"Khlong Toei, Thailand"
2013-02-12T11:54:30+00:00,,Sizzler,"13.72142656,100.58313652",foursquare-feed,511a2d76e4b04e9f8017671e,"Vadhana, Thailand"
2013-02-13T11:02:56+00:00,,Bagel Cafe,"13.72543021,100.58497988",foursquare-feed,511b72e0e4b078c676efe2ee,"Prakanong-Neua, Wattana, Thailand"
2013-02-15T11:35:42+00:00,,Emporium,"13.73042066,100.56890415",foursquare-feed,511e1d8ee4b0401a9ba67f7a,"Khlong Toei, Thailand"
2013-02-15T14:52:52+00:00,,The Imperial Queen's Park Hotel,"13.73040129,100.56539297",foursquare-feed,511e4bc4e4b000e3629b1488,"Khlong Toei, Thailand"
2013-02-17T00:20:14+00:00,,Starbucks,"13.56986133,100.28891278",foursquare-feed,5120223ee4b06dc35d7baba0,"Samut Sakhon, Thailand"
2013-02-17T03:07:09+00:00,,หลักสองออยล์,"13.60148787,100.14588070",foursquare-feed,5120495de4b016a074f57653,Thailand
2013-02-17T07:40:12+00:00,,Bangnamphung Floating Market,"13.68072363,100.57519913",foursquare-feed,5120895ce4b0bc189334cc27,"Phra Pradaeng, Thailand"
2013-02-17T10:20:47+00:00,,Bangkok Tree House,"13.68033552,100.58515903",foursquare-feed,5120aeffe4b0d82e61549b7e,"Phra Pradaeng, Thailand"
2013-02-17T11:59:33+00:00,,Bangkok Tree House,"13.68033552,100.58515903",foursquare-feed,5120c625e4b0b99eb045b175,"Phra Pradaeng, Thailand"
2013-02-17T12:00:15+00:00,,ท่าเรือวัดบางน้ำผึ้งนอก,"13.68256065,100.58690494",foursquare-feed,5120c64fe4b0d10dc69dd1dd,"Phra Pradaeng, Thailand"
2013-02-18T02:08:52+00:00,,Pro Wash Carcare,"13.72992217,100.59386089",foursquare-feed,51218d34e4b045d03fe4f6c3,"Vadhana, Thailand"
2013-02-18T11:56:09+00:00,,MBK Center,"13.74558077,100.53018005",foursquare-feed,512216d9e4b045d0430334f9,"Pathum Wan, Thailand"
2013-02-19T12:24:58+00:00,,Durty Nelly's Irish Pub,"13.72339744,100.58475852",foursquare-feed,51236f1ae4b0424404f8c862,"Vadhana, Thailand"
2013-02-20T13:14:39+00:00,,Siam Center,"13.74622445,100.53298710",foursquare-feed,5124cc3fe4b0393d92d0c814,"Pathum Wan, Thailand"
2013-02-20T14:01:34+00:00,,The Coffee Club,"13.72028931,100.58432912",foursquare-feed,5124d73ee4b0393d932d3245,"Vadhana, Thailand"
2013-02-21T12:06:53+00:00,,Banrie Bai Ka Prao,"13.72033024,100.58451906",foursquare-feed,51260ddde4b0a5981f6443fa,"Vadhana, Thailand"
2013-02-22T11:30:10+00:00,,OZONO,"13.74475605,100.57296489",foursquare-feed,512756c2e4b004143661be0d,"Vadhana, Thailand"
2013-02-23T01:33:59+00:00,,Ramada Hotel & Suites Bangkok,"13.73478760,100.55781814",foursquare-feed,51281c87e4b044f60142122e,"Khlong Toei, Thailand"
2013-02-23T04:01:22+00:00,,Pantaree Restaurant,"13.73805989,100.55859518",foursquare-feed,51283f12e4b040b1c70e2f06,"Khlong Toei, Thailand"
2013-02-23T12:46:54+00:00,,Sizzler,"13.72142656,100.58313652",foursquare-feed,5128ba3ee4b044f604f97596,"Vadhana, Thailand"
2013-02-25T07:34:25+00:00,,Samitivej Sukhumvit Hospital,"13.73507210,100.57700857",foursquare-feed,512b1401e4b0e22f0a6f8d7a,"Vadhana, Thailand"
2013-02-28T08:06:30+00:00,,Immigration Division 1,"13.88122827,100.56493947",foursquare-feed,512f1006e4b0506f0d79bb0f,"Lak Si, Thailand"
2013-02-28T10:40:01+00:00,,Phyathai 3 Hospital,"13.72317146,100.46371398",foursquare-feed,512f3401e4b008bf003931d2,"Phasi Charoen, Thailand"
2013-02-28T12:05:01+00:00,,Bua,"13.67166598,100.54388004",foursquare-feed,512f47ede4b09e3de3133752,"Yan Nawa, Thailand"
2013-03-01T12:44:17+00:00,,The Dubliner,"13.73213137,100.56835413",foursquare-feed,5130a2a1e4b02bbf3f93be58,"Vadhana, Thailand"
2013-03-01T15:19:45+00:00,,Back Rooftop VIP at Qup,"13.74534376,100.55611214",foursquare-feed,5130c711e4b04f77335c02f9,"Vadhana, Thailand"
2013-03-01T16:41:15+00:00,,Levels Club & Lounge,"13.74426836,100.55654127",foursquare-feed,5130da2be4b07cce3994bedc,"Vadhana, Thailand"
2013-03-02T06:18:00+00:00,,Playtime,"13.72329807,100.58426308",foursquare-feed,51319998e4b0a7dd5f2ce2ea,"Vadhana, Thailand"
2013-03-02T15:04:26+00:00,,IKEA,"13.64504431,100.68010641",foursquare-feed,513214fae4b0872502879a16,"Bang Phli, Thailand"
2013-03-05T12:04:46+00:00,,Bourbon Street Bar & Restaurant,"13.72238200,100.58445400",foursquare-feed,5135df5ee4b04ec635b8cf37,"Vadhana, Thailand"
2013-03-06T15:37:39+00:00,,Durty Nelly's Irish Pub,"13.72339744,100.58475852",foursquare-feed,513762c3e4b0cff30afba4f4,"Vadhana, Thailand"
2013-03-07T09:35:49+00:00,,"Sunbelt Asia Co.,Ltd.","13.75856049,100.56530909",foursquare-feed,51385f75e4b09f621381bf1f,"Phra Nakhon, Thailand"
2013-03-07T10:30:22+00:00,,Fortune Town,"13.75848526,100.56540359",foursquare-feed,51386c3ee4b0288543531f74,"Din Daeng, Thailand"
2013-03-08T11:01:21+00:00,,Fortune Town,"13.75848526,100.56540359",foursquare-feed,5139c501e4b0c75bc883d9a8,"Din Daeng, Thailand"
2013-03-08T11:35:46+00:00,,Siam Paragon,"13.74697923,100.53491235",foursquare-feed,5139cd12e4b0b10ea4ef57c8,"Pathum Wan, Thailand"
2013-03-08T13:43:28+00:00,,BTS Udom Suk,"13.67986969,100.60948652",foursquare-feed,5139eb00e4b044031a812181,"Bang Na, Thailand"
2013-03-09T12:33:41+00:00,,The Coffee Club,"13.72028931,100.58432912",foursquare-feed,513b2c25e4b0b8869f39a506,"Vadhana, Thailand"
2013-03-10T04:56:49+00:00,,Pro Wash Carcare,"13.72992217,100.59386089",foursquare-feed,513c1291e4b02357e3da8b9a,"Vadhana, Thailand"
2013-03-10T09:38:07+00:00,,centralwOrld,"13.74663620,100.53965627",foursquare-feed,513c547fe4b06af92d493007,"Pathum Wan, Thailand"
2013-03-11T12:44:47+00:00,,Charoensuk Animal Hospital,"13.73124024,100.58538122",foursquare-feed,513dd1bfe4b0d67bbbbce174,"Vadhana, Thailand"
2013-03-13T09:54:36+00:00,,Samitivej Sukhumvit Hospital,"13.73507210,100.57700857",foursquare-feed,51404cdce4b00daaddb0e4f0,"Vadhana, Thailand"
2013-03-13T13:09:46+00:00,,BREW Beers & Ciders,"13.73337844,100.58143474",foursquare-feed,51407a9ae4b062f625ead6e8,"Vadhana, Thailand"
2013-03-15T02:16:20+00:00,,Au Bon Pain,"13.73511540,100.57671488",foursquare-feed,51428474e4b0ed42738050a9,"Vadhana, Thailand"
2013-03-15T08:29:55+00:00,,Siam Paragon,"13.74697923,100.53491235",foursquare-feed,5142dc03e4b0455b2bc12c54,"Pathum Wan, Thailand"
2013-03-16T03:03:12+00:00,,Au Bon Pain,"13.73511540,100.57671488",foursquare-feed,5143e0f0e4b0a3e6f0071276,"Vadhana, Thailand"
2013-03-19T11:45:18+00:00,,Bourbon Street Bar & Restaurant,"13.72238200,100.58445400",foursquare-feed,51484fcee4b0ce4195d34a4f,"Vadhana, Thailand"
2013-03-20T04:59:35+00:00,,GPF Witthayu Towers,"13.73748770,100.54664776",foursquare-feed,51494237e4b00d7f72c41c7d,"Pathum Wan, Thailand"
2013-03-20T10:14:41+00:00,,Moom-Muum Park,"13.73738459,100.56040964",foursquare-feed,51498c11e4b0f0b190b65117,"Vadhana, Thailand"
2013-03-20T12:39:47+00:00,,The Westin Grande Sukhumvit Bangkok,"13.73843200,100.55949420",foursquare-feed,5149ae13e4b011fbdd000d7b,"Vadhana, Thailand"
2013-03-23T12:35:02+00:00,,Sizzler,"13.72142656,100.58313652",foursquare-feed,514da176e4b0ae5337b0e65d,"Vadhana, Thailand"
2013-03-24T06:20:35+00:00,,Plaza Lagoon,"13.81923359,100.59228801",foursquare-feed,514e9b33e4b066e1fb2dbf9c,"Lat Phrao, Thailand"
2013-03-24T06:21:51+00:00,,Praewa Hair Love U,"13.81927310,100.59210445",foursquare-feed,514e9b7fe4b0eeb902884d73,"Phra Nakhon, Thailand"
2013-03-26T02:42:29+00:00,,TrueCoffee,"13.74565144,100.53353863",foursquare-feed,51510b15e4b0c555e782da1b,"Pathum Wan, Thailand"
2013-03-26T11:44:02+00:00,,Bourbon Street Bar & Restaurant,"13.72238200,100.58445400",foursquare-feed,51518a02e4b0a3c5cc3d2c45,"Vadhana, Thailand"
2013-03-28T11:48:09+00:00,,Bourbon Street Bar & Restaurant,"13.72238200,100.58445400",foursquare-feed,51542df9e4b0a9b0bb5c58f6,"Vadhana, Thailand"
2013-03-29T03:03:10+00:00,,The Coffee Club,"13.72028931,100.58432912",foursquare-feed,5155046ee4b0bc5849b15d07,"Vadhana, Thailand"
2013-03-29T12:04:34+00:00,,Superbdog,"13.74007787,100.55563898",foursquare-feed,51558352e4b0ec2394ee8bc9,"Phra Nakhon, Thailand"
2013-03-30T10:29:02+00:00,,Gossip,"13.73457830,100.58116477",foursquare-feed,5156be6ee4b0001ce1b6ee36,"Vadhana, Thailand"
2013-03-30T17:02:52+00:00,,The Dubliner,"13.73213137,100.56835413",foursquare-feed,51571abce4b0655011a750ae,"Vadhana, Thailand"
2013-04-02T02:02:03+00:00,,Pro Wash Carcare,"13.72992217,100.59386089",foursquare-feed,515a3c1be4b08549aa7d7817,"Vadhana, Thailand"
2013-04-04T07:01:43+00:00,,centralwOrld,"13.74663620,100.53965627",foursquare-feed,515d2557e4b0d45b1423eb3c,"Pathum Wan, Thailand"
2013-04-04T07:31:33+00:00,,MBK Center,"13.74558077,100.53018005",foursquare-feed,515d2c55e4b0246c73f4eca7,"Pathum Wan, Thailand"
2013-04-05T13:45:46+00:00,,Scoozi Pizza,"13.72127463,100.58452368",foursquare-feed,515ed58ae4b02caa26d5bff7,"Vadhana, Thailand"
2013-04-06T04:21:54+00:00,,The Crystal,"13.81195016,100.61902020",foursquare-feed,515fa2e2e4b0bbcae9ed6834,"Lat Phrao, Thailand"
2013-04-06T05:07:55+00:00,,Cha Cha Cha,"13.73425573,100.58252491",foursquare-feed,515fadabe4b00021fdee4ac3,"Vadhana, Thailand"
2013-04-06T05:08:21+00:00,,Mother Care,"13.73429221,100.58194267",foursquare-feed,515fadc5e4b013712ebba6b7,"Vadhana, Thailand"
2013-04-09T12:46:42+00:00,,Lotus's,"13.80175679,100.61406620",foursquare-feed,51640db2e4b0b30e42e0c1ad,"Lat Phrao, Thailand"
2013-04-11T11:04:04+00:00,,MBK Center,"13.74558077,100.53018005",foursquare-feed,516698a4e4b02bbf83aa0f40,"Pathum Wan, Thailand"
2013-04-13T09:46:32+00:00,,โฟลว์ เฮาส์,"13.72049632,100.56728380",foursquare-feed,51692978e4b05f846e0d99cc,"Khlong Toei, Thailand"
2013-04-13T11:29:03+00:00,,V8 Diner,"13.73797156,100.55849627",foursquare-feed,5169417fe4b0782eb985fb95,"Khlong Toei, Thailand"
2013-04-13T19:32:46+00:00,,Pantaree Restaurant,"13.73805989,100.55859518",foursquare-feed,5169b2dee4b0bedb0aae115a,"Khlong Toei, Thailand"
2013-04-14T05:54:24+00:00,,CheeseCake House & Restaurant,"13.72135925,100.58314600",foursquare-feed,516a4490e4b01d37b618d528,"Vadhana, Thailand"
2013-04-15T08:34:41+00:00,,Banrie Bai Ka Prao,"13.72033024,100.58451906",foursquare-feed,516bbba1e4b0ab97032554ad,"Vadhana, Thailand"
2013-04-15T13:22:06+00:00,,Jiang Fish Ball,"13.72676243,100.58524371",foursquare-feed,516bfefe498e19f9f668c4dc,"Vadhana, Thailand"
2013-04-16T03:32:21+00:00,,Suvarnabhumi Airport,"13.69200261,100.75055122",foursquare-feed,516cc645498e6c0b6b0087d5,"Bang Phli, Thailand"
2013-04-16T07:21:53+00:00,,Banrie Bai Ka Prao,"13.72033024,100.58451906",foursquare-feed,516cfc11e4b0eb3a2953e748,"Vadhana, Thailand"
2013-04-16T11:13:15+00:00,,Bourbon Street Bar & Restaurant,"13.72238200,100.58445400",foursquare-feed,516d324be4b0a7a7e3de0d7a,"Vadhana, Thailand"
2013-04-17T03:32:48+00:00,,Benchasiri Park,"13.73072438,100.56744218",foursquare-feed,516e17e0e4b0d509346f1654,"Khlong Toei, Thailand"
2013-04-18T06:27:56+00:00,,Saban-Nga,"13.40906288,99.96264837",foursquare-feed,516f926ce4b0425df3f1db4f,"Amphawa, Thailand"
2013-04-18T08:19:48+00:00,,บ้านอนุรักษ์แมวไทย,"13.43125319,99.94713405",foursquare-feed,516faca4e4b0ef1e1ca9c7f6,"Amphawa, Thailand"
2013-04-18T08:49:38+00:00,,Amphawa Floating Market,"13.42511174,99.95506241",foursquare-feed,516fb3a2e4b020d0894745d9,"Amphawa, Thailand"
2013-04-18T09:35:35+00:00,,Tha Kha Floating Market,"13.47197594,99.99487937",foursquare-feed,516fbe67498e973213511d87,"Amphawa, Thailand"
2013-04-19T08:47:09+00:00,,Don Mueang International Airport,"13.91759694,100.60160266",foursquare-feed,5171048de4b01cab0ef6c89c,"Don Mueang, Thailand"
2013-04-19T10:40:59+00:00,,Chiang Mai International Airport,"18.76925805,98.96797035",foursquare-feed,51711f3be4b02d982f0beed9,"Mueang Chiang Mai, Thailand"
2013-04-19T11:55:53+00:00,,De Naga Chiang Mai Hotel,"18.78620973,98.99252434",foursquare-feed,517130c9e4b0c855bbbbcff0,Thailand
2013-04-19T12:41:07+00:00,,Chiang Mai Night Safari,"18.74199736,98.91796160",foursquare-feed,51713b63498eac949958a4c1,"Mueang Chiang Mai, Thailand"
2013-04-19T16:19:35+00:00,,John's Place,"18.78609740,98.99313206",foursquare-feed,51716e97498e61d2a0df405c,"Mueang Chiang Mai, Thailand"
2013-04-20T06:48:17+00:00,,John's Place,"18.78609740,98.99313206",foursquare-feed,51723a31498e18205cec8fed,"Mueang Chiang Mai, Thailand"
2013-04-20T06:52:31+00:00,,Queen Sirikit Botanic Garden,"18.89129832,98.86274070",foursquare-feed,51723b2fe4b0e656c188a59a,"Mae Rim, Thailand"
2013-04-20T07:25:34+00:00,,Monkey School Chiang Mai,"18.91715116,98.90895737",foursquare-feed,517242eee4b076a9b3e895e7,"Mae Rim, Thailand"
2013-04-20T09:27:37+00:00,,Mickey Cafe,"18.78403417,98.99038162",foursquare-feed,51725f89e4b0bbda1e60e9f8,"Mueang Chiang Mai, Thailand"
2013-04-21T05:46:29+00:00,,Khun Churn Thai Vegetarian Cuisine,"18.77235436,98.98000360",foursquare-feed,51737d35e4b0d6867d0ef119,"Mueang Chiang Mai, Thailand"
2013-04-21T12:04:04+00:00,,Terrace Bar And Cuisine,"18.78807592,98.98793972",foursquare-feed,5173d5b4498e6f23ecc4a429,"Mueang Chiang Mai, Thailand"
2013-04-22T03:25:13+00:00,,De Naga Chiang Mai Hotel,"18.78620973,98.99252434",foursquare-feed,5174ad99e4b0ffeb9b8188f1,Thailand
2013-04-22T05:55:08+00:00,,Fondcome Village Resort Chiang Mai,"18.73289731,98.90585237",foursquare-feed,5174d0bce4b049eeb0b91874,"Mueang Chiang Mai, Thailand"
2013-04-22T10:50:52+00:00,,Mae Rim Lagoon,"18.91242657,98.92918470",foursquare-feed,5175160c498e4035bf485b7c,Thailand
2013-04-23T03:13:50+00:00,,Sala Café,"18.90448530,98.92158092",foursquare-feed,5175fc6e498eca6408925f51,"Mae Rim, Thailand"
2013-04-23T05:54:54+00:00,,Wat Phrathat Doi Suthep,"18.80481263,98.92013359",foursquare-feed,5176222ee4b06f861b64f74f,"Mueang Chiang Mai, Thailand"
2013-04-23T07:28:03+00:00,,Central Chiangmai Airport,"18.76915690,98.97502999",foursquare-feed,51763803498e72d53b6bf78e,"Mueang Chiang Mai, Thailand"
2013-04-23T08:09:17+00:00,,Fuji,"18.76970557,98.97503746",foursquare-feed,517641ade4b04f59f9030b73,"Mueang Chiang Mai, Thailand"
2013-04-24T12:37:50+00:00,,Smiling Albino,"13.75407255,100.62978961",foursquare-feed,5177d21ee4b0a28d47e966a4,"Bangkok, Thailand"
2013-04-26T08:59:20+00:00,,MBK Center,"13.74558077,100.53018005",foursquare-feed,517a41e8e4b00f3e196b669d,"Pathum Wan, Thailand"
2013-04-27T03:12:49+00:00,,Roast,"13.73499900,100.58222730",foursquare-feed,517b4231e4b031458a7f30e9,"Vadhana, Thailand"
2013-04-27T07:14:18+00:00,,Terminal21,"13.73741630,100.56038103",foursquare-feed,517b7acae4b08338c8c9e15a,"Vadhana, Thailand"
2013-04-27T08:18:51+00:00,,Moom-Muum Park,"13.73738459,100.56040964",foursquare-feed,517b89ebe4b0514e7c1bbfb2,"Vadhana, Thailand"
2013-04-28T03:29:53+00:00,,Rot Fai Park Flea Market,"13.81662944,100.55308700",foursquare-feed,517c97b1e4b00689f8b212d7,"Chatuchak, Thailand"
2013-04-28T07:11:20+00:00,,Hello Mango 2012,"13.79854319,100.54899063",foursquare-feed,517ccb98e4b055745fb53d64,"Chatuchak, Thailand"
2013-04-30T07:20:24+00:00,,Banrie Bai Ka Prao,"13.72033024,100.58451906",foursquare-feed,517f70b8e4b0d12b7f16f3c3,"Vadhana, Thailand"
2013-04-30T11:19:46+00:00,,DoubleTree by Hilton Hotel Sukhumvit Bangkok,"13.72791673,100.57025548",foursquare-feed,517fa8d2e4b0c63f51b67126,"Khlong Toei, Thailand"
2013-05-01T11:30:59+00:00,,Sizzler,"13.72142656,100.58313652",foursquare-feed,5180fcf3498e14e8430a7d19,"Vadhana, Thailand"
2013-05-03T12:07:07+00:00,,MBK Center,"13.74558077,100.53018005",foursquare-feed,5183a86b498e5906a606f9d3,"Pathum Wan, Thailand"
2013-05-03T12:52:10+00:00,,Sizzler,"13.74359810,100.52945072",foursquare-feed,5183b2fa498e2c68e9a58b8d,"Pathum Wan, Thailand"
2013-05-06T05:57:46+00:00,,Doi Chaang,"13.72976553,100.58590651",foursquare-feed,5187465a498e495f1126b4cf,"Vadhana, Thailand"
2013-05-09T13:59:10+00:00,,Kuppadeli,"13.74555700,100.56255000",foursquare-feed,518babae498ef1c5ee95a76c,"Vadhana, Thailand"
2013-05-11T05:33:27+00:00,,Kidzooona,"13.71855469,100.58544158",foursquare-feed,518dd827498e14439008e990,"Khlong Toei, Thailand"
2013-05-11T07:03:12+00:00,,Kobashi Tokyo Pasta (香ばしい),"13.71839456,100.58537006",foursquare-feed,518ded30498e6b905fe8c91e,"Khlong Toei, Thailand"
2013-05-14T11:05:16+00:00,,Bourbon Street Bar & Restaurant,"13.72238200,100.58445400",foursquare-feed,51921a6c498e94b67fd17177,"Vadhana, Thailand"
2013-05-16T12:15:05+00:00,,MBK Center,"13.74558077,100.53018005",foursquare-feed,5194cdc9498eb3414945fe55,"Pathum Wan, Thailand"
2013-05-17T14:48:45+00:00,,Tenderloins Sports Bar & Steak house,"13.73373756,100.56740125",foursquare-feed,5196434d498ec4cd7e51099d,"Vadhana, Thailand"
2013-05-18T03:41:42+00:00,,Fun-arium,"13.72001814,100.57016658",foursquare-feed,5196f876498e336c7b2e381c,"Khlong Toei, Thailand"
2013-05-18T07:26:37+00:00,,OOTOYA,"13.72085241,100.56935873",foursquare-feed,51972d2d498e46971f09522b,"Khlong Toei, Thailand"
2013-05-19T11:17:27+00:00,,Durty Nelly's Irish Pub,"13.72339744,100.58475852",foursquare-feed,5198b4c7498eb24c757ac6c7,"Vadhana, Thailand"
2013-05-21T12:11:27+00:00,,S&P,"13.72696183,100.58533186",foursquare-feed,519b646f498e561b8095f18a,"Vadhana, Thailand"
2013-05-22T12:21:40+00:00,,CheeseCake House & Restaurant,"13.72135925,100.58314600",foursquare-feed,519cb854498e8f3463726b11,"Vadhana, Thailand"
2013-05-24T11:44:50+00:00,,The Robin Hood,"13.73170500,100.56818700",foursquare-feed,519f52b2498edfc5ad190c37,"Vadhana, Thailand"
2013-05-25T08:36:56+00:00,,Flann O'Brien's Irish Pub,"13.91451639,100.54824893",foursquare-feed,51a07828498e8fe18d615b24,"Ban Mai, Thailand"
2013-05-26T07:36:47+00:00,,Playtime,"13.72329807,100.58426308",foursquare-feed,51a1bb8f498ef12771f50468,"Vadhana, Thailand"
2013-05-26T09:27:55+00:00,,centralwOrld,"13.74663620,100.53965627",foursquare-feed,51a1d59b498e3473159d8c23,"Pathum Wan, Thailand"
2013-05-26T09:29:27+00:00,,Lofter,"13.74440176,100.54454075",foursquare-feed,51a1d5f7498e0981933a4af6,"Pathum Wan, Thailand"
2013-05-28T12:23:57+00:00,,HUBBA Thailand,"13.72524960,100.58764718",foursquare-feed,51a4a1dd498e45f59528952a,"Vadhana, Thailand"
2013-05-28T14:07:40+00:00,,Durty Nelly's Irish Pub,"13.72339744,100.58475852",foursquare-feed,51a4ba2c498ee3b30e224aa0,"Vadhana, Thailand"
2013-05-29T12:44:47+00:00,,Terminal21,"13.73741630,100.56038103",foursquare-feed,51a5f83f498e4e34faacf654,"Vadhana, Thailand"
2013-05-29T12:45:19+00:00,,Sheraton Grande Sukhumvit Bangkok,"13.73741020,100.55908410",foursquare-feed,51a5f85f498e624adc7cd78a,"Khlong Toei, Thailand"
2013-05-29T17:21:20+00:00,,Oskar,"13.74416800,100.55688400",foursquare-feed,51a63910498e252924aa426c,"Vadhana, Thailand"
2013-05-31T08:37:30+00:00,,Belle Grand Rama IX,"13.75999350,100.56878325",foursquare-feed,51a8614a498e01bc25cb513e,"Huai Khwang, Thailand"
2013-06-01T02:33:20+00:00,,Bangkok University International College (BUIC),"13.71167141,100.58246804",foursquare-feed,51a95d70498eee8aabc1c07e,"Khlong Toei, Thailand"
2013-06-02T08:56:45+00:00,,Bangkok University International College (BUIC),"13.71167141,100.58246804",foursquare-feed,51ab08cd498e976a5f47a476,"Khlong Toei, Thailand"
2013-06-02T11:08:12+00:00,,Food Bazaar,"13.68709648,100.64695162",foursquare-feed,51ab279c498e902daa45e14f,"Prawet, Thailand"
2013-06-04T12:10:29+00:00,,Bourbon Street Bar & Restaurant,"13.72238200,100.58445400",foursquare-feed,51add935498e80a75bbb303a,"Vadhana, Thailand"
2013-06-07T11:02:33+00:00,,MBK Center,"13.74558077,100.53018005",foursquare-feed,51b1bdc9498ec20d2efd81a4,"Pathum Wan, Thailand"
2013-06-08T03:07:02+00:00,,Rain Hill,"13.72763061,100.57407305",foursquare-feed,51b29fd6498eb978566800b4,"Vadhana, Thailand"
2013-06-08T03:37:45+00:00,,The Studio,"13.72759491,100.57405468",foursquare-feed,51b2a709498e0b23ab797924,Thailand
2013-06-08T04:34:25+00:00,,Au Bon Pain,"13.72757786,100.57404192",foursquare-feed,51b2b451498e0d22975a52f8,"Vadhana, Thailand"
2013-06-08T15:40:06+00:00,,SMITH,"13.72705504,100.57524617",foursquare-feed,51b35056498ecbdf1f994ce1,"Vadhana, Thailand"
2013-06-10T12:39:42+00:00,,Sizzler,"13.72142656,100.58313652",foursquare-feed,51b5c90e498e4e963038738d,"Vadhana, Thailand"
2013-06-11T05:01:42+00:00,,State Tower,"13.72162125,100.51727703",foursquare-feed,51b6af36498ebbeb484e323e,"Bang Rak, Thailand"
2013-06-11T10:10:45+00:00,,BTS Ratchadamri,"13.73972837,100.53960366",foursquare-feed,51b6f7a5498e8ae18990b100,"Pathum Wan, Thailand"
2013-06-11T13:37:49+00:00,,Superbdog,"13.74007787,100.55563898",foursquare-feed,51b7282d498ebc5ae4aae777,"Phra Nakhon, Thailand"
2013-06-13T13:57:02+00:00,,Opposite Mess Hall,"13.72643500,100.57642300",foursquare-feed,51b9cfae498edc4cea8c46bd,"Vadhana, Thailand"
2013-06-14T13:41:39+00:00,,El Diablo's Burritos,"13.72147744,100.56494235",foursquare-feed,51bb1d93498e42942b735fce,"Khlong Toei, Thailand"
2013-06-15T09:12:51+00:00,,Park Lane,"13.72315192,100.58451284",foursquare-feed,51bc3013498e33719c89acdb,"Vadhana, Thailand"
2013-06-15T12:18:35+00:00,,Omu,"13.72309652,100.58412038",foursquare-feed,51bc5b9b498e5ddfba5603d9,"Vadhana, Thailand"
2013-06-17T11:46:54+00:00,,DoubleTree by Hilton Hotel Sukhumvit Bangkok,"13.72791673,100.57025548",foursquare-feed,51bef72e498ed21d666a77c5,"Khlong Toei, Thailand"
2013-06-19T03:39:02+00:00,,Belle Grand Rama IX,"13.75999350,100.56878325",foursquare-feed,51c127d6498e34520d042b58,"Huai Khwang, Thailand"
2013-06-19T05:14:05+00:00,,SB Design Square,"13.77089341,100.57167113",foursquare-feed,51c13e1d498ecb94e997e82f,"Huai Khwang, Thailand"
2013-06-19T11:56:51+00:00,,Durty Nelly's Irish Pub,"13.72339744,100.58475852",foursquare-feed,51c19c83498e250500d2b4b3,"Vadhana, Thailand"
2013-06-21T14:24:11+00:00,,Oskar,"13.74416800,100.55688400",foursquare-feed,51c4620b498eb080aa136221,"Vadhana, Thailand"
2013-06-22T09:24:04+00:00,,The British Club Bangkok,"13.72637000,100.52378174",foursquare-feed,51c56d34498e52a01b84e552,"Bang Rak, Thailand"
2013-06-23T02:14:43+00:00,,Ricky's Coffee Shop,"13.76192112,100.49324637",foursquare-feed,51c65a13e4b03190abdf9dd8,"Phra Nakhon, Thailand"
2013-06-23T10:52:57+00:00,,Kidzooona,"13.71855469,100.58544158",foursquare-feed,51c6d389498e0c20eafae42f,"Khlong Toei, Thailand"
2013-06-25T11:36:00+00:00,,Bourbon Street Bar & Restaurant,"13.72238200,100.58445400",foursquare-feed,51c980a0498e6bed048012f3,"Vadhana, Thailand"
2013-06-26T12:48:23+00:00,,Bangchak,"13.69267495,100.60765386",foursquare-feed,51cae317498e2f0f2c6b7459,"Phra Khanong, Thailand"
2013-06-27T07:21:32+00:00,,Robinson,"13.75914407,100.56601524",foursquare-feed,51cbe7fce4b00bbeeda46762,"Huai Khwang, Thailand"
2013-06-27T14:43:51+00:00,,Octave Rooftop Lounge & Bar,"13.72354925,100.58051915",foursquare-feed,51cc4fa7498e8bd374363a52,"Vadhana, Thailand"
2013-06-29T06:43:02+00:00,,Centurion park condo,"13.78243394,100.54156102",foursquare-feed,51ce81f6498e7f4fcd759566,Thailand
2013-06-30T02:06:28+00:00,,PTT Station,"13.66122865,101.11856965",foursquare-feed,51cf92a4498e55d2b1c4435a,"Chachoengsao, Thailand"
2013-06-30T03:45:06+00:00,,PTT Station @ ทับลาน,"14.21617575,101.89994034",foursquare-feed,51cfa9c2498ef5fae3212bdb,"Prachin Buri, Thailand"
2013-06-30T04:08:34+00:00,,ครัวอิ่มสุข วังน้ำเขียว,"14.38599933,101.80327831",foursquare-feed,51cfaf42498ef93fc480f94d,"Bu Phram, Thailand"
2013-06-30T06:19:32+00:00,,Bonanza  International Speedway,"14.59029560,101.42675921",foursquare-feed,51cfcdf4498e66d5379e98ac,Thailand
2013-06-30T07:28:30+00:00,,Khao Yai National Park,"14.43843275,101.37330080",foursquare-feed,51cfde1e498ec2e74bc24202,"Pak Chong, Thailand"
2013-06-30T08:37:05+00:00,,PTT Station,"14.13476980,101.37780963",foursquare-feed,51cfee31498e7a11522fe05e,"Prachin Buri, Thailand"
2013-06-30T10:02:30+00:00,,7'Eleven,"13.86991208,101.04440370",foursquare-feed,51d00236498e0a43376bc07f,Thailand
2013-07-01T12:35:07+00:00,,Durty Nelly's Irish Pub,"13.72339744,100.58475852",foursquare-feed,51d1777b498e8c1da6bf93b0,"Vadhana, Thailand"
2013-07-05T15:29:34+00:00,,Durty Nelly's Irish Pub,"13.72339744,100.58475852",foursquare-feed,51d6e65e498e8ee4f1170250,"Vadhana, Thailand"
2013-07-06T07:09:34+00:00,,KIS International School,"13.77151561,100.58952006",foursquare-feed,51d7c2ae498e2622ab954733,"Huai Khwang, Thailand"
2013-07-10T08:45:20+00:00,,Belle Grand Rama IX,"13.75999350,100.56878325",foursquare-feed,51dd1f20498ebac0bcbde985,"Huai Khwang, Thailand"
2013-07-10T13:05:32+00:00,,Night Food Stall Street,"13.72370100,100.57903840",foursquare-feed,51dd5c1c498e3265d3229dcd,"Khlong Toei, Thailand"
2013-07-11T12:15:44+00:00,,Night Food Stall Street,"13.72370100,100.57903840",foursquare-feed,51dea1f0498edd1da42f9d7f,"Khlong Toei, Thailand"
2013-07-11T12:31:33+00:00,,Beer Vault,"13.73922738,100.55828197",foursquare-feed,51dea5a5498ee8a04fa3cd23,"Vadhana, Thailand"
2013-07-12T14:55:45+00:00,,Bangkok Marriott Hotel Sukhumvit,"13.72342610,100.58053520",foursquare-feed,51e018f1498e8fc948da06a6,"Vadhana, Thailand"
2013-07-12T19:06:32+00:00,,Q Bar,"13.74508965,100.55625439",foursquare-feed,51e053b8498e78c0ead5bc00,"Khlong Toei, Thailand"
2013-07-14T11:38:13+00:00,,Gateway Ekamai,"13.71892767,100.58520524",foursquare-feed,51e28da5498ebf3b18702dad,"Khlong Toei, Thailand"
2013-07-16T12:01:44+00:00,,Bourbon Street Bar & Restaurant,"13.72238200,100.58445400",foursquare-feed,51e53628498e1bf1003e1223,"Vadhana, Thailand"
2013-07-20T09:07:03+00:00,,Bangkok Planetarium,"13.72005870,100.58290224",foursquare-feed,51ea5337498ebbfa08ba5a56,"Khlong Toei, Thailand"
2013-07-23T12:39:13+00:00,,Bourbon Street Bar & Restaurant,"13.72238200,100.58445400",foursquare-feed,51ee7971498e1229103a901b,"Vadhana, Thailand"
2013-07-24T12:08:22+00:00,,MBK Center,"13.74558077,100.53018005",foursquare-feed,51efc3b6498e0273a8005c69,"Pathum Wan, Thailand"
2013-07-25T03:16:23+00:00,,Embassy of the United States of America,"13.73595940,100.54749627",foursquare-feed,51f09887498ec8a991ec4fdf,"Pathum Wan, Thailand"
2013-07-26T09:57:25+00:00,,The Continent Hotel,"13.73611300,100.56235300",foursquare-feed,51f24805498e484c82b0d9eb,"Vadhana, Thailand"
2013-07-28T08:05:57+00:00,,Superstar Academy,"13.73949736,100.58457739",foursquare-feed,51f4d0e5498e665b67c61ca0,"Vadhana, Thailand"
2013-07-29T13:12:36+00:00,,Ambassador's Court,"13.73650567,100.54202686",foursquare-feed,51f66a44498e8fc2d2bd7d51,"Phra Nakhon, Thailand"
2013-07-29T14:35:37+00:00,,Khrua Nai Baan,"13.73534100,100.54223700",foursquare-feed,51f67db9498e51c0cf8b6808,"Pathum Wan, Thailand"
2013-08-04T07:00:11+00:00,,Terminal21,"13.73741630,100.56038103",foursquare-feed,51fdfbfb498eeb50026259d9,"Vadhana, Thailand"
2013-08-04T07:01:37+00:00,,Olivié Café,"13.73771759,100.56026459",foursquare-feed,51fdfc51498e09e916e5216c,"Vadhana, Thailand"
2013-08-05T00:28:59+00:00,,The Coffee Club,"13.72028931,100.58432912",foursquare-feed,51fef1cb498e72ad0618f64b,"Vadhana, Thailand"
2013-08-09T13:15:33+00:00,,Myeong Ga,"13.73814836,100.55799686",foursquare-feed,5204eb75498e600599b0762b,"Khlong Toei, Thailand"
2013-08-10T04:53:34+00:00,,Phyathai 2 Hospital,"13.76966767,100.54086887",foursquare-feed,5205c74e11d23e81b5d51039,"Phaya Thai, Thailand"
2013-08-10T11:47:41+00:00,,Central Rama 9,"13.75803280,100.56592564",foursquare-feed,5206285d11d2ae42d8f111e0,"Huai Khwang, Thailand"
2013-08-12T00:42:44+00:00,,The Coffee Club,"13.72028931,100.58432912",foursquare-feed,52082f8411d22b8ef231b6e7,"Vadhana, Thailand"
2013-08-12T08:37:50+00:00,,BTS Talat Phlu,"13.71428795,100.47694445",foursquare-feed,52089ede11d2396d118efd1d,"Thon Buri, Thailand"
2013-08-12T08:58:14+00:00,,BTS Wongwian Yai,"13.72118111,100.49495837",foursquare-feed,5208a3a611d252a89227f3a3,"Khlong San, Thailand"
2013-08-15T11:42:03+00:00,,Sizzler,"13.72142656,100.58313652",foursquare-feed,520cbe8b11d2200c44cbd04b,"Vadhana, Thailand"
2013-08-16T12:33:39+00:00,,Big C,"13.79127836,100.54916095",foursquare-feed,520e1c2311d2dac1f982abc5,"Phaya Thai, Thailand"
2013-08-17T06:04:21+00:00,,Sabaijai Kebtawan,"13.73001300,100.58560700",foursquare-feed,520f126511d2a782f125d5a6,"Vadhana, Thailand"
2013-08-18T09:19:16+00:00,,J Avenue,"13.73435622,100.58196187",foursquare-feed,5210919411d232275aebc7ed,"Vadhana, Thailand"
2013-08-18T09:19:32+00:00,,Greyhound Café,"13.73452700,100.58230000",foursquare-feed,521091a411d2a20e68074377,"Vadhana, Thailand"
2013-08-19T00:57:39+00:00,,The Coffee Club,"13.72028931,100.58432912",foursquare-feed,52116d8311d214b068b5321f,"Vadhana, Thailand"
2013-08-20T02:14:40+00:00,,KASIKORNBANK,"13.72603533,100.58507974",foursquare-feed,5212d11011d29491a77059d1,"Vadhana, Thailand"
2013-08-21T13:00:12+00:00,,Bourbon Street Bar & Restaurant,"13.72238200,100.58445400",foursquare-feed,5214b9dc498e5ee224a9c9e9,"Vadhana, Thailand"
2013-08-24T03:36:31+00:00,,Vachirabenjatas Park (Rot Fai Park),"13.81647611,100.55368289",foursquare-feed,52182a3f498ef291f703684d,"Chatuchak, Thailand"
2013-08-24T06:58:43+00:00,,Bluedoor,"13.72925465,100.58640350",foursquare-feed,521859a311d2c1f1e0dc72fd,"Vadhana, Thailand"
2013-08-25T02:00:36+00:00,,Montien Riverside Hotel,"13.68848178,100.50786976",foursquare-feed,5219654411d2064182288383,"Bang Kho Laem, Thailand"
2013-08-25T08:02:45+00:00,,Superstar Academy,"13.73949736,100.58457739",foursquare-feed,5219ba2511d2e439ce6362e7,"Vadhana, Thailand"
2013-08-28T08:18:09+00:00,,Belle Grand Rama IX,"13.75999350,100.56878325",foursquare-feed,521db24111d2b8029110ef49,"Huai Khwang, Thailand"
2013-08-28T09:59:48+00:00,,Union Mall,"13.81347179,100.56177127",foursquare-feed,521dca1411d2b30dcfbb2325,"Chatuchak, Thailand"
2013-08-28T12:54:05+00:00,,Bombay Blues,"13.73217474,100.58277492",foursquare-feed,521df2ed11d2f6bcf2ac4d97,"Vadhana, Thailand"
2013-08-30T09:00:28+00:00,,Department of Consular Affairs,"13.89023945,100.56713472",foursquare-feed,52205f2c11d28be710da8264,"Lak Si, Thailand"
2013-08-31T03:16:11+00:00,,KidZania Bangkok,"13.74786280,100.53537908",foursquare-feed,52215ffb498e08037411ed12,"Pathum Wan, Thailand"
2013-09-01T07:38:37+00:00,,Cheesecake House,"13.73921765,100.58679065",foursquare-feed,5222eefd11d241e79df3e319,"Vadhana, Thailand"
2013-09-03T11:15:32+00:00,,Bourbon Street Bar & Restaurant,"13.72238200,100.58445400",foursquare-feed,5225c4d411d254b795835e8b,"Vadhana, Thailand"
2013-09-04T11:36:30+00:00,,Teppen,"13.72294807,100.58340139",foursquare-feed,52271b3e11d294cca2ed9d75,"Vadhana, Thailand"
2013-09-06T09:42:29+00:00,,Praewa Hair Love U,"13.81927310,100.59210445",foursquare-feed,5229a385498e53251bf00326,"Phra Nakhon, Thailand"
2013-09-06T10:34:53+00:00,,Plaza Lagoon,"13.81923359,100.59228801",foursquare-feed,5229afcd11d27baf364a2f05,"Lat Phrao, Thailand"
2013-09-06T15:00:14+00:00,,The Old Dutch,"13.73692447,100.56271312",foursquare-feed,5229edfe11d2e01bda73b4b7,"Vadhana, Thailand"
2013-09-07T06:21:03+00:00,,Bangchak,"13.67815294,100.63205825",foursquare-feed,522ac5cf11d26d68a1a80f10,Thailand
2013-09-07T09:26:48+00:00,,Buddhadasa Indapanno Archives (BIA),"13.81691145,100.55625439",foursquare-feed,522af15811d2d05dbd81f369,"Chatuchak, Thailand"
2013-09-08T06:02:12+00:00,,Cheesecake House,"13.73921765,100.58679065",foursquare-feed,522c12e4498e6c5186e8dbf4,"Vadhana, Thailand"
2013-09-12T03:18:53+00:00,,The Coffee Club,"13.72028931,100.58432912",foursquare-feed,5231329d11d28440c3d83d2e,"Vadhana, Thailand"
2013-09-14T06:49:55+00:00,,Mega Plaza,"13.64678400,100.68046300",foursquare-feed,52340713498e03427fc9bef4,"Bang Phli, Thailand"
2013-09-14T06:50:28+00:00,,IKEA,"13.64504431,100.68010641",foursquare-feed,52340734498eb85f0a282fc3,"Bang Phli, Thailand"
2013-09-15T07:12:18+00:00,,Belle Grand Rama IX,"13.75999350,100.56878325",foursquare-feed,52355dd2498edf4ada7e6f09,"Huai Khwang, Thailand"
2013-09-16T01:40:47+00:00,,The Coffee Club,"13.72028931,100.58432912",foursquare-feed,5236619f11d25eb2953c77c4,"Vadhana, Thailand"
2013-09-17T10:59:19+00:00,,Bourbon Street Bar & Restaurant,"13.72238200,100.58445400",foursquare-feed,5238360711d2addf5715d23d,"Vadhana, Thailand"
2013-09-21T05:27:17+00:00,,ข้าวมันไก่ สูตรไหหลำ,"13.72821908,100.59607239",foursquare-feed,523d2e3511d2076f140ec9c8,"Phra Nakhon, Thailand"
2013-09-23T03:30:03+00:00,,The Coffee Club,"13.72028931,100.58432912",foursquare-feed,523fb5bb498e092fab5ed0e9,"Vadhana, Thailand"
2013-09-23T04:59:40+00:00,,โรงแรมรอยัลออคิดเชอราตัน,"13.72905300,100.51357400",foursquare-feed,523fcabc11d2f75825fd6b2e,"Bang Rak, Thailand"
2013-09-24T03:19:07+00:00,,Centerpoint of Siam Square,"13.74553077,100.53331413",foursquare-feed,524104ab11d2f2fbca98b0b1,"Pathum Wan, Thailand"
2013-09-25T02:56:09+00:00,,HomePro Plus,"13.76986911,100.57151527",foursquare-feed,524250c911d2830aeba85ee7,"Din Daeng, Thailand"
2013-09-25T04:02:10+00:00,,Unlimit Mac Repair,"13.81468214,100.57843143",foursquare-feed,52426042498e3ad00501f87f,"Phra Nakhon, Thailand"
2013-09-25T04:57:55+00:00,,Pronto Marketing World HQ,"13.79225184,100.54431611",foursquare-feed,52426d5311d28ce4c9a65a0a,"Phaya Thai, Thailand"
2013-09-25T08:13:29+00:00,,Chamchuri Square,"13.73283084,100.53035033",foursquare-feed,52429b2911d20357f00d2b01,"Pathum Wan, Thailand"
2013-09-26T12:13:44+00:00,,HUBBA Thailand,"13.72524960,100.58764718",foursquare-feed,524424f8498e7347fe8f9695,"Vadhana, Thailand"
2013-09-27T05:04:06+00:00,,The Coffee Club,"13.72028931,100.58432912",foursquare-feed,524511c611d2c0f53f98a7e9,"Vadhana, Thailand"
2013-09-28T12:17:06+00:00,,Zaab Eli,"13.73245611,100.58473394",foursquare-feed,5246c8c211d276b68cc4a59f,"Vadhana, Thailand"
2013-09-28T15:07:04+00:00,,The Iron Fairies & Co,"13.73334015,100.58235747",foursquare-feed,5246f098498e224febb0dbe2,"Vadhana, Thailand"
2013-09-29T10:55:14+00:00,,Greyhound Café,"13.73452700,100.58230000",foursquare-feed,52480712498ec7a2d4e6f005,"Vadhana, Thailand"
2013-09-30T11:58:08+00:00,,Mobile Monday Bangkok #7 - MoMoBKK,"13.72326946,100.58042908",foursquare-feed,52496750498eb8daa98498ec,Thailand
2013-10-01T10:52:55+00:00,,สระว่ายน้ำ บ้านกล้วย,"13.72068613,100.58155016",foursquare-feed,524aa987498eb4388df78873,"คลองเตยเหนือ, Thailand"
2013-10-03T03:58:56+00:00,,Unlimit Mac Repair,"13.81468214,100.57843143",foursquare-feed,524ceb8011d2b589ae835afb,"Phra Nakhon, Thailand"
2013-10-03T05:31:02+00:00,,Samsung Service Center,"13.75842447,100.56564334",foursquare-feed,524d011611d27a9e46949cc9,"Huai Khwang, Thailand"
2013-10-04T10:38:07+00:00,,Queen Sirikit National Convention Center (QSNCC),"13.72418955,100.55889130",foursquare-feed,524e9a8f11d203ca5551e2e0,"Khlong Toei, Thailand"
2013-10-05T03:17:46+00:00,,Playtime,"13.72329807,100.58426308",foursquare-feed,524f84da11d2df93fa60065e,"Vadhana, Thailand"
2013-10-08T13:15:49+00:00,,Bourbon Street Bar & Restaurant,"13.72238200,100.58445400",foursquare-feed,5254058511d21702771e7285,"Vadhana, Thailand"
2013-10-09T10:20:46+00:00,,Sukumvit Hospital,"13.71870510,100.58694624",foursquare-feed,52552dfe498ef95479955548,"Vadhana, Thailand"
2013-10-11T01:49:30+00:00,,The Coffee Club,"13.72028931,100.58432912",foursquare-feed,5257592a11d23653ef162fe8,"Vadhana, Thailand"
2013-10-11T11:25:37+00:00,,Brotzeit,"13.73233644,100.58222620",foursquare-feed,5257e03111d2fc94d9d9dbbd,"Vadhana, Thailand"
2013-10-11T15:16:14+00:00,,Bangkok Burger Company,"13.73234540,100.58255048",foursquare-feed,5258163e498ec50b62aa426b,"Vadhana, Thailand"
2013-10-12T07:39:43+00:00,,Supapong Condominium,"13.80610477,100.58147321",foursquare-feed,5258fcbf11d2145ec42d66d2,Thailand
2013-10-12T09:50:37+00:00,,Hua Mak Sports Complex,"13.75824786,100.62498093",foursquare-feed,52591b6d498e767801d2cf03,"Bang Kapi, Thailand"
2013-10-13T05:14:26+00:00,,Superstar Academy,"13.73949736,100.58457739",foursquare-feed,525a2c32498e3323567113ff,"Vadhana, Thailand"
2013-10-13T07:20:05+00:00,,Greyhound Café,"13.73452700,100.58230000",foursquare-feed,525a49a5498e8e9648e32526,"Vadhana, Thailand"
2013-10-13T11:18:38+00:00,,Maidreamin (เมดดรีมมิน) めいどりーみん,"13.71887400,100.58517694",foursquare-feed,525a818e498e1c202a8126a7,"Khlong Toei, Thailand"
2013-10-15T15:11:31+00:00,,Sip Wine Bar & Tasting,"13.72567366,100.58496548",foursquare-feed,525d5b2311d22455616d754f,"Vadhana, Thailand"
2013-10-16T04:34:56+00:00,,RLG Group of Companies (อาร์แอลจี),"13.83001073,100.53847512",foursquare-feed,525e1770498e9461de30c861,"Bangsue, Thailand"
2013-10-16T09:47:39+00:00,,Siam Paragon,"13.74697923,100.53491235",foursquare-feed,525e60bb11d2f9ee43cc3c4a,"Pathum Wan, Thailand"
2013-10-16T10:11:55+00:00,,TrueCoffee,"13.74579964,100.53201824",foursquare-feed,525e666b11d223416a3aeb61,"Pathum Wan, Thailand"
2013-10-17T14:05:00+00:00,,The Dynasty Hotel Bangkok,"13.75834606,100.61274697",foursquare-feed,525fee8c11d2d2e33da3d804,"Bang Kapi, Thailand"
2013-10-19T05:41:16+00:00,,เดอะ คอฟฟี่ คลับ,"13.73865137,100.54127760",foursquare-feed,52621b7c11d2f98354eec0e5,"Pathum Wan, Thailand"
2013-10-19T12:13:48+00:00,,Sip Wine Bar & Tasting,"13.72567366,100.58496548",foursquare-feed,5262777c498edf37a37df7c6,"Vadhana, Thailand"
2013-10-20T02:22:15+00:00,,Xinghua School,"13.72224500,100.57029100",foursquare-feed,52633e5711d201a791ee5c61,Thailand
2013-10-20T04:19:04+00:00,,S&P,"13.72164950,100.56915560",foursquare-feed,526359b8498eb2ec2aac666e,"Khlong Toei, Thailand"
2013-10-21T04:50:45+00:00,,Asavanant Dental Clinic,"13.72829077,100.58107853",foursquare-feed,5264b2a5498e8191bf71858c,"Vadhana, Thailand"
2013-10-21T06:33:46+00:00,,Denta Joy,"13.72632572,100.58039545",foursquare-feed,5264caca11d235fafbe1a69a,"Vadhana, Thailand"
2014-08-08T08:23:02+00:00,,Fortune Town,"13.75848526,100.56540359",foursquare-feed,53e488e6498e9b9766b34b5e,"Din Daeng, Thailand"
2014-08-08T12:43:27+00:00,,The Robin Hood,"13.73170500,100.56818700",foursquare-feed,53e4c5ef498ea3861212eb79,"Vadhana, Thailand"
2014-08-09T01:38:45+00:00,,7-Eleven,"14.46151022,100.17468008",foursquare-feed,53e57ba5498e9c3289e02214,Thailand
2014-08-09T06:14:07+00:00,,ห้วยขาแข้ง คันทรีโฮมรีสอร์ท,"15.23334323,99.45990694",foursquare-feed,53e5bc2f498ed73bcb28e1bd,"Huai Haeng, Thailand"
2014-08-09T09:01:45+00:00,,สงบการยาง,"15.74998119,99.79401590",foursquare-feed,53e5e379498e68ec8db3336b,Thailand
2014-08-09T09:21:11+00:00,,Holiday Hotel,"15.74982500,99.79495000",foursquare-feed,53e5e807498e6d349a8001ea,Thailand
2014-08-09T10:18:22+00:00,,Rassarin Thai massage,"15.75294200,99.78946700",foursquare-feed,53e5f56e498e4efa5f9c0cda,Thailand
2014-08-10T00:20:04+00:00,,นั่งเล่น,"16.11182600,99.33399600",foursquare-feed,53e6bab4498e5e4adfd6fd0b,Thailand
2014-08-10T03:17:20+00:00,,Oasis Bar&Restauntrent,"16.48666795,99.47402336",foursquare-feed,53e6e440498eec812d6056eb,"Mueang Kamphaeng Phet, Thailand"
2014-08-10T05:09:32+00:00,,Tak Treehouse,"16.88554100,99.11644900",foursquare-feed,53e6fe8c498e0370b9be1163,Thailand
2014-08-10T06:36:00+00:00,,Bhumibol Dam,"17.24396515,98.97299767",foursquare-feed,53e712d011d2587e16189e86,"Sam Ngao, Thailand"
2014-08-10T08:32:32+00:00,,PTT Station,"17.61980832,99.23377031",foursquare-feed,53e72e20498e8655994dbd65,"Thoen, Thailand"
2014-08-10T13:14:14+00:00,,Lamphun Will Hotel,"18.58251308,98.99633643",foursquare-feed,53e77026498e0d6b44aedd89,"Lamphun, Thailand"
2014-08-10T13:35:15+00:00,,ร้านสเต็กริมทาง,"18.58111600,98.99801700",foursquare-feed,53e77513498e29aac1ed78cd,Thailand
2014-08-10T23:48:58+00:00,,Wat Chamadevi,"18.58179824,98.99623998",foursquare-feed,53e804ea498ed1bf8f9a234c,"Lamphun, Thailand"
2014-08-12T02:41:59+00:00,,I Don't know,"18.91559982,98.94198608",foursquare-feed,53e97ef7498ee3d73f899f2f,Thailand
2014-08-12T14:58:22+00:00,,Steak Of The Day,"18.91557140,98.94215421",foursquare-feed,53ea2b8e498e181a2b687c0d,"Mueang Chiang Mai, Thailand"
2014-08-16T06:20:29+00:00,,ราดหน้าข้างแมค,"18.79773544,99.00921277",foursquare-feed,53eef82d498ed0bdcd52665d,"Mueang Chiang Mai, Thailand"
2014-08-16T10:18:02+00:00,,Home Sukkapan,"18.80008215,99.03200350",foursquare-feed,53ef2fda498e15bd7ef7aaff,"San Sai, Thailand"
2014-08-17T06:21:42+00:00,,Chiangmai International Convention Center,"18.82664812,98.96094909",foursquare-feed,53f049f6498e6eceb0e618b6,"Mueang Chiang Mai, Thailand"
2014-08-22T02:27:18+00:00,,Chiang Mai International Airport,"18.76925805,98.96797035",foursquare-feed,53f6aa86498ecb571af3e2cf,"Mueang Chiang Mai, Thailand"
2014-08-22T02:44:03+00:00,,Bake & Bite,"18.79750396,98.96703243",foursquare-feed,53f6ae73498e9b2d7d628b7f,"Mueang Chiang Mai, Thailand"
2014-08-22T15:44:47+00:00,,Babylon Bar,"18.79106307,98.99037177",foursquare-feed,53f7656f498e7f184e20f4fd,"Mueang Chiang Mai, Thailand"
2014-08-23T04:13:00+00:00,,Global House,"18.74365075,99.00055948",foursquare-feed,53f814cc498e7b1414c0930b,"Saraphi, Thailand"
2014-08-23T10:07:05+00:00,,ศูนย์ฝึกว่ายน้ำกิตติยะ เชียงใหม่,"18.84181700,99.01413400",foursquare-feed,53f867c9498e5517fec15dda,Thailand
2014-08-24T06:16:06+00:00,,Mae-Ngad Dam,"19.17190460,99.03073648",foursquare-feed,53f98326498e0480215d3211,"Mae Taeng, Thailand"
2014-08-25T06:11:36+00:00,,Sala Café,"18.90448530,98.92158092",foursquare-feed,53fad398498e7a4166578b9b,"Mae Rim, Thailand"
2014-08-25T13:22:06+00:00,,Mountain Float,"19.16723360,99.08313414",foursquare-feed,53fb387e498e0775750b1e25,Thailand
2014-08-27T09:50:21+00:00,,Subway,"18.82801099,99.01235574",foursquare-feed,53fda9dd498e0df083b425e7,Thailand
2014-08-30T02:59:05+00:00,,Café de Oasis,"18.82474308,98.95955985",foursquare-feed,54013df9498e0b1713dda219,"Mueang Chiang Mai, Thailand"
2014-08-31T09:41:14+00:00,,Lhong-Pa,"18.92302403,98.91385345",foursquare-feed,5402edba498e0d0b26ab1ffe,"Mueang Chiang Mai, Thailand"
2014-09-03T03:26:13+00:00,,Chiang Mai International Airport,"18.76925805,98.96797035",foursquare-feed,54068a55498eccb078784452,"Mueang Chiang Mai, Thailand"
2014-09-03T06:21:43+00:00,,Don Mueang International Airport,"13.91759694,100.60160266",foursquare-feed,5406b377498edfe147edd495,"Don Mueang, Thailand"
2014-09-03T07:11:06+00:00,,Interactive Group Co.Ltd,"13.74057489,100.55468840",foursquare-feed,5406bf0a498e3c54959d4155,"Phra Nakhon, Thailand"
2014-09-03T08:33:35+00:00,,Superbdog,"13.74007787,100.55563898",foursquare-feed,5406d25f498e5f2bcc16b165,"Phra Nakhon, Thailand"
2014-09-03T10:47:36+00:00,,SWAY,"13.73216785,100.58514534",foursquare-feed,5406f1c8498e05c290efbdd4,Thailand
2014-09-04T02:05:57+00:00,,Starbucks,"13.72655624,100.58531386",foursquare-feed,5407c905498e4c60fac3b9be,"Vadhana, Thailand"
2014-09-04T07:44:43+00:00,,Emporium,"13.73042066,100.56890415",foursquare-feed,5408186b498ecb2b15b4ab9d,"Khlong Toei, Thailand"
2014-09-04T08:20:11+00:00,,ชู ช็อคโกแล็ต บาร์ & คาเฟ่,"13.73594533,100.56178297",foursquare-feed,540820bb498eae7ce909fbd4,"Khlong Toei, Thailand"
2014-09-04T09:30:23+00:00,,The Continent Hotel,"13.73611300,100.56235300",foursquare-feed,5408312f498e854e736a1f1b,"Vadhana, Thailand"
2014-09-04T12:27:39+00:00,,Pantaree Restaurant,"13.73805989,100.55859518",foursquare-feed,54085abb498e6dbaf23ac480,"Khlong Toei, Thailand"
2014-09-05T12:18:25+00:00,,Long Table,"13.73300560,100.56005968",foursquare-feed,5409aa11498e355f6b449f98,"Khlong Toei, Thailand"
2014-09-06T03:08:21+00:00,,Don Mueang International Airport,"13.91759694,100.60160266",foursquare-feed,540a7aa5498e4bd0408dfc79,"Don Mueang, Thailand"
2014-09-06T05:01:35+00:00,,Chiang Mai International Airport,"18.76925805,98.96797035",foursquare-feed,540a952f498e661c1a8375dd,"Mueang Chiang Mai, Thailand"
2014-09-08T11:17:00+00:00,,Fai Bakery & Restaurant,"18.83373688,98.97604804",foursquare-feed,540d902c498ed874f990fd02,"Mueang Chiang Mai, Thailand"
2014-09-11T11:04:39+00:00,,"700 Year Stadium, Swimming Pool","18.84146618,98.96384975",foursquare-feed,541181c7498e0f0860c7de40,Thailand
2014-09-14T05:39:43+00:00,,Subway,"18.82801099,99.01235574",foursquare-feed,54152a1f498e03e06f8cf79e,Thailand
2014-09-15T06:33:00+00:00,,Bake & Bite,"18.79750396,98.96703243",foursquare-feed,5416881c498e27b020f9fb61,"Mueang Chiang Mai, Thailand"
2014-09-16T03:41:32+00:00,,3BB Mae Rim,"18.89764627,98.95144820",foursquare-feed,5417b16c498ee684cf73a8af,Thailand
2014-09-21T10:25:27+00:00,,Hmong Hillside Convenience store,"18.93879000,98.80616100",foursquare-feed,541ea797498ea3b5721f42b9,Thailand
2014-09-27T01:56:50+00:00,,Chiang Mai Marriott Hotel,"18.78473820,98.99971420",foursquare-feed,54261962498e7e1c53b72665,"Mueang Chiang Mai, Thailand"
2014-09-27T13:10:12+00:00,,The Glasshouse Chiangmai,"18.79309973,98.98985140",foursquare-feed,5426b734498e66c2941c62fd,"Mueang Chiang Mai, Thailand"
2014-09-28T08:47:49+00:00,,ไทวัสดุ สาขาเชียงใหม่,"18.72078960,99.04255723",foursquare-feed,5427cb35498eda9c841111a4,"Saraphi, Thailand"
2014-10-04T11:38:37+00:00,,Central Chiangmai Airport,"18.76915690,98.97502999",foursquare-feed,542fdc3d498ee0a0df1d7391,"Mueang Chiang Mai, Thailand"
2014-10-05T03:03:32+00:00,,Baan-Suan-Ka-Fé,"18.75955954,98.91387754",foursquare-feed,5430b504498e717eb7261a39,"Mueang Chiang Mai, Thailand"
2014-10-05T10:10:56+00:00,,Extreme Sport Center,"18.92194093,98.92436585",foursquare-feed,54311930498e786f10cf18e4,"Mae Rim, Thailand"
2014-10-08T08:53:49+00:00,,PTT NGV,"18.76778232,98.98350432",foursquare-feed,5434fb9d498e203b5606ad04,"Mueang Chiang Mai, Thailand"
2014-10-08T09:05:54+00:00,,ร้านก๋วยจั๊บ ตลาดหนองหอย,"18.76544482,98.99784737",foursquare-feed,5434fe72498ed83c380f0385,Thailand
2014-10-08T10:42:03+00:00,,The BBQ Chiang Mai,"18.78959188,98.96489645",foursquare-feed,543514fb498e5dcb090ca855,"Mueang Chiang Mai, Thailand"
2014-10-08T13:28:43+00:00,,Mac Café,"18.80661818,98.95804073",foursquare-feed,54353c0b498edb408ad90ead,"Mueang Chiang Mai, Thailand"
2014-10-12T02:42:19+00:00,,PTT Station,"18.79670842,98.96112114",foursquare-feed,5439ea8b498e195d1145739a,"Mueang Chiang Mai, Thailand"
2014-10-12T03:08:09+00:00,,Inbox Coffee Bar,"18.78762473,98.96288013",foursquare-feed,5439f099498e47b1f2b31363,"Mueang Chiang Mai, Thailand"
2014-10-12T05:37:20+00:00,,Mon Cham,"18.93548337,98.82269594",foursquare-feed,543a1390498eb58d16b00832,"Mae Rim, Thailand"
2014-10-12T08:34:12+00:00,,Hmong Hillside Convenience store,"18.93879000,98.80616100",foursquare-feed,543a3d04498e8d01248be91a,Thailand
2014-10-15T11:30:48+00:00,,9 Salon,"18.84071223,98.97777715",foursquare-feed,543e5ae8498e14a76b5319ae,Thailand
2014-10-18T02:16:08+00:00,,Café de Oasis,"18.82474308,98.95955985",foursquare-feed,5441cd68498e849c8f24dec3,"Mueang Chiang Mai, Thailand"
2014-10-24T02:40:04+00:00,,and ann coffee,"18.91251825,98.93531226",foursquare-feed,5449bc04498edc7bbe050825,Thailand
2014-10-24T08:51:51+00:00,,Rimping Supermarket,"18.82372143,99.01045222",foursquare-feed,544a1327498e1b69cafbb0c7,"Mueang Chiang Mai, Thailand"
2014-10-25T05:24:56+00:00,,Home Sukkapan,"18.80008215,99.03200350",foursquare-feed,544b3428498eb271c0debe54,"San Sai, Thailand"
2014-10-25T05:53:26+00:00,,บริษัทมนตรี แมชชินทูล จำกัด (Moontree Co.),"18.81148952,98.98459846",foursquare-feed,544b3ad6498eaa9e870c8f54,"เชียงใหม่, Thailand"
2014-10-25T09:30:23+00:00,,HomePro,"18.83495613,99.03727915",foursquare-feed,544b6daf498e618c738f4e35,"San Sai, Thailand"
2014-10-26T03:42:28+00:00,,Global House,"18.74365075,99.00055948",foursquare-feed,544c6da4498ecf0e7aea3657,"Saraphi, Thailand"
2014-10-27T05:44:49+00:00,,PTT Station,"18.84855347,98.97073563",foursquare-feed,544ddbd1498e3ad63886ec14,"Mae Rim, Thailand"
2014-10-29T12:56:13+00:00,,Green Lake Resort,"18.82961399,98.96525750",foursquare-feed,5450e3ed498ee6fc9a9a9b3c,"Mueang Chiang Mai, Thailand"
2014-10-31T02:15:35+00:00,,Kawasaki แสงสัยธุรกิจยานยนต์,"18.78117588,98.98238693",foursquare-feed,5452f0c7498ea9b590f00a85,"จ.เชียงใหม่, Thailand"
2014-10-31T02:27:54+00:00,,BikeCafe,"18.78123099,98.98246784",foursquare-feed,5452f3aa498e18004fc1ef72,"พระสิงห์, Thailand"
2014-11-01T00:45:36+00:00,,Shell,"19.07593900,98.93750100",foursquare-feed,54542d30498ed21d44a34eac,"T.KHELAKE A.MAETAENG, Thailand"
2014-11-01T01:13:40+00:00,,Pankled Coffee,"19.11508485,98.78500084",foursquare-feed,545433c4498e585a6a0ed5fe,"Mae Taeng, Thailand"
2014-11-01T05:14:35+00:00,,Coffee in Love,"19.33851210,98.43346319",foursquare-feed,54546c3b498eb8e70000981e,"Pai, Thailand"
2014-11-01T05:53:58+00:00,,Brook View Pai,"19.36300300,98.44018000",foursquare-feed,54547576498e5e97bc62f4ed,Thailand
2014-11-01T07:34:20+00:00,,Piranha Park,"19.38083161,98.39486924",foursquare-feed,54548cfc498ea2d9536433a7,Thailand
2014-11-01T12:10:35+00:00,,Café d'tist,"19.35903768,98.44491281",foursquare-feed,5454cdbb498ed3e032cc1fc1,"Pai, Thailand"
2014-11-01T13:40:46+00:00,,Yellow Sun,"19.35770878,98.44429499",foursquare-feed,5454e2de498e80eeb90d5f60,"Pai, Thailand"
2014-11-02T02:03:54+00:00,,Puripai Villa,"19.38785808,98.43414671",foursquare-feed,5455910a498e284203544805,"Pai, Thailand"
2014-11-02T04:14:29+00:00,,Nong Beer Restaurant,"19.36083039,98.43987508",foursquare-feed,5455afa5498e55ed9ab47b26,"Pai, Thailand"
2014-11-02T05:58:39+00:00,,Rak Jang Coffee,"19.25118270,98.63838108",foursquare-feed,5455c80f498ec5f7b4e3271c,"Mae Taeng, Thailand"
2014-11-02T08:41:27+00:00,,Kao Soi Lamduan Fa Ham,"18.80161968,99.00549053",foursquare-feed,5455ee37498eab6aad5a8373,"Mueang Chiang Mai, Thailand"
2014-11-05T03:50:10+00:00,,Joe's Bike Team,"18.86734652,98.96698952",foursquare-feed,54599e72498e2c2291a5a0f7,Thailand
2014-11-08T11:13:18+00:00,,คีรีธารา,"18.82685433,98.95429035",foursquare-feed,545dface498e70044f6a9d62,"ช้างเผือก, Thailand"
2014-11-09T02:56:47+00:00,,baan & BEYOND,"18.76732605,98.97353325",foursquare-feed,545ed7ef498ed242a6409ff0,"Mueang Chiang Mai, Thailand"
2014-11-09T04:39:39+00:00,,Baan-Suan-Ka-Fé,"18.75955954,98.91387754",foursquare-feed,545ef00b498ead43b0e7ba9c,"Mueang Chiang Mai, Thailand"
2014-11-11T07:12:29+00:00,,Chiang Mai International Airport,"18.76925805,98.96797035",foursquare-feed,5461b6dd498e4ea31122cb56,"Mueang Chiang Mai, Thailand"
2014-11-12T11:05:31+00:00,,ครัวฟ้าใส (ฟ้าใสการ์เด้น) (Fa Sai Garden),"18.81961290,98.97327744",foursquare-feed,54633efb498ea9562c942955,Thailand
2014-11-13T11:03:31+00:00,,Fai Bakery & Restaurant,"18.83373688,98.97604804",foursquare-feed,54649003498eff7c761fa368,"Mueang Chiang Mai, Thailand"
2014-11-14T11:58:24+00:00,,Steak Of The Day,"18.91557140,98.94215421",foursquare-feed,5465ee60498e43764e4dbe6d,"Mueang Chiang Mai, Thailand"
2014-11-15T03:38:41+00:00,,Kamonlaput•Coffee•Swim•,"18.96150184,98.94381085",foursquare-feed,5466cac1498e501b13662c7a,"San Pong, Thailand"
2014-11-16T02:04:19+00:00,,Smoothie Blues,"18.79772760,98.96640528",foursquare-feed,54680623498e74013fd4a1c6,"Mueang Chiang Mai, Thailand"
2014-11-16T03:57:52+00:00,,CM Furnituremall,"18.75609087,98.96847190",foursquare-feed,546820c0498e626fdfadfa57,"Mueang Chiang Mai, Thailand"
2014-11-16T03:58:19+00:00,,The Ring,"18.79516019,98.96772510",foursquare-feed,546820db498e2b205a7161d9,"Mueang Chiang Mai, Thailand"
2014-11-16T05:26:01+00:00,,MAYA,"18.80215225,98.96750656",foursquare-feed,54683569498e94fd92b8b9c3,"Mueang Chiang Mai, Thailand"
2014-11-16T05:47:56+00:00,,Lotus’s,"18.80858080,98.99652022",foursquare-feed,54683a8c498e91a4438038c4,"Mueang Chiang Mai, Thailand"
2014-11-16T11:01:59+00:00,,#19 Restaurant,"18.85950300,98.95839000",foursquare-feed,54688427498e2b205a9d797e,Thailand
2014-11-17T10:47:16+00:00,,Central Chiangmai,"18.80656297,99.01784901",foursquare-feed,5469d234498e1d2e15639228,"Mueang Chiang Mai, Thailand"
2014-11-21T12:45:08+00:00,,El Diablo Burritos,"18.79020582,98.99368204",foursquare-feed,546f33d4498e141825278944,"Muang, Thailand"
2014-11-21T15:46:38+00:00,,Sweet Heart Bar,"18.78418077,98.99609942",foursquare-feed,546f5e5e498e2a9917ddbae4,Thailand
2014-11-22T07:55:57+00:00,,ปั้ม Petronas แม่ริม,"18.90204426,98.94935796",foursquare-feed,5470418d498e0914dd8074d6,"แม่สา, Thailand"
2014-11-22T10:13:19+00:00,,Mae Sa Waterfall,"18.90633318,98.89609952",foursquare-feed,547061bf498e1e784dfaee61,"Mae Rim, Thailand"
2014-11-23T02:53:40+00:00,,Charin Pie,"18.79689367,98.96695110",foursquare-feed,54714c34498e33b8986ef2d5,"Su Thep, Thailand"
2014-11-23T12:26:54+00:00,,Boat,"18.80719987,98.95697804",foursquare-feed,5471d28e498e52293105afd8,"Mueang Chiang Mai, Thailand"
2014-11-23T23:36:27+00:00,,Chiang Mai International Airport,"18.76925805,98.96797035",foursquare-feed,54726f7b498ef4ef004b7edb,"Mueang Chiang Mai, Thailand"
2014-11-24T02:25:11+00:00,,Don Mueang International Airport,"13.91759694,100.60160266",foursquare-feed,54729707498efb5e9b775bb2,"Don Mueang, Thailand"
2014-11-24T03:08:39+00:00,,Lumpini Place Phahon-Saphankhwai,"13.79143355,100.54374921",foursquare-feed,5472a137498e619861626be7,"Phaya Thai, Thailand"
2014-11-24T05:40:16+00:00,,Green Parrot,"13.73089400,100.56114100",foursquare-feed,5472c4c0498ef6c17000eae3,Thailand
2014-11-24T07:36:52+00:00,,ชู ช็อคโกแล็ต บาร์ & คาเฟ่,"13.73594533,100.56178297",foursquare-feed,5472e014498e522931d830e3,"Khlong Toei, Thailand"
2014-11-24T13:19:19+00:00,,Long Table,"13.73300560,100.56005968",foursquare-feed,54733057498e6f290a664c18,"Khlong Toei, Thailand"
2014-11-24T18:36:29+00:00,,Liberty Garden Hotel,"13.79046137,100.54597430",foursquare-feed,54737aad498ea43ac88c8dc6,"Phra Nakhon, Thailand"
2014-11-25T05:23:33+00:00,,Burger Factory,"13.72908898,100.58651340",foursquare-feed,54741255498eca8546ce066f,"Vadhana, Thailand"
2014-11-25T11:07:50+00:00,,I'm BAR & Bistro,"13.88089300,100.46139500",foursquare-feed,54746306498ee5bd2d8d2187,"Mueang Nonthaburi, Thailand"
2014-11-26T06:22:35+00:00,,Don Mueang International Airport,"13.91759694,100.60160266",foursquare-feed,547571ab498e594d51c7beec,"Don Mueang, Thailand"
2014-11-26T09:19:32+00:00,,Chiang Mai International Airport,"18.76925805,98.96797035",foursquare-feed,54759b24498e7298f972b45f,"Mueang Chiang Mai, Thailand"
2014-11-27T11:44:24+00:00,,The Hideaway Cafe & Restaurant,"18.76095611,98.97640799",foursquare-feed,54770e98498ee8e94a8e8d54,"เมือง, Thailand"
2014-11-28T12:03:41+00:00,,Promenada Resort Mall,"18.76621650,99.03722958",foursquare-feed,5478649d498ec13956e1b442,"Mueang Chiang Mai, Thailand"
2014-11-29T10:13:37+00:00,,Huay Tueng Tao,"18.86653100,98.94110000",foursquare-feed,54799c51498e23078b0db32c,"Mae Rim, Thailand"
2014-11-30T04:30:47+00:00,,Lhong-Pa,"18.92302403,98.91385345",foursquare-feed,547a9d77498e3b3bb6b9b16c,"Mueang Chiang Mai, Thailand"
2014-12-01T09:10:15+00:00,,Subway,"18.82801099,99.01235574",foursquare-feed,547c3077498ec89cde712391,Thailand
2014-12-02T11:47:59+00:00,,Sizzler,"18.80689406,99.01787728",foursquare-feed,547da6ef498eb64cb9bef94b,"Mueang Chiang Mai, Thailand"
2014-12-03T10:55:24+00:00,,The Ring,"18.79516019,98.96772510",foursquare-feed,547eec1c498eadcc985432c2,"Mueang Chiang Mai, Thailand"
2014-12-03T11:18:42+00:00,,Curry Scoop,"18.79650604,98.96853955",foursquare-feed,547ef192498eb440e4b25d5c,"Mueang Chiang Mai, Thailand"
2014-12-04T11:07:50+00:00,,Kua-Kai Nimman,"18.79433091,98.96925168",foursquare-feed,54804086498e7521a7757cd5,"Mueang Chiang Mai, Thailand"
2014-12-04T15:01:14+00:00,,Huay Tueng Tao,"18.86653100,98.94110000",foursquare-feed,5480773a498eb62b32836384,"Mae Rim, Thailand"
2014-12-05T10:40:09+00:00,,MAYA,"18.80215225,98.96750656",foursquare-feed,54818b89498ecc1c4fa8b4ea,"Mueang Chiang Mai, Thailand"
2014-12-06T08:09:37+00:00,,Panviman Chiang Mai Spa Resort,"18.87892361,98.81419413",foursquare-feed,5482b9c1498e5c643bb49ca7,"Mueang Chiang Mai, Thailand"
2014-12-07T11:50:26+00:00,,Kang Ron Baan Suan,"18.82099742,98.96169614",foursquare-feed,54843f02498ebfa3a29244b4,"Mueang Chiang Mai, Thailand"
2014-12-10T08:07:28+00:00,,Rock Me Burger & Bar,"18.78492889,98.99444474",foursquare-feed,5487ff40498e9841e8473d56,"Mueang Chiang Mai, Thailand"
2014-12-10T08:31:47+00:00,,Penguin Ghetto,"18.80976628,98.96265055",foursquare-feed,548804f3498e3ba0ce18e715,"Mueang Chiang Mai, Thailand"
2014-12-10T13:14:51+00:00,,El Diablo Burritos,"18.79020582,98.99368204",foursquare-feed,5488474b498e50c7b63d405e,"Muang, Thailand"
2014-12-12T13:36:41+00:00,,Maepen Seafood Lake View,"18.74766705,98.94812807",foursquare-feed,548aef69498e28bdcd8e455a,"Mueang Chiang Mai, Thailand"
2014-12-13T05:03:02+00:00,,Lhong-Pa,"18.92302403,98.91385345",foursquare-feed,548bc886498eb23dbb7dea20,"Mueang Chiang Mai, Thailand"
2014-12-13T06:28:00+00:00,,Siam Insect Zoo & Museum,"18.91814634,98.90839238",foursquare-feed,548bdc70498e86223c282e64,"Mae Rim, Thailand"
2014-12-13T09:35:47+00:00,,Mae Sa Waterfall,"18.90633318,98.89609952",foursquare-feed,548c0873498e811698c8d1fc,"Mae Rim, Thailand"
2014-12-14T02:11:04+00:00,,Bake & Bite,"18.79750396,98.96703243",foursquare-feed,548cf1b8498ec5f52601a6ee,"Mueang Chiang Mai, Thailand"
2014-12-15T05:14:44+00:00,,สวนโอขิ สวนองุ่น,"18.95392304,98.79462917",foursquare-feed,548e6e44498ecd51e20e050e,"ม่อนแจ่ม, Thailand"
2014-12-15T06:21:42+00:00,,Hmong Hillside Convenience store,"18.93879000,98.80616100",foursquare-feed,548e7df6498e9d57ca302f3b,Thailand
2014-12-15T08:46:19+00:00,,อุ๊ยแก้วกาแฟ,"18.85236168,98.73300171",foursquare-feed,548e9fdb498ebf6a0b9afe05,Thailand
2014-12-15T11:48:19+00:00,,Rock Me Burger & Bar,"18.78492889,98.99444474",foursquare-feed,548eca83498e9d57ca628165,"Mueang Chiang Mai, Thailand"
2014-12-16T05:31:24+00:00,,The Chai Lai Orchid,"18.63962901,98.69921345",foursquare-feed,548fc3ac498e8ac3203a45ec,"Mae Wang, Thailand"
2014-12-16T08:09:44+00:00,,บ้านพักโครงการหลวงสิริภูมิ Phase B,"18.54484409,98.51625190",foursquare-feed,548fe8c8498e1fab9ed8e7ed,Thailand
2014-12-16T12:09:43+00:00,,Inthanon Restaurant,"18.54413271,98.51770902",foursquare-feed,54902107498eeae98ce69195,"Chom Thong, Thailand"
2014-12-16T23:59:32+00:00,,Royal Agricultural Station - Inthanon,"18.54384859,98.51791208",foursquare-feed,5490c764498e56c7e156bbcc,"Chom Thong, Thailand"
2014-12-17T04:38:12+00:00,,PTT,"18.16630238,97.93734631",foursquare-feed,549108b4498e898e0cd01876,"Mae Sariang, Thailand"
2014-12-17T05:10:08+00:00,,Northwest Guesthouse,"18.16176570,97.92958799",foursquare-feed,54911030498e5b8099731bfb,"Ban Kat, Thailand"
2014-12-17T07:34:04+00:00,,Thailand-Japan Friendship Memorial,"18.83048168,97.93286983",foursquare-feed,549131ec498ecd028c904d82,"Khun Yuam, Thailand"
2014-12-17T11:58:34+00:00,,Wat Chong Kham,"19.29799500,97.96800000",foursquare-feed,54916fea498ef6e625deb4d6,"Mae Hong Son, Thailand"
2014-12-17T12:30:43+00:00,,CrossRoads,"19.30205128,97.96545779",foursquare-feed,54917773498ea6ad1e488c52,"Mueang Mae Hong Son, Thailand"
2014-12-18T01:06:33+00:00,,Coffee Morning,"19.30076514,97.96963709",foursquare-feed,54922899498ec263d387dfc0,"Mae Hong Son, Thailand"
2014-12-18T02:54:15+00:00,,PTT,"19.29344947,97.96439040",foursquare-feed,549241d7498e8a6370dc4c76,"Mueang Mae Hong Son, Thailand"
2014-12-18T05:58:09+00:00,,Weak Point Transboundry Checkpoint,"19.63150300,98.00820300",foursquare-feed,54926cf1498e08ebda6f5cca,Thailand
2014-12-18T06:38:00+00:00,,Pang Tong Palace,"19.50099265,97.94116795",foursquare-feed,54927648498e17546ff42090,Thailand
2014-12-18T08:56:47+00:00,,PT,"19.51606800,98.25401000",foursquare-feed,549296cf498e1cb66b30a09b,"Pang Mapha, Thailand"
2014-12-18T09:23:08+00:00,,Doi Kiew Lom,"19.44606621,98.31916516",foursquare-feed,54929cfc498effdbaf22729c,"Ban Mae Na Toeng Nok, Thailand"
2014-12-18T10:07:20+00:00,,661 Foods & Crafts,"19.35276273,98.44226360",foursquare-feed,5492a758498ea860d12f7fcd,"Pai, Thailand"
2014-12-19T06:39:31+00:00,,32 Coffee Hill & Resort,"19.13266885,98.70402112",foursquare-feed,5493c823498ebebe2055ab8c,"Mae Tang, Thailand"
2014-12-19T12:43:34+00:00,,Promenada Resort Mall,"18.76621650,99.03722958",foursquare-feed,54941d76498ea29689d0963a,"Mueang Chiang Mai, Thailand"
2014-12-21T11:22:55+00:00,,I Din Klin Krok,"18.80707017,99.01785560",foursquare-feed,5496ad8f498ea9f71ef7ad37,"Mueang Chiang Mai, Thailand"
2014-12-22T08:39:25+00:00,,Pankled Coffee,"19.11508485,98.78500084",foursquare-feed,5497d8bd498e3e10aa40f598,"Mae Taeng, Thailand"
2014-12-22T12:00:23+00:00,,BeBe Spice,"19.35677528,98.44355227",foursquare-feed,549807d7498e0c132c7f8aca,"Pai, Thailand"
2014-12-23T05:52:10+00:00,,Cafecito,"19.35233519,98.44207828",foursquare-feed,5499030a498ee4701cd150c9,"Pai, Thailand"
2014-12-23T12:22:08+00:00,,Khanom Chin Nangyong,"19.35928123,98.44295610",foursquare-feed,54995e70498e91826b2ca9ed,"Amphoe Pai, Thailand"
2014-12-24T04:09:46+00:00,,Cafecito,"19.35233519,98.44207828",foursquare-feed,549a3c8a498efe9852de420e,"Pai, Thailand"
2014-12-26T13:00:18+00:00,,Puripai Villa,"19.38785808,98.43414671",foursquare-feed,549d5be2498e0bead503767f,"Pai, Thailand"
2014-12-27T09:15:12+00:00,,Village Farm,"19.35782042,98.44968540",foursquare-feed,549e78a0498e7e6796ec60f9,"Pai, Thailand"
2014-12-28T12:38:30+00:00,,Buffalo Bar,"19.35669158,98.44379420",foursquare-feed,549ff9c6498e2447b3040477,"Pai, Thailand"
2014-12-29T07:08:36+00:00,,Cafecito,"19.35233519,98.44207828",foursquare-feed,54a0fdf4498eef7749d7837d,"Pai, Thailand"
2014-12-29T09:45:00+00:00,,PT,"19.35511900,98.44304100",foursquare-feed,54a1229c498e352f828442d0,Thailand
2014-12-29T11:04:27+00:00,,Piranha Park,"19.38083161,98.39486924",foursquare-feed,54a1353b498eb2f341026624,Thailand
2014-12-29T12:18:20+00:00,,Edible Jazz Bar,"19.35967829,98.44346518",foursquare-feed,54a1468c498eba5ed43935b6,"Pai, Thailand"
2014-12-31T05:09:19+00:00,,Baa Baa Black Cafe,"18.91248347,98.92929003",foursquare-feed,54a384ff498e7ec9fcf8ad23,"Mae Rim, Thailand"
2014-12-31T09:31:15+00:00,,Elephant Poopoopaper Park,"18.92555798,98.93157729",foursquare-feed,54a3c263498eae19dd6948d9,Thailand
2015-01-01T11:03:23+00:00,,Rimping Supermarket,"18.82372143,99.01045222",foursquare-feed,54a5297b498e8f6010d11800,"Mueang Chiang Mai, Thailand"
2015-01-02T11:22:37+00:00,,Boat,"18.80719987,98.95697804",foursquare-feed,54a67f7d498ec5f0e1076587,"Mueang Chiang Mai, Thailand"
2015-01-05T07:10:41+00:00,,ImSook,"18.83386606,98.97607839",foursquare-feed,54aa38f1498ef3e0c0cf18b6,"Mueang Chiang Mai, Thailand"
2015-01-05T13:16:43+00:00,,iberry Garden,"18.79432759,98.96905715",foursquare-feed,54aa8ebb498ef5d18b02d3eb,"Mueang Chiang Mai, Thailand"
2015-01-06T01:33:58+00:00,,สำนักสงฆ์ขุนช่างเคี่ยน,"18.84326828,98.90702171",foursquare-feed,54ab3b86498e5e5a0c1180d2,Thailand
2015-01-07T13:28:41+00:00,,Lanna Hospital,"18.81265384,98.99112554",foursquare-feed,54ad3489498e7892400c705b,"Mueang Chiang Mai, Thailand"
2015-01-10T09:39:31+00:00,,Lotus’s,"18.80858080,98.99652022",foursquare-feed,54b0f353498ede45830753e2,"Mueang Chiang Mai, Thailand"
2015-01-13T12:36:40+00:00,,Ming Muang,"18.79768274,98.96672833",foursquare-feed,54b51158498e8e90c288613e,"Mueang Chiang Mai, Thailand"
2015-01-13T13:11:37+00:00,,Coffee Villa,"18.79879385,98.96749377",foursquare-feed,54b51989498ef053fd69d139,"Mueang Chiang Mai, Thailand"
2015-01-15T07:22:10+00:00,,Subway,"18.82801099,99.01235574",foursquare-feed,54b76aa2498e8acb2e317233,Thailand
2015-01-17T05:02:24+00:00,,Sala Café,"18.90448530,98.92158092",foursquare-feed,54b9ece0498eeee6099df722,"Mae Rim, Thailand"
2015-01-17T09:33:19+00:00,,Late'Garden,"18.82426826,99.02085482",foursquare-feed,54ba2c5f498ed1059503b088,Thailand
2015-01-23T12:25:16+00:00,,David's Kitchen,"18.79631964,99.00779826",foursquare-feed,54c23dac498ed14e2a4a9291,"Mueang Chiang Mai, Thailand"
2015-01-24T10:03:34+00:00,,Khaomao-Khaofang,"18.73031758,98.94395363",foursquare-feed,54c36df6498ed6a76bba787d,"Hang Dong, Thailand"
2015-01-25T02:36:43+00:00,,Smoothie Blues,"18.79772760,98.96640528",foursquare-feed,54c456bb498e2d1f9093d77a,"Mueang Chiang Mai, Thailand"
2015-01-30T07:43:58+00:00,,Kasikorn Bank,"18.91715281,98.94358198",foursquare-feed,54cb363e498e6cf63bd2c75e,"Rim Tai, Thailand"
2015-01-30T11:44:57+00:00,,Ka-lae,"18.79309132,98.94537947",foursquare-feed,54cb6eb9498e8d61c2890517,"Mueang Chiang Mai, Thailand"
2015-01-31T01:58:54+00:00,,Maesa Elephant Camp,"18.89940953,98.87522929",foursquare-feed,54cc36de498e43c87759d86b,"Mae Rim, Thailand"
2015-02-01T05:30:10+00:00,,Terraces,"18.91501698,98.93088104",foursquare-feed,54cdb9e2498ebf181d23af46,"Mae Rim, Thailand"
2015-02-03T05:17:37+00:00,,Chiang Mai International Airport,"18.76925805,98.96797035",foursquare-feed,54d059f1498edbde650a93db,"Mueang Chiang Mai, Thailand"
2015-02-03T12:02:59+00:00,,Lumpini Place Phahon-Saphankhwai,"13.79143355,100.54374921",foursquare-feed,54d0b8f3498e4e7b58e6f93f,"Phaya Thai, Thailand"
2015-02-03T12:24:15+00:00,,PaperButter & The Burger,"13.78076241,100.54467770",foursquare-feed,54d0bdef498e239ce4edddb1,"Phaya Thai, Thailand"
2015-02-04T04:47:44+00:00,,Q.House Ploenchit,"13.74265026,100.54988451",foursquare-feed,54d1a470498eff70bf55e290,"Pathum Wan, Thailand"
2015-02-04T06:24:23+00:00,,Government Complex,"13.88890100,100.56515500",foursquare-feed,54d1bb17498eee272cdea349,"Lak Si, Thailand"
2015-02-04T12:37:56+00:00,,C.P. Tower 2,"13.75787270,100.56547880",foursquare-feed,54d212a4498ed8ed4c27791d,"Din Daeng, Thailand"
2015-02-04T13:18:07+00:00,,The Attitude,"13.79639395,100.56309308",foursquare-feed,54d21c0f498e939ee1181187,"Din Daeng, Thailand"
2015-02-05T14:18:27+00:00,,Chiang Mai International Airport,"18.76925805,98.96797035",foursquare-feed,54d37bb3498e9345106e6671,"Mueang Chiang Mai, Thailand"
2015-02-06T03:01:36+00:00,,The First Church of Chiang Mai โบสถ์คริสตจักรที่ 1 เชียงใหม่,"18.78891449,99.00498522",foursquare-feed,54d42e90498ebea6d2233e8d,"Watkate, Thailand"
2015-02-06T05:07:54+00:00,,The Duke's,"18.78510900,99.00513000",foursquare-feed,54d44c2a498ef4e0e0281988,"Mueang Chiang Mai, Thailand"
2015-02-10T05:17:44+00:00,,Café de Oasis,"18.82474308,98.95955985",foursquare-feed,54d99478498eb2193c9a38f7,"Mueang Chiang Mai, Thailand"
2015-02-12T05:19:07+00:00,,Subway,"18.82801099,99.01235574",foursquare-feed,54dc37cb498e8425c90139ea,Thailand
2015-02-13T09:39:32+00:00,,Mad Dog Pizza,"18.78438899,98.99293312",foursquare-feed,54ddc654498e28a874a1e404,Thailand
2015-02-15T14:32:09+00:00,,ไร่แม่เหียะ,"18.76299880,98.93094593",foursquare-feed,54e0ade9498ea47e15aef757,"Mueang Chiang Mai, Thailand"
2015-02-17T07:55:46+00:00,,Kelly's Bistro,"18.82408151,99.01036070",foursquare-feed,54e2f402498efd84eddb675d,"Fa Ham, Thailand"
2015-02-20T11:51:26+00:00,,Steak Of The Day,"18.91557140,98.94215421",foursquare-feed,54e71fbe498e62183fda97cd,"Mueang Chiang Mai, Thailand"
2015-02-23T11:34:33+00:00,,Baa Baa Black Cafe,"18.91248347,98.92929003",foursquare-feed,54eb1049498e1752767fdd5f,"Mae Rim, Thailand"
2015-02-24T11:50:26+00:00,,Steak Of The Day,"18.91557140,98.94215421",foursquare-feed,54ec6582498e850618fea2a4,"Mueang Chiang Mai, Thailand"
2015-02-28T04:01:13+00:00,,Steak Of The Day,"18.91557140,98.94215421",foursquare-feed,54f13d89498ea9a43c3fe216,"Mueang Chiang Mai, Thailand"
2015-03-02T12:11:33+00:00,,คีรีธารา,"18.82685433,98.95429035",foursquare-feed,54f45375498e9eea586c009c,"ช้างเผือก, Thailand"
2015-03-05T05:14:48+00:00,,Chiang Mai International Airport,"18.76925805,98.96797035",foursquare-feed,54f7e648498e5cb0030c396f,"Mueang Chiang Mai, Thailand"
2015-03-05T07:15:55+00:00,,Don Mueang International Airport,"13.91759694,100.60160266",foursquare-feed,54f802ab498ec77f0896d4bf,"Don Mueang, Thailand"
2015-03-05T07:53:44+00:00,,Immigration Division 1,"13.88122827,100.56493947",foursquare-feed,54f80b88498e9df5f373ed18,"Lak Si, Thailand"
2015-03-05T09:42:43+00:00,,ส้มตำนครนายก@โครงการเคหะชุมชนหลักสี่,"13.87749324,100.57578477",foursquare-feed,54f82513498ee9e7608a4400,Thailand
2015-03-05T13:08:31+00:00,,Don Mueang International Airport,"13.91759694,100.60160266",foursquare-feed,54f8554f498e30a3ea1ae529,"Don Mueang, Thailand"
2015-03-07T11:19:51+00:00,,ไฮโซล้านนาㅣHiso Lanna,"18.92061421,98.91873768",foursquare-feed,54faded7498e20646d4cc46c,Thailand
2015-03-09T04:33:48+00:00,,Café de Oasis,"18.82474308,98.95955985",foursquare-feed,54fd22ac498ee0cc8e80bbad,"Mueang Chiang Mai, Thailand"
2015-03-10T04:06:42+00:00,,Smoothie Blues,"18.79772760,98.96640528",foursquare-feed,54fe6dd2498e6a3b79da1cdf,"Mueang Chiang Mai, Thailand"
2015-03-19T03:59:57+00:00,,Chiang Mai International Airport,"18.76925805,98.96797035",foursquare-feed,550a49bd498e06c94c093651,"Mueang Chiang Mai, Thailand"
2015-03-19T05:57:04+00:00,,Don Mueang International Airport,"13.91759694,100.60160266",foursquare-feed,550a6530498e69405c6ef697,"Don Mueang, Thailand"
2015-03-19T06:59:34+00:00,,Superbdog Soi 53,"13.72528182,100.57769187",foursquare-feed,550a73d6498edb6a476b293d,"Vadhana, Thailand"
2015-03-19T12:01:50+00:00,,Fish & Ship,"13.73637346,100.56282633",foursquare-feed,550abaae498e6b268929967f,Thailand
2015-03-20T01:33:58+00:00,,Starbucks,"13.75779771,100.56549383",foursquare-feed,550b7906498e38894cc422f8,"Huai Khwang, Thailand"
2015-03-20T05:26:44+00:00,,Don Mueang International Airport,"13.91759694,100.60160266",foursquare-feed,550baf94498e54991905a24b,"Don Mueang, Thailand"
2015-03-20T07:40:24+00:00,,Catmosphere Cat Café,"18.80640921,98.95834854",foursquare-feed,550bcee8498e021d00d6fd8b,"Mueang Chiang Mai, Thailand"
2015-03-21T07:25:32+00:00,,สวนโอขิ สวนองุ่น,"18.95392304,98.79462917",foursquare-feed,550d1cec498e5d3aa5a6989f,"ม่อนแจ่ม, Thailand"
2015-03-22T05:13:57+00:00,,Terraces,"18.91501698,98.93088104",foursquare-feed,550e4f95498e32ec9147cb8f,"Mae Rim, Thailand"
2015-03-24T11:28:27+00:00,,Central Chiangmai,"18.80656297,99.01784901",foursquare-feed,55114a5b498e27af1eb2f919,"Mueang Chiang Mai, Thailand"
2015-03-27T12:15:06+00:00,,Rock Me Burger & Bar,"18.78492889,98.99444474",foursquare-feed,551549ca498e1d8692338bfa,"Mueang Chiang Mai, Thailand"
2015-03-29T11:09:22+00:00,,Terraces,"18.91501698,98.93088104",foursquare-feed,5517dd62498e3d17cbea2a3c,"Mae Rim, Thailand"
2015-04-01T04:29:58+00:00,,Subway,"18.82801099,99.01235574",foursquare-feed,551b7446498e1d7da01e52e6,Thailand
2015-04-02T11:29:53+00:00,,Pizza Pasta by Simon,"18.91598370,98.94274635",foursquare-feed,551d2831498ed2421a77c60b,Thailand
2015-04-04T11:48:58+00:00,,Betta House,"18.79851707,98.96863161",foursquare-feed,551fcfaa498e8d74cf26f7cf,"Mueang Chiang Mai, Thailand"
2015-04-07T08:36:41+00:00,,PTT Station,"18.87528541,99.01514352",foursquare-feed,55239719498e271974369b79,"San Sai, Thailand"
2015-04-10T13:23:45+00:00,,Pizza Pasta by Simon,"18.91598370,98.94274635",foursquare-feed,5527cee1498e9785cf7a3c93,Thailand
2015-04-14T04:17:06+00:00,,Big Daddy's Diner,"18.78453238,98.99293811",foursquare-feed,552c94c2498e0c66f5e6eb43,"Mueang Chiang Mai, Thailand"
2015-04-15T12:41:35+00:00,,Krachang Tong,"18.86118589,99.01453721",foursquare-feed,552e5c7f498e39a3feb8b9f8,"Mueang Chiang Mai, Thailand"
2015-04-17T13:15:43+00:00,,Pizza Pasta by Simon,"18.91598370,98.94274635",foursquare-feed,5531077f498e89dcb5a494d1,Thailand
2015-04-22T02:46:00+00:00,,ไปรษณีย์แม่ริม Post office,"18.91329126,98.94556808",foursquare-feed,55370b68498efd722c9a50e8,"Mae Rim, Thailand"
2015-04-24T12:39:26+00:00,,Big Daddy's Diner,"18.78453238,98.99293811",foursquare-feed,553a397e498e56925251b8ab,"Mueang Chiang Mai, Thailand"
2015-04-25T11:52:53+00:00,,Steak Of The Day,"18.91557140,98.94215421",foursquare-feed,553b8015498e782c0b154f21,"Mueang Chiang Mai, Thailand"
2015-04-27T12:20:55+00:00,,HomePro,"18.79837054,99.02195473",foursquare-feed,553e29a7498eb3fbb1a58015,"Mueang Chiang Mai, Thailand"
2015-05-03T02:36:04+00:00,,Big Daddy's Diner,"18.78453238,98.99293811",foursquare-feed,55458994498e234c01b59411,"Mueang Chiang Mai, Thailand"
2015-05-09T05:14:40+00:00,,ศูนย์การเรียนรู้เศรษฐกิจพอเพียง,"18.89730182,98.94031496",foursquare-feed,554d97c0498eea0953e8fb7b,"Mae Rim, Thailand"
2015-05-09T07:43:45+00:00,,Baa Baa Black Cafe,"18.91248347,98.92929003",foursquare-feed,554dbab1498e51d4bd6cefa0,"Mae Rim, Thailand"
2015-05-10T11:57:01+00:00,,Bangkok Hospital Chiang Mai,"18.78876573,99.02631387",foursquare-feed,554f478d498ef56369300ea5,"Mueang Chiang Mai, Thailand"
2015-05-12T08:28:12+00:00,,Chiang Mai International Airport,"18.76925805,98.96797035",foursquare-feed,5551b99c498e8d8716e0c66b,"Mueang Chiang Mai, Thailand"
2015-05-14T03:43:18+00:00,,Chiang Mai International Airport,"18.76925805,98.96797035",foursquare-feed,555419d6498e4ad16afcc076,"Mueang Chiang Mai, Thailand"
2015-05-14T05:05:21+00:00,,Don Mueang International Airport,"13.91759694,100.60160266",foursquare-feed,55542d11498e10a14f0d9216,"Don Mueang, Thailand"
2015-05-14T08:38:15+00:00,,Belle Grand Rama IX,"13.75999350,100.56878325",foursquare-feed,55545ef7498e199a3fbc351e,"Huai Khwang, Thailand"
2015-05-14T11:34:16+00:00,,1881 by Water Library,"13.74545623,100.53821267",foursquare-feed,55548838498e6d5fdee40c6b,"Pathum Wan, Thailand"
2015-05-14T13:29:18+00:00,,Namsaah Bottling Trust,"13.72522875,100.52933312",foursquare-feed,5554a32e498e996bd62e76ce,"Bang Rak, Thailand"
2015-05-15T05:28:02+00:00,,Crystal Design Center,"13.80246218,100.61825591",foursquare-feed,555583e2498ee12ff8f554be,"Bang Kapi, Thailand"
2015-05-15T07:41:56+00:00,,Cheesecake House,"13.73921765,100.58679065",foursquare-feed,5555a344498e803955fc3ee8,"Vadhana, Thailand"
2015-05-15T08:48:07+00:00,,Fortune Town,"13.75848526,100.56540359",foursquare-feed,5555b2c7498e53f92cdf6838,"Din Daeng, Thailand"
2015-05-16T04:24:47+00:00,,Fortune Town,"13.75848526,100.56540359",foursquare-feed,5556c68f498e84bedcc94e2f,"Din Daeng, Thailand"
2015-05-16T05:26:30+00:00,,Hotel Muse Bangkok,"13.74019840,100.54364870",foursquare-feed,5556d506498eecc7746d7839,"Phra Nakhon, Thailand"
2015-05-16T06:09:02+00:00,,Siam Paragon,"13.74697923,100.53491235",foursquare-feed,5556defe498e8c88909966dd,"Pathum Wan, Thailand"
2015-05-16T07:36:10+00:00,,KidZania Bangkok,"13.74786280,100.53537908",foursquare-feed,5556f36a498eaa57c347fafb,"Pathum Wan, Thailand"
2015-05-16T10:37:32+00:00,,The Circle Ratchapruk,"13.76756307,100.44271549",foursquare-feed,55571dec498e6fe1b3d53ce2,"Taling Chan, Thailand"
2015-05-17T05:08:50+00:00,,Bangkok Hospital Chiang Mai,"18.78876573,99.02631387",foursquare-feed,55582262498ea441208c495e,"Mueang Chiang Mai, Thailand"
2015-05-17T06:46:01+00:00,,Subway,"18.82801099,99.01235574",foursquare-feed,55583929498e2b1f8578208e,Thailand
2015-05-17T13:26:37+00:00,,Pizza Pasta by Simon,"18.91598370,98.94274635",foursquare-feed,5558970d498e3be84d112e53,Thailand
2015-05-22T14:04:35+00:00,,Big Daddy's Diner,"18.78453238,98.99293811",foursquare-feed,555f3773498eea58deefc0ef,"Mueang Chiang Mai, Thailand"
2015-05-23T06:11:18+00:00,,Baan Khum Noodle,"18.78744468,98.96114916",foursquare-feed,55601a06498e784e2131352a,"Mueang Chiang Mai, Thailand"
2015-05-29T08:00:21+00:00,,C.A.M.P. AIS - Creative And Meeting Place (ซี เอ เอ็ม พี),"18.80224589,98.96683854",foursquare-feed,55681c95498e3da7efd39155,"Mueang Chiang Mai, Thailand"
2015-05-29T10:40:02+00:00,,MAYA,"18.80215225,98.96750656",foursquare-feed,55684202498e897fe2807a80,"Mueang Chiang Mai, Thailand"
2015-05-29T12:09:03+00:00,,Mama Mia,"18.86978613,99.01552323",foursquare-feed,556856df498e3248e2567a7a,"San Sai, Thailand"
2015-05-31T05:33:33+00:00,,Beppu Restaurant,"18.79518731,98.96728006",foursquare-feed,556a9d2d498e907c09cbf71b,"Mueang Chiang Mai, Thailand"
2015-06-09T07:45:02+00:00,,Chiang Mai International Airport,"18.76925805,98.96797035",foursquare-feed,5576997e498e799ce8e3a649,"Mueang Chiang Mai, Thailand"
2015-06-09T09:46:22+00:00,,Don Mueang International Airport,"13.91759694,100.60160266",foursquare-feed,5576b5ee498ee53254cdb4c0,"Don Mueang, Thailand"
2015-06-09T13:24:00+00:00,,Lumpini Place Phahon-Saphankhwai,"13.79143355,100.54374921",foursquare-feed,5576e8f0498e5d08511d62da,"Phaya Thai, Thailand"
2015-06-10T04:42:25+00:00,,The Game,"13.74026194,100.55586655",foursquare-feed,5577c031498e10f53ba93fba,"Vadhana, Thailand"
2015-06-10T07:44:27+00:00,,The Dubliner,"13.73213137,100.56835413",foursquare-feed,5577eadb498e0da8071bf764,"Vadhana, Thailand"
2015-06-10T09:47:26+00:00,,ชู ช็อคโกแล็ต บาร์ & คาเฟ่,"13.73594533,100.56178297",foursquare-feed,557807ae498efbf7f4ebdbde,"Khlong Toei, Thailand"
2015-06-10T12:10:48+00:00,,The Old Dutch,"13.73692447,100.56271312",foursquare-feed,55782948498e72b9b46d2a16,"Vadhana, Thailand"
2015-06-11T05:05:55+00:00,,Central Embassy,"13.74350531,100.54680941",foursquare-feed,55791733498edf03f70de98e,"Pathum Wan, Thailand"
2015-06-11T05:06:15+00:00,,The Coffee Bean & Tea Leaf,"13.74348004,100.54702170",foursquare-feed,55791747498e6e486559ed4b,"Pathum Wan, Thailand"
2015-06-11T08:29:25+00:00,,Chatrium Residence Bangkok-Sathon,"13.70187333,100.53757286",foursquare-feed,557946e5498ed0ba8382eeb6,"Chong Nonsi, Thailand"
2015-06-11T09:56:23+00:00,,Liberty Plaza,"13.74250633,100.58568822",foursquare-feed,55795b47498ef51cd6db3607,"Vadhana, Thailand"
2015-06-11T11:14:51+00:00,,GAME OVER,"13.74212764,100.58542183",foursquare-feed,55796dab498eabd3a2d20ad8,"Vadhana, Thailand"
2015-06-11T11:59:42+00:00,,Flann O'Brien's Irish Pub,"13.73077682,100.58153916",foursquare-feed,5579782e498e1414f1166d46,"Vadhana, Thailand"
2015-06-12T05:19:41+00:00,,Bangkok Bank,"13.78210293,100.54565684",foursquare-feed,557a6bed498e9757f8a5d3bd,"Phaya Thai, Thailand"
2015-06-12T06:26:47+00:00,,Phaholyothin Place,"13.78266956,100.54615602",foursquare-feed,557a7ba7498e1b57da91f761,"Phaya Thai, Thailand"
2015-06-12T06:53:34+00:00,,INTOUCH Tower,"13.78336674,100.54652157",foursquare-feed,557a81ee498ec33ab2b05110,"Phaya Thai, Thailand"
2015-06-13T02:34:31+00:00,,Sethiwan Tower,"13.72122399,100.52408841",foursquare-feed,557b96b7498e66573bd5e939,"Bang Rak, Thailand"
2015-06-13T03:19:35+00:00,,HotelQuickly,"13.72178638,100.52418169",foursquare-feed,557ba147498eb6109a4137f5,Thailand
2015-06-13T13:22:56+00:00,,Vesper,"13.72708275,100.53355378",foursquare-feed,557c2eb0498e0689e45b67dc,"Bang Rak, Thailand"
2015-06-13T15:49:24+00:00,,KU DÉ TA,"13.72245570,100.52940608",foursquare-feed,557c5104498eefd6a1483fbe,"Bang Rak, Thailand"
2015-06-15T05:37:02+00:00,,Fortune Town,"13.75848526,100.56540359",foursquare-feed,557e647e498ec38755e0f525,"Din Daeng, Thailand"
2015-06-15T07:56:44+00:00,,ชู ช็อคโกแล็ต บาร์ & คาเฟ่,"13.73594533,100.56178297",foursquare-feed,557e853c498efeb94ff3c680,"Khlong Toei, Thailand"
2015-06-15T15:07:34+00:00,,Night Food Stall Street,"13.72370100,100.57903840",foursquare-feed,557eea36498e85e718fcc96b,"Khlong Toei, Thailand"
2015-06-16T04:30:42+00:00,,Don Mueang International Airport,"13.91759694,100.60160266",foursquare-feed,557fa672498ed2d942d70292,"Don Mueang, Thailand"
2015-06-17T08:35:55+00:00,,Coffee Monster,"18.82067359,98.96360221",foursquare-feed,5581316b498ea7605844fc75,Thailand
2015-06-19T08:58:15+00:00,,Three Kings Monument,"18.79029644,98.98762580",foursquare-feed,5583d9a7498e586777313b24,"Mueang Chiang Mai, Thailand"
2015-06-19T11:11:47+00:00,,Ginger & Kafé,"18.79275539,98.99317732",foursquare-feed,5583f8f3498e60319b221978,"Mueang Chiang Mai, Thailand"
2015-06-20T07:39:25+00:00,,Art in Paradise,"18.77621627,98.99951944",foursquare-feed,558518ad498efe3408b3aeff,"Mueang Chiang Mai, Thailand"
2015-06-21T06:00:25+00:00,,Terraces,"18.91501698,98.93088104",foursquare-feed,558652f9498e56d0fd6703a9,"Mae Rim, Thailand"
2015-06-28T04:16:11+00:00,,pansawan,"18.93203441,98.92460711",foursquare-feed,558f750b498e7e0ab2eedaf1,Thailand
2015-06-28T08:26:21+00:00,,Sala Café,"18.90448530,98.92158092",foursquare-feed,558fafad498e43b573239e77,"Mae Rim, Thailand"
2015-06-28T10:44:54+00:00,,Pizza Pasta by Simon,"18.91598370,98.94274635",foursquare-feed,558fd026498eed89f3593270,Thailand
2015-07-02T11:28:15+00:00,,Kamonraput Coffee & Restaurant,"18.96149300,98.94403300",foursquare-feed,5595204f498e9d00040c3e74,Thailand
2015-07-03T13:00:40+00:00,,Pizza Pasta by Simon,"18.91598370,98.94274635",foursquare-feed,55968778498e2a9433272bc1,Thailand
2015-07-04T08:43:33+00:00,,The River Market,"18.78381954,99.00382962",foursquare-feed,55979cb5498efd1905bad3cd,"Mueang Chiang Mai, Thailand"
2015-07-09T09:54:35+00:00,,Boat,"18.80719987,98.95697804",foursquare-feed,559e44db498e1514d12e9de9,"Mueang Chiang Mai, Thailand"
2015-07-10T06:08:34+00:00,,MAYA,"18.80215225,98.96750656",foursquare-feed,559f6162498e3d39bd479e00,"Mueang Chiang Mai, Thailand"
2015-07-10T06:08:55+00:00,,AIS Shop,"18.80181147,98.96755001",foursquare-feed,559f6177498ea3e323e89568,"Mueang Chiang Mai, Thailand"
2015-07-10T07:06:53+00:00,,True Office Chiang Mai,"18.79252116,99.03860539",foursquare-feed,559f6f0d498eddafa008c122,Thailand
2015-07-10T09:10:25+00:00,,Smoothie Blues,"18.79772760,98.96640528",foursquare-feed,559f8c01498e8465e13df653,"Mueang Chiang Mai, Thailand"
2015-07-11T06:44:00+00:00,,Kamonraput Coffee & Restaurant,"18.96149300,98.94403300",foursquare-feed,55a0bb30498e153754e96b28,Thailand
2015-07-12T03:22:59+00:00,,Global House,"18.74365075,99.00055948",foursquare-feed,55a1dd93498e791a24fd3a21,"Saraphi, Thailand"
2015-07-17T08:29:38+00:00,,Shell,"18.80311000,99.01694000",foursquare-feed,55a8bcf2498ea35891827426,"Tambon Wat Ket, Thailand"
2015-07-17T10:37:17+00:00,,Pantip Plaza Chiangmai,"18.78194116,98.99982026",foursquare-feed,55a8dadd498e5aedfe3629d2,"Mueang Chiang Mai, Thailand"
2015-07-18T07:48:56+00:00,,Subway,"18.82801099,99.01235574",foursquare-feed,55aa04e8498e48906009735e,Thailand
2015-07-19T04:28:38+00:00,,Promenada Resort Mall,"18.76621650,99.03722958",foursquare-feed,55ab2776498ece1690107d81,"Mueang Chiang Mai, Thailand"
2015-07-19T08:17:45+00:00,,Chi Chang,"18.76705452,99.03660885",foursquare-feed,55ab5d29498ebbcd55630cd8,"Mueang Chiang Mai, Thailand"
2015-07-24T05:08:26+00:00,,Boat,"18.80719987,98.95697804",foursquare-feed,55b1c84a498ee8308d248b12,"Mueang Chiang Mai, Thailand"
2015-07-24T11:20:52+00:00,,Pizza Pasta by Simon,"18.91598370,98.94274635",foursquare-feed,55b21f94498eb8eae0eac991,Thailand
2015-07-25T13:04:37+00:00,,Baan Salad,"18.91505100,98.94215800",foursquare-feed,55b38965498e88d8a24ea568,Thailand
2015-07-26T10:18:58+00:00,,Sala Café,"18.90448530,98.92158092",foursquare-feed,55b4b412498eb12000fa35bc,"Mae Rim, Thailand"
2015-07-30T08:05:10+00:00,,ปาย 91.5,"19.09348808,98.88397213",foursquare-feed,55b9dab6498eb04cfa9ebf17,Thailand
2015-07-30T11:28:58+00:00,,Pizza Pasta by Simon,"18.91598370,98.94274635",foursquare-feed,55ba0a7a498ef86aee25957a,Thailand
2015-08-01T02:17:17+00:00,,Sala Café,"18.90448530,98.92158092",foursquare-feed,55bc2c2d498e730cd69109ce,"Mae Rim, Thailand"
2015-08-01T03:42:10+00:00,,ศาลาไอติม ป่าม่วง แม่ริม เชียงใหม่,"18.91156700,98.91324900",foursquare-feed,55bc4012498e0ad78d088589,Thailand
2015-08-12T02:47:10+00:00,,and ann coffee,"18.91251825,98.93531226",foursquare-feed,55cab3ae498e53afc7221b49,Thailand
2015-08-15T08:26:13+00:00,,PTT Station,"17.61859441,99.23428048",foursquare-feed,55cef7a5498ed4cbdbf1c449,"Thoen, Thailand"
2015-08-15T10:39:35+00:00,,J2 Hotel,"16.71783519,98.58105410",foursquare-feed,55cf16e7498e58cf9d07bbaa,"Mae Sot, Thailand"
2015-08-15T11:49:47+00:00,,Krua Canadian,"16.71581639,98.56947534",foursquare-feed,55cf275b498e0f41ecb385db,"Mae Sod, Thailand"
2015-08-16T02:52:09+00:00,,J2 Hotel,"16.71783519,98.58105410",foursquare-feed,55cffad9498e2ab7a82d121d,"Mae Sot, Thailand"
2015-08-16T03:16:29+00:00,,PTT,"16.72512285,98.59602503",foursquare-feed,55d0008d498ee9c23d94090e,"Mae Sod, Thailand"
2015-08-16T05:44:29+00:00,,Khanom Cheen Ban Mai,"16.87021352,99.12672908",foursquare-feed,55d0233d498e9625e33fed7b,"Tak, Thailand"
2015-08-16T07:17:52+00:00,,PTT Station,"17.61980832,99.23377031",foursquare-feed,55d03920498eafcf015b7799,"Thoen, Thailand"
2015-08-19T05:17:30+00:00,,MAYA,"18.80215225,98.96750656",foursquare-feed,55d4116a498e024f4701c403,"Mueang Chiang Mai, Thailand"
2015-08-20T07:17:41+00:00,,The Duke's,"18.80223723,98.96662236",foursquare-feed,55d57f15498e9b59a1f66458,"Mueang Chiang Mai, Thailand"
2015-08-22T04:02:56+00:00,,Hong Fae / โฮง'แฟ,"18.91309500,98.93757900",foursquare-feed,55d7f470498e46343720d882,Thailand
2015-08-23T08:58:09+00:00,,The Ring,"18.79516019,98.96772510",foursquare-feed,55d98b21498e9dea3da9f4be,"Mueang Chiang Mai, Thailand"
2015-08-25T07:52:03+00:00,,PTT Station,"18.84855347,98.97073563",foursquare-feed,55dc1ea3498eedff72b87df7,"Mae Rim, Thailand"
2015-08-26T06:47:13+00:00,,The Duke's,"18.80223723,98.96662236",foursquare-feed,55dd60f1498e984904c2f52d,"Mueang Chiang Mai, Thailand"
2015-08-27T11:04:03+00:00,,Maerim Plaza,"18.91570784,98.94262774",foursquare-feed,55deeea3498e22cf25967760,"Rim Tai, Thailand"
2015-08-29T04:31:30+00:00,,ศาลาไอติม ป่าม่วง แม่ริม เชียงใหม่,"18.91156700,98.91324900",foursquare-feed,55e135a2498ed4e550675aa0,Thailand
2015-08-30T02:43:37+00:00,,สวนสุขภาพ สมเด็จพระศรีนครินทราบรมราชชนนี,"18.79325757,98.96593186",foursquare-feed,55e26dd9498e6404537b8444,"Su Thep, Thailand"
2015-08-30T04:14:15+00:00,,Bake & Bite,"18.79750396,98.96703243",foursquare-feed,55e28317498e8162d4dc79c8,"Mueang Chiang Mai, Thailand"
2015-09-02T01:13:47+00:00,,Esso,"18.83687510,98.97523660",foursquare-feed,55e64d4b498ea8b2467e3b89,"Mueang Chiang Mai, Thailand"
2015-09-02T11:28:45+00:00,,Baan Salad,"18.91505100,98.94215800",foursquare-feed,55e6dd6d498eb52ff3d391e5,Thailand
2015-09-04T05:20:29+00:00,,The Duke's,"18.80223723,98.96662236",foursquare-feed,55e92a1d498e7bdae8cd6e23,"Mueang Chiang Mai, Thailand"
2015-09-05T03:54:13+00:00,,baan & BEYOND,"18.76732605,98.97353325",foursquare-feed,55ea6765498ed081e15640d7,"Mueang Chiang Mai, Thailand"
2015-09-05T06:20:05+00:00,,Café de Oasis,"18.82474308,98.95955985",foursquare-feed,55ea8995498efb2faf1388df,"Mueang Chiang Mai, Thailand"
2015-09-06T04:26:01+00:00,,Promenada Resort Mall,"18.76621650,99.03722958",foursquare-feed,55ebc059498e92ab016d2bd9,"Mueang Chiang Mai, Thailand"
2015-09-06T06:41:13+00:00,,MAYA,"18.80215225,98.96750656",foursquare-feed,55ebe009498e09aa33e693a1,"Mueang Chiang Mai, Thailand"
2015-09-07T06:28:13+00:00,,Promenada Resort Mall,"18.76621650,99.03722958",foursquare-feed,55ed2e7d498e213f34fc50a9,"Mueang Chiang Mai, Thailand"
2015-09-07T06:28:38+00:00,,Chiang Mai Immigration One Stop Service,"18.76623466,99.03716824",foursquare-feed,55ed2e96498e4de964374cd7,"Mueang Chiang Mai, Thailand"
2015-09-09T05:04:13+00:00,,Kellys Fish & Chips,"18.82402600,99.01030600",foursquare-feed,55efbdcd498e9ebcbc27e847,Thailand
2015-09-09T12:59:53+00:00,,ชมดอยคอนโด (ตึกเหลี่ยม),"18.80353301,98.96007552",foursquare-feed,55f02d49498ef08aa6bc940b,"Mueang Chiang Mai, Thailand"
2015-09-09T13:36:58+00:00,,Myst,"18.80215869,98.96696954",foursquare-feed,55f035fa498e3f8c8382ee00,"Mueang Chiang Mai, Thailand"
2015-09-09T23:12:54+00:00,,Incheon International Airport,"37.45827402,126.44293249",foursquare-feed,55f0bcf6498ec372ca8a340f,"Incheon, South Korea"
2015-09-10T16:39:30+00:00,,Chicago O'Hare International Airport,"41.97703031,-87.90479802",foursquare-feed,55f1b242498ed76995029b6d,"Chicago, United States"
2015-09-10T18:21:07+00:00,,Milwaukee Mitchell International Airport,"42.94367200,-87.90076000",foursquare-feed,55f1ca13498e0d9245637b12,"Milwaukee, United States"
2015-09-12T18:08:06+00:00,,Panera Bread,"43.40105600,-88.18173400",foursquare-feed,55f46a06498e449f2dac2caa,"West Bend, United States"
2015-09-13T03:03:58+00:00,,"Bottom's Up  Boltonville, Wi","43.52715700,-88.10066900",foursquare-feed,55f4e79e498eb0536d2bf587,"Kewaskum, United States"
2015-09-14T23:03:22+00:00,,Coffee Corner,"43.52107422,-88.22880464",foursquare-feed,55f7523a498e7069f01ba40e,"Kewaskum, United States"
2015-09-16T14:39:54+00:00,,Milwaukee Mitchell International Airport,"42.94367200,-87.90076000",foursquare-feed,55f97f3a498ed3db8078dda3,"Milwaukee, United States"
2015-09-16T17:41:19+00:00,,Apple Bayshore,"43.12157110,-87.91533630",foursquare-feed,55f9a9bf498e243de60ee690,"Glendale, United States"
2015-09-17T22:05:14+00:00,,Coffee Corner,"43.52107422,-88.22880464",foursquare-feed,55fb391a498e6ef41284d425,"Kewaskum, United States"
2015-09-18T15:09:16+00:00,,Kewaskum Public Library,"43.52207251,-88.22711628",foursquare-feed,55fc291c498eacb198b113c3,"Kewaskum, United States"
2015-09-21T00:32:28+00:00,,Lambeau Field,"44.50132831,-88.06217641",foursquare-feed,55ff501c498e65773113704d,"Green Bay, United States"
2015-09-21T13:40:06+00:00,,Motel 6,"44.53124889,-88.06152377",foursquare-feed,560008b6498e2077ee6bd49e,"Green Bay, United States"
2015-09-21T16:21:14+00:00,,Kaukauna Family Restaurant,"44.27138223,-88.27432561",foursquare-feed,56002e7a498efa82e4a9ffda,"Kaukauna, United States"
2015-09-22T23:46:37+00:00,,Buffalo Wild Wings,"43.39716171,-88.18550169",foursquare-feed,5601e85d498ecd7dcca8b985,"West Bend, United States"
2015-09-23T18:40:30+00:00,,Kewaskum Public Library,"43.52207251,-88.22711628",foursquare-feed,5602f21e498eff2c3737b2cf,"Kewaskum, United States"
2015-09-23T21:06:29+00:00,,Culver's,"43.42808765,-88.21238402",foursquare-feed,56031455498eecd9c5a36011,"West Bend, United States"
2015-09-24T21:11:31+00:00,,Kewaskum Public Library,"43.52207251,-88.22711628",foursquare-feed,56046703498ee750ff07b886,"Kewaskum, United States"
2015-09-25T18:58:26+00:00,,La Chimenea,"43.22072738,-88.09916363",foursquare-feed,56059952498e3df1320c08e7,"Germantown, United States"
2015-09-25T22:18:00+00:00,,Holiday Inn Hotel & Suites Milwaukee Airport,"42.95781232,-87.91840196",foursquare-feed,5605c818498e6dce949e1bb6,"Milwaukee, United States"
2015-09-27T07:29:41+00:00,,Incheon International Airport,"37.45827402,126.44293249",foursquare-feed,56079ae5498e53d9b8e92c5a,"Incheon, South Korea"
2015-09-27T15:45:50+00:00,,Chiang Mai International Airport,"18.76925805,98.96797035",foursquare-feed,56080f2e498ed9ca93948250,"Mueang Chiang Mai, Thailand"
2015-09-30T05:14:30+00:00,,The Duke's,"18.80223723,98.96662236",foursquare-feed,560b6fb6498e894eed09b316,"Mueang Chiang Mai, Thailand"
2015-10-03T08:23:53+00:00,,Khao Soi Mae Nai Restaurant,"19.07062032,98.93919993",foursquare-feed,560f9099498e76bfbf708898,"Mae Taeng, Thailand"
2015-10-04T11:45:09+00:00,,Pizza Pasta by Simon,"18.91598370,98.94274635",foursquare-feed,56111145498eb023ba98af18,Thailand
2015-10-07T05:47:31+00:00,,Subway,"18.82801099,99.01235574",foursquare-feed,5614b1f3498e6e87613e2a10,Thailand
2015-10-09T09:16:54+00:00,,Fuji,"18.80222980,98.96680549",foursquare-feed,56178606498ed9380b048ce9,"Mueang Chiang Mai, Thailand"
2015-10-09T15:30:46+00:00,,Big Daddy's Diner,"18.78453238,98.99293811",foursquare-feed,5617dda6498ee58e96b501d6,"Mueang Chiang Mai, Thailand"
2015-10-11T07:39:21+00:00,,Global House,"18.74365075,99.00055948",foursquare-feed,561a1229498e64465cf3bcc3,"Saraphi, Thailand"
2015-10-11T11:30:42+00:00,,Pizza Pasta by Simon,"18.91598370,98.94274635",foursquare-feed,561a4862498e9912c9cc80d6,Thailand
2015-10-14T06:26:41+00:00,,Simple,"18.81708600,98.96257600",foursquare-feed,561df5a1498ed243dda29b13,Thailand
2015-10-17T03:04:46+00:00,,บางจาก แม่ริม,"18.95267283,98.94433217",foursquare-feed,5621bace498e14ddc4aae42e,"Maerim Chiangmai, Thailand"
2015-10-18T09:56:18+00:00,,pansawan,"18.93203441,98.92460711",foursquare-feed,56236cc2498ed085ac1450bc,Thailand
2015-10-19T03:55:24+00:00,,Tiger Ted Café,"18.80222606,98.96643578",foursquare-feed,562469ac498efea72f12c8f1,"Mueang Chiang Mai, Thailand"
2015-10-22T04:10:49+00:00,,D Condo Sign,"18.80877154,99.01664042",foursquare-feed,562861c9498e3c5c0f067af9,Thailand
2015-10-22T05:54:34+00:00,,Central Chiangmai,"18.80656297,99.01784901",foursquare-feed,56287a1a498e3e931e7fd3cb,"Mueang Chiang Mai, Thailand"
2015-10-22T05:54:55+00:00,,Gloria Jean's,"18.80774343,99.01796754",foursquare-feed,56287a2f498e2ad09583c07c,"Mueang Chiang Mai, Thailand"
2015-10-24T11:28:35+00:00,,Chic 39,"18.88766907,98.97940512",foursquare-feed,562b6b63498ef85571a5cf25,"Mueang Chiang Mai, Thailand"
2015-10-25T07:09:51+00:00,,Café de Oasis,"18.82474308,98.95955985",foursquare-feed,562c803f498e52123fe4b4a9,"Mueang Chiang Mai, Thailand"
2015-10-26T00:44:05+00:00,,HOME MALL,"18.85238544,99.00845441",foursquare-feed,562d7755498e6aa508f00348,"จ.เชียงใหม่, Thailand"
2015-10-27T06:17:41+00:00,,The Pub,"18.80163022,98.96640353",foursquare-feed,562f1705498ebdd66507e90d,"Mueang Chiang Mai, Thailand"
2015-10-27T11:34:56+00:00,,Steak Of The Day,"18.91557140,98.94215421",foursquare-feed,562f6160498ebdd665ec2682,"Mueang Chiang Mai, Thailand"
2015-10-30T06:33:06+00:00,,Big Daddy's Diner,"18.78453238,98.99293811",foursquare-feed,56330f22498ee320014354a0,"Mueang Chiang Mai, Thailand"
2015-10-31T09:37:59+00:00,,Kamonraput Coffee & Restaurant,"18.96149300,98.94403300",foursquare-feed,56348bf7cd10ff8b71d65d6f,Thailand
2015-11-01T11:12:10+00:00,,Expedition Outfitters,"18.91672900,98.94417000",foursquare-feed,5635f38acd1067497ab9a86e,Thailand
2015-11-01T11:13:51+00:00,,Pizza Pasta by Simon,"18.91598370,98.94274635",foursquare-feed,5635f3ef498eb4390fa422a7,Thailand
2015-11-04T06:34:29+00:00,,SUBWAY,"18.79634439,98.96598201",foursquare-feed,5639a6f5cd10a14086fb14d7,"Mueang Chiang Mai, Thailand"
2015-11-06T01:22:53+00:00,,Mae Pun Din & Phor Tum Suan,"18.91331601,98.96696805",foursquare-feed,563c00edcd10ac82e614390b,"Mae Rim, Thailand"
2015-11-06T03:13:54+00:00,,Bangkok Bank,"18.79757749,98.96645253",foursquare-feed,563c1af2cd10fe755ea0eec1,"Su Thep, Thailand"
2015-11-07T06:44:35+00:00,,Kamtiang Market,"18.80614241,98.99737261",foursquare-feed,563d9dd3cd10d08dedd109a6,"Mueang Chiang Mai, Thailand"
2015-11-07T07:37:36+00:00,,Blue Café by Coffee Blue (บลูคาเฟ่),"18.90199172,98.94913175",foursquare-feed,563daa40498eb1375ddb0746,"Mae Rim, Thailand"
2015-11-09T09:49:23+00:00,,Pizza Pasta by Simon,"18.91598370,98.94274635",foursquare-feed,56406c23cd10cbd05ac9fab0,Thailand
2015-11-12T05:21:34+00:00,,ISUZU Kow Yoo Hah Lampang,"18.27622327,99.48312750",foursquare-feed,564421de498e58fdd3ac3bb0,"Phrabat, Thailand"
2015-11-12T05:51:56+00:00,,Isuzu lampang,"18.28319612,99.48314410",foursquare-feed,564428fc498e72ca8bbbecf2,"Lampang, Thailand"
2015-11-12T07:21:25+00:00,,สำนักงานขนส่งจ.ลำปาง,"18.26086846,99.54345846",foursquare-feed,56443df5498e743b1502d485,"Phrabat, Thailand"
2015-11-14T08:38:50+00:00,,PTIS International School (Prem),"18.96538103,98.91455552",foursquare-feed,5646f31a498ec18cf3cb6d47,"Mae Rim, Thailand"
2015-11-15T09:59:02+00:00,,Sala Café,"18.90448530,98.92158092",foursquare-feed,56485766498efd716fb6a51e,"Mae Rim, Thailand"
2015-11-16T01:32:31+00:00,,Lan Sai Maejo,"18.86653400,99.01474200",foursquare-feed,5649322f498e36f62fda7737,Thailand
2015-11-19T06:27:14+00:00,,The Pub,"18.80163022,98.96640353",foursquare-feed,564d6bc2498e3122445ff4e3,"Mueang Chiang Mai, Thailand"
2015-11-21T10:14:43+00:00,,The Ring,"18.79516019,98.96772510",foursquare-feed,5650441338fa3920596db639,"Mueang Chiang Mai, Thailand"
2015-11-21T12:05:43+00:00,,NIMMAN HILL,"18.80232362,98.96672378",foursquare-feed,56505e17498e7eab3867b15e,"Mueang Chiang Mai, Thailand"
2015-11-23T06:43:23+00:00,,ร้านอาหารฝ้ายคำ,"18.89196897,98.83361698",foursquare-feed,5652b58b498ebd756b7fa93d,Thailand
2015-11-23T08:02:29+00:00,,Mon Cham,"18.93548337,98.82269594",foursquare-feed,5652c815498e9be75a9cff5a,"Mae Rim, Thailand"
2015-11-23T08:55:19+00:00,,สวนโอขิ สวนองุ่น,"18.95392304,98.79462917",foursquare-feed,5652d477498ec3abfb6750bb,"ม่อนแจ่ม, Thailand"
2015-11-23T10:56:32+00:00,,Pop Car Rent 1985,"18.78574711,98.99342534",foursquare-feed,5652f0e0498e1eb2efd7c0c0,"Mueang Chiang Mai, Thailand"
2015-11-23T11:20:46+00:00,,John's Place,"18.78609740,98.99313206",foursquare-feed,5652f68e498ef2f236d01dcb,"Mueang Chiang Mai, Thailand"
2015-11-25T09:39:31+00:00,,Chiang Mai International Airport,"18.76925805,98.96797035",foursquare-feed,565581d3498e46da6f30053f,"Mueang Chiang Mai, Thailand"
2015-11-25T11:23:50+00:00,,Don Mueang International Airport,"13.91759694,100.60160266",foursquare-feed,56559a46498e78ef9e417a19,"Don Mueang, Thailand"
2015-11-25T13:20:25+00:00,,Belle Grand Rama IX,"13.75999350,100.56878325",foursquare-feed,5655b599498eefdbf3355919,"Huai Khwang, Thailand"
2015-11-25T13:38:11+00:00,,Mix Restaurant & Bar,"13.75973321,100.56825399",foursquare-feed,5655b9c338fa4de4ba77a8d6,"Huai Khwang, Thailand"
2015-11-26T03:37:21+00:00,,BITEC,"13.66961091,100.61000347",foursquare-feed,56567e71498e666e8b714318,"Bang Na, Thailand"
2015-11-26T16:45:27+00:00,,Belle Grand Rama IX,"13.75999350,100.56878325",foursquare-feed,56573727498e641f8010ed09,"Huai Khwang, Thailand"
2015-11-27T03:14:36+00:00,,BITEC,"13.66961091,100.61000347",foursquare-feed,5657ca9c498e91715493e6aa,"Bang Na, Thailand"
2015-11-27T13:13:50+00:00,,"Four Points by Sheraton Bangkok, Sukhumvit 15","13.73935200,100.55848900",foursquare-feed,5658570e498e388f78f8fd32,"Vadhana, Thailand"
2015-11-28T06:52:57+00:00,,Belle Grand Rama IX,"13.75999350,100.56878325",foursquare-feed,56594f49498ee497541f31bb,"Huai Khwang, Thailand"
2015-11-28T10:02:05+00:00,,Bangkok Patana School,"13.66304524,100.62199746",foursquare-feed,56597b9d498ebaf302929477,"Bang Na, Thailand"
2015-11-28T13:35:47+00:00,,SWAY,"13.73216785,100.58514534",foursquare-feed,5659adb338fa07c5cc14658b,Thailand
2015-11-28T22:32:36+00:00,,Nori's Bar,"13.73189322,100.57603494",foursquare-feed,565a2b84498eb0543cb13447,"Vadhana, Thailand"
2015-11-29T05:28:44+00:00,,Fortune Town,"13.75848526,100.56540359",foursquare-feed,565a8d0c498eded0d7f58634,"Din Daeng, Thailand"
2015-11-29T10:37:27+00:00,,Don Mueang International Airport,"13.91759694,100.60160266",foursquare-feed,565ad567498e4c39c76889fe,"Don Mueang, Thailand"
2015-11-29T11:03:41+00:00,,Burger King,"13.91828183,100.60228946",foursquare-feed,565adb8d498e205caf02b3ff,"Don Mueang, Thailand"
2015-11-29T12:46:39+00:00,,Chiang Mai International Airport,"18.76925805,98.96797035",foursquare-feed,565af3af498e0983929674ce,"Mueang Chiang Mai, Thailand"
2015-11-30T06:56:19+00:00,,Smoothie Blues,"18.79772760,98.96640528",foursquare-feed,565bf313498e001625a8f17a,"Mueang Chiang Mai, Thailand"
2015-12-02T11:19:40+00:00,,Maerim Plaza,"18.91570784,98.94262774",foursquare-feed,565ed3cc498e426e372bae30,"Rim Tai, Thailand"
2015-12-04T00:55:55+00:00,,PTT Station,"18.84855347,98.97073563",foursquare-feed,5660e49b498ec97a34b6b84c,"Mae Rim, Thailand"
2015-12-04T07:55:32+00:00,,Chiang Mai International Airport,"18.76925805,98.96797035",foursquare-feed,566146f4498e987e0fa4590f,"Mueang Chiang Mai, Thailand"
2015-12-05T07:39:36+00:00,,ม่อนวิวงาม,"18.93319242,98.81501569",foursquare-feed,566294b8498ed551e52c6ee0,"Mueang Chiang Mai, Thailand"
2015-12-05T12:13:04+00:00,,คีรีธารา,"18.82685433,98.95429035",foursquare-feed,5662d4d0498eb7414c153131,"ช้างเผือก, Thailand"
2015-12-06T08:05:56+00:00,,Sibsan Resort & Spa Maetaeng,"19.19900532,98.88447852",foursquare-feed,5663ec6438fa4b1f60bc0ea3,"Mae Taeng, Thailand"
2015-12-07T01:33:53+00:00,,Rawee Waree Tower,"19.19924500,98.88343100",foursquare-feed,5664e201498e9c07cb221a12,Thailand
2015-12-09T02:06:37+00:00,,Bangkok Bank,"18.79757749,98.96645253",foursquare-feed,56678cad498eb5749d702de9,"Su Thep, Thailand"
2015-12-09T02:39:47+00:00,,สำนักงานที่ดินจังหวัดเชียงใหม่,"18.83979136,98.96966854",foursquare-feed,56679473498ea17cbc539efa,"Don Kaeo, Thailand"
2015-12-09T07:16:08+00:00,,The Pub,"18.80163022,98.96640353",foursquare-feed,5667d538498efff95ceb7c75,"Mueang Chiang Mai, Thailand"
2015-12-09T08:34:04+00:00,,HOME MALL,"18.85238544,99.00845441",foursquare-feed,5667e77c498e215ebec6499e,"จ.เชียงใหม่, Thailand"
2015-12-10T07:48:13+00:00,,Jirung Health Village Resort Chiang Mai,"18.92261230,98.93488233",foursquare-feed,56692e3d498e5c7e6855b19f,"Mueang Chiang Mai, Thailand"
2015-12-10T10:22:16+00:00,,NAP (Nimmanhaemin Art & Design Promenade),"18.79976395,98.96761442",foursquare-feed,56695258498e929f857e243d,"Mueang Chiang Mai, Thailand"
2015-12-10T11:49:17+00:00,,MIX,"18.79943315,98.96908036",foursquare-feed,566966bd498ea70def3d391c,"Mueng, Thailand"
2015-12-11T06:56:36+00:00,,Khow Soi Lamduan Faharm,"18.81146044,98.97888674",foursquare-feed,566a73a4498e3675a66e6448,"Mueang Chiang Mai, Thailand"
2015-12-11T08:17:53+00:00,,ศูนย์ราชการจังหวัดเชียงใหม่,"18.83973154,98.97082865",foursquare-feed,566a86b1498eb227d9f27720,"Mueang Chiang Mai, Thailand"
2015-12-12T08:06:49+00:00,,SpiceRoads Cycle Tours,"18.79328608,98.99131711",foursquare-feed,566bd599498e14cd0ceabeb4,"Muang, Thailand"
2015-12-12T11:25:18+00:00,,Chiangmai International Convention Center,"18.82664812,98.96094909",foursquare-feed,566c041e498ecb5e315362aa,"Mueang Chiang Mai, Thailand"
2015-12-13T11:25:23+00:00,,Pizza Pasta by Simon,"18.91598370,98.94274635",foursquare-feed,566d55a3498ed00d060ddf85,Thailand
2015-12-14T08:41:24+00:00,,T-Station Bar & Restaurant,"18.80102735,98.96740187",foursquare-feed,566e80b4498eccd423ed899d,"Suthep, Thailand"
2015-12-16T07:40:10+00:00,,AIS,"18.80181106,98.96761550",foursquare-feed,5671155a498ece688d6e63ba,Thailand
2015-12-16T07:40:45+00:00,,CoCo Ichibanya,"18.80228344,98.96681251",foursquare-feed,5671157d498eb49151626084,"Mueang Chiang Mai, Thailand"
2015-12-16T11:36:18+00:00,,Chic 39,"18.88766907,98.97940512",foursquare-feed,56714cb2498e966c44bf4899,"Mueang Chiang Mai, Thailand"
2015-12-18T03:30:32+00:00,,Hong Fae / โฮง'แฟ,"18.91309500,98.93757900",foursquare-feed,56737dd8498eff18b0568107,Thailand
2015-12-18T11:44:37+00:00,,pansawan,"18.93203441,98.92460711",foursquare-feed,5673f1a5498edc4607eae211,Thailand
2015-12-19T05:03:14+00:00,,NACHA COFFEE,"18.91704584,98.94337712",foursquare-feed,5674e512498e6a19365dc924,"Mueang Chiang Mai, Thailand"
2015-12-19T08:26:34+00:00,,PTT Station,"18.84855347,98.97073563",foursquare-feed,567514ba498e7aea48f26a3b,"Mae Rim, Thailand"
2015-12-19T09:00:27+00:00,,San Pareni,"18.74508533,98.95546058",foursquare-feed,56751cab498e1b3130add92e,"Mueang Chiang Mai, Thailand"
2015-12-19T09:40:26+00:00,,Rimping Grocery,"18.74685050,98.94165820",foursquare-feed,5675260a498e54c3decddabf,"Mueang Chiang Mai, Thailand"
2015-12-19T10:05:39+00:00,,Nic's Restaurant & Playground,"18.73343875,98.93832146",foursquare-feed,56752bf3498ec3cb82a26f69,"Mueang Chiang Mai, Thailand"
2015-12-19T12:59:31+00:00,,San Pareni,"18.74508533,98.95546058",foursquare-feed,567554b338fa4b48654c1b23,"Mueang Chiang Mai, Thailand"
2015-12-20T10:32:08+00:00,,Pizza Pasta by Simon,"18.91598370,98.94274635",foursquare-feed,567683a8498efe836a9a8eab,Thailand
2015-12-22T04:00:10+00:00,,PTT Station,"18.91903851,98.94323167",foursquare-feed,5678caca498e4b7b49633bd3,"Mae Rim, Thailand"
2015-12-22T12:13:21+00:00,,Baan Rai Yarm Yen,"18.81257795,99.00778541",foursquare-feed,56793e61498e66fc8e3e02f3,"Mueang Chiang Mai, Thailand"
2015-12-24T09:11:33+00:00,,Central Chiangmai,"18.80656297,99.01784901",foursquare-feed,567bb6c5498ee3b4e7d41c5b,"Mueang Chiang Mai, Thailand"
2015-12-26T09:18:41+00:00,,Promenada Resort Mall,"18.76621650,99.03722958",foursquare-feed,567e5b71498e3624579ca6de,"Mueang Chiang Mai, Thailand"
2015-12-26T10:52:32+00:00,,The Duke's,"18.76628240,99.03722663",foursquare-feed,567e7170498e38c7e2a9fe59,"Mueang Chiang Mai, Thailand"
2015-12-27T11:08:29+00:00,,Pizza Pasta by Simon,"18.91598370,98.94274635",foursquare-feed,567fc6ad498ea0483481e679,Thailand
2015-12-28T06:11:25+00:00,,Sala Café,"18.90448530,98.92158092",foursquare-feed,5680d28d498e305925c71fd4,"Mae Rim, Thailand"
2015-12-31T11:58:51+00:00,,Steak Of The Day,"18.91557140,98.94215421",foursquare-feed,5685187b498efac9e73ac719,"Mueang Chiang Mai, Thailand"
2015-12-31T16:21:45+00:00,,Big Daddy's Diner,"18.78453238,98.99293811",foursquare-feed,56855619498e1e5d5ec01890,"Mueang Chiang Mai, Thailand"
2016-01-01T06:38:26+00:00,,Maerim Plaza,"18.91570784,98.94262774",foursquare-feed,56861ee2498e5f0bb2c1e0a5,"Rim Tai, Thailand"
2016-01-02T06:17:24+00:00,,ข้าวซอยรสลำ,"18.91714545,98.90942034",foursquare-feed,56876b74498e916e4827b49a,"Mae Rim, Thailand"
2016-01-04T07:57:54+00:00,,Local Cafe,"18.80084656,98.96748731",foursquare-feed,568a2602498eb42a26ba59c7,"Mueang Chiang Mai, Thailand"
2016-01-04T13:51:15+00:00,,See Paak Restaurant,"18.92158943,98.94193228",foursquare-feed,568a78d3498e3a82a032a88e,"Mae Rim, Thailand"
2016-01-05T04:13:07+00:00,,Lan Sai Maejo,"18.86653400,99.01474200",foursquare-feed,568b42d3498e34ea3687cc9a,Thailand
2016-01-06T02:02:16+00:00,,Bangkok Hospital Chiang Mai,"18.78876573,99.02631387",foursquare-feed,568c75a8498eaf2fd00adce1,"Mueang Chiang Mai, Thailand"
2016-01-06T05:59:53+00:00,,Subway,"18.82801099,99.01235574",foursquare-feed,568cad59498e378cf865db53,Thailand
2016-01-06T13:50:55+00:00,,See Paak Restaurant,"18.92158943,98.94193228",foursquare-feed,568d1bbf498e7d15a415982a,"Mae Rim, Thailand"
2016-01-08T14:05:01+00:00,,Major Cineplex,"18.80660388,99.01826368",foursquare-feed,568fc20d498ebc642d6db60b,"Mueang Chiang Mai, Thailand"
2016-01-09T05:45:49+00:00,,Wing41 Air Force Base Headquater,"18.77289127,98.96714524",foursquare-feed,56909e8d498e00a9a1509dcc,"Su Thep, Thailand"
2016-01-09T06:42:23+00:00,,Chiang Mai International Airport,"18.76925805,98.96797035",foursquare-feed,5690abcf498e7480f0dc419b,"Mueang Chiang Mai, Thailand"
2016-01-09T11:02:03+00:00,,Fuji,"18.80222980,98.96680549",foursquare-feed,5690e8ab498e627f39309324,"Mueang Chiang Mai, Thailand"
2016-01-10T08:31:41+00:00,,Chedi Sathan Temple,"18.93259800,98.93806500",foursquare-feed,569216ed498e08b5b7dceae5,"Rim Nuea, Thailand"
2016-01-10T09:19:57+00:00,,Kaffee Bitte at Plai-na,"18.92993477,98.92974928",foursquare-feed,5692223d498ed0f4561e9f75,"Mae Rim, Thailand"
2016-01-13T06:42:36+00:00,,Local Cafe,"18.80084656,98.96748731",foursquare-feed,5695f1dc498ea5a4dec88b58,"Mueang Chiang Mai, Thailand"
2016-01-13T12:10:45+00:00,,Chiang Mai International Airport,"18.76925805,98.96797035",foursquare-feed,56963ec5498eccd9a59f372b,"Mueang Chiang Mai, Thailand"
2016-01-13T12:19:54+00:00,,Don Mueang International Airport,"13.91759694,100.60160266",foursquare-feed,569640ea498e56704951b7f4,"Don Mueang, Thailand"
2016-01-13T13:37:06+00:00,,Belle Grand Rama IX,"13.75999350,100.56878325",foursquare-feed,56965302498e8c108048834a,"Huai Khwang, Thailand"
2016-01-13T14:36:37+00:00,,Mix Restaurant & Bar,"13.75973321,100.56825399",foursquare-feed,569660f5498e20e9e88d87b9,"Huai Khwang, Thailand"
2016-01-14T02:06:51+00:00,,S&P,"13.78636739,100.54692403",foursquare-feed,569702bb498e99b3258820a9,"Phaya Thai, Thailand"
2016-01-14T04:50:31+00:00,,Mango Villages,"13.78278559,100.54646877",foursquare-feed,56972917498ec6d95116f6b9,Thailand
2016-01-14T10:44:53+00:00,,Fatty's Bar & Diner,"13.75679100,100.55879000",foursquare-feed,56977c25498eaf0441f82dc7,"Din Daeng, Thailand"
2016-01-15T02:25:13+00:00,,Belle Grand Rama IX,"13.75999350,100.56878325",foursquare-feed,56985889498ed42ca0ffaaff,"Huai Khwang, Thailand"
2016-01-15T05:58:50+00:00,,Angolo,"13.75293720,100.62826299",foursquare-feed,56988a9a498ea0869379813f,"Phra Nakhon, Thailand"
2016-01-15T08:08:22+00:00,,Smiling Albino,"13.75407255,100.62978961",foursquare-feed,5698a8f6498eda263df429e6,"Bangkok, Thailand"
2016-01-15T12:08:44+00:00,,Centurion park condo,"13.78243394,100.54156102",foursquare-feed,5698e14c498e9a5846b2808c,Thailand
2016-01-15T14:10:53+00:00,,ครัวแม่ปัญญา By ศรีสุดา,"13.78107331,100.54410055",foursquare-feed,5698fded498eca559faa5757,"Phaya Thai, Thailand"
2016-01-15T15:39:12+00:00,,Victory Monument,"13.76438847,100.53828834",foursquare-feed,569912a0498ef7cd7e4eaa9d,"Ratchathewi, Thailand"
2016-01-16T01:45:53+00:00,,Don Mueang International Airport,"13.91759694,100.60160266",foursquare-feed,5699a0d138fa743eaecd67bf,"Don Mueang, Thailand"
2016-01-16T02:01:54+00:00,,The Coffee Club,"13.91701129,100.60159347",foursquare-feed,5699a492498e31f3e00c4a38,"Don Mueang, Thailand"
2016-01-17T11:42:45+00:00,,Pizza Pasta by Simon,"18.91598370,98.94274635",foursquare-feed,569b7e35498ef1361f7db5e7,Thailand
2016-01-20T05:20:28+00:00,,Local Cafe,"18.80084656,98.96748731",foursquare-feed,569f191c498ea401bf193b9b,"Mueang Chiang Mai, Thailand"
2016-01-22T05:10:51+00:00,,Jarndiew favorite of Thais,"18.80096500,98.96723500",foursquare-feed,56a1b9db498e66f0f7c967f2,Thailand
2016-01-23T11:12:09+00:00,,Pizza Pasta by Simon,"18.91598370,98.94274635",foursquare-feed,56a36009498e06aa5ee84716,Thailand
2016-01-24T01:19:26+00:00,,Huay Tueng Tao,"18.86653100,98.94110000",foursquare-feed,56a4269e498e27efc76db9e9,"Mae Rim, Thailand"
2016-01-24T02:46:35+00:00,,SS1254372 Cafe,"18.79484619,98.96836973",foursquare-feed,56a43b0b498e8a3cdfac3d0c,"Mueang Chiang Mai, Thailand"
2016-01-24T13:05:07+00:00,,See Paak Restaurant,"18.92158943,98.94193228",foursquare-feed,56a4cc03498e98c9518a4e3c,"Mae Rim, Thailand"
2016-01-25T05:09:23+00:00,,Local Cafe,"18.80084656,98.96748731",foursquare-feed,56a5ae03498e707dc088d1e1,"Mueang Chiang Mai, Thailand"
2016-01-25T12:08:55+00:00,,Baan Rai Yarm Yen,"18.81257795,99.00778541",foursquare-feed,56a61057498efc1bee4d18b2,"Mueang Chiang Mai, Thailand"
2016-01-25T13:52:46+00:00,,Meechok Plaza,"18.82386532,99.01122961",foursquare-feed,56a628ae498e5e9571be74f2,"Mueang Chiang Mai, Thailand"
2016-01-27T05:47:22+00:00,,MAYA,"18.80215225,98.96750656",foursquare-feed,56a859ea498ebff8c827216a,"Mueang Chiang Mai, Thailand"
2016-01-27T22:08:52+00:00,,Chiang Mai Immigration,"18.77134418,98.97097492",foursquare-feed,56a93ff4498ed0fca5991a30,"Mueang Chiang Mai, Thailand"
2016-01-28T00:03:01+00:00,,PTT Station,"18.77197633,98.97214794",foursquare-feed,56a95ab5498e6acedbe2897e,"Mueang Chiang Mai, Thailand"
2016-01-28T10:38:28+00:00,,Mamma Mia,"18.87087700,99.01532700",foursquare-feed,56a9efa4498eeaf47b20f855,Thailand
2016-01-30T10:30:03+00:00,,Pizza Pasta by Simon,"18.91598370,98.94274635",foursquare-feed,56ac90ab498e0f84672d1375,Thailand
2016-02-01T13:34:54+00:00,,See Paak Restaurant,"18.92158943,98.94193228",foursquare-feed,56af5efe498e8e3443b4a7b6,"Mae Rim, Thailand"
2016-02-02T06:32:57+00:00,,MAYA,"18.80215225,98.96750656",foursquare-feed,56b04d99498e660e1b637dc5,"Mueang Chiang Mai, Thailand"
2016-02-03T12:20:17+00:00,,Four Seasons Resort Chiang Mai,"18.91483397,98.93154596",foursquare-feed,56b1f081498e098e11820866,"Mae Rim, Thailand"
2016-02-05T05:19:10+00:00,,Queen Sirikit Botanic Garden,"18.89129832,98.86274070",foursquare-feed,56b430ce498e8aadd4de5cf0,"Mae Rim, Thailand"
2016-02-05T06:13:10+00:00,,ข้าวซอยรสลำ,"18.91714545,98.90942034",foursquare-feed,56b43d76498e66da37cc94ef,"Mae Rim, Thailand"
2016-02-05T07:14:37+00:00,,Kaffee Bitte at Plai-na,"18.92993477,98.92974928",foursquare-feed,56b44bdd498ed198d9d70784,"Mae Rim, Thailand"
2016-02-06T10:35:14+00:00,,โป่งเหมืองแร่,"19.23029200,98.44285700",foursquare-feed,56b5cc62498e9eea3e1477c5,Thailand
2016-02-06T11:11:01+00:00,,Pai,"19.35839754,98.43984585",foursquare-feed,56b5d4c5498eec1c45004560,Thailand
2016-02-06T12:21:12+00:00,,Ban Suan Rim Pai,"19.35784000,98.44477400",foursquare-feed,56b5e538498eb1302e908cf5,"Pai, Thailand"
2016-02-06T12:51:31+00:00,,Almost Famous,"19.35794725,98.44450539",foursquare-feed,56b5ec53498e20a32cc38cf0,"Pai, Thailand"
2016-02-07T02:39:45+00:00,,Big's Little Cafe',"19.35880880,98.44433428",foursquare-feed,56b6ae71498efd2bae8599ef,"Pai, Thailand"
2016-02-08T08:07:35+00:00,,ศาลาไอติม,"18.91146500,98.91324500",foursquare-feed,56b84cc7498ec49ac412096e,"Mueang Chiang Mai, Thailand"
2016-02-09T05:22:07+00:00,,Local Cafe,"18.80084656,98.96748731",foursquare-feed,56b9777f498e95ee2a491f71,"Mueang Chiang Mai, Thailand"
2016-02-11T02:25:43+00:00,,Chiangmai Ram Hospital,"18.79487264,98.97806740",foursquare-feed,56bbf12738fa13aab20b9f63,"Mueang Chiang Mai, Thailand"
2016-02-11T03:16:42+00:00,,Kaweh Café,"18.79695300,98.97078000",foursquare-feed,56bbfd1a498e0d2c3dc1d9be,"Mueang Chiang Mai, Thailand"
2016-02-12T10:48:15+00:00,,"Cheunjai Coffee, Food & Drinks","18.91574590,98.94214038",foursquare-feed,56bdb86f38fa686e68e22c42,"Mae Rim, Thailand"
2016-02-12T13:48:41+00:00,,See Paak Restaurant,"18.92158943,98.94193228",foursquare-feed,56bde2b9498e09987a4831ba,"Mae Rim, Thailand"
2016-02-13T06:51:16+00:00,,Krapood Farm Kitchen + Pub,"18.96654597,98.91212500",foursquare-feed,56bed264498e06994f96c4dd,Thailand
2016-02-16T04:43:48+00:00,,Local Cafe,"18.80084656,98.96748731",foursquare-feed,56c2a904498e27f7bed4c4de,"Mueang Chiang Mai, Thailand"
2016-02-16T06:08:09+00:00,,Wawee Coffee,"18.79841505,98.96679826",foursquare-feed,56c2bcc9498e1a2e08039573,"Mueang Chiang Mai, Thailand"
2016-02-16T06:29:27+00:00,,Wawee Coffee,"18.79787668,98.96470406",foursquare-feed,56c2c1c7498e3d8d26c9467d,"Mueang Chiang Mai, Thailand"
2016-02-16T07:03:55+00:00,,Krung Thai Bank,"18.80197255,98.95061248",foursquare-feed,56c2c9db498e47186916d211,"Suthep, Thailand"
2016-02-19T01:09:41+00:00,,Nimseeseng Transport 1988,"18.80947073,99.00960213",foursquare-feed,56c66b55498e6b184c9a4698,"Pa Tan, Thailand"
2016-02-19T10:58:56+00:00,,"Cheunjai Coffee, Food & Drinks","18.91574590,98.94214038",foursquare-feed,56c6f570498e67e5829d374c,"Mae Rim, Thailand"
2016-02-20T12:00:21+00:00,,Pizza Pasta by Simon,"18.91598370,98.94274635",foursquare-feed,56c85555498e9767ab63b06e,Thailand
2016-02-21T13:32:45+00:00,,See Paak Restaurant,"18.92158943,98.94193228",foursquare-feed,56c9bc7d498eea971c5b8c62,"Mae Rim, Thailand"
2016-02-25T02:48:27+00:00,,Café de Oasis,"18.82474308,98.95955985",foursquare-feed,56ce6b7b498e02ab921695ac,"Mueang Chiang Mai, Thailand"
2016-02-25T10:45:25+00:00,,เชียงดาว,"19.36878309,98.96383410",foursquare-feed,56cedb45498e930b181e07da,Thailand
2016-02-25T10:49:01+00:00,,s service,"19.46475400,98.96464600",foursquare-feed,56cedc1d498ed253b7faf99a,Thailand
2016-02-25T11:20:10+00:00,,7-Eleven,"19.73893406,98.96637946",foursquare-feed,56cee36a498ea680d7e8693a,Thailand
2016-02-25T15:02:34+00:00,,Angkhang Nature Resort,"19.90105562,99.04259620",foursquare-feed,56cf178a498e4211435925fa,"Fang Do, Thailand"
2016-02-26T08:19:39+00:00,,Royal Agricultural Station Angkhang,"19.90206675,99.04000230",foursquare-feed,56d00a9b498e4f1ebff71c10,"Fang, Thailand"
2016-02-28T13:28:02+00:00,,See Paak Restaurant,"18.92158943,98.94193228",foursquare-feed,56d2f5e2cd1057e7627f13fa,"Mae Rim, Thailand"
2016-02-29T01:59:17+00:00,,Bangkok Bank,"18.79757749,98.96645253",foursquare-feed,56d3a5f5498e1ac779bcf890,"Su Thep, Thailand"
2016-02-29T03:01:28+00:00,,สำนักงานที่ดินจังหวัดเชียงใหม่,"18.83979136,98.96966854",foursquare-feed,56d3b488498e01196adeb866,"Don Kaeo, Thailand"
2016-02-29T04:38:02+00:00,,@ The Harbour,"18.80438500,98.96328100",foursquare-feed,56d3cb2a498e5181d0cb71e3,"Mueang Chiang Mai, Thailand"
2016-03-04T06:40:34+00:00,,Think Park,"18.80088939,98.96754001",foursquare-feed,56d92de2498e440b3a9ce420,"Mueang Chiang Mai, Thailand"
2016-03-04T23:56:14+00:00,,Payap University,"18.79577733,99.03301477",foursquare-feed,56da209e498e12723317f620,"Mueang Chiang Mai, Thailand"
2016-03-05T14:15:31+00:00,,See Paak Restaurant,"18.92158943,98.94193228",foursquare-feed,56daea03cd1012be0caf8fa3,"Mae Rim, Thailand"
2016-03-06T06:49:12+00:00,,TOM N TOMS COFFEE,"18.80015809,99.01892381",foursquare-feed,56dbd2e8cd108ebfa47475c1,"Mueang Chiang Mai, Thailand"
2016-03-07T06:16:32+00:00,,The Pub,"18.80163022,98.96640353",foursquare-feed,56dd1cc0498ebbea16552433,"Mueang Chiang Mai, Thailand"
2016-03-07T12:29:00+00:00,,Kang Ron Baan Suan,"18.82099742,98.96169614",foursquare-feed,56dd740c498e3c6bc7f200b4,"Mueang Chiang Mai, Thailand"
2016-03-09T13:53:41+00:00,,See Paak Restaurant,"18.92158943,98.94193228",foursquare-feed,56e02ae5cd10f23aeaa0a98b,"Mae Rim, Thailand"
2016-03-10T01:27:19+00:00,,Chiang Mai Immigration,"18.77134418,98.97097492",foursquare-feed,56e0cd77498ec90e4f0aff4d,"Mueang Chiang Mai, Thailand"
2016-03-12T12:50:36+00:00,,Four Seasons Resort Chiang Mai,"18.91483397,98.93154596",foursquare-feed,56e4109ccd1095f589726966,"Mae Rim, Thailand"
2016-03-13T10:12:35+00:00,,Nic's Restaurant & Playground,"18.73343875,98.93832146",foursquare-feed,56e53d13498e55e31fa1053b,"Mueang Chiang Mai, Thailand"
2016-03-14T00:42:21+00:00,,Pizza Pasta by Simon,"18.91598370,98.94274635",foursquare-feed,56e608ed498ec1c956fd81d0,Thailand
2016-03-14T10:43:41+00:00,,"Cheunjai Coffee, Food & Drinks","18.91574590,98.94214038",foursquare-feed,56e695dd498ee5c97072eabe,"Mae Rim, Thailand"
2016-03-16T02:20:40+00:00,,Wawee Coffee,"18.79787668,98.96470406",foursquare-feed,56e8c2f8cd10aa999679222e,"Mueang Chiang Mai, Thailand"
2016-03-17T09:18:20+00:00,,Pizza Pasta by Simon,"18.91598370,98.94274635",foursquare-feed,56ea765c498e59e6f4fbe917,Thailand
2016-03-18T05:56:55+00:00,,HillSide 3 Condominium,"18.79681351,98.96482466",foursquare-feed,56eb98a7498eead9e20ce01a,"Mueang Chiang Mai, Thailand"
2016-03-19T07:16:40+00:00,,Let It Be,"18.91575600,98.94223500",foursquare-feed,56ecfcd8498ec30705d5e3ea,Thailand
2016-03-19T10:48:59+00:00,,HAYA,"18.91698300,98.95483000",foursquare-feed,56ed2e9b498e2d88376d99d9,Thailand
2016-03-20T03:35:16+00:00,,baan & BEYOND,"18.76732605,98.97353325",foursquare-feed,56ee1a74498eb970e3597156,"Mueang Chiang Mai, Thailand"
2016-03-20T06:01:14+00:00,,Yentoufo Bar,"18.79510917,98.96803507",foursquare-feed,56ee3caa498e2daf47b63d66,Thailand
2016-03-20T08:42:03+00:00,,Snowbuff Coffee,"18.92330856,98.93484857",foursquare-feed,56ee625b498e779d885ccea8,Thailand
2016-03-20T13:37:59+00:00,,See Paak Restaurant,"18.92158943,98.94193228",foursquare-feed,56eea7b7498ebb2c90224622,"Mae Rim, Thailand"
2016-03-21T02:00:40+00:00,,HillSide 3 Condominium,"18.79681351,98.96482466",foursquare-feed,56ef55c8498e665d70c227dd,"Mueang Chiang Mai, Thailand"
2016-03-21T04:59:20+00:00,,SUBWAY,"18.79634439,98.96598201",foursquare-feed,56ef7fa8498ee9c42bfe7412,"Mueang Chiang Mai, Thailand"
2016-03-21T07:53:06+00:00,,Mac Café,"18.80661818,98.95804073",foursquare-feed,56efa862498ef8df89dbf1da,"Mueang Chiang Mai, Thailand"
2016-03-23T04:54:09+00:00,,ธ.กสิกรไทย แม่ริมพลาซ่า,"18.91719679,98.94381483",foursquare-feed,56f22171498eca3df21fd4a6,"Mae Rim, Thailand"
2016-03-24T02:29:10+00:00,,Consulate of the United States of America,"18.79419693,98.99859935",foursquare-feed,56f350f6498e017466e74c0d,"Mueang Chiang Mai, Thailand"
2016-03-27T03:40:28+00:00,,สุขสถาน,"18.79646748,98.96873733",foursquare-feed,56f7562ccd1005ce8f59d8c3,"Mueang Chiang Mai, Thailand"
2016-03-27T06:42:49+00:00,,Boat,"18.80719987,98.95697804",foursquare-feed,56f780e9cd100ec3b1442d0d,"Mueang Chiang Mai, Thailand"
2016-03-30T08:39:47+00:00,,ซุปเปอร์ถูก,"18.90062603,98.95053699",foursquare-feed,56fb90d3498ee4cd0d1c407a,Thailand
2016-04-01T05:56:11+00:00,,Musashi Contemporary Sushi Bar,"18.79653496,98.96797471",foursquare-feed,56fe0d7bcd104727d5c06e45,"Mueang Chiang Mai, Thailand"
2016-04-03T02:47:38+00:00,,Esso,"18.83687510,98.97523660",foursquare-feed,5700844a498e219a5c423f79,"Mueang Chiang Mai, Thailand"
2016-04-03T03:25:21+00:00,,Coffee Wish,"18.79692509,98.96625430",foursquare-feed,57008d21498ebd69110a9beb,"Mueang Chiang Mai, Thailand"
2016-04-03T12:57:42+00:00,,See Paak Restaurant,"18.92158943,98.94193228",foursquare-feed,57011346498ef8d023719ee9,"Mae Rim, Thailand"
2016-04-05T11:45:02+00:00,,Pizza Pasta by Simon,"18.91598370,98.94274635",foursquare-feed,5703a53e498e2e3e46a61960,Thailand
2016-04-06T03:00:27+00:00,,เถิน Park 2454,"17.66654701,99.24424656",foursquare-feed,57047bcb498eead0086f5c27,"Thoen, Thailand"
2016-04-06T05:54:43+00:00,,Oasis Bar&Restauntrent,"16.48666795,99.47402336",foursquare-feed,5704a4a3498edfc51eb9ebb8,"Mueang Kamphaeng Phet, Thailand"
2016-04-06T07:13:29+00:00,,PTT NGV,"16.14941758,99.72180481",foursquare-feed,5704b719cd1078620c275c9e,"Khlong Khlung, Thailand"
2016-04-07T01:50:32+00:00,,The Coffee Club,"13.72028931,100.58432912",foursquare-feed,5705bce8498e22dbae328da7,"Vadhana, Thailand"
2016-04-07T05:10:07+00:00,,Siam Paragon,"13.74697923,100.53491235",foursquare-feed,5705ebaf498ea2af16d3b8bf,"Pathum Wan, Thailand"
2016-04-07T06:06:41+00:00,,Noodle House,"13.74505269,100.53224710",foursquare-feed,5705f8f1498e7d77b861f47b,"Pathum Wan, Thailand"
2016-04-07T08:05:38+00:00,,Siam Square One,"13.74503169,100.53386055",foursquare-feed,570614d2cd10ac0df19f4739,"Pathum Wan, Thailand"
2016-04-07T11:04:50+00:00,,Roadhouse Barbecue,"13.73051593,100.53362489",foursquare-feed,57063ed2498e7f3151f498c3,"Phra Nakhon, Thailand"
2016-04-07T13:40:22+00:00,,Belle Grand Rama IX,"13.75999350,100.56878325",foursquare-feed,57066346498eec37ce8bd1c2,"Huai Khwang, Thailand"
2016-04-08T06:25:03+00:00,,Kourakuen,"13.76017077,100.56832351",foursquare-feed,57074ebfcd103c5ae832a8e8,"Huai Khwang, Thailand"
2016-04-08T12:32:00+00:00,,Pink Tender,"13.67167964,100.63609173",foursquare-feed,5707a4c0498e46cc0c683660,"Phra Nakhon, Thailand"
2016-04-09T02:45:27+00:00,,Starbucks,"13.77037759,100.57235599",foursquare-feed,57086cc7cd10ddb8fa95f031,"Din Daeng, Thailand"
2016-04-10T02:42:34+00:00,,The Coffee Club,"13.72028931,100.58432912",foursquare-feed,5709bd9a498ec141510e59dc,"Vadhana, Thailand"
2016-04-10T06:49:59+00:00,,Starbucks,"13.56986133,100.28891278",foursquare-feed,5709f797498e89637a8cdd75,"Samut Sakhon, Thailand"
2016-04-10T09:31:05+00:00,,My Resort Hua Hin,"12.53001387,99.96745551",foursquare-feed,570a1d5938fa4fb0294b5db7,"Hua Hin, Thailand"
2016-04-10T11:32:49+00:00,,Papa John Grill Restaurant and Beer Garden,"12.53014583,99.96686230",foursquare-feed,570a39e1cd10dcd818ec1a51,"Hua Hin, Thailand"
2016-04-11T02:45:48+00:00,,My Resort Hua Hin,"12.53001387,99.96745551",foursquare-feed,570b0fdc498e18a36f9c7a1f,"Hua Hin, Thailand"
2016-04-11T11:34:04+00:00,,Supatra-by-the Sea,"12.51846878,99.97778574",foursquare-feed,570b8baccd10c3258b65db50,"Hua Hin, Thailand"
2016-04-12T03:14:06+00:00,,เจี้ยเส็ง,"12.57175046,99.95722866",foursquare-feed,570c67fe498e0a910f15920c,"หัวหิน, Thailand"
2016-04-12T10:54:02+00:00,,Supatra-by-the Sea,"12.51846878,99.97778574",foursquare-feed,570cd3ca498ee8bf39910d45,"Hua Hin, Thailand"
2016-04-13T13:38:49+00:00,,The Crest Santora Hua Hin,"12.61420261,99.95368158",foursquare-feed,570e4be9498ef7a6835f0c63,"Hua Hin, Thailand"
2016-04-13T15:12:17+00:00,,Cicada Market,"12.53438398,99.96608794",foursquare-feed,570e61d1498eb1538610020c,"Hua Hin, Thailand"
2016-04-14T05:19:05+00:00,,The Baguette,"12.58480143,99.95182531",foursquare-feed,570f2849498e2b74bb213987,"Hua Hin, Thailand"
2016-04-14T06:18:17+00:00,,สวนหลวงราชินี (19 ไร่) Hua Hin Queen's Park,"12.60095723,99.95447296",foursquare-feed,570f3629498ebad2b0222100,"Hua Hin, Thailand"
2016-04-14T07:38:57+00:00,,Premium Outlet Cha-am,"12.85128329,99.92454757",foursquare-feed,570f4911498e2a6126fd624c,"Cha-am, Thailand"
2016-04-15T08:58:03+00:00,,Smiling Albino,"13.75407255,100.62978961",foursquare-feed,5710ad1b498e21d01bed14b6,"Bangkok, Thailand"
2016-04-15T13:27:10+00:00,,Karnmanee Palace,"13.79130474,100.54220620",foursquare-feed,5710ec2e498e783a0a0af686,"Phaya Thai, Thailand"
2016-04-27T10:30:34+00:00,,enoteca,"18.82917287,99.01464366",foursquare-feed,572094cacd109a991a44622a,"Chiangmai, Thailand"
2016-04-29T04:54:44+00:00,,PK Bike,"18.90353000,98.94959100",foursquare-feed,5722e914498ec5030f676126,Thailand
2016-05-01T08:52:34+00:00,,Nimseeseng Transport 1988,"18.80947073,99.00960213",foursquare-feed,5725c3d2498ed1a5ae92e38f,"Pa Tan, Thailand"
2016-05-01T09:55:11+00:00,,Chiang Mai International Airport,"18.76925805,98.96797035",foursquare-feed,5725d27f498e85ea4e9246f9,"Mueang Chiang Mai, Thailand"
2016-05-01T12:22:01+00:00,,Don Mueang International Airport,"13.91759694,100.60160266",foursquare-feed,5725f4e9498e63612a526d76,"Don Mueang, Thailand"
2016-05-01T13:43:24+00:00,,Drink Drank Drunk Minibar,"13.70472267,100.59562272",foursquare-feed,572607fc498e44e07c871855,"Phra Nakhon, Thailand"
2016-05-02T01:13:10+00:00,,BTS Phra Khanong,"13.71507751,100.59140532",foursquare-feed,5726a9a6498e3a557bb1943a,"Vadhana, Thailand"
2016-05-02T01:35:37+00:00,,Asia Hotel Bangkok,"13.75125142,100.53144108",foursquare-feed,5726aee9498e33b9d624431b,"Ratchathewi, Thailand"
2016-05-02T05:53:17+00:00,,MBK Center,"13.74558077,100.53018005",foursquare-feed,5726eb4d498ea4cf4f9b8357,"Pathum Wan, Thailand"
2016-05-02T06:29:38+00:00,,True Branding Shop,"13.74569967,100.53457251",foursquare-feed,5726f3d2498e9ce31155f6c5,"Pathum Wan, Thailand"
2016-05-02T08:43:15+00:00,,Perfect Masterpiece,"13.87762207,100.46733317",foursquare-feed,57271323498ea4b75ca5ac2a,"Mueang Nonthaburi, Thailand"
2016-05-02T11:30:09+00:00,,Paulaner Garden,"13.89851359,100.51529028",foursquare-feed,57273a41498ec1d43ce0b749,"Pak Kret, Thailand"
2016-05-03T07:44:06+00:00,,ชู ช็อคโกแล็ต บาร์ & คาเฟ่,"13.73594533,100.56178297",foursquare-feed,572856c6498efbd63253874d,"Khlong Toei, Thailand"
2016-05-03T12:09:51+00:00,,Don Mueang International Airport,"13.91759694,100.60160266",foursquare-feed,5728950f498ede1789aace87,"Don Mueang, Thailand"
2016-05-03T14:17:24+00:00,,Chiang Mai International Airport,"18.76925805,98.96797035",foursquare-feed,5728b2f438fa33ea22b1488f,"Mueang Chiang Mai, Thailand"
2016-05-06T08:42:45+00:00,,Mae Sa Waterfall,"18.90633318,98.89609952",foursquare-feed,572c5905498e70aeca3c204c,"Mae Rim, Thailand"
2016-05-08T10:52:58+00:00,,Let It Be,"18.91575600,98.94223500",foursquare-feed,572f1a8a498ead61dc204a3e,Thailand
2016-05-09T01:03:59+00:00,,คาลเท็กซ์,"18.82205779,98.98665180",foursquare-feed,572fe1ff498e858a33ba5969,"Chang Phuak, Thailand"
2016-05-09T06:20:56+00:00,,Local Cafe,"18.80084656,98.96748731",foursquare-feed,57302c48498e02c436b24b56,"Mueang Chiang Mai, Thailand"
2016-05-12T07:34:35+00:00,,Local Cafe,"18.80084656,98.96748731",foursquare-feed,5734320b498efce856d3b7df,"Mueang Chiang Mai, Thailand"
2016-05-13T07:41:48+00:00,,Bangkok Hospital Chiang Mai,"18.78876573,99.02631387",foursquare-feed,5735853c498eefda6ff0004e,"Mueang Chiang Mai, Thailand"
2016-05-14T05:14:45+00:00,,Let It Be,"18.91575600,98.94223500",foursquare-feed,5736b445498e9cdade97035b,Thailand
2016-05-15T11:03:39+00:00,,Pizza Pasta by Simon,"18.91598370,98.94274635",foursquare-feed,5738578b498e755dfe35518a,Thailand
2016-05-16T05:49:00+00:00,,KURTOSH ( the home of chimney cake ),"18.80119679,98.96755510",foursquare-feed,57395f4c498e41c6c3d193e0,Thailand
2016-05-16T10:45:23+00:00,,Susco,"18.90216615,98.94987921",foursquare-feed,5739a4c3498ef0a2978de6df,Thailand
2016-05-18T02:51:22+00:00,,"Cheunjai Coffee, Food & Drinks","18.91574590,98.94214038",foursquare-feed,573bd8aa498eb5b3cd9e8a46,"Mae Rim, Thailand"
2016-05-18T06:06:28+00:00,,Huay Tueng Tao,"18.86653100,98.94110000",foursquare-feed,573c0664498e64cbcf4b9866,"Mae Rim, Thailand"
2016-05-18T10:03:37+00:00,,Kawasaki แสงสัยธุรกิจยานยนต์,"18.78117588,98.98238693",foursquare-feed,573c3df9498ed4fff61f6391,"จ.เชียงใหม่, Thailand"
2016-05-18T11:27:17+00:00,,S&P,"18.79586995,98.98171930",foursquare-feed,573c519538fa84cd1ae11004,"Mueang Chiang Mai, Thailand"
2016-05-18T23:58:50+00:00,,Honda Safety Riding Park Chiang Mai,"18.85004826,99.08712096",foursquare-feed,573d01ba498e50d46c218cb8,"ดอยสะเก็ด, Thailand"
2016-05-19T01:04:59+00:00,,ร้านลุงแปด,"19.01638327,99.30267277",foursquare-feed,573d113b498edb09832ae2ba,"Mueang Chiang Mai, Thailand"
2016-05-19T02:06:21+00:00,,PTT Station,"19.19333604,99.51403859",foursquare-feed,573d1f9d498e7c9d20a53f4b,"Wiang Pa Pao, Thailand"
2016-05-19T03:19:17+00:00,,PTT แม่ต๋ำ,"19.09984383,99.91065768",foursquare-feed,573d30b5498e4639945f76a1,"แม่ใส, Thailand"
2016-05-19T07:07:37+00:00,,Nan River,"18.77480267,100.77865687",foursquare-feed,573d6639498e3538fe82a13e,"Nan, Thailand"
2016-05-19T07:33:22+00:00,,PTT,"18.78307872,100.77485050",foursquare-feed,573d6c42498e444d82376515,"Nan, Thailand"
2016-05-19T08:54:46+00:00,,PTT,"19.18102700,100.91774700",foursquare-feed,573d7f56498e44e3334c7f43,"Pua, Thailand"
2016-05-20T01:41:52+00:00,,Green Hill Resort,"19.17885113,100.91401908",foursquare-feed,573e6b60498ea00a36b058e5,"Pua, Thailand"
2016-05-20T05:15:22+00:00,,เชียงบานหมูกระทะ,"19.54255300,100.29626500",foursquare-feed,573e9d6a498ee2755f5323de,Thailand
2016-05-20T06:44:58+00:00,,Phu Sang Waterfall,"19.66346655,100.37646816",foursquare-feed,573eb26a498e3cf3b829cef9,"Phu Sang, Thailand"
2016-05-20T07:41:30+00:00,,Phu Chee Fah,"19.85022500,100.44981400",foursquare-feed,573ebfaa498e390d83b9fd8a,"Thoeng, Thailand"
2016-05-20T12:45:14+00:00,,Bamboo Mexican House,"20.26819300,100.40567300",foursquare-feed,573f06da498ebe1d1d971bcf,"Wiang, Thailand"
2016-05-21T01:20:12+00:00,,The Golden Triangle,"20.35292800,100.08330800",foursquare-feed,573fb7cc498ec49de2453acf,"Chiang Saen, Thailand"
2016-05-21T02:23:57+00:00,,7-Eleven,"20.26774445,99.85983736",foursquare-feed,573fc6bd498ecd24e91c2853,"Mae Chan, Thailand"
2016-05-21T06:20:27+00:00,,กุ้งเต้นเฮือนโบราณ,"19.16495418,99.89651554",foursquare-feed,573ffe2b498ed8f9e8902386,"Phayao, Thailand"
2016-05-22T02:59:29+00:00,,AUA,"18.78832148,98.99123649",foursquare-feed,57412091498e5db0407b0b92,"Sri Phum, Thailand"
2016-05-22T05:08:08+00:00,,Ginger & Kafé,"18.79275539,98.99317732",foursquare-feed,57413eb8cd10fcc23cb469ba,"Mueang Chiang Mai, Thailand"
2016-05-24T04:45:55+00:00,,Black Canyon,"18.80209324,98.96761895",foursquare-feed,5743dc8338fa90f3fb1403f3,Thailand
2016-05-25T13:31:32+00:00,,See Paak Restaurant,"18.92158943,98.94193228",foursquare-feed,5745a934498e5497f95d8942,"Mae Rim, Thailand"
2016-05-26T07:12:47+00:00,,Local Cafe,"18.80084656,98.96748731",foursquare-feed,5746a1ef498ec6d6ccb55968,"Mueang Chiang Mai, Thailand"
2016-05-28T13:26:56+00:00,,The Duke's,"18.80223723,98.96662236",foursquare-feed,57499ca0498e176547365369,"Mueang Chiang Mai, Thailand"
2016-05-29T02:34:25+00:00,,SS1254372 Cafe,"18.79484619,98.96836973",foursquare-feed,574a5531498e9f4976ed0689,"Mueang Chiang Mai, Thailand"
2016-05-29T06:24:19+00:00,,PINGGOO,"18.79860737,98.96699455",foursquare-feed,574a8b13498e514836cf8e3a,"Mueang Chiang Mai, Thailand"
2016-05-31T13:08:30+00:00,,See Paak Restaurant,"18.92158943,98.94193228",foursquare-feed,574d8cce498e2b96358ce6e3,"Mae Rim, Thailand"
2016-06-03T06:10:19+00:00,,Local Cafe,"18.80084656,98.96748731",foursquare-feed,57511f4b498ec059f1a5aa00,"Mueang Chiang Mai, Thailand"
2016-06-03T10:31:26+00:00,,Kamrai Shop,"18.79804534,98.96663831",foursquare-feed,57515c7e498e555742cfbbcd,"Mueang Chiang Mai, Thailand"
2016-06-05T10:19:08+00:00,,Pizza Pasta by Simon,"18.91598370,98.94274635",foursquare-feed,5753fc9c498ed89cc0ce766f,Thailand
2016-06-06T01:18:25+00:00,,Promenada Resort Mall,"18.76621650,99.03722958",foursquare-feed,5754cf61498e06ac833c8778,"Mueang Chiang Mai, Thailand"
2016-06-08T03:14:50+00:00,,Horizon Village And Resort Chiang Mai,"18.85663800,99.09867251",foursquare-feed,57578daa498e0641b333328f,"Mueang Chiang Mai, Thailand"
2016-06-08T10:34:56+00:00,,"Cheunjai Coffee, Food & Drinks","18.91574590,98.94214038",foursquare-feed,5757f4d0498eef2a967140b1,"Mae Rim, Thailand"
2016-06-09T05:39:14+00:00,,Meechok Plaza,"18.82386532,99.01122961",foursquare-feed,57590102498e569823987f1e,"Mueang Chiang Mai, Thailand"
2016-06-09T05:39:32+00:00,,Coffee Bus,"18.82400622,99.01001542",foursquare-feed,57590114cd10d83277ae02c9,"Mueang Chiang Mai, Thailand"
2016-06-10T05:01:41+00:00,,สเปตตูล่าเฮ้าส์ ( Spatula House ) at Cinnamon Hill,"18.94451500,98.91222600",foursquare-feed,575a49b5498eb8125e560b88,"Mae Rim, Thailand"
2016-06-10T12:39:19+00:00,,Fukuro Japanese Restaurant & Mini Bar,"18.91544400,98.94213600",foursquare-feed,575ab4f7498e378fb6bdafbb,"Mueang Chiang Mai, Thailand"
2016-06-11T14:08:48+00:00,,See Paak Restaurant,"18.92158943,98.94193228",foursquare-feed,575c1b70498eeb17c5073b70,"Mae Rim, Thailand"
2016-06-12T10:25:03+00:00,,นั่งๆนอนๆ Homestyle Kitchen & Bekery,"18.91116305,98.90946823",foursquare-feed,575d387f498ee2d5c890fdf3,Thailand
2016-06-13T14:42:42+00:00,,Pizza Pasta by Simon,"18.91598370,98.94274635",foursquare-feed,575ec662498efaea696e9dec,Thailand
2016-06-15T06:39:26+00:00,,Local Cafe,"18.80084656,98.96748731",foursquare-feed,5760f81ecd104eb1cdcb3d57,"Mueang Chiang Mai, Thailand"
2016-06-16T13:54:36+00:00,,Beer Lab,"18.79570734,98.96566530",foursquare-feed,5762af9c498eaa973a05c51d,"Mueang Chiang Mai, Thailand"
2016-06-17T06:08:20+00:00,,Local Cafe,"18.80084656,98.96748731",foursquare-feed,576393d4498e4f7fae1d6efa,"Mueang Chiang Mai, Thailand"
2016-06-18T10:29:30+00:00,,สระว่ายน้ำกมลภัทร,"18.96149416,98.94379224",foursquare-feed,5765228a498e85b6343dea84,Thailand
2016-06-20T05:54:24+00:00,,Local Cafe,"18.80084656,98.96748731",foursquare-feed,57678510cd100ca87d91a9b7,"Mueang Chiang Mai, Thailand"
2016-06-21T05:53:16+00:00,,T-Station Bar & Restaurant,"18.80102735,98.96740187",foursquare-feed,5768d64c498ec7b78fcd151c,"Suthep, Thailand"
2016-06-23T05:00:50+00:00,,Mad Dog Pizza,"18.78438899,98.99293312",foursquare-feed,576b6d02498ed6f61b788939,Thailand
2016-06-25T10:31:27+00:00,,นั่งๆนอนๆ Homestyle Kitchen & Bekery,"18.91116305,98.90946823",foursquare-feed,576e5d7f498e3247f11c87d2,Thailand
2016-06-26T14:46:53+00:00,,Chiangmai Walking Street,"18.78790827,98.99117409",foursquare-feed,576feadd498e701268bf10cb,"Mueang Chiang Mai, Thailand"
2016-06-28T13:53:00+00:00,,See Paak Restaurant,"18.92158943,98.94193228",foursquare-feed,5772813c498ec55a597123dc,"Mae Rim, Thailand"
2016-06-30T10:12:12+00:00,,นั่งๆนอนๆ Homestyle Kitchen & Bekery,"18.91116305,98.90946823",foursquare-feed,5774f07c498e810f088bc326,Thailand
2016-07-01T03:52:54+00:00,,True Office Chiang Mai,"18.79252116,99.03860539",foursquare-feed,5775e916498e8399e0c9914b,Thailand
2016-07-01T11:06:48+00:00,,"Cheunjai Coffee, Food & Drinks","18.91574590,98.94214038",foursquare-feed,57764ec8498e89cde681a653,"Mae Rim, Thailand"
2016-07-02T01:52:54+00:00,,Chiang Mai International Airport,"18.76925805,98.96797035",foursquare-feed,57771e76498e5aa4ff679491,"Mueang Chiang Mai, Thailand"
2016-07-02T03:57:48+00:00,,Don Mueang International Airport,"13.91759694,100.60160266",foursquare-feed,57773bbc498e969e0aea36d1,"Don Mueang, Thailand"
2016-07-02T05:04:10+00:00,,NIST International School,"13.74684680,100.55926675",foursquare-feed,57774b4a498ec549bf2c94dd,"Vadhana, Thailand"
2016-07-03T08:39:05+00:00,,The Phyll,"13.70280422,100.60206571",foursquare-feed,5778cf29498edf4064bb3545,"Phra Khanong, Thailand"
2016-07-03T08:39:32+00:00,,Sunrise Tacos,"13.70249131,100.60178075",foursquare-feed,5778cf44498e22e0f8a3938c,"Phra Khanong, Thailand"
2016-07-03T12:24:10+00:00,,โรงแรมสวิสโซเทล กรุงเทพ รัชดา,"13.77634555,100.57372966",foursquare-feed,577903ea498ee165542cc46b,"Huai Khwang, Thailand"
2016-07-04T05:26:55+00:00,,UNIQLO,"13.75766182,100.56577586",foursquare-feed,5779f39f498e15182e6651e0,"Huai Khwang, Thailand"
2016-07-04T05:43:55+00:00,,Fortune Town,"13.75848526,100.56540359",foursquare-feed,5779f79bcd10ecbc10b55a06,"Din Daeng, Thailand"
2016-07-04T06:47:27+00:00,,AIA Capital Center,"13.76451765,100.56848452",foursquare-feed,577a067fcd109f7829c783a4,"Din Daeng, Thailand"
2016-07-04T10:07:10+00:00,,Central Rama 9,"13.75803280,100.56592564",foursquare-feed,577a354e498ec0b0c6520c0d,"Huai Khwang, Thailand"
2016-07-05T04:40:16+00:00,,Siam Paragon,"13.74697923,100.53491235",foursquare-feed,577b3a30498e3f0060b8cf53,"Pathum Wan, Thailand"
2016-07-05T04:40:25+00:00,,KASIKORNBANK,"13.74674526,100.53409815",foursquare-feed,577b3a39498e3789ee2525d2,"Pathum Wan, Thailand"
2016-07-05T06:28:29+00:00,,True Tower,"13.76241689,100.56833734",foursquare-feed,577b538d498ee5289d44cafc,"Huai Khwang, Thailand"
2016-07-05T10:14:27+00:00,,Don Mueang International Airport,"13.91759694,100.60160266",foursquare-feed,577b8883498e8e4f3f43ebac,"Don Mueang, Thailand"
2016-07-05T13:53:51+00:00,,Chiang Mai International Airport,"18.76925805,98.96797035",foursquare-feed,577bbbef498eb97c932f3f6a,"Mueang Chiang Mai, Thailand"
2016-07-06T05:56:00+00:00,,Local Cafe,"18.80084656,98.96748731",foursquare-feed,577c9d70498eee4ed6ed1794,"Mueang Chiang Mai, Thailand"
2016-10-08T10:07:13+00:00,,Beast Burger,"18.79510937,98.96770448",foursquare-feed,57f8c551498e78f177c50bd3,"Mueang Chiang Mai, Thailand"
2016-10-09T11:07:52+00:00,,Pizza Pasta by Simon,"18.91598370,98.94274635",foursquare-feed,57fa2508498eefb1d69b81c4,Thailand
2016-10-11T06:31:35+00:00,,Chiang Mai Immigration,"18.77134418,98.97097492",foursquare-feed,57fc8747498efa5bab8c60b9,"Mueang Chiang Mai, Thailand"
2016-10-11T09:26:21+00:00,,ตึงเปา ตึงเปี๊ยะ,"18.80143500,99.01042400",foursquare-feed,57fcb03d498e5cfb84a79ed2,Thailand
2016-10-13T09:51:50+00:00,,Tumlum Yumzaap,"18.79524397,99.00834325",foursquare-feed,57ff5936498ef2fef424554f,"Mueang Chiang Mai, Thailand"
2016-10-14T05:11:17+00:00,,นั่งๆนอนๆ Homestyle Kitchen & Bekery,"18.91116305,98.90946823",foursquare-feed,580068f5498e1a0cd7e498cc,Thailand
2016-10-14T06:54:37+00:00,,Mon Cham,"18.93548337,98.82269594",foursquare-feed,5800812d498eab1a6b9a3600,"Mae Rim, Thailand"
2016-10-16T11:23:32+00:00,,pansawan,"18.93203441,98.92460711",foursquare-feed,58036334498e5e01da8af0cc,Thailand
2016-10-22T08:38:16+00:00,,HOME MALL,"18.85238544,99.00845441",foursquare-feed,580b257838fa783d64201f8c,"จ.เชียงใหม่, Thailand"
2016-10-23T06:25:03+00:00,,mont blanc garden kitchen,"18.81702482,98.96258154",foursquare-feed,580c57bf38fadb177ecb74ce,Thailand
2016-10-23T07:00:09+00:00,,คันคลอง,"18.80864055,98.96276097",foursquare-feed,580c5ff938fa46857c22d76e,"Chang Phuak, Thailand"
2016-10-23T07:32:14+00:00,,Mont Blanc Sweet Cafe,"18.81699168,98.96234575",foursquare-feed,580c677e38fa464727b756e5,Thailand
2016-10-26T11:33:19+00:00,,"Cheunjai Coffee, Food & Drinks","18.91574590,98.94214038",foursquare-feed,5810947f38fab5db3548d6e2,"Mae Rim, Thailand"
2016-10-28T10:20:36+00:00,,Tumlum Yumzaap,"18.79524397,99.00834325",foursquare-feed,5813267438fa8540371740ff,"Mueang Chiang Mai, Thailand"
2016-10-29T06:55:15+00:00,,Ton Nam Pla Pao,"18.89998876,98.86915825",foursquare-feed,581447d338fad64f4aad5698,"Mae Raem, Thailand"
2016-11-04T08:35:02+00:00,,Local Cafe,"18.80084656,98.96748731",foursquare-feed,581c483650111c5259e3671a,"Mueang Chiang Mai, Thailand"
2016-11-04T12:27:52+00:00,,Central Chiangmai,"18.80656297,99.01784901",foursquare-feed,581c7ec8c0c33e2e686a6138,"Mueang Chiang Mai, Thailand"
2016-11-04T12:28:05+00:00,,Major Cineplex,"18.80660388,99.01826368",foursquare-feed,581c7ed5873be46b604fd660,"Mueang Chiang Mai, Thailand"
2016-11-05T10:16:07+00:00,,Huay Tueng Tao,"18.86653100,98.94110000",foursquare-feed,581db167a8383d48b70d0700,"Mae Rim, Thailand"
2016-11-06T11:34:45+00:00,,Let It Be,"18.91575600,98.94223500",foursquare-feed,581f15556948287c1912031e,Thailand
2016-11-09T14:28:51+00:00,,German Beer Garden,"18.78411200,98.99169700",foursquare-feed,582332a334d38d7f2ebb40aa,Thailand
2016-11-09T14:44:56+00:00,,The Lost Hut,"18.78309894,98.99156966",foursquare-feed,58233668fa2ee673af0c3080,"Mueang Chiang Mai, Thailand"
2016-11-11T09:27:34+00:00,,Central Chiangmai,"18.80656297,99.01784901",foursquare-feed,58258f06fdc36c3ef9e1d3df,"Mueang Chiang Mai, Thailand"
2016-11-12T10:54:23+00:00,,Lamona View Swimming Pool,"18.91610200,98.94262100",foursquare-feed,5826f4df985fa10656b0bcd5,"Mae Rim, Thailand"
2016-11-12T12:01:20+00:00,,See Paak Restaurant,"18.92158943,98.94193228",foursquare-feed,58270490eaf46a6864ffb37d,"Mae Rim, Thailand"
2016-11-13T07:05:23+00:00,,Krapood Farm Kitchen + Pub,"18.96654597,98.91212500",foursquare-feed,582810b37b454a121ef52de9,Thailand
2016-11-14T09:25:21+00:00,,นั่งๆนอนๆ Homestyle Kitchen & Bekery,"18.91116305,98.90946823",foursquare-feed,58298301a9d94e584677c6f1,Thailand
2016-11-18T12:27:00+00:00,,Mae Rim Resto,"18.90380100,98.94991100",foursquare-feed,582ef39467957a4d99ae0451,Thailand
2016-11-19T06:00:30+00:00,,The Chai Lai Orchid,"18.63962901,98.69921345",foursquare-feed,582fea7e46563a29027dd996,"Mae Wang, Thailand"
2016-11-19T06:02:35+00:00,,The Chai Lai Orchid,"18.63962901,98.69921345",foursquare-feed,582feafb15fb435d7e55258a,"Mae Wang, Thailand"
2016-11-19T09:00:35+00:00,,Baan-Suan-Ka-Fé,"18.75955954,98.91387754",foursquare-feed,583014b3ac329120ee4d3646,"Mueang Chiang Mai, Thailand"
2016-11-20T08:40:36+00:00,,ร้านทับริมธาร,"18.89916187,98.86488966",foursquare-feed,58316184561ded753d2ef59a,Thailand
2016-11-21T01:39:07+00:00,,The Larder Cafe and Bar,"18.79913334,98.96619809",foursquare-feed,5832503b4f417a62172e1994,"Mueang Chiang Mai, Thailand"
2016-11-21T03:59:08+00:00,,Crossroad,"18.79775056,98.96471742",foursquare-feed,5832710c44689a24fbe266f7,Thailand
2016-11-21T10:35:43+00:00,,Jirung Health Village Resort Chiang Mai,"18.92261230,98.93488233",foursquare-feed,5832cdff72714f28d2e69ae3,"Mueang Chiang Mai, Thailand"
2016-11-24T06:23:48+00:00,,Promenada Resort Mall,"18.76621650,99.03722958",foursquare-feed,5836877404ab1a680d4c13ea,"Mueang Chiang Mai, Thailand"
2016-11-28T11:33:59+00:00,,Let It Be,"18.91575600,98.94223500",foursquare-feed,583c1627abf63248b7802435,Thailand
2016-11-30T10:07:14+00:00,,Pizza Mania,"18.82801624,99.01193624",foursquare-feed,583ea4d2af5c141f6bcf06ca,"Mueang Chiang Mai, Thailand"
2016-12-03T05:13:45+00:00,,ศาลาไอติม ป่าม่วง แม่ริม เชียงใหม่,"18.91156700,98.91324900",foursquare-feed,58425489ec980f1b8793500e,Thailand
2016-12-07T11:35:20+00:00,,ระเบียง ณ แม่ริม,"18.92283712,98.93529847",foursquare-feed,5847f3f8610528562ff15702,Thailand
2016-12-09T12:44:43+00:00,,Chiang Mai Marriott Hotel,"18.78473820,98.99971420",foursquare-feed,584aa73b9526bc2e088f2c7a,"Mueang Chiang Mai, Thailand"
2016-12-10T03:51:08+00:00,,Noodle Coffee Fruit juice,"18.96253100,98.94436500",foursquare-feed,584b7bacd772f90bd404c63e,Thailand
2016-12-11T09:18:37+00:00,,Hill Lodge,"18.79592728,98.83172360",foursquare-feed,584d19ed0b7e9340bb7db9d3,"Ban Pong Tai, Thailand"
2016-12-12T07:34:25+00:00,,ก๋วยเตี๋ยว ด๊อกเตอร์,"18.82996881,99.01214408",foursquare-feed,584e530118fd2b5b8727c203,"Mueang Chiang Mai, Thailand"
2016-12-15T10:53:34+00:00,,Pizzeria Giotto,"18.82407370,99.01051199",foursquare-feed,5852762efad9dc75425ec020,"Mueang Chiang Mai, Thailand"
2016-12-17T06:49:31+00:00,,Chiang Mai Night Safari,"18.74199736,98.91796160",foursquare-feed,5854dffb28680456c05c12c8,"Mueang Chiang Mai, Thailand"
2016-12-17T10:35:27+00:00,,Thapae Loft,"18.78675258,98.99072175",foursquare-feed,585514ef809a777013427956,"Mueang Chiang Mai, Thailand"
2016-12-17T11:41:54+00:00,,Girasole Ristorante Italiano,"18.78781374,98.99014317",foursquare-feed,58552482288b6a75ddef8086,"Mueang Chiang Mai, Thailand"
2016-12-18T04:35:12+00:00,,Pakhinai Cafe,"18.78663445,98.99040222",foursquare-feed,58561200790bea7a5dd0595a,"Mueang Chiang Mai, Thailand"
2016-12-21T03:40:28+00:00,,HugYou (ฮักยู) ลำปางหนาวมาก,"18.12965004,99.39144203",foursquare-feed,5859f9ac953839679316cb31,"Ko Kha, Thailand"
2016-12-21T05:52:11+00:00,,Tak Treehouse,"16.88554100,99.11644900",foursquare-feed,585a188b18dc536f501dbcc8,Thailand
2016-12-21T06:01:33+00:00,,ชมทิวทัศน์ริมปิง,"16.88545900,99.11661500",foursquare-feed,585a1abd7ff1e439597d5ca2,Thailand
2016-12-21T06:30:37+00:00,,PTT Station,"16.86122968,99.13502662",foursquare-feed,585a218d76f2ca582c6035c1,"Mueang Tak, Thailand"
2016-12-21T07:22:18+00:00,,Oasis Bar&Restauntrent,"16.48666795,99.47402336",foursquare-feed,585a2daa46563a74109ae870,"Mueang Kamphaeng Phet, Thailand"
2016-12-21T12:55:29+00:00,,Belle Grand Rama IX,"13.75999350,100.56878325",foursquare-feed,585a7bc1e72ef67172481ada,"Huai Khwang, Thailand"
2016-12-22T01:56:42+00:00,,GMM Grammy Place,"13.74338730,100.56250537",foursquare-feed,585b32da83622d5b05152997,"Vadhana, Thailand"
2016-12-22T11:40:06+00:00,,Central Rama 9,"13.75803280,100.56592564",foursquare-feed,585bbb964886992f636a6885,"Huai Khwang, Thailand"
2016-12-23T05:21:21+00:00,,PTT Station,"13.43400031,100.05457354",foursquare-feed,585cb451110d03079495b3c3,"Samut Songkhram, Thailand"
2016-12-23T07:29:29+00:00,,Sam Roi Yot Beach,"12.23701969,99.98900588",foursquare-feed,585cd2591d21ba0781570432,"Sam Roi Yot, Thailand"
2016-12-23T11:59:13+00:00,,Hua Hin Airport,"12.62764495,99.95153882",foursquare-feed,585d119130ecc6258bb0ecc2,"Hua Hin, Thailand"
2016-12-24T11:51:28+00:00,,thai thai,"12.24480247,99.98261261",foursquare-feed,585e6140d7b4735395855220,Thailand
2016-12-26T11:05:49+00:00,,วนอุทยานท้าวโกษา,"12.33929500,99.99850500",foursquare-feed,5860f98dabf6325c1e1e8f7d,"Pran Buri, Thailand"
2016-12-27T06:28:28+00:00,,Ley Cafe' Pranburi เล คาเฟ่ ปราณบุรี,"12.35869989,99.99768803",foursquare-feed,58620a0c83622d548b359b1b,"Pran Buri, Thailand"
2016-12-27T07:49:01+00:00,,วนอุทยานท้าวโกษา,"12.33929500,99.99850500",foursquare-feed,58621ced266c111b4314e6b4,"Pran Buri, Thailand"
2016-12-28T11:57:55+00:00,,Six Palms Saloon,"12.23583600,99.99046200",foursquare-feed,5863a8c39f25832b6a335c21,Thailand
2016-12-29T06:31:00+00:00,,AIR SPACE,"12.51514675,99.97615986",foursquare-feed,5864ada4409f564df8eee1ed,"Hua Hin, Thailand"
2016-12-29T08:38:01+00:00,,PTT Station,"12.68189606,99.88882989",foursquare-feed,5864cb6984c4ed3e82677861,"Cha-am, Thailand"
2016-12-29T13:05:07+00:00,,Belle Grand Rama IX,"13.75999350,100.56878325",foursquare-feed,58650a0376b8b27e70c54bb6,"Huai Khwang, Thailand"
2016-12-30T03:32:25+00:00,,The Nine,"13.74125035,100.62510570",foursquare-feed,5865d5496ad73d345cb23bb9,"Suan Luang, Thailand"
2016-12-30T03:41:34+00:00,,Kasikorn Bank,"13.74114033,100.62495972",foursquare-feed,5865d76edc3329253ee01e3b,"Suan Luang, Thailand"
2016-12-30T11:17:22+00:00,,Palm 18,"13.73316894,100.56279864",foursquare-feed,586642425490d31148ebc4a7,"Khlong Toei, Thailand"
2016-12-31T04:58:58+00:00,,Thainakarin Hospital,"13.66775387,100.63837976",foursquare-feed,58673b1218dc537e67b9a8b0,"Bang Na, Thailand"
2016-12-31T05:11:50+00:00,,Burger King,"13.66748335,100.63917224",foursquare-feed,58673e160923926b6868c2ab,"Bang Na, Thailand"
2016-12-31T06:32:57+00:00,,IKEA,"13.64504431,100.68010641",foursquare-feed,58675119d4390747d7628524,"Bang Phli, Thailand"
2016-12-31T13:47:53+00:00,,4dinner,"13.82191229,100.62711525",foursquare-feed,5867b7091d21ba74a8488a6c,"Bueng Kum, Thailand"
2017-01-01T05:50:48+00:00,,PTT NGV,"13.71225800,100.76978000",foursquare-feed,586898b81e1de51e61abb9fd,"Bang Phli, Thailand"
2017-01-01T07:18:43+00:00,,Bangnamphung Floating Market,"13.68072363,100.57519913",foursquare-feed,5868ad539f25834fe284a445,"Phra Pradaeng, Thailand"
2017-01-01T08:50:31+00:00,,Siamese Fighting Fish Gallery,"13.69993442,100.56267765",foursquare-feed,5868c2d7ce593d42d209437a,"Phra Pradaeng, Thailand"
2017-01-02T06:59:36+00:00,,Suan Thip,"13.92698148,100.50171904",foursquare-feed,5869fa584bc2f13aa930ab23,"Pak Kret, Thailand"
2017-01-02T13:55:52+00:00,,The Tavern,"13.74023488,100.55293549",foursquare-feed,586a5be8abc6d66492174085,"Wattana, Thailand"
2017-01-03T06:14:10+00:00,,Gateway Ekamai,"13.71892767,100.58520524",foursquare-feed,586b41320802cb5833bfc509,"Khlong Toei, Thailand"
2017-01-04T03:13:28+00:00,,Siam Paragon,"13.74697923,100.53491235",foursquare-feed,586c68583493550c7ca59990,"Pathum Wan, Thailand"
2017-01-04T10:51:28+00:00,,centralwOrld,"13.74663620,100.53965627",foursquare-feed,586cd3b003e29a5d85d2fcad,"Pathum Wan, Thailand"
2017-01-05T04:16:47+00:00,,PTT Station,"16.00411155,99.79939964",foursquare-feed,586dc8af4f218a77ae84965b,"Khanu Woralaksaburi, Thailand"
2017-01-05T06:44:24+00:00,,Soleq Solar Power plant,"17.18444100,99.13147900",foursquare-feed,586deb48126ae83d7c3c7659,Thailand
2017-01-05T10:06:16+00:00,,The Mexican Grill,"18.78499495,98.95829067",foursquare-feed,586e1a98f7f8dd2de5d7a6b7,"Mueang Chiang Mai, Thailand"
2017-01-06T11:16:51+00:00,,"Cheunjai Coffee, Food & Drinks","18.91574590,98.94214038",foursquare-feed,586f7ca36ad73d5ecbd5ccc2,"Mae Rim, Thailand"
2017-01-07T11:18:29+00:00,,ระเบียง ณ แม่ริม,"18.92283712,98.93529847",foursquare-feed,5870ce851b36d466cad21bd0,Thailand
2017-01-08T04:17:21+00:00,,Wawee Coffee,"18.79787668,98.96470406",foursquare-feed,5871bd518f0be44058a8cfa2,"Mueang Chiang Mai, Thailand"
2017-01-08T05:07:31+00:00,,SS1254372 Cafe,"18.79484619,98.96836973",foursquare-feed,5871c9136e60755a2bf4a082,"Mueang Chiang Mai, Thailand"
2017-01-09T06:40:39+00:00,,The Duke's,"18.80223723,98.96662236",foursquare-feed,587330679398ab22942c5e81,"Mueang Chiang Mai, Thailand"
2017-01-13T11:31:48+00:00,,SUBWAY,"18.82399023,99.01177262",foursquare-feed,5878baa4a37d7223157e33e1,"Mueang Chiang Mai, Thailand"
2017-01-14T03:20:45+00:00,,Royal Park Rajapruek,"18.74665388,98.92497362",foursquare-feed,5879990d32b07277af1e50e6,"Mueang Chiang Mai, Thailand"
2017-01-14T08:17:32+00:00,,Nic's Restaurant & Playground,"18.73343875,98.93832146",foursquare-feed,5879de9c3e883574ccdee5a2,"Mueang Chiang Mai, Thailand"
2017-01-16T09:31:09+00:00,,Susco,"18.90216615,98.94987921",foursquare-feed,587c92dd9ab6633345bc8626,Thailand
2017-01-19T04:40:42+00:00,,PTT Station,"18.84855347,98.97073563",foursquare-feed,5880434a32b07265e68a4c7b,"Mae Rim, Thailand"
2017-01-19T06:45:05+00:00,,kiddee house,"18.80160163,99.00836135",foursquare-feed,588060711ac0042f1d5449d3,"Mueang Chiang Mai, Thailand"
2017-01-21T07:02:18+00:00,,นั่งๆนอนๆ Homestyle Kitchen & Bekery,"18.91116305,98.90946823",foursquare-feed,5883077a730a920db9505e23,Thailand
2017-01-21T11:42:59+00:00,,Let It Be,"18.91575600,98.94223500",foursquare-feed,58834943debdf63ceb0da60d,Thailand
2017-01-24T02:27:03+00:00,,Chiang Mai International Airport,"18.76925805,98.96797035",foursquare-feed,5886bb77f68d8d043467bf31,"Mueang Chiang Mai, Thailand"
2017-01-24T04:44:42+00:00,,Don Mueang International Airport,"13.91759694,100.60160266",foursquare-feed,5886dbbae75356101bcc1fae,"Don Mueang, Thailand"
2017-01-24T05:40:27+00:00,,The Amazon's Embrace,"13.81744900,100.55766000",foursquare-feed,5886e8cb1ac0045bb4b85255,"Chatuchak, Thailand"
2017-01-24T07:40:55+00:00,,Office of The Board of Investment -BOI,"13.81832305,100.55812527",foursquare-feed,5887050776f2ca186a5484ed,"Chatuchak, Thailand"
2017-01-24T10:22:10+00:00,,Don Mueang International Airport,"13.91759694,100.60160266",foursquare-feed,58872ad2e0adac3916cb4ff0,"Don Mueang, Thailand"
2017-01-28T06:15:33+00:00,,PTT,"19.08258683,98.93683756",foursquare-feed,588c370544689a290bf85ce8,"Mae Taeng, Thailand"
2017-01-28T06:35:19+00:00,,Café Chez Nous,"19.08786745,98.90271196",foursquare-feed,588c3ba7ed0a3213e56ab085,"Mae Taeng, Thailand"
2017-01-29T13:16:23+00:00,,MIX,"18.79943315,98.96908036",foursquare-feed,588deb27a8b7594d9a20fee7,"Mueng, Thailand"
2017-02-01T06:55:23+00:00,,นั่งๆนอนๆ Homestyle Kitchen & Bekery,"18.91116305,98.90946823",foursquare-feed,5891865baf7d174baacf5443,Thailand
2017-02-02T03:08:35+00:00,,Consulate General of The Republic of The Union of Myanmar,"18.79755100,98.97977000",foursquare-feed,5892a2b35cab2f43cc17e7d0,"Mueang Chiang Mai, Thailand"
2017-02-02T03:39:49+00:00,,Café de Oasis,"18.82474308,98.95955985",foursquare-feed,5892aa056431e504b96aa520,"Mueang Chiang Mai, Thailand"
2017-02-03T11:01:24+00:00,,Sizzler,"18.80689406,99.01787728",foursquare-feed,58946304d4ab737479c47789,"Mueang Chiang Mai, Thailand"
2017-02-04T07:17:58+00:00,,Mae Sa Waterfall,"18.90633318,98.89609952",foursquare-feed,589580268cb34e18e9d87b00,"Mae Rim, Thailand"
2017-02-05T03:52:42+00:00,,Rustic & Blue,"18.79815985,98.96743128",foursquare-feed,5896a18a460dd93f4efa6641,"Mueang Chiang Mai, Thailand"
2017-02-07T07:19:50+00:00,,Consulate General of The Republic of The Union of Myanmar,"18.79755100,98.97977000",foursquare-feed,58997516a370b96dafad05fd,"Mueang Chiang Mai, Thailand"
2017-02-10T11:18:28+00:00,,Let It Be,"18.91575600,98.94223500",foursquare-feed,589da18447458645dab30b9f,Thailand
2017-02-11T01:51:34+00:00,,HugYou (ฮักยู) ลำปางหนาวมาก,"18.12965004,99.39144203",foursquare-feed,589e6e26da54ae53f7c6e6e1,"Ko Kha, Thailand"
2017-02-11T06:01:33+00:00,,Tesco Lotus Extra,"16.71222090,98.55209888",foursquare-feed,589ea8bd8ee5602cec44b93e,"Mae Sot, Thailand"
2017-02-11T07:38:26+00:00,,Thai-Myanmar Friendship Bridge,"16.69062569,98.51659298",foursquare-feed,589ebf72e9233e52a12a5e72,"Mae Sot, Thailand"
2017-02-11T07:57:18+00:00,,Myawaddy Border Crossing Station,"16.68950800,98.51368000",foursquare-feed,589ec3de13af1c2aaf3d0656,"မြဝတီမြို့, Myanmar"
2017-02-11T11:57:34+00:00,,Centara Mae Sot Hill Resort,"16.72472724,98.58511869",foursquare-feed,589efc2e102f47543afa0aad,"Mae Sot, Thailand"
2017-02-12T02:46:13+00:00,,PTT,"16.72512285,98.59602503",foursquare-feed,589fcc758f0be479430d7dee,"Mae Sod, Thailand"
2017-02-12T06:07:14+00:00,,Bhumibol Dam,"17.24396515,98.97299767",foursquare-feed,589ffb92d9705c24c8a59d91,"Sam Ngao, Thailand"
2017-02-12T11:29:17+00:00,,Phu-Anna Eco House,"18.19439100,98.60782700",foursquare-feed,58a0470da8b75907c233a4e7,"Hot, Thailand"
2017-02-12T12:21:54+00:00,,จ่ากร,"18.18907121,98.61281688",foursquare-feed,58a05362286804370ab43997,"Hot, Thailand"
2017-02-13T04:15:04+00:00,,Mae Ya Check Point,"18.44934700,98.63750000",foursquare-feed,58a132c8b6e67d4bc88c73e5,Thailand
2017-02-13T04:27:42+00:00,,Mae Ya Waterfall,"18.43931660,98.59509839",foursquare-feed,58a135be7ff1e434854fa70e,"Chom Thong, Thailand"
2017-02-13T08:37:55+00:00,,PTT จอมทอง,"18.45006521,98.70973355",foursquare-feed,58a170636c682b3ab8254b16,"Chom Thong, Thailand"
2017-02-13T09:47:15+00:00,,Rimping Grocery,"18.74685050,98.94165820",foursquare-feed,58a180a324fd7137b7cdc02d,"Mueang Chiang Mai, Thailand"
2017-02-13T10:48:55+00:00,,Teak Table,"18.82515729,98.95853926",foursquare-feed,58a18f173493554efd12d833,"Mueang Chiang Mai, Thailand"
2017-02-18T09:55:37+00:00,,Sala Café,"18.90448530,98.92158092",foursquare-feed,58a81a1913bb773c179cc6b9,"Mae Rim, Thailand"
2017-02-19T02:03:47+00:00,,The Salad Concept,"18.79680340,98.96629505",foursquare-feed,58a8fd038b0ebb24bd535155,"Mueang Chiang Mai, Thailand"
2017-02-19T04:59:55+00:00,,Ohlanla Coffee,"18.91881000,98.92624600",foursquare-feed,58a9264b8cfe54389640b6c1,Thailand
2017-02-20T10:51:36+00:00,,"Cheunjai Coffee, Food & Drinks","18.91574590,98.94214038",foursquare-feed,58aaca38a8b7597a1ca831f6,"Mae Rim, Thailand"
2017-02-27T09:47:37+00:00,,นั่งๆนอนๆ Homestyle Kitchen & Bekery,"18.91116305,98.90946823",foursquare-feed,58b3f5b9528930590296dd97,Thailand
2017-02-28T10:02:03+00:00,,"Cheunjai Coffee, Food & Drinks","18.91574590,98.94214038",foursquare-feed,58b54a9b9dc8d009014c6ac1,"Mae Rim, Thailand"
2017-03-02T10:42:52+00:00,,Pizzeria Giotto,"18.82407370,99.01051199",foursquare-feed,58b7f72cce66aa2009ef2ed6,"Mueang Chiang Mai, Thailand"
2017-03-08T09:39:45+00:00,,คาเฟ่ ดินดิน Cafe DinDin,"18.83618094,99.00758388",foursquare-feed,58bfd161d32b4454b3582dda,"Mueang Chiang Mai, Thailand"
2017-03-10T10:51:07+00:00,,ก๋วยเตี๋ยวเรือ อองตอง,"18.79379901,98.97117478",foursquare-feed,58c2851b80e1af3490521e0e,"Mueang Chiang Mai, Thailand"
2017-03-11T12:33:51+00:00,,Let It Be,"18.91575600,98.94223500",foursquare-feed,58c3eeaf5d6ec63644a209fa,Thailand
2017-03-12T06:16:55+00:00,,ศาลาไอติม ป่าม่วง แม่ริม เชียงใหม่,"18.91156700,98.91324900",foursquare-feed,58c4e7d74f10696a4eecf627,Thailand
2017-03-13T10:02:16+00:00,,Teak Table,"18.82515729,98.95853926",foursquare-feed,58c66e287d0f6d5b8c1da5f3,"Mueang Chiang Mai, Thailand"
2017-03-15T09:16:07+00:00,,คาเฟ่ ดินดิน Cafe DinDin,"18.83618094,99.00758388",foursquare-feed,58c906575804ea1e39d2aca4,"Mueang Chiang Mai, Thailand"
2017-03-16T09:35:20+00:00,,Pizza Mania,"18.82801624,99.01193624",foursquare-feed,58ca5c58735a4d2f75623ab2,"Mueang Chiang Mai, Thailand"
2017-03-17T10:57:54+00:00,,Lotus’s,"18.80858080,98.99652022",foursquare-feed,58cbc13216f00054e1601ab2,"Mueang Chiang Mai, Thailand"
2017-03-19T03:28:46+00:00,,Ristr8to Lab,"18.79899314,98.96862058",foursquare-feed,58cdfaee117420262da66de1,"Mueang Chiang Mai, Thailand"
2017-03-19T08:03:52+00:00,,Baan Kang Wat,"18.77637257,98.94852305",foursquare-feed,58ce3b680acb6a497e5c8710,"Mueang Chiang Mai, Thailand"
2017-03-19T10:43:14+00:00,,The Mexican Grill,"18.78499495,98.95829067",foursquare-feed,58ce60c244689a2a303c01d9,"Mueang Chiang Mai, Thailand"
2017-03-21T09:49:40+00:00,,"Cheunjai Coffee, Food & Drinks","18.91574590,98.94214038",foursquare-feed,58d0f734e9233e5dc9979a37,"Mae Rim, Thailand"
2017-03-22T09:44:57+00:00,,คาเฟ่ ดินดิน Cafe DinDin,"18.83618094,99.00758388",foursquare-feed,58d24799fbe8ff7667b7b41b,"Mueang Chiang Mai, Thailand"
2017-03-23T05:48:57+00:00,,Sweet Garden,"18.82909937,99.00632042",foursquare-feed,58d361c913c22311653d1412,"San Phi Suea, Thailand"
2017-03-30T10:58:35+00:00,,Pizzeria Giotto,"18.82407370,99.01051199",foursquare-feed,58dce4dba370b97958d8d5ad,"Mueang Chiang Mai, Thailand"
2017-04-01T08:43:18+00:00,,Huay Tueng Tao,"18.86653100,98.94110000",foursquare-feed,58df68269900e6604ebebe0e,"Mae Rim, Thailand"
2017-04-03T05:56:14+00:00,,Local Cafe,"18.80084656,98.96748731",foursquare-feed,58e1e3fe14fb4130a9da5d63,"Mueang Chiang Mai, Thailand"
2017-04-03T11:32:05+00:00,,Mont Blanc Sweet Cafe,"18.81699168,98.96234575",foursquare-feed,58e232b55cab2f7ede395034,Thailand
2017-04-05T07:17:00+00:00,,ร้านกอเซี้ยม แม่ริมพลาซ่า,"18.91676727,98.94347555",foursquare-feed,58e499ec000bef085a94f6b1,"Mae Rim, Thailand"
2017-04-08T10:05:04+00:00,,Zombie Cafe,"18.91375394,98.90519830",foursquare-feed,58e8b5d024fd714e4ea5d60e,Thailand
2017-04-11T07:07:20+00:00,,Local Cafe,"18.80084656,98.96748731",foursquare-feed,58ec80a8fef5fa0151d41257,"Mueang Chiang Mai, Thailand"
2017-04-12T03:25:24+00:00,,TUBE TREK WATER PARK CHIANGMAI,"18.76467545,99.09735179",foursquare-feed,58ed9e24a36ecd59c134b6dd,"San Kamphaeng, Thailand"
2017-04-12T12:48:25+00:00,,Lumdee Te Khuadang,"18.79842642,99.03323750",foursquare-feed,58ee221907ac07516082df05,"Mueang Chiang Mai, Thailand"
2017-04-15T11:47:38+00:00,,Let It Be,"18.91575600,98.94223500",foursquare-feed,58f2085a359cc7534b337e39,Thailand
2017-04-18T12:15:15+00:00,,The First Residents & Cafe',"18.91237259,98.94661713",foursquare-feed,58f60353bd87135d85345865,"Maerim, Thailand"
2017-04-20T06:11:04+00:00,,ร้านกอเซี้ยม แม่ริมพลาซ่า,"18.91676727,98.94347555",foursquare-feed,58f850f8f00a703aba95ff8a,"Mae Rim, Thailand"
2017-04-21T10:24:53+00:00,,Tianna Garden Village,"18.85801126,98.98281305",foursquare-feed,58f9ddf5f870fd5a8701e164,Thailand
2017-04-22T05:44:38+00:00,,Wine Connection,"18.80579227,99.01772685",foursquare-feed,58faedc659c423628b5b9b18,"Mueang Chiang Mai, Thailand"
2017-04-22T11:28:31+00:00,,Lumdee Te Khuadang,"18.79842642,99.03323750",foursquare-feed,58fb3e5fc5b11c2b4dc771b6,"Mueang Chiang Mai, Thailand"
2017-04-22T12:07:56+00:00,,Rimping Supermarket,"18.82372143,99.01045222",foursquare-feed,58fb479cfc9e946bdabedf26,"Mueang Chiang Mai, Thailand"
2017-04-24T06:24:21+00:00,,Local Cafe,"18.80084656,98.96748731",foursquare-feed,58fd9a156a59506be7cf5791,"Mueang Chiang Mai, Thailand"
2017-04-25T08:45:03+00:00,,คาเฟ่ ดินดิน Cafe DinDin,"18.83618094,99.00758388",foursquare-feed,58ff0c8f32b61d6710c965ef,"Mueang Chiang Mai, Thailand"
2017-04-28T08:51:00+00:00,,ไปรษณีย์แม่ริม Post office,"18.91329126,98.94556808",foursquare-feed,59030274065ef527ac974550,"Mae Rim, Thailand"
2017-04-28T10:47:22+00:00,,Nakara Jardin,"18.77937361,99.00586296",foursquare-feed,59031dba83e38058fe7bd321,"Mueang Chiang Mai, Thailand"
2017-05-01T05:22:00+00:00,,Local Cafe,"18.80084656,98.96748731",foursquare-feed,5906c5f8c6666666c6071a1c,"Mueang Chiang Mai, Thailand"
2017-05-02T05:50:56+00:00,,ร้านกอเซี้ยม แม่ริมพลาซ่า,"18.91676727,98.94347555",foursquare-feed,59081e40f2905e13c56c966b,"Mae Rim, Thailand"
2017-05-02T09:19:11+00:00,,คาเฟ่ ดินดิน Cafe DinDin,"18.83618094,99.00758388",foursquare-feed,59084f0f603d2a7de7d6867f,"Mueang Chiang Mai, Thailand"
2017-05-04T05:46:30+00:00,,Blue Café by Coffee Blue (บลูคาเฟ่),"18.90199172,98.94913175",foursquare-feed,590ac0363c858d706ece79d4,"Mae Rim, Thailand"
2017-05-05T12:25:08+00:00,,Pizza Pasta by Simon,"18.91598370,98.94274635",foursquare-feed,590c6f241543c74d5e82afc2,Thailand
2017-05-10T08:19:04+00:00,,Jia Jia Sport Club,"18.82778678,99.00947725",foursquare-feed,5912ccf8ad1ea4769fd095e9,"หนองจ๊อม, Thailand"
2017-05-12T09:00:11+00:00,,Pizza Mania,"18.82801624,99.01193624",foursquare-feed,5915799b7dc9e161907543bb,"Mueang Chiang Mai, Thailand"
2017-05-13T03:38:43+00:00,,Sweet Garden,"18.82909937,99.00632042",foursquare-feed,59167fc3b8fd9d49a50c5660,"San Phi Suea, Thailand"
2017-05-13T05:39:28+00:00,,MAIIAM,"18.75713364,99.09371221",foursquare-feed,59169c104b78c536b729f9fb,"San Kamphaeng, Thailand"
2017-05-14T09:15:49+00:00,,Extreme Sport Center,"18.92194093,98.92436585",foursquare-feed,591820456e4650652c42e732,"Mae Rim, Thailand"
2017-05-17T09:50:24+00:00,,"Cheunjai Coffee, Food & Drinks","18.91574590,98.94214038",foursquare-feed,591c1ce0a0215b1a4cf762a8,"Mae Rim, Thailand"
2017-05-18T05:12:44+00:00,,ร้านกอเซี้ยม แม่ริมพลาซ่า,"18.91676727,98.94347555",foursquare-feed,591d2d4cbd40090359678c2c,"Mae Rim, Thailand"
2017-05-18T09:31:01+00:00,,คาเฟ่ ดินดิน Cafe DinDin,"18.83618094,99.00758388",foursquare-feed,591d69d5c0cacb69980af371,"Mueang Chiang Mai, Thailand"
2017-05-19T09:50:48+00:00,,Pizzeria Giotto,"18.82407370,99.01051199",foursquare-feed,591ebff89deb7d3bdeea5302,"Mueang Chiang Mai, Thailand"
2017-05-20T05:23:29+00:00,,Café de Oasis,"18.82474308,98.95955985",foursquare-feed,591fd2d1bd40096548157c48,"Mueang Chiang Mai, Thailand"
2017-05-20T11:48:36+00:00,,Beer Lab,"18.79570734,98.96566530",foursquare-feed,59202d149deb7d5d6dc399d1,"Mueang Chiang Mai, Thailand"
2017-05-21T05:26:41+00:00,,Four Seasons Resort Chiang Mai,"18.91483397,98.93154596",foursquare-feed,5921251166f3cd1c2ad1c751,"Mae Rim, Thailand"
2017-05-22T11:32:07+00:00,,Khaosoi House,"18.77045558,98.96836289",foursquare-feed,5922cc3747f8766c94edb91d,"Mueang Chiang Mai, Thailand"
2017-05-25T09:17:08+00:00,,Coffee Bus,"18.82400622,99.01001542",foursquare-feed,5926a114018cbb3f3769e15a,"Mueang Chiang Mai, Thailand"
2017-05-26T07:12:02+00:00,,Local Cafe,"18.80084656,98.96748731",foursquare-feed,5927d542356b49779a22e8a3,"Mueang Chiang Mai, Thailand"
2017-05-26T11:43:42+00:00,,Central Chiangmai Airport,"18.76915690,98.97502999",foursquare-feed,592814ee3362734b80e9c497,"Mueang Chiang Mai, Thailand"
2017-05-27T05:35:13+00:00,,Coffee Bus,"18.82400622,99.01001542",foursquare-feed,59291011249623200495e0cd,"Mueang Chiang Mai, Thailand"
2017-05-31T08:43:49+00:00,,PTT Station,"18.91903851,98.94323167",foursquare-feed,592e8245772fbc1719e928c2,"Mae Rim, Thailand"
2017-06-01T07:11:46+00:00,,Bake & Bite,"18.76132900,99.00484400",foursquare-feed,592fbe32cf72a0017ab7f9e8,"Mueang Chiang Mai, Thailand"
2017-06-03T05:35:30+00:00,,Zombie Cafe,"18.91375394,98.90519830",foursquare-feed,59324aa204d1ae5bd46d14ff,Thailand
2017-06-04T11:03:00+00:00,,Pizza Pasta by Simon,"18.91598370,98.94274635",foursquare-feed,5933e8e46661163222482fc7,Thailand
2017-06-05T11:32:24+00:00,,BOAT BAKERY since 1970,"18.80721231,98.95694237",foursquare-feed,59354148f0b490299f6e40ce,"Mueang Chiang Mai, Thailand"
2017-06-07T09:27:56+00:00,,Lamona View Swimming Pool,"18.91610200,98.94262100",foursquare-feed,5937c71c51950e29e3f180fb,"Mae Rim, Thailand"
2017-06-09T11:49:43+00:00,,Lumdee Te Khuadang,"18.79842642,99.03323750",foursquare-feed,593a8b5781348860e5e4597f,"Mueang Chiang Mai, Thailand"
2017-06-11T05:31:04+00:00,,Zombie Cafe,"18.91375394,98.90519830",foursquare-feed,593cd59879f6c77d4db0e27c,Thailand
2017-06-13T05:27:42+00:00,,นภาภัณฑ์โลหะกิจ,"18.92424600,98.93945200",foursquare-feed,593f77ceb6eedb435f6f4f00,Thailand
2017-06-14T06:14:29+00:00,,ร้านกอเซี้ยม แม่ริมพลาซ่า,"18.91676727,98.94347555",foursquare-feed,5940d4459be52276b2cfac30,"Mae Rim, Thailand"
2017-06-17T08:31:56+00:00,,Zombie Cafe,"18.91375394,98.90519830",foursquare-feed,5944e8fcc5309346ea2e5f7e,Thailand
2017-06-17T12:19:35+00:00,,Let It Be,"18.91575600,98.94223500",foursquare-feed,59451e571c0b3465cf35ea9a,Thailand
2017-06-19T05:50:05+00:00,,Chic 39,"18.88766907,98.97940512",foursquare-feed,5947660dc0cacb54de602115,"Mueang Chiang Mai, Thailand"
2017-06-19T07:54:05+00:00,,PTT Station,"18.91903851,98.94323167",foursquare-feed,5947831dc9a51716579e7321,"Mae Rim, Thailand"
2017-06-20T06:42:29+00:00,,Black Canyon,"18.80209324,98.96761895",foursquare-feed,5948c3d58fb09e5e13cd18b6,Thailand
2017-06-21T10:59:14+00:00,,BOAT BAKERY since 1970,"18.80721231,98.95694237",foursquare-feed,594a51823362731730c2691b,"Mueang Chiang Mai, Thailand"
2017-06-21T14:34:47+00:00,,Chiang Mai International Airport,"18.76925805,98.96797035",foursquare-feed,594a84077dc9e1765ce5fc55,"Mueang Chiang Mai, Thailand"
2017-06-21T22:59:25+00:00,,Incheon International Airport,"37.45827402,126.44293249",foursquare-feed,594afa4d0336936208ed79c1,"Incheon, South Korea"
2017-06-22T16:51:53+00:00,,Essex Inn,"41.87169205,-87.62460582",foursquare-feed,594bf5a9018cbb716b972017,"Chicago, United States"
2017-06-22T18:55:49+00:00,,Navy Pier,"41.89144796,-87.60860710",foursquare-feed,594c12b531ac6c39fd6a55ef,"Chicago, United States"
2017-06-23T14:05:54+00:00,,Yolk,"41.86884163,-87.62413884",foursquare-feed,594d20420f013c16ea135690,"Chicago, United States"
2017-06-23T14:25:47+00:00,,Museum of Science and Industry,"41.79094700,-87.58293000",foursquare-feed,594d24eb75cb8c49aa98e7db,"Chicago, United States"
2017-06-24T12:35:06+00:00,,Gen. John Logan Horse Statue,"41.87061757,-87.62347317",foursquare-feed,594e5c7a1b0ea516de40019b,"Chicago, United States"
2017-06-24T14:00:57+00:00,,Yolk,"41.86884163,-87.62413884",foursquare-feed,594e7099a4ba7c5f15a3e334,"Chicago, United States"
2017-06-24T15:15:23+00:00,,Skydeck Chicago,"41.87862596,-87.63588622",foursquare-feed,594e820ba42362719c76a102,"Chicago, United States"
2017-06-24T18:54:25+00:00,,Cadillac Palace Theatre,"41.88400647,-87.63314419",foursquare-feed,594eb5616e46502595361027,"Chicago, United States"
2017-06-24T21:54:17+00:00,,Intelligentsia Coffee,"41.88451693,-87.62578251",foursquare-feed,594edf89112c6c39dc085218,"Chicago, United States"
2017-06-24T22:15:34+00:00,,Millennium Park,"41.88283783,-87.62264013",foursquare-feed,594ee4861f74401aa1c0a281,"Chicago, United States"
2017-06-24T22:38:10+00:00,,Pizano's Pizza & Pasta,"41.88194549,-87.62570583",foursquare-feed,594ee9d2fdb9a7116cab74c0,"Chicago, United States"
2017-06-25T12:10:00+00:00,,Budget Car Rental,"41.87281529,-87.62633846",foursquare-feed,594fa8186bdee67c044edcb5,"Chicago, United States"
2017-06-25T12:33:37+00:00,,Yolk,"41.86884163,-87.62413884",foursquare-feed,594fada123a2e60e882133c8,"Chicago, United States"
2017-06-25T13:55:31+00:00,,Clarence Buckingham Memorial Fountain,"41.87581771,-87.61894883",foursquare-feed,594fc0d3c0af5736a9442238,"Chicago, United States"
2017-06-25T17:05:30+00:00,,Tiffin River Service Plaza (Eastbound),"41.60341760,-84.40795362",foursquare-feed,594fed5a491be76ca178b519,"West Unity, United States"
2017-06-25T18:34:32+00:00,,Darla's Thai Pan,"41.69227739,-83.62415222",foursquare-feed,595002383362737fc5bc8c6f,"Toledo, United States"
2017-06-25T20:57:41+00:00,,Towpath Service Plaza,"41.29157805,-81.67560740",foursquare-feed,595023c58e886a76bd50e43d,"Broadview Heights, United States"
2017-06-26T00:29:39+00:00,,Welch's Dairy Cream,"41.05001780,-81.63804354",foursquare-feed,59505573febf313f13d3df31,"Norton, United States"
2017-06-26T02:34:22+00:00,,Radisson Hotel Akron/Fairlawn,"41.12710185,-81.65406680",foursquare-feed,595072ae6bd36b1d23dc0a52,"Copley, United States"
2017-06-26T18:26:19+00:00,,Khao Thai Restaurant,"42.12919864,-80.08654579",foursquare-feed,595151cb9e3b656a36453e6d,"Erie, United States"
2017-06-26T19:57:58+00:00,,Westgate Farms,"42.23364619,-79.84177442",foursquare-feed,595167466fa81f4105809c8e,"North East, United States"
2017-06-26T20:57:56+00:00,,Parking Area,"42.53840711,-79.21426485",foursquare-feed,595175547cc90f76e035fe4d,"Sheridan, United States"
2017-06-26T22:01:03+00:00,,Stagecoach West,"42.56468308,-79.10916548",foursquare-feed,5951841f49281413cb7e5c33,"Irving, United States"
2017-06-27T00:14:04+00:00,,DoubleTree by Hilton,"43.08184253,-79.05664356",foursquare-feed,5951a34ce97dfb30a3c26779,"Niagara Falls, United States"
2017-06-27T12:36:12+00:00,,Starbucks,"43.08678600,-79.05978500",foursquare-feed,5952513cf8cbd447cb9ad4a1,"Niagara Falls, United States"
2017-06-27T13:09:06+00:00,,DoubleTree by Hilton,"43.08184253,-79.05664356",foursquare-feed,595258f2d8fe7a60e71be9ff,"Niagara Falls, United States"
2017-06-27T17:05:05+00:00,,Downtown Niagara Falls,"43.08676843,-79.06333321",foursquare-feed,595290413af9885ff97986b9,"Niagara Falls, United States"
2017-06-27T17:05:27+00:00,,Old Falls Street,"43.08610211,-79.06234014",foursquare-feed,59529057e97dfb7996cf190e,"Niagara Falls, United States"
2017-06-27T17:06:33+00:00,,7-Eleven,"43.08888949,-79.05754093",foursquare-feed,595290992d2fd96f8a0af1c9,"Niagara Falls, United States"
2017-06-27T17:06:40+00:00,,"City of Niagara Falls, NY","43.08335626,-79.05220465",foursquare-feed,595290a0aa6c955ec202b7da,United States
2017-06-27T18:02:38+00:00,,Walmart Supercenter,"42.74321782,-78.87158205",foursquare-feed,59529dbeb546187b5763f496,"Hamburg, United States"
2017-06-27T21:18:28+00:00,,Kwik Fill,"42.23193502,-79.78283226",foursquare-feed,5952cba45a2c916705963beb,"North East, United States"
2017-06-28T00:07:55+00:00,,Holiday Inn Express Cleveland Downtown,"41.50038500,-81.68879200",foursquare-feed,5952f35be65d0c24b8a0c3ec,"Cleveland, United States"
2017-06-28T02:42:58+00:00,,5th Street Arcades,"41.49914427,-81.68919683",foursquare-feed,595317b2037be120783f1eb6,"Cleveland, United States"
2017-06-28T14:16:45+00:00,,The Arcade Cleveland,"41.50036118,-81.69055542",foursquare-feed,5953ba4de4c4593721e63cbf,"Cleveland, United States"
2017-06-28T15:01:56+00:00,,Federal Reserve Bank of Cleveland: Learning Center and Money Museum,"41.50190040,-81.69028044",foursquare-feed,5953c4e4e185f34676f7067f,"Cleveland, United States"
2017-06-28T16:05:05+00:00,,5th Street Arcades,"41.49914427,-81.68919683",foursquare-feed,5953d3b195a72226a2680f6e,"Cleveland, United States"
2017-06-28T16:37:14+00:00,,Eastman Reading Garden,"41.50113449,-81.69182641",foursquare-feed,5953db3a356b4931b477dee1,"Cleveland, United States"
2017-06-28T16:58:05+00:00,,Cleveland Public Library - Main Branch,"41.50148847,-81.69082902",foursquare-feed,5953e01dcf72a056c4a10aab,"Cleveland, United States"
2017-06-28T18:29:20+00:00,,Dave's Cosmic Subs,"41.50051117,-81.68968693",foursquare-feed,5953f580b9ac386d02d8a889,"Cleveland, United States"
2017-06-28T20:54:49+00:00,,Castaway Bay Resort,"41.44182202,-82.67749194",foursquare-feed,595417996f706a5370144dd4,"Sandusky, United States"
2017-06-29T16:19:03+00:00,,Rest Area 2-04,"41.52923097,-83.01630980",foursquare-feed,595528775455b2581c09c99a,"Port Clinton, United States"
2017-06-29T18:16:34+00:00,,Noodles & Company,"42.48464423,-83.47633002",foursquare-feed,595544022632ec5125dc03a9,"Novi, United States"
2017-06-29T19:24:14+00:00,,Mobil,"42.48045001,-83.47593462",foursquare-feed,595553de8b98fd0c1b9e16d3,"Novi, United States"
2017-06-29T22:51:42+00:00,,Ludington North Breakwater Lighthouse,"43.95367595,-86.46946192",foursquare-feed,5955847ea2c00b12a0e639a9,"Ludington, United States"
2017-06-30T02:34:21+00:00,,Ludington Beach,"43.95834385,-86.46020925",foursquare-feed,5955b8adf1fdaf28b0589370,"Ludington, United States"
2017-06-30T11:27:07+00:00,,Lighthouse Motel,"43.95571594,-86.45752072",foursquare-feed,5956358bd8fe7a1c0d1491fe,"Ludington, United States"
2017-06-30T12:10:50+00:00,,SS Badger - Ludington,"43.94917286,-86.45136774",foursquare-feed,59563fca6f706a53709b8792,"Ludington, United States"
2017-06-30T17:23:24+00:00,,Cedar Crest Ice Cream,"44.07515788,-87.66173366",foursquare-feed,5956890cd41bb771bb9cc1e4,"Manitowoc, United States"
2017-07-01T21:20:47+00:00,,Menards,"43.39673008,-88.18392804",foursquare-feed,5958122f1ffed70e10704dad,"West Bend, United States"
2017-07-01T23:05:55+00:00,,Dublin's,"43.42350060,-88.17986186",foursquare-feed,59582ad3d8096e1c0708026d,"West Bend, United States"
2017-07-02T15:09:14+00:00,,Coffee Corner,"43.52107422,-88.22880464",foursquare-feed,59590c9ae2da1927917259a6,"Kewaskum, United States"
2017-07-02T18:11:52+00:00,,Horicon Marsh Education and Visitor Center,"43.47447319,-88.60148711",foursquare-feed,59593768f8cbd47d73e71cd8,"Horicon, United States"
2017-07-02T20:00:22+00:00,,Piggly Wiggly,"43.51289499,-88.22126481",foursquare-feed,595950d6cad1b644ee0a48c9,"Kewaskum, United States"
2017-07-03T23:12:41+00:00,,"Kewaskum, WI","43.51509895,-88.22343559",foursquare-feed,595acf691213847db6fac441,"Kewaskum, United States"
2017-07-04T00:35:46+00:00,,River Hill Park,"43.51885307,-88.22212129",foursquare-feed,595ae2e24c9be6500b2bf078,"Kewaskum, United States"
2017-07-05T17:23:06+00:00,,Milwaukee Art Museum,"43.03929138,-87.89772235",foursquare-feed,595d207a446ea64831cb9aa0,"Milwaukee, United States"
2017-07-05T17:53:22+00:00,,Henry Maier Festival Park,"43.03304580,-87.89924478",foursquare-feed,595d27924c954c46462962dd,"Milwaukee, United States"
2017-07-05T21:38:35+00:00,,Northwestern Mutual Children's Theater & Playzone,"43.03206783,-87.89843531",foursquare-feed,595d5c5bf8cbd46e4ba0659e,"Milwaukee, United States"
2017-07-05T22:51:47+00:00,,EE-Sane Thai-Lao Cuisine,"43.05410984,-87.89093077",foursquare-feed,595d6d83c21cb1387cf08157,"Milwaukee, United States"
2017-07-06T14:39:23+00:00,,Coffee Corner,"43.52107422,-88.22880464",foursquare-feed,595e4b9b67af3a0a321647a7,"Kewaskum, United States"
2017-07-06T16:16:18+00:00,,Kewaskum Public Library,"43.52207251,-88.22711628",foursquare-feed,595e6252c97f282b145a7500,"Kewaskum, United States"
2017-07-07T17:30:15+00:00,,California Pizza Kitchen,"43.12035500,-87.91549700",foursquare-feed,595fc527a8eb601aee6b5e3f,"Milwaukee, United States"
2017-07-07T18:50:27+00:00,,Apple Bayshore,"43.12157110,-87.91533630",foursquare-feed,595fd7f3bfc6d02b0461d251,"Glendale, United States"
2017-07-07T21:47:20+00:00,,Walmart Supercenter,"43.38357701,-87.92399173",foursquare-feed,5960016850a6f0723ff6b3db,"Saukville, United States"
2017-07-07T23:35:26+00:00,,Piggly Wiggly,"43.38598841,-87.92482587",foursquare-feed,59601abe037be169da6f7679,"Saukville, United States"
2017-07-07T23:53:12+00:00,,Cedar Valley Cheese Store,"43.52816455,-87.94215948",foursquare-feed,59601ee859c4237719eec20c,"Belgium, United States"
2017-07-08T14:25:31+00:00,,Speedway,"42.00890699,-87.90101469",foursquare-feed,5960eb5b851de531bed96d19,"Des Plaines, United States"
2017-07-08T14:34:53+00:00,,IHOP,"42.00880685,-87.88713844",foursquare-feed,5960ed8d8d0a53569889891c,"Rosemont, United States"
2017-07-08T15:51:50+00:00,,Avis Car Rental,"41.98075600,-87.88240100",foursquare-feed,5960ff96b1ec134437f0dff2,"Chicago, United States"
2017-07-08T20:22:43+00:00,,Southern Wisconsin Veterans Memorial Cemetery,"42.69748612,-88.08801790",foursquare-feed,59613f130d2be76734cd9ff0,"Union Grove, United States"
2017-07-08T21:23:44+00:00,,Bass Bay Brewhouse,"42.89984985,-88.11253014",foursquare-feed,59614d60b2958f658b32d213,"Muskego, United States"
2017-07-09T18:26:14+00:00,,"The Hub Studio Cafe, LLC","43.74674300,-87.96181100",foursquare-feed,59627546c62b492fb8088905,"Plymouth, United States"
2017-07-10T16:15:54+00:00,,Kewaskum Public Library,"43.52207251,-88.22711628",foursquare-feed,5963a83a59fe5c7cb4545002,"Kewaskum, United States"
2017-07-12T01:41:47+00:00,,Harbor Hills Bowling Lanes,"43.38760040,-87.89933677",foursquare-feed,59657e5b4382ab30d1672efb,"Port Washington, United States"
2017-07-12T17:00:04+00:00,,Kewaskum Public Library,"43.52207251,-88.22711628",foursquare-feed,596655940313202c30ecad1e,"Kewaskum, United States"
2017-07-13T15:06:59+00:00,,Cedar Valley Cheese Store,"43.52816455,-87.94215948",foursquare-feed,59678c93872f7d270dfb0da5,"Belgium, United States"
2017-07-13T16:03:58+00:00,,Milwaukee Mitchell International Airport,"42.94367200,-87.90076000",foursquare-feed,596799eee7a2374171a3a3cd,"Milwaukee, United States"
2017-07-13T17:30:54+00:00,,Fleet Farm,"43.74932288,-87.94311757",foursquare-feed,5967ae4e32b61d746a03bae9,"Plymouth, United States"
2017-07-13T17:52:39+00:00,,"The Hub Studio Cafe, LLC","43.74674300,-87.96181100",foursquare-feed,5967b3677cc90f6e2d45b726,"Plymouth, United States"
2017-07-15T00:13:14+00:00,,D. E. O'Malley's Pizza Pub,"43.74748494,-87.97540092",foursquare-feed,59695e1aee71206f87995a12,"Plymouth, United States"
2017-07-15T20:32:20+00:00,,Upper Lake Park,"43.39513748,-87.86533616",foursquare-feed,596a7bd44aa3f8556f96dd12,"Port Washington, United States"
2017-07-15T20:46:09+00:00,,Possibility Playground,"43.39515800,-87.86535794",foursquare-feed,596a7f1195a72269eb07e669,"Port Washington, United States"
2017-07-16T03:44:07+00:00,,Schooner Pub,"43.38801685,-87.86913081",foursquare-feed,596ae1070802d45c2d0a7895,"Port Washington, United States"
2017-07-16T16:10:53+00:00,,American Family Field,"43.02831193,-87.97145873",foursquare-feed,596b900da22db72a846a1f98,"Milwaukee, United States"
2017-07-16T17:08:08+00:00,,Fingers Parking Lot,"43.02901539,-87.97570145",foursquare-feed,596b9d78acb00b1c88bd655d,"Milwaukee, United States"
2017-07-17T21:57:06+00:00,,Beans & Barley,"43.05980470,-87.88674966",foursquare-feed,596d32b2e1791009804f7e1e,"Milwaukee, United States"
2017-07-18T00:57:01+00:00,,Milwaukee Public Library - East,"43.06051772,-87.88675650",foursquare-feed,596d5cdd872f7d20e7a8439d,"Milwaukee, United States"
2017-07-18T15:49:16+00:00,,Ma Fischer's,"43.05941997,-87.88591974",foursquare-feed,596e2dfcfd16bb7faf533693,"Milwaukee, United States"
2017-07-18T17:43:09+00:00,,Milwaukee Public Library - East,"43.06051772,-87.88675650",foursquare-feed,596e48ad6e465038bf2a088c,"Milwaukee, United States"
2017-07-19T01:28:09+00:00,,Hooligan's Super Bar,"43.05996665,-87.88500805",foursquare-feed,596eb5a928374e3841a548cd,"Milwaukee, United States"
2017-07-19T12:58:16+00:00,,Colectivo Coffee Prospect Ave,"43.05909565,-87.88506436",foursquare-feed,596f576895d986728db159c2,"Milwaukee, United States"
2017-07-19T16:34:39+00:00,,Potbelly Sandwich Shop,"43.05955819,-87.88462125",foursquare-feed,596f8a1f3b4e00604be8614b,"Milwaukee, United States"
2017-07-19T16:58:21+00:00,,Milwaukee Public Library - East,"43.06051772,-87.88675650",foursquare-feed,596f8fad2955133fc2f82118,"Milwaukee, United States"
2017-07-20T16:44:47+00:00,,Milwaukee Public Library - East,"43.06051772,-87.88675650",foursquare-feed,5970ddffe1f22843802600f3,"Milwaukee, United States"
2017-07-20T17:52:11+00:00,,Beans & Barley,"43.05980470,-87.88674966",foursquare-feed,5970edcb1ffed731ee34275e,"Milwaukee, United States"
2017-07-20T19:02:58+00:00,,Bradford Beach,"43.06019519,-87.87556610",foursquare-feed,5970fe62bfc6d04b5ba9a3f3,"Milwaukee, United States"
2017-07-20T19:18:04+00:00,,Klode Park,"43.12438089,-87.90220074",foursquare-feed,597101ec535d6f787619d95b,"Milwaukee, United States"
2017-07-22T23:46:16+00:00,,Kewaskum High School,"43.52476237,-88.22441514",foursquare-feed,5973e3c8b6b04b7a6dbb2021,"Kewaskum, United States"
2017-07-23T19:29:49+00:00,,Jefferson Park,"44.20382601,-88.43054644",foursquare-feed,5974f92d79f6c746b2e69e6a,"Menasha, United States"
2017-07-23T20:07:31+00:00,,CITGO,"44.21556586,-88.43276355",foursquare-feed,5975020360d11b3619b661bb,"Menasha, United States"
2017-07-24T20:02:32+00:00,,Kewaskum Public Library,"43.52207251,-88.22711628",foursquare-feed,597652583c858d4bfa3c1507,"Kewaskum, United States"
2017-07-25T21:18:36+00:00,,W J Niederkorn Library,"43.38774573,-87.87487930",foursquare-feed,5977b5ac9ef8ef0afa69e3dc,"Port Washington, United States"
2017-07-29T17:29:12+00:00,,Cedar Grove-Belgium Elementary School,"43.57274076,-87.82255986",foursquare-feed,597cc5e8febf317ee8a04a54,"Cedar Grove, United States"
2017-07-30T20:11:13+00:00,,Great Outdoors Supper Club,"43.51352424,-88.16050357",foursquare-feed,597e3d61f870fd4d45efd1c7,"Kewaskum, United States"
2017-07-31T18:26:55+00:00,,Oscar Grady Library,"43.38132757,-87.94260667",foursquare-feed,597f766f826444294b99f120,"Saukville, United States"
2017-07-31T19:38:42+00:00,,Target,"43.31913620,-87.92203420",foursquare-feed,597f874225fb7b72b1c7c63b,"Grafton, United States"
2017-07-31T19:58:13+00:00,,Colectivo Coffee Grafton,"43.31973074,-87.95122867",foursquare-feed,597f8bd56f706a6ecc1c9735,"Grafton, United States"
2017-08-01T14:31:09+00:00,,IHOP,"42.00880685,-87.88713844",foursquare-feed,598090ada4236260ad89dd0c,"Rosemont, United States"
2017-08-01T15:23:57+00:00,,Target,"42.00644210,-87.88667668",foursquare-feed,59809d0da8eb605193104bcc,"Rosemont, United States"
2017-08-02T07:37:22+00:00,,Incheon International Airport,"37.45827402,126.44293249",foursquare-feed,59818132efa82a2b85598874,"Incheon, South Korea"
2017-08-02T15:32:15+00:00,,Chiang Mai International Airport,"18.76925805,98.96797035",foursquare-feed,5981f07f6f706a63cffc706a,"Mueang Chiang Mai, Thailand"
2017-08-06T10:36:08+00:00,,Pizza Pasta by Simon,"18.91598370,98.94274635",foursquare-feed,5986f1188b98fd1ed0097443,Thailand
2017-08-07T05:41:50+00:00,,Local Cafe,"18.80084656,98.96748731",foursquare-feed,5987fd9e336273667c07d437,"Mueang Chiang Mai, Thailand"
2017-08-09T04:17:48+00:00,,Siam Commercial Bank,"18.79886644,98.96710185",foursquare-feed,598a8cec0f013c3e3a5263e3,"Mueang Chiang Mai, Thailand"
2017-08-09T05:47:16+00:00,,The Salad Concept,"18.79680340,98.96629505",foursquare-feed,598aa1e4a22db76839fd0595,"Mueang Chiang Mai, Thailand"
2017-08-11T10:05:18+00:00,,Star Avenue Lifestyle Mall,"18.80007455,99.01869056",foursquare-feed,598d815ee2ead15b96871c4d,"Mueang Chiang Mai, Thailand"
2017-08-12T02:35:06+00:00,,The Larder Cafe and Bar,"18.79913334,98.96619809",foursquare-feed,598e695a5161133f761023a0,"Mueang Chiang Mai, Thailand"
2017-08-12T04:53:07+00:00,,Central Chiangmai Airport,"18.76915690,98.97502999",foursquare-feed,598e89b3446ea66f86343655,"Mueang Chiang Mai, Thailand"
2017-08-12T09:26:41+00:00,,and ann coffee,"18.91251825,98.93531226",foursquare-feed,598ec9d19ad60e7c61dce641,Thailand
2017-08-13T05:39:05+00:00,,The Ironwood,"18.91042385,98.91189595",foursquare-feed,598fe5f9a9fe124192759998,"Mae Rim, Thailand"
2017-08-13T07:35:06+00:00,,Zombie Cafe,"18.91375394,98.90519830",foursquare-feed,5990012ac21cb129db7443ee,Thailand
2017-08-16T12:21:59+00:00,,MAYA,"18.80215225,98.96750656",foursquare-feed,599438e7bb8d363e22115398,"Mueang Chiang Mai, Thailand"
2017-08-17T05:20:48+00:00,,Local Cafe,"18.80084656,98.96748731",foursquare-feed,599527b06661161790367664,"Mueang Chiang Mai, Thailand"
2017-08-18T03:32:01+00:00,,Siam Commercial Bank,"18.79886644,98.96710185",foursquare-feed,59965fb1c9a51747e69520ca,"Mueang Chiang Mai, Thailand"
2017-08-18T04:12:19+00:00,,Kasikornbank,"18.79599421,98.96581657",foursquare-feed,59966923c21cb114e3f23b7c,"Mueang Chiang Mai, Thailand"
2017-08-18T05:41:06+00:00,,MAYA,"18.80215225,98.96750656",foursquare-feed,59967df2be70785aef93e3bc,"Mueang Chiang Mai, Thailand"
2017-08-18T11:28:48+00:00,,Pizza Pasta by Simon,"18.91598370,98.94274635",foursquare-feed,5996cf70c0f16366ed3733d9,Thailand
2017-08-20T03:55:20+00:00,,Huay Tueng Tao,"18.86653100,98.94110000",foursquare-feed,59990828916bc137775551d3,"Mae Rim, Thailand"
2017-08-21T01:07:21+00:00,,Chiang Mai Immigration One Stop Service,"18.76623466,99.03716824",foursquare-feed,599a3249029a5539e7c37c8b,"Mueang Chiang Mai, Thailand"
2017-08-21T04:14:42+00:00,,Café de Oasis,"18.82474308,98.95955985",foursquare-feed,599a5e32037be10f45a3c360,"Mueang Chiang Mai, Thailand"
2017-08-29T09:59:44+00:00,,HOME MALL,"18.85238544,99.00845441",foursquare-feed,59a53b1051950e2281e8ac59,"จ.เชียงใหม่, Thailand"
2017-08-30T05:23:44+00:00,,The Salad Concept,"18.79680340,98.96629505",foursquare-feed,59a64be02d2fd96219402a1f,"Mueang Chiang Mai, Thailand"
2017-09-04T07:10:48+00:00,,Local Cafe,"18.80084656,98.96748731",foursquare-feed,59acfc7895d986478fcc2a8a,"Mueang Chiang Mai, Thailand"
2017-09-08T06:55:36+00:00,,HillSide 3 Condominium,"18.79681351,98.96482466",foursquare-feed,59b23ee826659b3bef710ad3,"Mueang Chiang Mai, Thailand"
2017-09-09T12:46:36+00:00,,Is Wheels,"18.82059300,99.01704000",foursquare-feed,59b3e2acd089d2251761f10e,"San Sai, Thailand"
2017-09-11T05:36:07+00:00,,Local Cafe,"18.80084656,98.96748731",foursquare-feed,59b620c70a464d52484d444d,"Mueang Chiang Mai, Thailand"
2017-09-13T08:27:34+00:00,,Punna Oasis,"18.79585009,99.01998598",foursquare-feed,59b8ebf6c666666a2711f943,Thailand
2017-09-15T05:31:55+00:00,,The Duke's,"18.80223723,98.96662236",foursquare-feed,59bb65cb66f3cd53f7eecd95,"Mueang Chiang Mai, Thailand"
2017-09-15T08:23:43+00:00,,Chiang Mai International Airport,"18.76925805,98.96797035",foursquare-feed,59bb8e0f5c68380ffbf54dfe,"Mueang Chiang Mai, Thailand"
2017-09-15T09:51:07+00:00,,Suvarnabhumi Airport,"13.69200261,100.75055122",foursquare-feed,59bba28bea1e445a0e47bf8f,"Bang Phli, Thailand"
2017-09-15T10:20:37+00:00,,ARL Suvarnabhumi,"13.69392061,100.75113058",foursquare-feed,59bba975646e38304bff7c4b,"Bang Phli, Thailand"
2017-09-15T14:17:10+00:00,,The Tavern,"13.74023488,100.55293549",foursquare-feed,59bbe0e69b047363135a10e2,"Wattana, Thailand"
2017-09-16T04:31:17+00:00,,Café Tartine,"13.74212255,100.54977774",foursquare-feed,59bca9156a595012ac7b675c,"Pathum Wan, Thailand"
2017-09-16T06:27:51+00:00,,The Game,"13.74026194,100.55586655",foursquare-feed,59bcc46725ecca31f16c1a56,"Vadhana, Thailand"
2017-09-16T10:09:34+00:00,,The Mexican Cantina and Comedor,"13.74029045,100.55204674",foursquare-feed,59bcf85e5f68b95380456403,"Khlong Toei, Thailand"
2017-09-16T15:16:19+00:00,,SWAY,"13.73216785,100.58514534",foursquare-feed,59bd4043ee71201707d2c463,Thailand
2017-09-17T03:39:33+00:00,,เดอะ คอฟฟี่ คลับ,"13.73865137,100.54127760",foursquare-feed,59bdee757269fe671cab12f2,"Pathum Wan, Thailand"
2017-09-17T06:54:17+00:00,,Big C Extra,"13.81017723,100.56879424",foursquare-feed,59be1c19db2aeb60a80a546e,"Chatuchak, Thailand"
2017-09-17T12:39:55+00:00,,Skytrain Jazz Club,"13.76131411,100.53648672",foursquare-feed,59be6d1b60d11b151df284df,"Ratchathewi, Thailand"
2017-09-17T16:52:16+00:00,,Supapong Condominium,"13.80610477,100.58147321",foursquare-feed,59bea8402bf9a977748e1d4a,Thailand
2017-09-18T09:49:00+00:00,,Don Mueang International Airport,"13.91759694,100.60160266",foursquare-feed,59bf968c5161131b4950becc,"Don Mueang, Thailand"
2017-09-18T13:13:52+00:00,,Chiang Mai International Airport,"18.76925805,98.96797035",foursquare-feed,59bfc690db2aeb7f4a5aa397,"Mueang Chiang Mai, Thailand"
2017-09-20T05:41:38+00:00,,Local Cafe,"18.80084656,98.96748731",foursquare-feed,59c1ff92da2e002364c5cc29,"Mueang Chiang Mai, Thailand"
2017-09-22T12:29:04+00:00,,Pizza Pasta by Simon,"18.91598370,98.94274635",foursquare-feed,59c502100f013c5f8cc4addc,Thailand
2017-09-24T06:35:53+00:00,,paw's cafe,"18.95370900,98.92400200",foursquare-feed,59c75249fe37401fc50adbbe,Thailand
2017-09-28T09:51:07+00:00,,คาเฟ่ ดินดิน Cafe DinDin,"18.83618094,99.00758388",foursquare-feed,59ccc60b35d3fc2ced98f01b,"Mueang Chiang Mai, Thailand"
2017-09-30T07:04:15+00:00,,Lamona View Swimming Pool,"18.91610200,98.94262100",foursquare-feed,59cf41efd0a14901ff7d40a6,"Mae Rim, Thailand"
2017-09-30T07:21:29+00:00,,"Cheunjai Coffee, Food & Drinks","18.91574590,98.94214038",foursquare-feed,59cf45f94a1cc07d86d00991,"Mae Rim, Thailand"
2017-09-30T13:16:19+00:00,,The Mellowship,"18.80562721,98.96008930",foursquare-feed,59cf9923dd84425e5a1ede8f,"Mueang Chiang Mai, Thailand"
2017-10-02T11:35:42+00:00,,Let It Be,"18.91575600,98.94223500",foursquare-feed,59d2248e4420d878f737d55b,Thailand
2017-10-04T05:45:00+00:00,,Local Cafe,"18.80084656,98.96748731",foursquare-feed,59d4755ce97dfb4dd2abc393,"Mueang Chiang Mai, Thailand"
2017-10-05T09:03:56+00:00,,คาเฟ่ ดินดิน Cafe DinDin,"18.83618094,99.00758388",foursquare-feed,59d5f57c8ad62e2ae4c4b820,"Mueang Chiang Mai, Thailand"
2017-10-08T05:58:38+00:00,,Natwat Home Café,"18.79953691,99.00423671",foursquare-feed,59d9be8e135b391a6395f7e5,"Mueang Chiang Mai, Thailand"
2017-10-08T07:55:12+00:00,,College of Music,"18.79897984,99.00920569",foursquare-feed,59d9d9e0c66666117c3ed1d9,"Mueang Chiang Mai, Thailand"
2017-10-08T09:08:31+00:00,,Because of Love Cafè (เพาะรัก 24 Hrs),"18.82925281,99.01255851",foursquare-feed,59d9eb0f840fc22259120f3d,Thailand
2017-10-08T11:55:23+00:00,,Let It Be,"18.91575600,98.94223500",foursquare-feed,59da122b28374e5bffe208e6,Thailand
2017-10-09T05:37:03+00:00,,Local Cafe,"18.80084656,98.96748731",foursquare-feed,59db0affacb00b0959a5d05d,"Mueang Chiang Mai, Thailand"
2017-10-12T07:11:42+00:00,,Chiang Mai Immigration One Stop Service,"18.76623466,99.03716824",foursquare-feed,59df15aee96d0c69361eb0ce,"Mueang Chiang Mai, Thailand"
2017-10-12T07:11:53+00:00,,Promenada Resort Mall,"18.76621650,99.03722958",foursquare-feed,59df15b9829b0c5f5c6286e4,"Mueang Chiang Mai, Thailand"
2017-10-13T03:57:11+00:00,,PTT Station,"18.84855347,98.97073563",foursquare-feed,59e03997178a2a1d40bf00be,"Mae Rim, Thailand"
2017-10-13T07:55:13+00:00,,Tiang Na,"16.91023554,99.11946067",foursquare-feed,59e0716175a6ea24cd1ef02d,"Tak, Thailand"
2017-10-13T10:56:57+00:00,,Thai-Myanmar Friendship Bridge,"16.69062569,98.51659298",foursquare-feed,59e09bf9e97dfb0841985607,"Mae Sot, Thailand"
2017-10-14T02:38:13+00:00,,Borderline Tea Shop,"16.71488081,98.56322964",foursquare-feed,59e17895065ef53bc4af77f3,"Tak, Thailand"
2017-10-14T06:36:49+00:00,,Doi Musoe Market,"16.75795945,98.91596798",foursquare-feed,59e1b0811108ba1b78bb6263,"Mae Sot, Thailand"
2017-10-14T07:42:01+00:00,,สะพานสมโภชกรุงรัตนโกสินทร์ 200 ปี,"16.87785833,99.12051029",foursquare-feed,59e1bfc9d1a4024d8e2f4ed2,"Mueang Tak, Thailand"
2017-10-14T08:02:52+00:00,,Tak Treehouse,"16.88554100,99.11644900",foursquare-feed,59e1c4acc97f2875307c984b,Thailand
2017-10-16T06:32:42+00:00,,Local Cafe,"18.80084656,98.96748731",foursquare-feed,59e4528a898bdc4faae2f6fc,"Mueang Chiang Mai, Thailand"
2017-10-17T09:32:23+00:00,,Pizza Mania,"18.82801624,99.01193624",foursquare-feed,59e5ce27535d6f2f9dadadc6,"Mueang Chiang Mai, Thailand"
2017-10-18T08:25:31+00:00,,Rimping Supermarket,"18.82372143,99.01045222",foursquare-feed,59e70ffb135b39475dd6f462,"Mueang Chiang Mai, Thailand"
2017-10-18T10:03:57+00:00,,Coffee Bus,"18.82400622,99.01001542",foursquare-feed,59e7270db399f77ff1a42b42,"Mueang Chiang Mai, Thailand"
2017-10-21T03:33:43+00:00,,ไปรษณีย์แม่ริม Post office,"18.91329126,98.94556808",foursquare-feed,59eac0174382ab7528762d97,"Mae Rim, Thailand"
2017-10-24T06:06:17+00:00,,Local Cafe,"18.80084656,98.96748731",foursquare-feed,59eed8598173cb777a832cf9,"Mueang Chiang Mai, Thailand"
2017-10-25T09:40:38+00:00,,Hidden Village,"18.83326598,98.99757646",foursquare-feed,59f05c1695da0c28ab13b261,"สันผีเสื้อ, Thailand"
2017-10-25T11:47:28+00:00,,อุ้มกะต๋องVintage Barn,"18.84579600,98.99017100",foursquare-feed,59f079d0fd9d732368025923,"เชียงใหม่, Thailand"
2017-10-26T02:59:37+00:00,,Chiangmai International Convention Center,"18.82664812,98.96094909",foursquare-feed,59f14f995f68b9512e29ff0c,"Mueang Chiang Mai, Thailand"
2017-10-27T06:44:17+00:00,,Ton Nam Pla Pao,"18.89998876,98.86915825",foursquare-feed,59f2d5c18496ca08ecde2d22,"Mae Raem, Thailand"
2017-10-30T11:00:31+00:00,,"Cheunjai Coffee, Food & Drinks","18.91574590,98.94214038",foursquare-feed,59f7064fff03065e6e323ec3,"Mae Rim, Thailand"
2017-11-02T11:06:27+00:00,,หมูจุ่มฮิปสเตอร์ แม่ริม,"18.91945200,98.94275800",foursquare-feed,59fafc33840fc2055ed87554,"Mae Rim, Thailand"
2017-11-03T07:02:50+00:00,,The Duke's,"18.80223723,98.96662236",foursquare-feed,59fc149a018cbb3f7dfb11bd,"Mueang Chiang Mai, Thailand"
2017-11-04T03:45:05+00:00,,Baa Baa Black Cafe,"18.91248347,98.92929003",foursquare-feed,59fd37c182a7502a38b4a112,"Mae Rim, Thailand"
2017-11-05T07:25:19+00:00,,Paddy & Rose,"18.94349534,98.92871618",foursquare-feed,59febcdf4a7aae20c99c9693,"Mae Rim, Thailand"
2017-11-05T13:08:29+00:00,,Let It Be,"18.91575600,98.94223500",foursquare-feed,59ff0d4d2e268021ea42cb6b,Thailand
2017-11-07T11:06:00+00:00,,Ai Sushi The One Place สันผีเสื้อ,"18.84075222,98.99841615",foursquare-feed,5a019398491be745b4dcb67b,"Amphoe Mueang Chiang Mai, Thailand"
2017-11-14T06:02:46+00:00,,Local Cafe,"18.80084656,98.96748731",foursquare-feed,5a0a8706178a2a6cc4d914a5,"Mueang Chiang Mai, Thailand"
2017-11-17T11:23:32+00:00,,mercato wine bar & eatery,"18.80207600,98.96711100",foursquare-feed,5a0ec6b4e65d0c65c6079f4a,Thailand
2017-11-18T01:48:32+00:00,,Honda Safety Riding Park Chiang Mai,"18.85004826,99.08712096",foursquare-feed,5a0f917058aa7f05d54ffe30,"ดอยสะเก็ด, Thailand"
2017-11-18T09:53:24+00:00,,Star Avenue Lifestyle Mall,"18.80007455,99.01869056",foursquare-feed,5a10031475a6ea6701f4174d,"Mueang Chiang Mai, Thailand"
2017-11-22T06:08:35+00:00,,Local Cafe,"18.80084656,98.96748731",foursquare-feed,5a15146366fc656d40a06c7d,"Mueang Chiang Mai, Thailand"
2017-11-25T09:43:59+00:00,,Chiang Mai University Art Museum,"18.79193176,98.96320416",foursquare-feed,5a193b5f123a19060adc0776,"Mueang Chiang Mai, Thailand"
2017-11-26T05:35:22+00:00,,Krisdadoi Resort Chiang Mai,"18.77227571,98.86133326",foursquare-feed,5a1a529a65cdf8483dcf67f8,"Hang Dong, Thailand"
2017-11-30T09:44:19+00:00,,Don Mueang International Airport,"13.91759694,100.60160266",foursquare-feed,5a1fd2f33abcaf0d7a93da08,"Don Mueang, Thailand"
2017-11-30T14:52:36+00:00,,Felix River Kwai Resort,"14.04074576,99.50106212",foursquare-feed,5a201b34947c052476adc2f7,"Mueang Kanchanaburi, Thailand"
2017-12-01T02:11:56+00:00,,Dheva Mantra Resort & Spa,"14.03773900,99.48693799",foursquare-feed,5a20ba6c9b0473384a8b2326,"Mueang Kanchanaburi, Thailand"
2017-12-02T06:08:46+00:00,,Srifa Coffee,"13.97408799,99.67664190",foursquare-feed,5a22436e60d11b2975193aa8,"Tha Muang, Thailand"
2017-12-02T10:58:09+00:00,,Novotel Bangkok on Siam Square,"13.74500158,100.53504280",foursquare-feed,5a228741396de079059b9bb4,"Pathum Wan, Thailand"
2017-12-02T11:40:42+00:00,,Ramathibodi Hospital,"13.76686455,100.52717532",foursquare-feed,5a22913a840fc25a44d9071a,"Ratchathewi, Thailand"
2017-12-03T03:22:43+00:00,,Siam Paragon,"13.74697923,100.53491235",foursquare-feed,5a236e030d173f3e4d0dfa20,"Pathum Wan, Thailand"
2017-12-03T03:22:55+00:00,,IHOP,"13.74680727,100.53509474",foursquare-feed,5a236e0f64c8e160735ce679,"Pathum Wan, Thailand"
2017-12-03T08:49:37+00:00,,EmQuartier,"13.73137055,100.56958795",foursquare-feed,5a23baa1b2958f2969133813,"Vadhana, Thailand"
2017-12-04T02:26:48+00:00,,Grand Hyatt Erawan Bangkok,"13.74358499,100.54022379",foursquare-feed,5a24b268c9f907599b776e1e,"Pathum Wan, Thailand"
2017-12-05T02:41:37+00:00,,The Coffee Club,"13.72028931,100.58432912",foursquare-feed,5a260761aa6c957eea94a30f,"Vadhana, Thailand"
2017-12-05T08:20:17+00:00,,Don Mueang International Airport,"13.91759694,100.60160266",foursquare-feed,5a2656c104d1ae3d4a35e83f,"Don Mueang, Thailand"
2017-12-05T11:26:34+00:00,,Chiang Mai International Airport,"18.76925805,98.96797035",foursquare-feed,5a26826ac47cf90885c2560d,"Mueang Chiang Mai, Thailand"
2017-12-06T11:29:09+00:00,,"Cheunjai Coffee, Food & Drinks","18.91574590,98.94214038",foursquare-feed,5a27d4855c683815279677d0,"Mae Rim, Thailand"
2017-12-07T05:56:29+00:00,,Local Cafe,"18.80084656,98.96748731",foursquare-feed,5a28d80d0a464d55648b8be9,"Mueang Chiang Mai, Thailand"
2017-12-07T09:40:27+00:00,,Blue Café by Coffee Blue (บลูคาเฟ่),"18.90199172,98.94913175",foursquare-feed,5a290c8b4a1cc07aa98cbf0a,"Mae Rim, Thailand"
2017-12-08T08:47:48+00:00,,คาเฟ่ ดินดิน Cafe DinDin,"18.83618094,99.00758388",foursquare-feed,5a2a51b442d8c250e254a60d,"Mueang Chiang Mai, Thailand"
2017-12-09T05:23:34+00:00,,Chiang Mai International Airport,"18.76925805,98.96797035",foursquare-feed,5a2b735660255e62a35e62fa,"Mueang Chiang Mai, Thailand"
2017-12-09T08:26:56+00:00,,Don Mueang International Airport,"13.91759694,100.60160266",foursquare-feed,5a2b9e501b0ea546858d631e,"Don Mueang, Thailand"
2017-12-09T09:41:02+00:00,,Wat Chai Chimplee,"13.73496609,100.43234939",foursquare-feed,5a2bafae61e53b6328341c2d,"Phasi Charoen, Thailand"
2017-12-10T00:43:27+00:00,,Starbucks,"13.76510991,100.44408374",foursquare-feed,5a2c832fb6b04b321f2f2989,"Taling Chan, Thailand"
2017-12-10T02:59:51+00:00,,The One Hotel,"13.72355500,100.42737000",foursquare-feed,5a2ca3276adbf531b50b82fd,"Phra Nakhon, Thailand"
2017-12-10T11:50:08+00:00,,The Crystal SB Ratchapruek,"13.80947471,100.44876338",foursquare-feed,5a2d1f70531593306f6e460c,"Bang Kruai, Thailand"
2017-12-10T11:53:25+00:00,,on the table,"13.81004661,100.44889626",foursquare-feed,5a2d203551950e68858fac3e,"Bang Kruai, Thailand"
2017-12-10T14:44:31+00:00,,14 Resort,"13.71127400,100.43237500",foursquare-feed,5a2d484f491be70e5d837a13,Thailand
2017-12-11T01:19:14+00:00,,Wat Chai Chimplee,"13.73496609,100.43234939",foursquare-feed,5a2ddd1275a6ea1e20001fcb,"Phasi Charoen, Thailand"
2017-12-11T05:31:57+00:00,,Morning Me,"13.16722500,100.92436000",foursquare-feed,5a2e184d12f0a961ee921313,"Si Racha, Thailand"
2017-12-11T06:06:48+00:00,,ท่าเรือจรินทร์,"13.16963469,100.91860216",foursquare-feed,5a2e20781108ba2ff6bd1f91,"Si Racha, Thailand"
2017-12-11T07:14:18+00:00,,Koh Sichang,"13.15103289,100.81020355",foursquare-feed,5a2e304a51950e3561df5b8d,"Koh Sichang, Thailand"
2017-12-11T09:42:21+00:00,,Suvarnabhumi Airport,"13.69200261,100.75055122",foursquare-feed,5a2e52fd6f0aa2528e036227,"Bang Phli, Thailand"
2017-12-11T13:17:05+00:00,,Chiang Mai International Airport,"18.76925805,98.96797035",foursquare-feed,5a2e85517918717b29d3f4ff,"Mueang Chiang Mai, Thailand"
2017-12-16T12:01:51+00:00,,See Paak Restaurant,"18.92158943,98.94193228",foursquare-feed,5a350b2f2be4251468e58699,"Mae Rim, Thailand"
2017-12-18T13:07:08+00:00,,CAiNiTO,"18.79863805,98.96956985",foursquare-feed,5a37bd7c26659b41b0b04f8b,Thailand
2017-12-19T06:09:23+00:00,,Local Cafe,"18.80084656,98.96748731",foursquare-feed,5a38ad1366611610e5a8ecc9,"Mueang Chiang Mai, Thailand"
2017-12-19T10:16:22+00:00,,Teak Table,"18.82515729,98.95853926",foursquare-feed,5a38e6f618d43b62cdbf278f,"Mueang Chiang Mai, Thailand"
2017-12-23T09:36:02+00:00,,Chiang Mai International Airport,"18.76925805,98.96797035",foursquare-feed,5a3e23826f706a1f068e3c42,"Mueang Chiang Mai, Thailand"
2017-12-23T13:01:57+00:00,,See Paak Restaurant,"18.92158943,98.94193228",foursquare-feed,5a3e53c52a7ab67e9406ca5b,"Mae Rim, Thailand"
2017-12-24T01:55:56+00:00,,Maerim Market,"18.91435100,98.94532337",foursquare-feed,5a3f092c3ba7677dcc043ba1,"แม่ริม, Thailand"
2017-12-27T11:16:45+00:00,,Oh Ka Ju Organic Salad & Coffee,"18.84058932,99.02469535",foursquare-feed,5a43811d95da0c57fdeb107f,"Mueang Chiang Mai, Thailand"
2018-01-01T06:41:05+00:00,,Bangkok Hospital Chiang Mai,"18.78876573,99.02631387",foursquare-feed,5a49d801a423625b12fd7d5e,"Mueang Chiang Mai, Thailand"
2018-01-01T08:00:30+00:00,,Star Avenue Lifestyle Mall,"18.80007455,99.01869056",foursquare-feed,5a49ea9e0ff4f94813393f01,"Mueang Chiang Mai, Thailand"
2018-01-01T13:37:39+00:00,,Chiang Mai Marriott Hotel,"18.78473820,98.99971420",foursquare-feed,5a4a39a37247500ae9c3ac88,"Mueang Chiang Mai, Thailand"
2018-01-01T13:38:03+00:00,,Purple Rain,"18.78419300,98.99952800",foursquare-feed,5a4a39bb9411f2495d49e256,"Mueang Chiang Mai, Thailand"
2018-01-01T15:12:01+00:00,,Wild Boar Bar,"18.78468518,98.99492692",foursquare-feed,5a4a4fc1b3d8e21f4e143f5d,"Chang Moi, Thailand"
2018-01-02T03:23:53+00:00,,The Salad Concept,"18.79264900,98.99398000",foursquare-feed,5a4afb49bb2a471034d07b7e,"Mueang Chiang Mai, Thailand"
2018-01-02T12:17:12+00:00,,Deck1,"18.78954160,99.00414899",foursquare-feed,5a4b7848270ee74ec1b75165,"Mueang Chiang Mai, Thailand"
2018-01-04T01:25:57+00:00,,บ้านงามแสงเดือน @แม่ริม,"18.90680100,98.93978200",foursquare-feed,5a4d82a560255e33b2eff438,Thailand
2018-01-04T12:12:57+00:00,,See Paak Restaurant,"18.92158943,98.94193228",foursquare-feed,5a4e1a49b1538e11b47c1d69,"Mae Rim, Thailand"
2018-01-06T03:58:13+00:00,,Tita Gallery,"18.91367559,98.92982020",foursquare-feed,5a504955a9fe1205e9da04dd,"Mae Raem, Thailand"
2018-01-06T05:06:20+00:00,,and ann coffee,"18.91251825,98.93531226",foursquare-feed,5a50594cd1a40214a00e5cac,Thailand
2018-01-06T11:42:49+00:00,,The First Residents & Cafe',"18.91237259,98.94661713",foursquare-feed,5a50b6394928144145d7e6fa,"Maerim, Thailand"
2018-01-07T05:23:19+00:00,,Kamtiang Market,"18.80614241,98.99737261",foursquare-feed,5a51aec7a9fe120e31b3b3a4,"Mueang Chiang Mai, Thailand"
2018-01-07T09:41:24+00:00,,Mae Sa Waterfall,"18.90633318,98.89609952",foursquare-feed,5a51eb44c0cacb303b680a57,"Mae Rim, Thailand"
2018-01-09T06:52:09+00:00,,Local Cafe,"18.80084656,98.96748731",foursquare-feed,5a5466992f97ec1e55411544,"Mueang Chiang Mai, Thailand"
2018-01-12T10:38:28+00:00,,Lamour​ Cafe​,"18.77633875,98.94899891",foursquare-feed,5a5890242496234e1573ffe9,"เทศบาลนครเชียงใหม่, Thailand"
2018-01-13T03:00:21+00:00,,อนุสาวรีย์สมเด็จพระนเรศวร ทุ่งยั้งทัพ,"18.88568200,98.95599700",foursquare-feed,5a597645628c837df54d3324,"อ.แม่ริม, Thailand"
2018-01-13T06:03:10+00:00,,Café de Oasis,"18.82474308,98.95955985",foursquare-feed,5a59a11ee97dfb474aff9c0d,"Mueang Chiang Mai, Thailand"
2018-01-21T11:38:45+00:00,,ระเบียง ณ แม่ริม,"18.92283712,98.93529847",foursquare-feed,5a647bc5772fbc1836763487,Thailand
2018-01-25T06:21:50+00:00,,Cafe de JJ,"18.80261400,98.96408200",foursquare-feed,5a69777e82a75017193b12e4,Thailand
2018-01-25T12:05:26+00:00,,Ka-Fe-Vi-No,"18.80142222,98.96725277",foursquare-feed,5a69c806c9f9075dbfd564a3,"Mueang Chiang Mai, Thailand"
2018-01-26T08:48:22+00:00,,Cube No.7,"18.79515500,98.97255200",foursquare-feed,5a6aeb561ffed7158d9f237d,"Mueang Chiang Mai, Thailand"
2018-01-28T07:04:52+00:00,,PTT Station,"18.92189170,98.94061999",foursquare-feed,5a6d7614fd9d7369fcd9f9aa,"Mae Rim, Thailand"
2018-02-01T09:10:35+00:00,,Café Kantary,"18.79585608,98.96561949",foursquare-feed,5a72d98b419a9e3ff4c501ad,"Mueang Chiang Mai, Thailand"
2018-02-02T13:38:40+00:00,,See Paak Restaurant,"18.92158943,98.94193228",foursquare-feed,5a7469e09f8a9f22f21f82c3,"Mae Rim, Thailand"
2018-02-03T05:24:49+00:00,,Panyaden School Meeting Room,"18.70448300,98.91753100",foursquare-feed,5a7547a135811b4031e21493,Thailand
2018-02-03T08:36:20+00:00,,Baan-Suan-Ka-Fé,"18.75955954,98.91387754",foursquare-feed,5a7574847918712fe045ad99,"Mueang Chiang Mai, Thailand"
2018-02-04T11:55:04+00:00,,Let It Be,"18.91575600,98.94223500",foursquare-feed,5a76f498c0af57116072b190,Thailand
2018-02-11T08:22:16+00:00,,Pop Car Rent 1985,"18.78574711,98.99342534",foursquare-feed,5a7ffd38efa82a733105218e,"Mueang Chiang Mai, Thailand"
2018-02-11T08:54:34+00:00,,Ginger & Kafé,"18.79275539,98.99317732",foursquare-feed,5a8004ca270ee75d629a90dc,"Mueang Chiang Mai, Thailand"
2018-02-12T01:45:52+00:00,,Road View Coffee,"19.16624979,98.69102268",foursquare-feed,5a80f1d06c08d153b1f138c6,"อ.แม่แตง, Thailand"
2018-02-12T05:57:57+00:00,,Pai Nai Fun,"19.36030301,98.44460929",foursquare-feed,5a812ce51f7440304360804e,"Pai, Thailand"
2018-02-12T07:35:27+00:00,,Cafecito,"19.35233519,98.44207828",foursquare-feed,5a8143bf3e6741721c06d89f,"Pai, Thailand"
2018-02-12T16:11:53+00:00,,Buffalo Bar,"19.35669158,98.44379420",foursquare-feed,5a81bcc91de7653dda6ca863,"Pai, Thailand"
2018-02-12T16:44:24+00:00,,Yellow Sun,"19.35770878,98.44429499",foursquare-feed,5a81c468826444744fca8bb1,"Pai, Thailand"
2018-02-13T05:25:47+00:00,,Cafecito,"19.35233519,98.44207828",foursquare-feed,5a8276dbd0a14961eac43089,"Pai, Thailand"
2018-02-13T12:58:21+00:00,,a taste of joy,"19.35402400,98.44328900",foursquare-feed,5a82e0ed6dcf044646238f63,Thailand
2018-02-14T01:04:50+00:00,,Family house @ Pai,"19.36050214,98.44372902",foursquare-feed,5a838b329fca56724f515d4f,"Pai, Thailand"
2018-02-14T01:24:15+00:00,,Top5cafe food&drink,"19.35892400,98.44356700",foursquare-feed,5a838fbf2db4a9330cfb78df,Thailand
2018-02-14T04:14:29+00:00,,เมืองน้อย,"19.51300400,98.51590100",foursquare-feed,5a83b7a56dcf04464686b3dc,Thailand
2018-02-14T08:28:38+00:00,,CMVG Misty Sunrise,"19.59973700,98.25567500",foursquare-feed,5a83f336f62e09717ec71f57,Thailand
2018-02-14T09:11:01+00:00,,ร้านพี่คำป่าง พี่หน่อ (ถ้ำลอด ปางมะผ้า),"19.57301000,98.27736100",foursquare-feed,5a83fd2560255e5ea5f07e70,Thailand
2018-02-14T09:24:02+00:00,,Pang Ma Pha Cave Lod,"19.56893106,98.27952672",foursquare-feed,5a84003212c8f03026306f8c,"Mae Hong Son, Thailand"
2018-02-14T10:33:49+00:00,,PTT,"19.35527873,98.43722111",foursquare-feed,5a84108dc0af574c73f08798,"Pai, Thailand"
2018-02-14T11:32:31+00:00,,Cafe De Pai,"19.35892302,98.44365536",foursquare-feed,5a841e4fda5e56035991d5ce,"Pai, Thailand"
2018-02-15T06:13:49+00:00,,Khaotha Coffee,"19.35211048,98.44210829",foursquare-feed,5a85251dd1a4024e36c83a39,"Pai, Thailand"
2018-02-16T02:47:45+00:00,,Chiangmai Ram Hospital,"18.79487264,98.97806740",foursquare-feed,5a8646515315936ee37b65f9,"Mueang Chiang Mai, Thailand"
2018-02-16T02:51:39+00:00,,CMR Complex,"18.79342000,98.97635300",foursquare-feed,5a86473bfd9d7371b5977fc0,"Mueang Chiang Mai, Thailand"
2018-02-16T11:59:22+00:00,,Ka-Fe-Vi-No,"18.80142222,98.96725277",foursquare-feed,5a86c79ae55d8b41285592ea,"Mueang Chiang Mai, Thailand"
2018-02-17T12:30:06+00:00,,Let It Be,"18.91575600,98.94223500",foursquare-feed,5a88204e2632ec63a03728a5,Thailand
2018-02-19T06:16:43+00:00,,Local Cafe,"18.80084656,98.96748731",foursquare-feed,5a8a6bcb2632ec63a07735f0,"Mueang Chiang Mai, Thailand"
2018-02-21T08:11:54+00:00,,Tiger Ted Café,"18.80222606,98.96643578",foursquare-feed,5a8d29cac5b11c1148d39801,"Mueang Chiang Mai, Thailand"
2018-02-23T05:55:36+00:00,,The Duke's,"18.80223723,98.96662236",foursquare-feed,5a8facd8a6031c491e08f3a2,"Mueang Chiang Mai, Thailand"
2018-02-25T10:38:44+00:00,,ห้องประชุมจิตติมา,"18.85194831,98.96003758",foursquare-feed,5a929234646e383c1bbdeca6,Thailand
2018-02-25T10:52:58+00:00,,NARIT Planetarium,"18.85275882,98.95819187",foursquare-feed,5a92958ada5ede2dbea841fc,"Mae Rim, Thailand"
2018-02-26T06:54:03+00:00,,Black Canyon,"18.80209324,98.96761895",foursquare-feed,5a93af0ba2c00b0a7d1b6cb5,Thailand
2018-02-28T02:21:48+00:00,,สำนักงานจัดหางาน คุ้มครองคนหางานและการทำงานของคนต่างด้าว Chiang Mai Employment Office (Foreign Labor Section),"18.83306588,98.96106233",foursquare-feed,5a96123c6e465064c2b5fa7b,"Chang Phuak, Thailand"
2018-03-02T06:54:10+00:00,,Local Cafe,"18.80084656,98.96748731",foursquare-feed,5a98f5129cadd91d6f73d889,"Mueang Chiang Mai, Thailand"
2018-03-03T08:14:57+00:00,,ครัวคำหวาน,"18.92174700,98.94002500",foursquare-feed,5a9a5981a4b51b6f95276763,"Mae Rim, Thailand"
2018-03-04T01:52:24+00:00,,fortune dental clinic,"18.76792564,98.98343732",foursquare-feed,5a9b5158bcbf7a6a830576fb,"Pa Daet, Thailand"
2018-03-04T03:27:03+00:00,,Lamour​ Cafe​,"18.77633875,98.94899891",foursquare-feed,5a9b67872f97ec62bdb22a96,"เทศบาลนครเชียงใหม่, Thailand"
2018-03-06T07:03:28+00:00,,Black Canyon,"18.80209324,98.96761895",foursquare-feed,5a9e3d40625a6629ac324c85,Thailand
2018-03-10T06:47:38+00:00,,and ann coffee,"18.91251825,98.93531226",foursquare-feed,5aa37f8a66fc6556f8aefe46,Thailand
2018-03-10T12:41:25+00:00,,Let It Be,"18.91575600,98.94223500",foursquare-feed,5aa3d27546e1b65742445248,Thailand
2018-03-12T11:44:19+00:00,,Bangkok Hospital Chiang Mai,"18.78876573,99.02631387",foursquare-feed,5aa66813178a2a70786182a6,"Mueang Chiang Mai, Thailand"
2018-03-13T05:59:39+00:00,,Black Canyon,"18.80209324,98.96761895",foursquare-feed,5aa768cb9e0d545a0f62bf9e,Thailand
2018-03-14T11:02:46+00:00,,Pizzeria Giotto,"18.82407370,99.01051199",foursquare-feed,5aa90156b77c771d81785186,"Mueang Chiang Mai, Thailand"
2018-03-16T09:32:20+00:00,,Chiang Mai International Airport,"18.76925805,98.96797035",foursquare-feed,5aab8f2403369333ccbfead6,"Mueang Chiang Mai, Thailand"
2018-03-16T12:26:47+00:00,,Don Mueang International Airport,"13.91759694,100.60160266",foursquare-feed,5aabb807c0f1636df75c6f61,"Don Mueang, Thailand"
2018-03-16T13:37:34+00:00,,Mercure Bangkok Makkasan,"13.75115876,100.55710005",foursquare-feed,5aabc89e4c9be622a6b66b80,"Makkasan, Thailand"
2018-03-17T05:40:47+00:00,,Baiyoke Sky Hotel,"13.75450669,100.54031968",foursquare-feed,5aacaa5f1cf2e15b9d573fc5,"Ratchathewi, Thailand"
2018-03-17T07:54:07+00:00,,Fruit Buffet,"13.75446302,100.54031253",foursquare-feed,5aacc99ff5e9d7112c6711a2,"Ratchathewi, Thailand"
2018-03-17T09:43:41+00:00,,TK Park,"13.74684519,100.53821398",foursquare-feed,5aace34d22d4907a8b03962a,"Pathum Wan, Thailand"
2018-03-18T01:46:14+00:00,,Bangkok Bus Terminal (Eastern),"13.71982270,100.58410808",foursquare-feed,5aadc4e69be52212e4e5ab6a,"Khlong Toei, Thailand"
2018-03-18T03:56:17+00:00,,Laemtong Bangsaen,"13.28669386,100.92668694",foursquare-feed,5aade361588e364843d3c73c,"Mueang Chon Buri, Thailand"
2018-03-18T05:06:22+00:00,,Khao Sam Muk,"13.31006868,100.90441947",foursquare-feed,5aadf3ce06fb602e731ce3fa,"Mueang Chon Buri, Thailand"
2018-03-18T07:30:04+00:00,,Hippo Café & Restaurant,"13.30391611,100.90251556",foursquare-feed,5aae157c2496230f76f8e66e,"Mueang Chon Buri, Thailand"
2018-03-18T13:15:23+00:00,,Benito,"13.28017000,100.91775500",foursquare-feed,5aae666b3ba7671aae32992c,"อำเภอเมืองชลบุรี, Thailand"
2018-03-19T01:43:12+00:00,,Cafe Coco,"13.29150369,100.90921387",foursquare-feed,5aaf15b0c9a517509975b7ce,Thailand
2018-03-19T03:55:57+00:00,,Mountainview village,"13.30793096,100.92183255",foursquare-feed,5aaf34cd3ba7671aaea99444,"Mueang Chon Buri, Thailand"
2018-03-19T05:34:17+00:00,,The Phyll,"13.70280422,100.60206571",foursquare-feed,5aaf4bd94b78c52dd3e9aef9,"Phra Khanong, Thailand"
2018-03-19T10:37:13+00:00,,BTS On Nut,"13.70563641,100.60108040",foursquare-feed,5aaf92d9805e3f6208a6c40c,"Vadhana, Thailand"
2018-03-19T11:04:54+00:00,,Centara Grand at CentralWorld,"13.74773133,100.53851907",foursquare-feed,5aaf9956e679bc32fb680907,"Pathum Wan, Thailand"
2018-03-19T13:34:30+00:00,,centralwOrld,"13.74663620,100.53965627",foursquare-feed,5aafbc66b1538e56f2425302,"Pathum Wan, Thailand"
2018-03-20T05:23:28+00:00,,Coffee World,"13.70535820,100.60026089",foursquare-feed,5ab09ad095d9866d7ae9edcb,"Khlong Toei, Thailand"
2018-03-20T08:21:56+00:00,,OOTOYA,"13.70554239,100.60125738",foursquare-feed,5ab0c4a4bcbf7a58f71796fd,"Vadhana, Thailand"
2018-03-20T13:51:10+00:00,,El Diablo's Burritos,"13.72147744,100.56494235",foursquare-feed,5ab111ce2be4254531a9c4e6,"Khlong Toei, Thailand"
2018-03-21T05:24:16+00:00,,TOM N TOMS,"13.70282067,100.60212438",foursquare-feed,5ab1ec8064c8e17aab0f488c,"Phra Khanong, Thailand"
2018-03-21T05:56:16+00:00,,Terminal21,"13.73741630,100.56038103",foursquare-feed,5ab1f40041868626b21cff95,"Vadhana, Thailand"
2018-03-21T06:48:41+00:00,,Starbucks,"13.73770716,100.56037188",foursquare-feed,5ab200491ffed755f0c2ac2f,"Vadhana, Thailand"
2018-03-22T01:17:09+00:00,,Hotel Amaze Bangkok,"13.70505500,100.59777400",foursquare-feed,5ab3041567af3a46f00ea92e,"Khlong Toei, Thailand"
2018-03-22T03:17:57+00:00,,ibis Styles Bangkok Sukhumvit Phra Khanong,"13.71131100,100.59695900",foursquare-feed,5ab32065acc5f52d70369de8,"Phra Khanong, Thailand"
2018-03-22T05:39:37+00:00,,MBK Center,"13.74558077,100.53018005",foursquare-feed,5ab3419916ef67578098a6e9,"Pathum Wan, Thailand"
2018-03-22T06:12:09+00:00,,Suntowers,"13.80810397,100.55842669",foursquare-feed,5ab3493933627342d2224342,"Chatuchak, Thailand"
2018-03-22T08:02:30+00:00,,Terminal 2,"13.91804362,100.60135323",foursquare-feed,5ab3631646e1b678b43bfc9b,"Don Mueang, Thailand"
2018-03-24T05:59:07+00:00,,Let It Be,"18.91575600,98.94223500",foursquare-feed,5ab5e92bc8b2fb002b10b203,Thailand
2018-03-25T06:25:46+00:00,,PTT Station,"18.92189170,98.94061999",foursquare-feed,5ab740ea9cadd9002b738807,"Mae Rim, Thailand"
2018-03-25T11:02:23+00:00,,หยัด บาร์เบอร์,"18.91845300,98.94332900",foursquare-feed,5ab781bf67af3a002b1b7fb4,Thailand
2018-03-26T05:54:16+00:00,,One Nimman,"18.80011142,98.96782665",foursquare-feed,5ab88b08c4df1d002bd2a3f8,"Mueang Chiang Mai, Thailand"
2018-03-27T09:56:33+00:00,,Chiangmai Ram Hospital,"18.79487264,98.97806740",foursquare-feed,5aba155195d986002bd75646,"Mueang Chiang Mai, Thailand"
2018-03-31T03:44:15+00:00,,TUBE TREK WATER PARK CHIANGMAI,"18.76467545,99.09735179",foursquare-feed,5abf040f67f62b002bac2f5a,"San Kamphaeng, Thailand"
2018-03-31T09:52:30+00:00,,Gusto Site,"18.74413663,99.07708945",foursquare-feed,5abf5a5e6336be002b562106,"San Kamphaeng, Thailand"
2018-04-01T11:21:08+00:00,,See Paak Restaurant,"18.92158943,98.94193228",foursquare-feed,5ac0c0a466fc65002b0f7a47,"Mae Rim, Thailand"
2018-04-05T08:08:39+00:00,,Chiang Mai International Airport,"18.76925805,98.96797035",foursquare-feed,5ac5d9871f8ed6002b07faca,"Mueang Chiang Mai, Thailand"
2018-04-05T10:22:34+00:00,,Terminal 2,"13.91804362,100.60135323",foursquare-feed,5ac5f8ea149946002b6f2e69,"Don Mueang, Thailand"
2018-04-05T11:26:12+00:00,,Union Mall,"13.81347179,100.56177127",foursquare-feed,5ac607d4f427de002b00cdef,"Chatuchak, Thailand"
2018-04-06T02:22:19+00:00,,White Balance Bakery,"13.81816673,100.58710569",foursquare-feed,5ac6d9db6dcf04002b3e02c3,Thailand
2018-04-06T08:15:30+00:00,,ร้านกินสบาย,"13.80278900,100.58085200",foursquare-feed,5ac72ca21ffed7002b88be55,Thailand
2018-04-06T22:06:36+00:00,,Domestic Departure Passenger Hall,"13.91808134,100.60134621",foursquare-feed,5ac7ef6c531593002b3e9048,"Don Mueang, Thailand"
2018-04-07T00:26:46+00:00,,Ranong Airport,"9.77377619,98.58733609",foursquare-feed,5ac810460336930038734919,"Mueang Ranong, Thailand"
2018-04-07T01:08:09+00:00,,NAVA ANDAMAN,"9.94797600,98.59887300",foursquare-feed,5ac819f9dec1d6002bcec3e0,Thailand
2018-04-07T02:50:55+00:00,,Koh Payam Pier,"9.74045401,98.42319456",foursquare-feed,5ac8320f0a08ab002bfb3fee,"Mueang Ranong, Thailand"
2018-04-07T03:37:11+00:00,,Lazy Hut,"9.71490077,98.39723334",foursquare-feed,5ac83ce79be522002be3bbd6,"Ranong, Thailand"
2018-04-07T10:38:09+00:00,,Lazy Hut,"9.71490077,98.39723334",foursquare-feed,5ac89f9148b04e002e5acc58,"Ranong, Thailand"
2018-04-08T11:47:33+00:00,,Lazy Hut,"9.71490077,98.39723334",foursquare-feed,5aca015506fb60002bc60c63,"Ranong, Thailand"
2018-04-09T03:25:29+00:00,,Green Beach Hut,"9.71526800,98.39710800",foursquare-feed,5acadd29065ef5002b78f474,Thailand
2018-04-10T04:21:10+00:00,,Flower Power Village,"9.75957500,98.41080700",foursquare-feed,5acc3bb63b8307002bc84a67,"Ranong, Thailand"
2018-04-10T06:00:18+00:00,,Kwang Peeb Bay Resort,"9.77023236,98.41130399",foursquare-feed,5acc52f21acf110038d5cc93,Thailand
2018-04-10T09:05:13+00:00,,Buffalo Bay,"9.74602601,98.40513652",foursquare-feed,5acc7e49826444002aca9453,Thailand
2018-04-12T14:06:03+00:00,,Green Beach Hut,"9.71526800,98.39710800",foursquare-feed,5acf67cb16fa04002c0d0516,Thailand
2018-04-15T01:55:09+00:00,,Green Beach Hut,"9.71526800,98.39710800",foursquare-feed,5ad2b0fd2d270e001c020990,Thailand
2018-04-15T12:20:34+00:00,,Lazy Hut,"9.71490077,98.39723334",foursquare-feed,5ad34392180b9100392d012a,"Ranong, Thailand"
2018-04-16T09:56:47+00:00,,Flower Power Village,"9.75957500,98.41080700",foursquare-feed,5ad4735f3b8307002c44b072,"Ranong, Thailand"
2018-04-16T11:35:21+00:00,,Hippy Bar,"9.76301450,98.40834145",foursquare-feed,5ad48a790868a200390cf347,"Ranong, Thailand"
2018-04-17T02:43:38+00:00,,Koh Phayam Cafe,"9.72844800,98.39593100",foursquare-feed,5ad55f5a9ba3e5002c93701b,"Ranong, Thailand"
2018-04-17T04:05:16+00:00,,Sathanee Restaurant,"9.73021700,98.40027700",foursquare-feed,5ad5727c2db4a9002ce32541,"Ranong, Thailand"
2018-04-17T05:43:54+00:00,,Kho Payam Resort,"9.72374714,98.42067394",foursquare-feed,5ad5899a48570900240bb80a,"Ratchakrut, Thailand"
2018-04-17T08:56:21+00:00,,Lamai Super Market,"9.74133000,98.42139400",foursquare-feed,5ad5b6b53149b9002cc4393e,"Ranong, Thailand"
2018-04-18T13:42:39+00:00,,Lazy Hut,"9.71490077,98.39723334",foursquare-feed,5ad74b4f3b8307002c8ebbe9,"Ranong, Thailand"
2018-04-20T01:24:18+00:00,,Lazy Hut,"9.71490077,98.39723334",foursquare-feed,5ad94142c84d1800245fc211,"Ranong, Thailand"
2018-04-20T05:35:17+00:00,,ท่าเรือเกาะพยาม,"9.94765298,98.59882354",foursquare-feed,5ad97c15336273002c159650,"Mueang, Thailand"
2018-04-20T23:14:59+00:00,,Ranong River Side Resort,"9.91411018,98.63261414",foursquare-feed,5ada7473d03360002cb931ca,Thailand
2018-04-20T23:37:40+00:00,,Departure Hall,"9.77381529,98.58726836",foursquare-feed,5ada79c4b9ac38002c859e12,"Mueang Ranong, Thailand"
2018-04-20T23:48:04+00:00,,Ranong Airport,"9.77377619,98.58733609",foursquare-feed,5ada7c34f96b2c002c7b9659,"Mueang Ranong, Thailand"
2018-04-21T02:06:48+00:00,,Don Mueang International Airport,"13.91759694,100.60160266",foursquare-feed,5ada9cb8829b0c0039082ad4,"Don Mueang, Thailand"
2018-04-21T05:23:39+00:00,,Chiang Mai International Airport,"18.76925805,98.96797035",foursquare-feed,5adacadbdd8442002ca1e0b9,"Mueang Chiang Mai, Thailand"
2018-04-22T10:32:33+00:00,,Let It Be,"18.91575600,98.94223500",foursquare-feed,5adc64c116ef67002cbd948e,Thailand
2018-04-23T06:42:25+00:00,,Local Cafe,"18.80084656,98.96748731",foursquare-feed,5add80517269fe002c053519,"Mueang Chiang Mai, Thailand"
2018-04-26T12:15:58+00:00,,Ginger Farm Kitchen,"18.79998891,98.96758432",foursquare-feed,5ae1c2fe286fda002ce3794a,"Chiang Mai, Thailand"
2018-04-27T11:10:52+00:00,,The Pub,"18.80163022,98.96640353",foursquare-feed,5ae3053c2619ee002c01b8e9,"Mueang Chiang Mai, Thailand"
2018-04-29T04:08:52+00:00,,BABY COME HOME,"18.90976700,98.91920500",foursquare-feed,5ae5455473fe25002ce34e5f,"อ.แม่ริม, Thailand"
2018-05-01T10:44:14+00:00,,ศาลาไอติม ป่าม่วง แม่ริม เชียงใหม่,"18.91156700,98.91324900",foursquare-feed,5ae844fea795bd002c5ed50f,Thailand
2018-05-05T11:17:19+00:00,,สำนักสงฆ์ปฎิบัติธรรมสันกู่,"18.89528200,98.91600000",foursquare-feed,5aed92bf598e64002cf2c34b,Thailand
2018-05-05T11:23:10+00:00,,Honey Hill,"18.89600900,98.91567300",foursquare-feed,5aed941e066332001c0f2bde,"Mae Rim, Thailand"
2018-05-06T04:49:14+00:00,,Central Chiangmai,"18.80656297,99.01784901",foursquare-feed,5aee894a3e70ff0024d31130,"Mueang Chiang Mai, Thailand"
2018-05-06T05:25:30+00:00,,SUBWAY,"18.82399023,99.01177262",foursquare-feed,5aee91ca6dcf04002c70c9cf,"Mueang Chiang Mai, Thailand"
2018-05-10T10:02:44+00:00,,Teak Table,"18.82515729,98.95853926",foursquare-feed,5af418c4336273002c88727d,"Mueang Chiang Mai, Thailand"
2018-05-12T05:19:58+00:00,,เฮือนลูกหลาน,"18.91690343,98.94358738",foursquare-feed,5af6797eb2958f002c08f584,Thailand
2018-05-12T13:34:24+00:00,,See Paak Restaurant,"18.92158943,98.94193228",foursquare-feed,5af6ed60610f040039987f61,"Mae Rim, Thailand"
2018-05-13T03:45:56+00:00,,Rimtharn Nanglen,"18.90801429,98.90649889",foursquare-feed,5af7b4f410b3030024c02daf,"Mae Rim, Thailand"
2018-05-15T05:23:20+00:00,,Cafe de JJ,"18.80261400,98.96408200",foursquare-feed,5afa6ec82faed50024cc6307,Thailand
2018-05-18T11:22:33+00:00,,The Pappa Pizza & Steak Resturant,"18.26412714,99.49210853",foursquare-feed,5afeb7797564f7002c6d28f6,"Mueang Lampang, Thailand"
2018-05-19T01:03:12+00:00,,โรงแรมมินทร์ธารา •Mintara Hotel Nan•,"18.77370500,100.77322700",foursquare-feed,5aff77d0d03360002c8c525e,"Nan, Thailand"
2018-05-19T06:25:52+00:00,,Ban-Tai-Lue Café,"19.14571865,100.94074452",foursquare-feed,5affc370ba57b4002c85953a,"Pua, Thailand"
2018-05-19T11:22:22+00:00,,เดอะวิว @ กิ่วม่วง,"18.91515200,100.88160700",foursquare-feed,5b0008eeb3d8e2002c5f2def,"Santi Suk, Thailand"
2018-05-20T02:47:47+00:00,,Sri Mueang Park,"18.77580808,100.77540994",foursquare-feed,5b00e1d3149946002c51193e,"Nan, Thailand"
2018-05-20T07:31:19+00:00,,Doi Pha Klong National Park,"18.15368560,99.94600287",foursquare-feed,5b0124475315930039f55105,"Phrae, Thailand"
2018-05-20T09:28:35+00:00,,PTT Station,"18.31831787,99.35436061",foursquare-feed,5b013fc3cad1b6002ded212d,"Hang Chat, Thailand"
2018-05-24T05:05:32+00:00,,Chiang Mai City Hall,"18.83703432,98.97093397",foursquare-feed,5b06481ca6ec98002ca6b7d3,"Mueang Chiang Mai, Thailand"
2018-05-24T05:40:07+00:00,,Café de Oasis,"18.82474308,98.95955985",foursquare-feed,5b0650377247500039a79d86,"Mueang Chiang Mai, Thailand"
2018-05-27T01:24:13+00:00,,Chiang Mai International Airport,"18.76925805,98.96797035",foursquare-feed,5b0a08bda92d98002b33328e,"Mueang Chiang Mai, Thailand"
2018-05-27T06:47:15+00:00,,Bus Stop South Pattaya,"12.91800058,100.89653305",foursquare-feed,5b0a547335d3fc002c9e9484,"Pattaya, Thailand"
2018-05-27T10:10:00+00:00,,The Sky Gallery,"12.92164916,100.85945524",foursquare-feed,5b0a83f823a2e6002c867646,"Bang Lamung, Thailand"
2018-05-28T05:47:15+00:00,,Nual Beach,"12.90062267,100.77618581",foursquare-feed,5b0b97e3531593002c77c2b9,"Bang Lamung, Thailand"
2018-05-28T07:44:57+00:00,,Rich Man Poor Man Guesthouse,"12.89035601,100.87501597",foursquare-feed,5b0bb379b23dfa002ca636b6,"Jomtien Beach, Thailand"
2018-05-28T12:38:23+00:00,,Terminal 2,"13.91804362,100.60135323",foursquare-feed,5b0bf83f56c89f002ccfe8bd,"Don Mueang, Thailand"
2018-05-31T05:23:38+00:00,,Cafe de JJ,"18.80261400,98.96408200",foursquare-feed,5b0f86da62845c0024222eb5,Thailand
2018-06-02T08:38:35+00:00,,Lamona View Swimming Pool,"18.91610200,98.94262100",foursquare-feed,5b12578b180b9100391b96aa,"Mae Rim, Thailand"
2018-06-03T12:18:01+00:00,,Let It Be,"18.91575600,98.94223500",foursquare-feed,5b13dc79bd4009002cce3178,Thailand
2018-06-06T06:45:56+00:00,,Local Cafe,"18.80084656,98.96748731",foursquare-feed,5b178324a6ec98002ca70d06,"Mueang Chiang Mai, Thailand"
2018-06-09T06:18:32+00:00,,a taste of joy,"19.35402400,98.44328900",foursquare-feed,5b1b7138531593002c93d2aa,Thailand
2018-06-10T02:41:34+00:00,,Om Garden Cafe,"19.35723428,98.44084742",foursquare-feed,5b1c8fde4a1cc0002c87f934,"Pai, Thailand"
2018-06-10T06:53:39+00:00,,Khaotha Coffee,"19.35211048,98.44210829",foursquare-feed,5b1ccaf3237dee002c6d4867,"Pai, Thailand"
2018-06-10T08:18:03+00:00,,Reverie Siam,"19.34871723,98.44245285",foursquare-feed,5b1cdebb234724002cb521ea,"Pai, Thailand"
2018-06-11T05:26:53+00:00,,PTT,"19.35527873,98.43722111",foursquare-feed,5b1e081d25fb7b002cc36d8e,"Pai, Thailand"
2018-06-11T07:02:08+00:00,,32 Coffee Hill & Resort,"19.13266885,98.70402112",foursquare-feed,5b1e1e70088158002cb024fb,"Mae Tang, Thailand"
2018-06-14T05:59:27+00:00,,Cafe de JJ,"18.80261400,98.96408200",foursquare-feed,5b22043f6a5950002c230867,Thailand
2018-06-18T01:52:54+00:00,,Promenada Resort Mall,"18.76621650,99.03722958",foursquare-feed,5b271076aa6c95002c2c955f,"Mueang Chiang Mai, Thailand"
2018-06-20T06:02:57+00:00,,Cafe de JJ,"18.80261400,98.96408200",foursquare-feed,5b29ee11c21cb1002cd43752,Thailand
2018-06-20T11:53:48+00:00,,Jia Jia Sport Club,"18.82778678,99.00947725",foursquare-feed,5b2a404c6a5950002c5d99aa,"หนองจ๊อม, Thailand"
2018-06-20T11:53:53+00:00,,Pizza Mania,"18.82801624,99.01193624",foursquare-feed,5b2a40511f08230044ac2c59,"Mueang Chiang Mai, Thailand"
2018-06-23T05:58:53+00:00,,ระเบียง ณ แม่ริม,"18.92283712,98.93529847",foursquare-feed,5b2de19d061b51002c7f2ff7,Thailand
2018-06-23T13:56:24+00:00,,Chiang Mai International Airport,"18.76925805,98.96797035",foursquare-feed,5b2e5188e47b460039653932,"Mueang Chiang Mai, Thailand"
2018-06-23T22:06:22+00:00,,Terminal 2,"37.46743296,126.43444061",foursquare-feed,5b2ec45ec0cacb002ca08cbc,"Incheon, South Korea"
2018-06-24T16:03:35+00:00,,Terminal 5,"41.97494835,-87.89034697",foursquare-feed,5b2fc0d7a5a315002caca1a9,"Chicago, United States"
2018-06-24T16:07:23+00:00,,Chicago O'Hare International Airport,"41.97703031,-87.90479802",foursquare-feed,5b2fc1bb3e70ff0024d9c210,"Chicago, United States"
2018-06-24T20:26:35+00:00,,Great Outdoors Supper Club,"43.51352424,-88.16050357",foursquare-feed,5b2ffe7bc62b49002caf6a52,"Kewaskum, United States"
2018-06-26T19:41:33+00:00,,Kewaskum Public Library,"43.52207251,-88.22711628",foursquare-feed,5b3296ed5d891b002cf870c6,"Kewaskum, United States"
2018-06-27T15:35:50+00:00,,US Post Office,"44.07494406,-89.28834329",foursquare-feed,5b33aed6fe63bd002cb9cfda,"Wautoma, United States"
2018-06-27T16:41:23+00:00,,Piggly Wiggly,"44.06902904,-89.27039037",foursquare-feed,5b33be33829b0c002c2af5d9,"Wautoma, United States"
2018-06-27T17:18:45+00:00,,Christianos Pizza,"44.07502895,-89.28923158",foursquare-feed,5b33c6f54a7aae002c3eae6c,"Wautoma, United States"
2018-06-27T20:43:54+00:00,,Sunset Bay Resort,"45.85756830,-89.70620256",foursquare-feed,5b33f70ad3cce8002cc8288a,"Minoqua, United States"
2018-06-28T16:10:39+00:00,,Wildwood Wildlife Park,"45.88473585,-89.74176131",foursquare-feed,5b35087ffdb9a7002c8707b1,"Minocqua, United States"
2018-06-28T19:17:30+00:00,,Walmart Supercenter,"45.88967560,-89.72139611",foursquare-feed,5b35344a69e77b002c0db360,"Minocqua, United States"
2018-06-29T15:30:13+00:00,,Great Northern Coffee Traders,"45.87100748,-89.71086214",foursquare-feed,5b3650856336be002cc98600,"Minocqua, United States"
2018-06-30T14:54:21+00:00,,Eagle River Wisconsin,"45.91699925,-89.24541059",foursquare-feed,5b37999d92e7a9002cce2dba,United States
2018-06-30T17:21:20+00:00,,The Cottage,"45.28003800,-88.59753800",foursquare-feed,5b37bc10d807ee002cc91d7a,"Townsend, United States"
2018-07-03T14:43:50+00:00,,Kewaskum Public Library,"43.52207251,-88.22711628",foursquare-feed,5b3b8ba6f193c0002cfdb97a,"Kewaskum, United States"
2018-07-04T19:04:38+00:00,,Coffee Corner,"43.52107422,-88.22880464",foursquare-feed,5b3d1a4686bc490039c7a65f,"Kewaskum, United States"
2018-07-05T17:41:01+00:00,,Kohl's,"43.40266800,-88.18294525",foursquare-feed,5b3e582d1c062d0024d0f592,"West Bend, United States"
2018-07-05T19:10:37+00:00,,Panera Bread,"43.40105600,-88.18173400",foursquare-feed,5b3e6d2deaf49a002c5b8d2a,"West Bend, United States"
2018-07-05T22:33:55+00:00,,Walmart,"43.39589700,-88.19613900",foursquare-feed,5b3e9cd3e727c40024eff0c9,"West Bend, United States"
2018-07-06T18:33:19+00:00,,Humboldt Park Beer Garden,"42.99083866,-87.90128442",foursquare-feed,5b3fb5ef336273002cb706a0,"Milwaukee, United States"
2018-07-06T21:03:43+00:00,,South Shore Park,"42.99289272,-87.88026094",foursquare-feed,5b3fd92f2463d80044eb6678,"Milwaukee, United States"
2018-07-06T23:12:54+00:00,,Panera Bread,"43.40105600,-88.18173400",foursquare-feed,5b3ff7767dc9e1002c966043,"West Bend, United States"
2018-07-09T18:02:41+00:00,,Mauthe Lake,"43.59924630,-88.17997740",foursquare-feed,5b43a341be7078002cf50f76,"Campbellsport, United States"
2018-07-10T15:45:52+00:00,,Milwaukee Lakefront,"43.04204537,-87.89545298",foursquare-feed,5b44d4b08a4cf5002cc35384,"Milwaukee, United States"
2018-07-10T16:02:26+00:00,,O'Donnell Park,"43.03898300,-87.89903700",foursquare-feed,5b44d8928b98fd002cc494d8,"Milwaukee, United States"
2018-07-10T18:39:23+00:00,,Sobelman's Pub & Grill,"43.03482910,-87.93679656",foursquare-feed,5b44fd5b6fa81f002c749b61,"Milwaukee, United States"
2018-07-10T20:28:30+00:00,,Mitchell Park Horticultural Conservatory (The Domes),"43.02637371,-87.94610529",foursquare-feed,5b4516ee8b98fd002ca95b3d,"Milwaukee, United States"
2018-07-10T21:14:58+00:00,,Trader Joe's,"43.11899818,-87.91623432",foursquare-feed,5b4521d2ba57b4002cd63eb9,"Milwaukee, United States"
2018-07-10T22:10:47+00:00,,Apple Bayshore,"43.12157110,-87.91533630",foursquare-feed,5b452ee781a0ea002cc7b07b,"Glendale, United States"
2018-07-11T18:08:24+00:00,,Kewaskum Public Library,"43.52207251,-88.22711628",foursquare-feed,5b464798018cbb002c9bbef9,"Kewaskum, United States"
2018-07-11T23:24:34+00:00,,Riverside Brewery & Restaurant,"43.42143024,-88.18103830",foursquare-feed,5b4691b212c8f0002cfb5f8a,"West Bend, United States"
2018-07-12T19:52:48+00:00,,Cedar Valley Cheese Store,"43.52816455,-87.94215948",foursquare-feed,5b47b190336273002c125be9,"Belgium, United States"
2018-07-13T11:06:31+00:00,,Coach USA Airport Express,"42.95438518,-87.92905788",foursquare-feed,5b4887b7c9f907002cec08bb,"Milwaukee, United States"
2018-07-13T13:06:03+00:00,,Terminal 5,"41.97494835,-87.89034697",foursquare-feed,5b48a3bb61e53b002c6da762,"Chicago, United States"
2018-07-15T09:02:17+00:00,,and ann coffee,"18.91251825,98.93531226",foursquare-feed,5b4b0d99d1a4020039211e2e,Thailand
2018-07-18T05:12:00+00:00,,Local Cafe,"18.80084656,98.96748731",foursquare-feed,5b4ecc20e57ca6002c6abca1,"Mueang Chiang Mai, Thailand"
2018-07-19T05:43:38+00:00,,Black Canyon,"18.80209324,98.96761895",foursquare-feed,5b50250ae47b46002cf1b9d7,Thailand
2018-07-19T10:18:54+00:00,,ฮอห์ม,"18.81870633,98.96935310",foursquare-feed,5b50658e2b274a002ca3079f,"Mueang Chiang Mai, Thailand"
2018-07-20T11:42:30+00:00,,Kad Rin Come Night Market,"18.80242763,98.96639394",foursquare-feed,5b51caa6b3c961002cf2ab9d,"Mueang Chiang Mai, Thailand"
2018-07-22T11:29:08+00:00,,Baan Suan,"18.85198898,98.98564689",foursquare-feed,5b546a84f4b525002c91598b,"San Phi Suea, Thailand"
2018-07-23T11:27:04+00:00,,Honey Hill,"18.89600900,98.91567300",foursquare-feed,5b55bb8864c8e1002c23ae6f,"Mae Rim, Thailand"
2018-07-29T11:15:34+00:00,,Let It Be,"18.91575600,98.94223500",foursquare-feed,5b5da1d6d1a402002b9ead9f,Thailand
2018-07-31T06:55:37+00:00,,Cafe de JJ,"18.80261400,98.96408200",foursquare-feed,5b6007e9418686002c98a7a4,Thailand
2018-08-04T04:13:07+00:00,,Tita Gallery,"18.91367559,98.92982020",foursquare-feed,5b6527d3d1a402002c9406f0,"Mae Raem, Thailand"
2018-08-05T08:07:10+00:00,,Coffee In Wild,"19.22521500,98.81498400",foursquare-feed,5b66b02e9ba3e5002c9ec421,"Mae Taeng, Thailand"
2018-08-08T06:37:45+00:00,,Cafe de JJ,"18.80261400,98.96408200",foursquare-feed,5b6a8fb9356b49002cfb9c97,Thailand
2018-08-10T12:07:34+00:00,,Ka-Fe-Vi-No,"18.80142222,98.96725277",foursquare-feed,5b6d80068fb09e002c23a174,"Mueang Chiang Mai, Thailand"
2018-08-11T05:51:49+00:00,,Somtum De Nua,"18.84387600,99.01368000",foursquare-feed,5b6e7975492814002bede479,"Tambon Nong Chom, Thailand"
2018-08-11T08:45:01+00:00,,บ้านงามแสงเดือน @แม่ริม,"18.90680100,98.93978200",foursquare-feed,5b6ea20d780eee002ced34ce,Thailand
2018-08-16T06:06:56+00:00,,Cafe de JJ,"18.80261400,98.96408200",foursquare-feed,5b75148031fd14002c68884b,Thailand
2018-08-22T06:38:08+00:00,,Kua-Kai Nimman,"18.79433091,98.96925168",foursquare-feed,5b7d04d08496ca002cebf2b5,"Mueang Chiang Mai, Thailand"
2018-08-27T12:14:59+00:00,,Gourmet House,"18.78875363,99.02632205",foursquare-feed,5b83eb43a9e402002c364d8b,"Mueang Chiang Mai, Thailand"
2018-08-27T12:15:14+00:00,,Bangkok Hospital Chiang Mai,"18.78876573,99.02631387",foursquare-feed,5b83eb523fcee8002cbeb632,"Mueang Chiang Mai, Thailand"
2018-08-30T06:03:30+00:00,,Local Cafe,"18.80084656,98.96748731",foursquare-feed,5b8788b281a0ea002c511ee5,"Mueang Chiang Mai, Thailand"
2018-08-30T12:18:02+00:00,,Boat,"18.80719987,98.95697804",foursquare-feed,5b87e07a9fca56002c3bf9aa,"Mueang Chiang Mai, Thailand"
2018-09-03T10:22:02+00:00,,Teak Table,"18.82515729,98.95853926",foursquare-feed,5b8d0b4afe3740002cf1eaf7,"Mueang Chiang Mai, Thailand"
2018-09-06T06:36:10+00:00,,The Salad Concept,"18.79680340,98.96629505",foursquare-feed,5b90cadabcbf7a002c2ea210,"Mueang Chiang Mai, Thailand"
2018-09-08T11:53:33+00:00,,Tsubaki JP'Restaurant,"18.89192197,99.00765453",foursquare-feed,5b93b83d491be7002c6ba1bb,Thailand
2018-09-09T08:03:11+00:00,,Gusto Site,"18.74413663,99.07708945",foursquare-feed,5b94d3bffebf31002c0cdcd1,"San Kamphaeng, Thailand"
2018-09-09T12:15:21+00:00,,Let It Be,"18.91575600,98.94223500",foursquare-feed,5b950ed9911fc4002c4cdaa4,Thailand
2018-09-09T12:15:56+00:00,,Lamona View Swimming Pool,"18.91610200,98.94262100",foursquare-feed,5b950efcdbde110025333b77,"Mae Rim, Thailand"
2018-09-12T06:59:15+00:00,,One Street Food Market,"18.79993553,98.96878734",foursquare-feed,5b98b943c0af57002ca18e41,"Mueang Chiang Mai, Thailand"
2018-09-27T06:35:04+00:00,,Local Cafe,"18.80084656,98.96748731",foursquare-feed,5bac7a18d8096e002cd6bc2b,"Mueang Chiang Mai, Thailand"
2018-09-27T11:43:09+00:00,,Steak Of The Day,"18.91557140,98.94215421",foursquare-feed,5bacc24d75dcb7002b4ad72e,"Mueang Chiang Mai, Thailand"
2018-09-30T07:37:34+00:00,,Hanging Garden Cafe,"18.91094300,98.92159500",foursquare-feed,5bb07d3ed8096e002c513f2e,"Mae Rim, Thailand"
2018-10-01T07:44:38+00:00,,The Salad Concept,"18.79680340,98.96629505",foursquare-feed,5bb1d066f5e9d7002c910831,"Mueang Chiang Mai, Thailand"
2018-10-03T05:47:16+00:00,,Black Canyon,"18.80209324,98.96761895",foursquare-feed,5bb457e4c5b11c002cdde026,Thailand
2018-10-06T07:27:21+00:00,,Mon Cham,"18.93548337,98.82269594",foursquare-feed,5bb863d9237dee002c5f839f,"Mae Rim, Thailand"
2018-10-09T07:07:00+00:00,,Black Canyon,"18.80209324,98.96761895",foursquare-feed,5bbc53942f97ec002c8374e4,Thailand
2018-10-12T03:43:07+00:00,,Chiang Mai International Airport,"18.76925805,98.96797035",foursquare-feed,5bc0184bd0a149002ceac655,"Mueang Chiang Mai, Thailand"
2018-10-12T04:47:14+00:00,,Chiang Mai Immigration,"18.77134418,98.97097492",foursquare-feed,5bc02752a22db7002c994faf,"Mueang Chiang Mai, Thailand"
2018-10-12T08:55:28+00:00,,Kitcha Dental Clinic,"18.78102400,98.98712500",foursquare-feed,5bc0618033e118002c603ff9,"Haiya, Thailand"
2018-10-12T11:44:37+00:00,,Central Chiangmai,"18.80656297,99.01784901",foursquare-feed,5bc0892567e5f2002ce6870b,"Mueang Chiang Mai, Thailand"
2018-10-13T04:27:30+00:00,,Kitcha Dental Clinic,"18.78102400,98.98712500",foursquare-feed,5bc174324940bc002c895bfd,"Haiya, Thailand"
2018-10-13T06:14:07+00:00,,Cat Brothers Cafe,"18.79525315,98.99143056",foursquare-feed,5bc18d2fda5ede002b95dbca,"Mueang Chiang Mai, Thailand"
2018-10-14T06:36:19+00:00,,Hong Beach,"18.91134561,98.90542207",foursquare-feed,5bc2e3e392e7a9002c6528bd,"Mae Rim, Thailand"
2018-10-16T10:41:28+00:00,,คาเฟ่ ดินดิน Cafe DinDin,"18.83618094,99.00758388",foursquare-feed,5bc5c058f62e09002c14edc6,"Mueang Chiang Mai, Thailand"
2018-10-18T11:50:04+00:00,,Ginger Farm Kitchen,"18.79998891,98.96758432",foursquare-feed,5bc8736cbd4009002caa103d,"Chiang Mai, Thailand"
2018-10-20T03:05:42+00:00,,Chiang Mai International Airport,"18.76925805,98.96797035",foursquare-feed,5bca9b86a8eb60002c93e9f0,"Mueang Chiang Mai, Thailand"
2018-10-20T05:04:13+00:00,,Suvarnabhumi Airport,"13.69200261,100.75055122",foursquare-feed,5bcab74db399f7002c6d61cb,"Bang Phli, Thailand"
2018-10-20T06:05:56+00:00,,Holiday Inn Express Bangkok Siam,"13.74682095,100.52788764",foursquare-feed,5bcac5c406fb60002c1ca7a6,"Pathum Wan, Thailand"
2018-10-20T07:25:29+00:00,,Greyhound Café,"13.74647904,100.53195383",foursquare-feed,5bcad869da5e56002ca37264,"Pathum Wan, Thailand"
2018-10-20T10:27:01+00:00,,Loft,"13.74677521,100.53109705",foursquare-feed,5bcb02f5f709c1002c36de99,"Pathum Wan, Thailand"
2018-10-20T12:10:54+00:00,,The Peninsula Bangkok,"13.72302222,100.51121771",foursquare-feed,5bcb1b4e65cdf8002cf8f9b6,"Khlong San, Thailand"
2018-10-21T10:04:18+00:00,,Suvarnabhumi Airport,"13.69200261,100.75055122",foursquare-feed,5bcc4f221ffed7002ccc8053,"Bang Phli, Thailand"
2018-10-21T13:15:06+00:00,,Chiang Mai International Airport,"18.76925805,98.96797035",foursquare-feed,5bcc7bda625a66002c113915,"Mueang Chiang Mai, Thailand"
2018-10-22T10:14:18+00:00,,Kitcha Dental Clinic,"18.78102400,98.98712500",foursquare-feed,5bcda2fafd16bb002c733430,"Haiya, Thailand"
2018-10-25T03:13:11+00:00,,Consulate of the United States of America,"18.79419693,98.99859935",foursquare-feed,5bd134c72aff31002ccdaaa6,"Mueang Chiang Mai, Thailand"
2018-10-25T06:05:24+00:00,,Fuji,"18.80222980,98.96680549",foursquare-feed,5bd15d24178a2a0039086de1,"Mueang Chiang Mai, Thailand"
2018-10-25T07:40:25+00:00,,Chiang Mai City Hall,"18.83703432,98.97093397",foursquare-feed,5bd1736946e1b6002c12bb70,"Mueang Chiang Mai, Thailand"
2018-10-26T03:16:11+00:00,,PTT Station,"18.92189170,98.94061999",foursquare-feed,5bd286fb4aa3f8002c40335f,"Mae Rim, Thailand"
2018-10-26T04:04:25+00:00,,Pankled Sheep House,"19.11518387,98.78502128",foursquare-feed,5bd292491543c7002c43495d,Thailand
2018-10-26T11:29:37+00:00,,Nong Beer Restaurant,"19.36083039,98.43987508",foursquare-feed,5bd2faa1a87921002cb949a0,"Pai, Thailand"
2018-10-27T02:55:30+00:00,,Jikko's Harem,"19.35214300,98.44219400",foursquare-feed,5bd3d3a2356b49002c4e30a4,"Pai, Thailand"
2018-10-27T06:47:42+00:00,,Pang Ma Pha Cave Lod,"19.56893106,98.27952672",foursquare-feed,5bd40a0e286fda002cec98f0,"Mae Hong Son, Thailand"
2018-10-27T07:04:14+00:00,,Phu Pha Chan Pha Restaurant,"19.57175600,98.27609900",foursquare-feed,5bd40dee66fc65002c052cbc,"Pang Mapha, Thailand"
2018-10-27T10:06:39+00:00,,Khaotha Coffee,"19.35211048,98.44210829",foursquare-feed,5bd438afa42362002c2f3dba,"Pai, Thailand"
2018-10-28T04:04:48+00:00,,Art Farm Studio,"19.38733900,98.44808000",foursquare-feed,5bd53560780eee002c9cecc2,"ตำบล เวียงเหนือ, Thailand"
2018-10-28T05:47:29+00:00,,PTT,"19.35527873,98.43722111",foursquare-feed,5bd54d719ba3e5002cada96f,"Pai, Thailand"
2018-10-28T06:55:44+00:00,,Bamboo Bridge Over Rice Fields,"19.32261300,98.39403000",foursquare-feed,5bd55d70e7a237002c4f4ec8,"Tambon Thung Yao, Thailand"
2018-10-28T06:56:58+00:00,,พุทธอุทยานห้วยคายคีรีมฤคทายวัน,"19.32213577,98.38643379",foursquare-feed,5bd55dba72475000310890b3,"ปาย, Thailand"
2018-11-01T11:24:47+00:00,,Teak Table,"18.82515729,98.95853926",foursquare-feed,5bdae27f2db4a9002c394487,"Mueang Chiang Mai, Thailand"
2018-11-03T03:27:20+00:00,,CEMENT THAI HOMEMART,"18.93257268,98.94041200",foursquare-feed,5bdd1598237dee003900f330,Thailand
2018-11-04T09:39:08+00:00,,สมุดลานนา,"18.80690382,98.98510332",foursquare-feed,5bdebe3c065ef5002c488f9e,"Mueang Chiang Mai, Thailand"
2018-11-04T10:28:32+00:00,,Three Little Pigs,"18.79568853,98.98471436",foursquare-feed,5bdec9d0054e29002c880a4a,"Mueang Chiang Mai, Thailand"
2018-11-05T05:17:15+00:00,,ครัวคำหวาน,"18.92174700,98.94002500",foursquare-feed,5bdfd25bda7080002c5351c1,"Mae Rim, Thailand"
2018-11-17T03:37:43+00:00,,Chic 39,"18.88766907,98.97940512",foursquare-feed,5bef8d0725ecca002c16812e,"Mueang Chiang Mai, Thailand"
2018-11-18T07:28:49+00:00,,สำนักสงฆ์ร่มไทรคำ,"18.92195516,98.96601275",foursquare-feed,5bf114b116fa04002c7f8bd9,Thailand
2018-11-22T07:38:01+00:00,,SUBWAY,"18.82399023,99.01177262",foursquare-feed,5bf65cd979f6c7002c43f8b6,"Mueang Chiang Mai, Thailand"
2018-11-24T03:46:43+00:00,,and ann coffee,"18.91251825,98.93531226",foursquare-feed,5bf8c9a3234724002c460e4f,Thailand
2018-11-25T10:40:36+00:00,,Chiang Mai International Airport,"18.76925805,98.96797035",foursquare-feed,5bfa7c24464d65002c3bb8d5,"Mueang Chiang Mai, Thailand"
2018-11-25T14:30:04+00:00,,Suvarnabhumi Airport,"13.69200261,100.75055122",foursquare-feed,5bfab1ec31ac6c0039bc4180,"Bang Phli, Thailand"
2018-11-25T15:56:04+00:00,,Det 5 Restaurant & Bar,"13.73807312,100.55587053",foursquare-feed,5bfac614d1a402002cddc3fc,"Khlong Toei, Thailand"
2018-11-26T01:55:35+00:00,,InterContinental Bangkok,"13.74509699,100.54134717",foursquare-feed,5bfb529754b7a90025e5b978,"Pathum Wan, Thailand"
2018-11-28T04:48:58+00:00,,Viva Monsoon,"13.73955700,100.55598400",foursquare-feed,5bfe1e3aacb37f002c310809,"Khlong Toei, Thailand"
2018-11-28T12:53:35+00:00,,Mountainview village,"13.30793096,100.92183255",foursquare-feed,5bfe8fcf356b49003950daff,"Mueang Chon Buri, Thailand"
2018-11-28T13:48:42+00:00,,The Beach Pub & Restaurant,"13.28027864,100.91769337",foursquare-feed,5bfe9cba1c9e2e00254c647c,"Mueang Chon Buri, Thailand"
2018-11-29T03:14:04+00:00,,Cafe Coco,"13.29150369,100.90921387",foursquare-feed,5bff597cdb1d8100398b537b,Thailand
2018-11-29T08:57:12+00:00,,Laemtong Bangsaen,"13.28669386,100.92668694",foursquare-feed,5bffa9e8838e59002c170850,"Mueang Chon Buri, Thailand"
2018-11-29T11:51:13+00:00,,BTS Udom Suk,"13.67986969,100.60948652",foursquare-feed,5bffd2b19deb7d002cd91f65,"Bang Na, Thailand"
2018-11-29T12:40:39+00:00,,The Foreign Correspondents' Club of Thailand (FCCT),"13.74356927,100.54165014",foursquare-feed,5bffde47121384002c017ccb,"Pathum Wan, Thailand"
2018-11-29T14:49:10+00:00,,BTS Phrom Phong,"13.73075552,100.56955252",foursquare-feed,5bfffc66418686002c8338e3,"Vadhana, Thailand"
2018-11-29T15:12:22+00:00,,Bei Otto,"13.73343000,100.56417700",foursquare-feed,5c0001d69e0d54002cdfc75d,"Khlong Toei, Thailand"
2018-11-30T00:25:28+00:00,,The River,"13.72166903,100.50984105",foursquare-feed,5c0083783fffb400254975b1,"Khlong San, Thailand"
2018-11-30T04:13:48+00:00,,Sethiwan Tower,"13.72122399,100.52408841",foursquare-feed,5c00b8fcdbde110025d0109f,"Bang Rak, Thailand"
2018-11-30T05:36:22+00:00,,Domestic Departures,"13.69150226,100.75211763",foursquare-feed,5c00cc56fd9d73002ccc435a,"Bang Phli, Thailand"
2018-11-30T07:48:55+00:00,,Chiang Mai International Airport,"18.76925805,98.96797035",foursquare-feed,5c00eb67d807ee002cf90f71,"Mueang Chiang Mai, Thailand"
2018-12-01T09:14:27+00:00,,Dhara Dhevi Cake Shop,"18.77860510,99.03903676",foursquare-feed,5c0250f38496ca002cafb1a8,"Mueang Chiang Mai, Thailand"
2018-12-02T02:52:32+00:00,,One Nimman,"18.80011142,98.96782665",foursquare-feed,5c0348f0d0a149002c85d6d2,"Mueang Chiang Mai, Thailand"
2018-12-02T05:18:28+00:00,,The Salad Concept,"18.79680340,98.96629505",foursquare-feed,5c036b24968f31002c144e0c,"Mueang Chiang Mai, Thailand"
2018-12-02T10:04:10+00:00,,Wami Music Box,"18.79987900,98.96843200",foursquare-feed,5c03ae1a5c6838002cf03ffd,"Mueang Chiang Mai, Thailand"
2018-12-03T12:06:40+00:00,,Food4thought,"18.80609601,98.96137775",foursquare-feed,5c051c50d4cc98002cc1b93b,"Mueang Chiang Mai, Thailand"
2018-12-04T10:49:15+00:00,,Mamma Mia,"18.87087700,99.01532700",foursquare-feed,5c065bab9fca56002c0ba32a,Thailand
2018-12-05T12:54:42+00:00,,ครัวดวงสมพงษ์,"18.89672414,98.94844711",foursquare-feed,5c07ca922d2fd9002ce54b6e,"Mae Sa, Thailand"
2018-12-07T01:34:41+00:00,,Rustic & Blue,"18.79815985,98.96743128",foursquare-feed,5c09ce31be7078002c66c980,"Mueang Chiang Mai, Thailand"
2018-12-07T03:25:20+00:00,,Susco,"18.90216615,98.94987921",foursquare-feed,5c09e82065cdf8002c257c05,Thailand
2018-12-07T06:23:00+00:00,,Onsen @ Moncham,"18.92524300,98.82286700",foursquare-feed,5c0a11c473fe25002cc8cba9,"Mae Rim, Thailand"
2018-12-08T06:49:32+00:00,,ข้าวซอยรสลำ,"18.91714545,98.90942034",foursquare-feed,5c0b697c121384002c2144b0,"Mae Rim, Thailand"
2018-12-08T11:31:46+00:00,,ครัวดวงสมพงษ์,"18.89672414,98.94844711",foursquare-feed,5c0baba2e17910002cd44108,"Mae Sa, Thailand"
2018-12-12T12:00:49+00:00,,Susco,"18.90216615,98.94987921",foursquare-feed,5c10f8719e0d54002b9cce0a,Thailand
2018-12-15T13:12:15+00:00,,Girasole Ristorante Italiano,"18.78781374,98.99014317",foursquare-feed,5c14fdaf2619ee002cc745ad,"Mueang Chiang Mai, Thailand"
2018-12-16T10:51:44+00:00,,Cowboy Club House,"18.86203687,98.95703012",foursquare-feed,5c162e401543c7002cefa0d5,"Mae Rim, Thailand"
2018-12-16T10:51:56+00:00,,F•A•R•M Cowboy,"18.86027900,98.95623100",foursquare-feed,5c162e4c1543c7002c3b4b2b,"Mae Rim, Thailand"
2018-12-17T13:32:18+00:00,,Let It Be,"18.91575600,98.94223500",foursquare-feed,5c17a562180b91002c9e1d55,Thailand
2018-12-19T05:59:23+00:00,,One Nimman,"18.80011142,98.96782665",foursquare-feed,5c19de3b83e380002cb10f43,"Mueang Chiang Mai, Thailand"
2018-12-21T09:53:32+00:00,,Central Chiangmai Airport,"18.76915690,98.97502999",foursquare-feed,5c1cb81cba57b4002c320aee,"Mueang Chiang Mai, Thailand"
2018-12-21T14:39:38+00:00,,Ginger Farm Kitchen,"18.79998891,98.96758432",foursquare-feed,5c1cfb2aa8792100390b84a1,"Chiang Mai, Thailand"
2018-12-24T09:17:30+00:00,,Hong Beach,"18.91134561,98.90542207",foursquare-feed,5c20a42a0868a20038384b39,"Mae Rim, Thailand"
2018-12-25T09:34:45+00:00,,Snowbuff Coffee,"18.92330856,98.93484857",foursquare-feed,5c21f9b5b25fee002c322c14,Thailand
2018-12-26T11:15:52+00:00,,Bombay Hut,"18.87577500,98.96258300",foursquare-feed,5c2362e8dd70c50035479c46,"Mae Rim, Thailand"
2018-12-27T02:22:52+00:00,,International Check In Counter,"18.76787210,98.96815214",foursquare-feed,5c24377cda5ede002cab3fb2,"Mueang Chiang Mai, Thailand"
2018-12-27T05:59:50+00:00,,Local Cafe,"18.80084656,98.96748731",foursquare-feed,5c246a561acf11002c71263b,"Mueang Chiang Mai, Thailand"
2018-12-28T03:05:13+00:00,,Chiang Mai International Airport,"18.76925805,98.96797035",foursquare-feed,5c2592e9fdb9a7002ce692b5,"Mueang Chiang Mai, Thailand"
2018-12-28T04:37:47+00:00,,Suvarnabhumi Airport,"13.69200261,100.75055122",foursquare-feed,5c25a89bbd4009002c66f461,"Bang Phli, Thailand"
2018-12-28T11:29:09+00:00,,Incheon International Airport,"37.45827402,126.44293249",foursquare-feed,5c2609052a7ab6002c582bdd,"Incheon, South Korea"
2018-12-29T03:24:55+00:00,,Amid Hotel Seoul,"37.57233860,126.98432836",foursquare-feed,5c26e907da2e00002ca47ea7,"Seoul, South Korea"
2018-12-29T04:06:56+00:00,,Jonggak Stn.,"37.57035050,126.98242508",foursquare-feed,5c26f2e0b6eedb002c3c4aa9,"Seoul, South Korea"
2018-12-29T04:25:14+00:00,,Seoul Station - KTX/Korail,"37.55392573,126.97088971",foursquare-feed,5c26f72a838e59002cf58b6e,"Seoul, South Korea"
2018-12-29T05:04:28+00:00,,Gwacheon National Science Museum,"37.43836587,127.00565485",foursquare-feed,5c27005c75eee4002cac5759,"Gwacheon-si, South Korea"
2018-12-29T08:03:39+00:00,,Insectarium,"37.43868500,127.00281600",foursquare-feed,5c272a5b121384002ce4dc81,"Gwacheon-si, South Korea"
2018-12-29T09:48:02+00:00,,고인돌,"37.56940718,126.98470020",foursquare-feed,5c2742d2fd9d73002d8b879f,"Seoul, South Korea"
2018-12-30T00:13:48+00:00,,Amid Hotel Seoul,"37.57233860,126.98432836",foursquare-feed,5c280dbc06fb60002cd5385e,"Seoul, South Korea"
2018-12-30T01:56:44+00:00,,LOTTE Department Store,"37.51275367,127.09983320",foursquare-feed,5c2825dc780eee002cc608b6,"Seoul, South Korea"
2018-12-30T02:17:52+00:00,,The Adventures of Sinbad,"37.51108949,127.09805862",foursquare-feed,5c282ad03af988002c22fa8d,"Seoul, South Korea"
2018-12-30T08:25:01+00:00,,Aeronauts BALLOON RIDE,"37.51102446,127.09793356",foursquare-feed,5c2880dd2a7ab6002c7ec6b2,"Seoul, South Korea"
2018-12-30T11:33:09+00:00,,화포식당,"37.56948000,126.98501600",foursquare-feed,5c28acf51987ec002cbfa753,South Korea
2018-12-31T02:16:16+00:00,,Munmak Service Area - Gangneung-bound,"37.33540500,127.85846100",foursquare-feed,5c297bf0a5a315002c1821de,"원주시, South Korea"
2018-12-31T03:39:29+00:00,,화이트캐빈,"37.58776359,128.32159909",foursquare-feed,5c298f71603d2a002c48bd20,"Pyeongchang-gun, South Korea"
2018-12-31T04:47:33+00:00,,광명식당,"37.58705700,128.32238800",foursquare-feed,5c299f653d4791002c4f7e0f,"Pyeongchang, South Korea"
2018-12-31T06:52:45+00:00,,Phoenix Pyeongchang,"37.58300000,128.32400000",foursquare-feed,5c29bcbdf00a70002c2b9986,"평창군, South Korea"
2018-12-31T23:14:14+00:00,,bella pino,"37.58755974,128.32179738",foursquare-feed,5c2aa2c654b7a9002547f914,South Korea
2019-01-01T07:19:19+00:00,,Pheonix Park Ski Area,"37.58209962,128.32539002",foursquare-feed,5c2b1477a5a315002cc36861,South Korea
2019-01-02T05:11:54+00:00,,휘닉스파크 곤돌라,"37.58012013,128.31968332",foursquare-feed,5c2c481a75dcb7002cc8cff7,"평창군, South Korea"
2019-01-02T06:12:08+00:00,,Phoenix Pyeongchang Snow Park,"37.58301500,128.32587500",foursquare-feed,5c2c5638be7078002c6edb3b,"평창군, South Korea"
2019-01-02T09:29:39+00:00,,BBQ 치킨,"37.58807663,128.32124754",foursquare-feed,5c2c8483ccad6b002cc6f6c9,"Pyeongchang, South Korea"
2019-01-03T23:35:29+00:00,,Phoenix Pyeongchang Snow Park,"37.58301500,128.32587500",foursquare-feed,5c2e9c41270ee7002ceaa455,"평창군, South Korea"
2019-01-04T07:10:36+00:00,,Pheonix Park Ski Area,"37.58209962,128.32539002",foursquare-feed,5c2f06ecf427de002cf82013,South Korea
2019-01-04T08:04:58+00:00,,화이트캐빈,"37.58776359,128.32159909",foursquare-feed,5c2f13aaf427de002c835a7c,"Pyeongchang-gun, South Korea"
2019-01-04T08:57:21+00:00,,BBQ 치킨,"37.58807663,128.32124754",foursquare-feed,5c2f1ff1a795bd002ce08ba0,"Pyeongchang, South Korea"
2019-01-05T05:52:17+00:00,,Pheonix Park Ski Area,"37.58209962,128.32539002",foursquare-feed,5c3046117564f7002cc5e785,South Korea
2019-01-05T05:57:07+00:00,,휘닉스호텔,"37.58256079,128.32674071",foursquare-feed,5c304733bf7dde002ce86518,"Pyeongchang, South Korea"
2019-01-05T08:56:20+00:00,,덕평자연휴게소 푸드코트,"37.24163363,127.38971246",foursquare-feed,5c3071343c858d002ced8a4d,"Icheon-si, South Korea"
2019-01-05T10:37:05+00:00,,Aventree Hotel Jongno,"37.57309730,126.98320229",foursquare-feed,5c3088d13b8307002cba4189,"Seoul, South Korea"
2019-01-05T11:22:47+00:00,,Jongno-gu,"37.57457400,126.97815200",foursquare-feed,5c30938761f070002c38cb79,South Korea
2019-01-05T20:30:22+00:00,,Aventree Hotel Jongno,"37.57309730,126.98320229",foursquare-feed,5c3113ded9051600263858b1,"Seoul, South Korea"
2019-01-05T23:43:28+00:00,,Incheon International Airport,"37.45827402,126.44293249",foursquare-feed,5c3141206eda02002c3557cc,"Incheon, South Korea"
2019-01-06T06:23:42+00:00,,Suvarnabhumi Airport,"13.69200261,100.75055122",foursquare-feed,5c319eee515d6a0025fab611,"Bang Phli, Thailand"
2019-01-06T11:47:27+00:00,,Chiang Mai International Airport,"18.76925805,98.96797035",foursquare-feed,5c31eacf9ef8ef002ce3336b,"Mueang Chiang Mai, Thailand"
2019-01-09T06:48:17+00:00,,Local Cafe,"18.80084656,98.96748731",foursquare-feed,5c35993192e7a9002cb2fd0f,"Mueang Chiang Mai, Thailand"
2019-01-09T12:09:10+00:00,,ร้านตุ้มตามสั่ง,"18.89658089,98.94846121",foursquare-feed,5c35e466061b51003962b873,Thailand
2019-01-12T04:06:32+00:00,,Royal Park Rajapruek,"18.74665388,98.92497362",foursquare-feed,5c3967c8f2554e00399e2a0d,"Mueang Chiang Mai, Thailand"
2019-01-14T06:39:24+00:00,,Wrap Master,"18.79823905,98.96780491",foursquare-feed,5c3c2e9c25fb7b002c15ef93,"Mueang Chiang Mai, Thailand"
2019-01-18T06:09:58+00:00,,Local Cafe,"18.80084656,98.96748731",foursquare-feed,5c416db6b399f7002c46e7a1,"Mueang Chiang Mai, Thailand"
2019-01-30T11:34:15+00:00,,มายเวียดนาม (หนองคายแหนมเนือง) My Vietnamese,"18.80892440,98.95387865",foursquare-feed,5c518bb7ab42d9002cfef4d8,Thailand
2019-02-01T10:23:06+00:00,,One Nimman,"18.80011142,98.96782665",foursquare-feed,5c541e0a9ef8ef002ba23f18,"Mueang Chiang Mai, Thailand"
2019-02-03T12:07:14+00:00,,See Paak Restaurant,"18.92158943,98.94193228",foursquare-feed,5c56d9725ba046002b99c251,"Mae Rim, Thailand"
2019-02-06T11:19:21+00:00,,Pizzeria Giotto,"18.82407370,99.01051199",foursquare-feed,5c5ac2b9d03360002c32fb5f,"Mueang Chiang Mai, Thailand"
2019-02-10T06:18:57+00:00,,Cut 'em all,"18.79908060,99.01722304",foursquare-feed,5c5fc251c21cb1002cd476bb,Thailand
2019-02-10T10:13:47+00:00,,Makro,"18.78541355,99.02844478",foursquare-feed,5c5ff95b38f2160032200983,"Mueang Chiang Mai, Thailand"
2019-02-10T11:44:06+00:00,,Mamma Mia,"18.87087700,99.01532700",foursquare-feed,5c600e86610f04002c470004,Thailand
2019-02-13T05:05:06+00:00,,Wawee Coffee,"18.79787668,98.96470406",foursquare-feed,5c63a5820719020025677f57,"Mueang Chiang Mai, Thailand"
2019-02-13T12:07:44+00:00,,See Paak Restaurant,"18.92158943,98.94193228",foursquare-feed,5c64089066fc65002c578ab7,"Mae Rim, Thailand"
2019-02-16T02:51:59+00:00,,Punspace Wiang Kaew,"18.79344504,98.98682325",foursquare-feed,5c677acf234724002cdf2e98,"Mueang Chiang Mai, Thailand"
2019-02-16T10:06:38+00:00,,Three Little Pigs,"18.79568853,98.98471436",foursquare-feed,5c67e0aec9a51700395514cc,"Mueang Chiang Mai, Thailand"
2019-02-18T05:38:24+00:00,,Baan Khum Noodle,"18.78744468,98.96114916",foursquare-feed,5c6a44d0475abd002cb9b07d,"Mueang Chiang Mai, Thailand"
2019-02-18T10:38:45+00:00,,Teak Table,"18.82515729,98.95853926",foursquare-feed,5c6a8b352b9844002c7f1f01,"Mueang Chiang Mai, Thailand"
2019-02-21T06:14:37+00:00,,KASIKORNBANK,"18.80219205,98.96689893",foursquare-feed,5c6e41cd418686002c6a0e91,"Mueang Chiang Mai, Thailand"
2019-02-26T10:20:32+00:00,,Mamma Mia,"18.87087700,99.01532700",foursquare-feed,5c7512f0be7078002cd12bf5,Thailand
2019-02-27T11:43:17+00:00,,Kad Na Mor,"18.80857542,98.95612301",foursquare-feed,5c7677d5840fc2002cb9d848,"Mueang Chiang Mai, Thailand"
2019-03-02T09:02:14+00:00,,and ann coffee,"18.91251825,98.93531226",foursquare-feed,5c7a4696b1538e002c3fb60f,Thailand
2019-03-02T11:52:11+00:00,,Hanging Garden Cafe,"18.91094300,98.92159500",foursquare-feed,5c7a6e6b031320002c62e865,"Mae Rim, Thailand"
2019-03-03T03:04:22+00:00,,Payap Music Academy,"18.79890245,99.00914071",foursquare-feed,5c7b44360d173f002c822a6e,"Mueang Chiang Mai, Thailand"
2019-03-03T05:43:29+00:00,,Bake & Bite,"18.76132900,99.00484400",foursquare-feed,5c7b6981d03360002da44c9a,"Mueang Chiang Mai, Thailand"
2019-03-05T10:26:36+00:00,,Pizza Mania,"18.82801624,99.01193624",foursquare-feed,5c7e4edc418686002cc88b07,"Mueang Chiang Mai, Thailand"
2019-03-09T03:01:15+00:00,,Chiang Mai International Airport,"18.76925805,98.96797035",foursquare-feed,5c832c7be4c459002c8c812f,"Mueang Chiang Mai, Thailand"
2019-03-09T05:09:15+00:00,,Suvarnabhumi Airport,"13.69200261,100.75055122",foursquare-feed,5c834a7bf4b52500398323e9,"Bang Phli, Thailand"
2019-03-09T06:34:45+00:00,,Chatrium Hotel Riverside Bangkok,"13.71076496,100.51007509",foursquare-feed,5c835e852632ec002ce14239,"Bang Kho Laem, Thailand"
2019-03-10T04:02:43+00:00,,ICON CINECONIC,"13.72662832,100.51010380",foursquare-feed,5c848c63811045002c779e54,"Khlong San, Thailand"
2019-03-10T07:51:22+00:00,,Rama Gardens Hotel Bangkok,"13.86025300,100.57104798",foursquare-feed,5c84c1fa2d2fd9002c552059,"Lak Si, Thailand"
2019-03-10T12:18:10+00:00,,Supapong Condominium,"13.80610477,100.58147321",foursquare-feed,5c850082780eee002cb031f7,Thailand
2019-03-11T11:19:22+00:00,,The Salad Concept,"18.79680340,98.96629505",foursquare-feed,5c86443a25fb7b002cf24850,"Mueang Chiang Mai, Thailand"
2019-03-20T05:16:52+00:00,,One Nimman,"18.80011142,98.96782665",foursquare-feed,5c91ccc4c62b49002cf0caac,"Mueang Chiang Mai, Thailand"
2019-04-02T23:55:23+00:00,,Chiang Mai International Airport,"18.76925805,98.96797035",foursquare-feed,5ca3f66be679bc002c8d5bd1,"Mueang Chiang Mai, Thailand"
2019-04-03T04:15:28+00:00,,Sky Lounge,"13.69270989,100.74577898",foursquare-feed,5ca43360f96b2c0039b76d83,"Bang Phli, Thailand"
2019-04-03T04:15:38+00:00,,Suvarnabhumi Airport,"13.69200261,100.75055122",foursquare-feed,5ca4336a356b49002bcf791e,"Bang Phli, Thailand"
2019-04-03T11:30:06+00:00,,Incheon International Airport Concourse,"37.45602621,126.44501606",foursquare-feed,5ca4993e79f6c7002c7ce9d6,"Jung-gu, South Korea"
2019-04-03T12:19:33+00:00,,Incheon International Airport Transportation Center,"37.44752500,126.45237226",foursquare-feed,5ca4a4d5e1f0aa002c94d81a,"Incheon, South Korea"
2019-04-03T14:19:06+00:00,,Jung-gu,"37.56338764,126.97842846",foursquare-feed,5ca4c0dad552c7002c77968b,"Seoul, South Korea"
2019-04-04T00:23:44+00:00,,Jangchung Gymnasium,"37.55826035,127.00669019",foursquare-feed,5ca54e908d0a53002c89ce1a,"Seoul, South Korea"
2019-04-04T02:43:02+00:00,,Starbucks,"37.55934302,127.00581783",foursquare-feed,5ca56f3689b06a002c8f8dff,"Seoul, South Korea"
2019-04-04T10:12:53+00:00,,Google Campus Seoul,"37.50607863,127.06385709",foursquare-feed,5ca5d8a5bed483002c0dbbda,"Seoul, South Korea"
2019-04-05T00:23:44+00:00,,Starbucks,"37.55934302,127.00581783",foursquare-feed,5ca6a0107564f7002c431a24,"Seoul, South Korea"
2019-04-05T10:41:43+00:00,,Nonce,"37.50378845,127.03109155",foursquare-feed,5ca730e7bb8d36002ccd2dbb,"Seoul, South Korea"
2019-04-05T13:15:28+00:00,,디브릿지,"37.52438961,127.04131775",foursquare-feed,5ca754f086bc490039d4cf68,"Seoul, South Korea"
2019-04-06T03:16:50+00:00,,MISS AMERICANO,"37.56624452,126.99000144",foursquare-feed,5ca81a221ffed7002c6ff34f,"Seoul, South Korea"
2019-04-06T06:13:34+00:00,,Café De L'ambre,"37.57017055,126.98622325",foursquare-feed,5ca8438e3fcee8002c1fdc61,"Seoul, South Korea"
2019-04-07T01:31:57+00:00,,Gwangjang Market,"37.57031407,127.00082660",foursquare-feed,5ca9530d531593002cbe8b3b,"Seoul, South Korea"
2019-04-07T03:23:56+00:00,,N Seoul Tower,"37.55125426,126.98832566",foursquare-feed,5ca96d4c31ac6c002c7c8b33,"Seoul, South Korea"
2019-04-07T10:20:02+00:00,,Sky Hub Lounge East,"37.44983233,126.45310912",foursquare-feed,5ca9ced2bfc6d0002ce65c6e,"Incheon, South Korea"
2019-04-07T11:16:14+00:00,,Incheon International Airport,"37.45827402,126.44293249",foursquare-feed,5ca9dbfedb1d81002c4aff37,"Incheon, South Korea"
2019-04-07T18:50:13+00:00,,Supapong Condominium,"13.80610477,100.58147321",foursquare-feed,5caa46651543c70039056a0f,Thailand
2019-04-08T11:43:10+00:00,,HomePro Plus,"13.76986911,100.57151527",foursquare-feed,5cab33ceee7120002cc3074d,"Din Daeng, Thailand"
2019-04-08T13:13:08+00:00,,Aun's Duck Boiled Rice,"13.80246400,100.58038600",foursquare-feed,5cab48e4c8b2fb002c69fb9e,"Chatuchak, Thailand"
2019-04-09T10:56:56+00:00,,Central Eastville,"13.80332477,100.61453104",foursquare-feed,5cac7a7859c423002c1eefca,"Lat Phrao, Thailand"
2019-04-10T11:33:47+00:00,,Banyan Tree,"13.72378338,100.53967973",foursquare-feed,5cadd49b4b78c500397894a1,"Sathon, Thailand"
2019-04-10T12:19:59+00:00,,Vertigo,"13.72350934,100.53991110",foursquare-feed,5caddf6faf35f3002569d1e2,"Sathon, Thailand"
2019-04-11T11:11:33+00:00,,AIS Shop,"13.74394000,100.52966400",foursquare-feed,5caf20e5da5e560039dcffd5,"Pathum Wan, Thailand"
2019-04-11T13:06:12+00:00,,MBK Tower,"13.74595825,100.53034696",foursquare-feed,5caf3bc459c423002ce9d2e5,"Pathum Wan, Thailand"
2019-04-11T13:27:07+00:00,,Siam Paragon,"13.74697923,100.53491235",foursquare-feed,5caf40ab054e29003992a314,"Pathum Wan, Thailand"
2019-04-12T11:06:04+00:00,,The Fat Cow,"13.80793800,100.57056100",foursquare-feed,5cb0711cb25fee002cf80449,"Chatuchak, Thailand"
2019-04-13T04:42:28+00:00,,Centara Grand at Central Plaza Ladprao Bangkok,"13.81794216,100.56001246",foursquare-feed,5cb168b4fb8e59002c0cc678,"Chatuchak, Thailand"
2019-04-14T09:43:04+00:00,,Mohu Mohu Cafe,"13.80346317,100.57321623",foursquare-feed,5cb300a83ba76700398e8cc8,"Chatuchak, Thailand"
2019-04-14T11:10:12+00:00,,Club house LPN,"13.79288855,100.54390369",foursquare-feed,5cb3151412c8f0002c2229fd,"Phaya Thai, Thailand"
2019-04-14T12:53:37+00:00,,Krua Pradiphat,"13.79133000,100.54035437",foursquare-feed,5cb32d518c35dc002c9c809b,"Phaya Thai, Thailand"
2019-04-15T10:51:11+00:00,,NONAME,"13.74480762,100.54093620",foursquare-feed,5cb4621f993981002b741eb0,"Pathum Wan, Thailand"
2019-04-17T10:13:57+00:00,,"Omise Co., Ltd.","13.80249320,100.61892986",foursquare-feed,5cb6fc65ad1789002c0e4c60,"Bang Kapi, Thailand"
2019-04-18T12:32:28+00:00,,BTS Phrom Phong,"13.73075552,100.56955252",foursquare-feed,5cb86e5c89b06a002c73b3d7,"Vadhana, Thailand"
2019-04-18T12:44:55+00:00,,Herrity's,"13.73200232,100.56825834",foursquare-feed,5cb871473149b9002c4d94e6,"Vadhana, Thailand"
2019-04-19T12:40:10+00:00,,Aun's Duck Boiled Rice,"13.80246400,100.58038600",foursquare-feed,5cb9c1aab3d8e2002c428a55,"Chatuchak, Thailand"
2019-04-20T01:34:25+00:00,,สถานสงเคราะห์คนไร้ที่พึ่งหญิง,"14.01772976,100.72366017",foursquare-feed,5cba7721a35dce002c0dc1e7,"Rangsit, Pathum Thani, Thailand"
2019-04-20T06:08:24+00:00,,Nittaya Kai Yang,"13.99340398,100.65406512",foursquare-feed,5cbab758345cbe002c0c5dc0,"Ban Rangsit, Thailand"
2019-04-20T09:00:49+00:00,,Central Westgate,"13.87728786,100.41154146",foursquare-feed,5cbadfc12bf29b003aded001,"Bang Kruai, Thailand"
2019-04-20T10:56:17+00:00,,Jones Salad,"13.87784510,100.41015744",foursquare-feed,5cbafad11c9e2e0026c3f403,"Bang Kruai, Thailand"
2019-04-20T12:29:48+00:00,,MRT Talad Bang Yai,"13.88082755,100.40936865",foursquare-feed,5cbb10bc60255e002c764988,"Bang Kruai, Thailand"
2019-04-21T00:38:21+00:00,,Don Mueang International Airport,"13.91759694,100.60160266",foursquare-feed,5cbbbb7d234724002c9d1882,"Don Mueang, Thailand"
2019-04-25T10:50:02+00:00,,Hanging Garden Cafe,"18.91094300,98.92159500",foursquare-feed,5cc190da286fda002cc2a4f9,"Mae Rim, Thailand"
2019-04-26T10:23:31+00:00,,Central Chiangmai,"18.80656297,99.01784901",foursquare-feed,5cc2dc23336273002c3c3762,"Mueang Chiang Mai, Thailand"
2019-04-26T11:47:01+00:00,,Krungsri Bank,"18.80616923,99.01802169",foursquare-feed,5cc2efb59b0473002c07d7d2,"Mueang Chiang Mai, Thailand"
2019-05-01T11:19:10+00:00,,Star Avenue Lifestyle Mall,"18.80007455,99.01869056",foursquare-feed,5cc980ae628c83002c59ac08,"Mueang Chiang Mai, Thailand"
2019-05-04T03:14:07+00:00,,TOM N TOMS COFFEE,"18.80015809,99.01892381",foursquare-feed,5ccd037f787dba00385ad76f,"Mueang Chiang Mai, Thailand"
2019-05-09T06:13:11+00:00,,Wrap Master,"18.79823905,98.96780491",foursquare-feed,5cd3c4f7febf31002bc61c5b,"Mueang Chiang Mai, Thailand"
2019-05-12T05:38:21+00:00,,Let It Be,"18.91575600,98.94223500",foursquare-feed,5cd7b14df870fd003971f971,Thailand
2019-05-15T06:05:34+00:00,,Salad Terrace,"18.78965510,98.97044179",foursquare-feed,5cdbac2ec5b11c002cc4b94c,"Mueang Chiang Mai, Thailand"
2019-05-16T10:11:45+00:00,,HomePro,"18.83495613,99.03727915",foursquare-feed,5cdd37611acf11002cb1dbfa,"San Sai, Thailand"
2019-05-20T06:23:28+00:00,,Payap Music Academy,"18.79890245,99.00914071",foursquare-feed,5ce247e067a9fe002c530a0f,"Mueang Chiang Mai, Thailand"
2019-05-20T07:02:07+00:00,,Bake & Bite,"18.76132900,99.00484400",foursquare-feed,5ce250ef829b0c0039bc776a,"Mueang Chiang Mai, Thailand"
2019-05-29T11:13:38+00:00,,Let It Be,"18.91575600,98.94223500",foursquare-feed,5cee6962d41bb7002cb643a6,Thailand
2019-05-30T11:47:36+00:00,,Mama Mia,"18.86978613,99.01552323",foursquare-feed,5cefc2d8971317002d136be0,"San Sai, Thailand"
2019-05-30T12:38:56+00:00,,PTT Station,"18.87528541,99.01514352",foursquare-feed,5cefcee01af852002cd7c48d,"San Sai, Thailand"
2019-05-31T12:23:46+00:00,,Grooveyard,"18.91204700,98.93226400",foursquare-feed,5cf11cd2666116002c16b8ad,"Mae Rim, Thailand"
2019-06-01T09:07:14+00:00,,International Check In Counter,"18.76787210,98.96815214",foursquare-feed,5cf24042fc9e94003981da37,"Mueang Chiang Mai, Thailand"
2019-06-01T11:03:14+00:00,,Chiang Mai International Airport,"18.76925805,98.96797035",foursquare-feed,5cf25b7235811b002cbb3bd9,"Mueang Chiang Mai, Thailand"
2019-06-01T15:05:43+00:00,,Hong Kong International Airport,"22.31537000,113.93526900",foursquare-feed,5cf29447588e360039bf3ae7,Hong Kong
2019-06-02T12:58:35+00:00,,Shari's Cafe and Pies,"47.74034000,-122.34500100",foursquare-feed,5cf3c7fb1acf11002c832f3e,"Shoreline, United States"
2019-06-02T13:59:58+00:00,,Safeway,"47.74097110,-122.34360260",foursquare-feed,5cf3d65e971317002d59aba6,"Shoreline, United States"
2019-06-02T21:38:57+00:00,,Target,"47.75838912,-122.15427508",foursquare-feed,5cf441f1fdb9a7002c13ad3d,"Woodinville, United States"
2019-06-03T13:25:26+00:00,,Shari's Cafe and Pies,"47.74034000,-122.34500100",foursquare-feed,5cf51fc63ba767002c08fd86,"Shoreline, United States"
2019-06-03T19:30:05+00:00,,Pho Big Bowl,"47.66883172,-122.38691274",foursquare-feed,5cf5753d51950e002ceee2d7,"Seattle, United States"
2019-06-03T20:29:01+00:00,,Carl S. English Jr. Botanical Garden,"47.66656051,-122.39674601",foursquare-feed,5cf5830d06fb60002c39f378,"Seattle, United States"
2019-06-03T20:41:31+00:00,,Hiram M. Chittenden Locks,"47.66615216,-122.39695687",foursquare-feed,5cf585fb35811b002c699a66,"Seattle, United States"
2019-06-04T01:31:55+00:00,,Pizzeria Pulcinella,"47.51128729,-122.24811199",foursquare-feed,5cf5ca0bcabcff002c71fbc5,"Seattle, United States"
2019-06-05T02:28:28+00:00,,Kubota Garden,"47.51276719,-122.26566166",foursquare-feed,5cf728ccb23dfa002c7d37ac,"Seattle, United States"
2019-06-05T21:41:59+00:00,,Seward Park Playground,"47.54939497,-122.25632856",foursquare-feed,5cf837279be522002d8fef0b,"Seattle, United States"
2019-06-06T20:46:05+00:00,,Phat Loi,"47.52201687,-122.26965056",foursquare-feed,5cf97b8d418edf000a709f79,"Seattle, United States"
2019-06-06T22:53:25+00:00,,The Museum of Flight,"47.51862790,-122.29653984",foursquare-feed,5cf999658d0a53002c48d5e7,"Tukwila, United States"
2019-06-07T03:47:28+00:00,,Randy's Restaurant,"47.51272659,-122.29365365",foursquare-feed,5cf9de5016fa04002d5be0c9,"Tukwila, United States"
2019-06-07T22:38:58+00:00,,Kubota Garden,"47.51276719,-122.26566166",foursquare-feed,5cfae782b23dfa002ce3ff08,"Seattle, United States"
2019-06-08T22:11:17+00:00,,Flying Pie Pizzeria,"47.52983477,-122.03521078",foursquare-feed,5cfc32858a6f17002cb9e80f,"Issaquah, United States"
2019-06-09T01:06:03+00:00,,Poo Poo Point,"47.49949846,-122.01066942",foursquare-feed,5cfc5b7b603d2a002c3cedce,"Mirrormont, United States"
2019-06-09T03:19:46+00:00,,DICK'S Sporting Goods,"47.49621668,-122.20298051",foursquare-feed,5cfc7ad2a9e402002c27a79c,"Renton, United States"
2019-06-09T04:05:07+00:00,,Nibbana Thai Restaurant,"47.49827300,-122.20259600",foursquare-feed,5cfc8573b399f7002c8ac41d,"Renton, United States"
2019-06-09T17:13:34+00:00,,AutoZone,"47.51959211,-122.26246198",foursquare-feed,5cfd3e3ea4ba7c002c457385,"Seattle, United States"
2019-06-09T20:08:31+00:00,,76,"47.13853387,-122.52553644",foursquare-feed,5cfd673fc5b11c0039b6a746,"Lakewood, United States"
2019-06-09T21:38:11+00:00,,Mount St. Helens Visitor Center,"46.29469454,-122.82212478",foursquare-feed,5cfd7c4383e380002c4c2bd5,"Castle Rock, United States"
2019-06-10T01:58:22+00:00,,Castle Lake Viewpoint,"46.29657320,-122.29935408",foursquare-feed,5cfdb93e3fcee8002cf78db8,"Toutle, United States"
2019-06-10T03:54:55+00:00,,Fort George Brewery,"46.18845772,-123.82755618",foursquare-feed,5cfdd48fa6031c0039c546d1,"Astoria, United States"
2019-06-10T16:46:30+00:00,,Astoria Riverwalk Inn,"46.18813873,-123.85566070",foursquare-feed,5cfe8966646e38002c6e3492,"Astoria, United States"
2019-06-10T19:13:01+00:00,,US Post Office,"46.18922382,-123.83501172",foursquare-feed,5cfeabbde1f0aa002cbff657,"Astoria, United States"
2019-06-10T20:25:29+00:00,,Bridgewater Bistro,"46.18975599,-123.85144513",foursquare-feed,5cfebcb93731ee002c4580e3,"Astoria, United States"
2019-06-10T22:22:34+00:00,,Lewis & Clark National Historical Park,"46.13431122,-123.88004564",foursquare-feed,5cfed82a4940bc002ca5474a,"Astoria, United States"
2019-06-11T00:20:16+00:00,,Cannon Beach,"45.88728986,-123.96504879",foursquare-feed,5cfef3c04564110038741a29,"Cannon Beach, United States"
2019-06-12T01:32:07+00:00,,Kendra’s Kitchen,"45.70948514,-123.85782176",foursquare-feed,5d00561757a537002c15ec4d,"Nehalem, United States"
2019-06-12T19:04:02+00:00,,Unfurl,"45.71898543,-123.93427574",foursquare-feed,5d014ca2588e36002c45a844,"Manzanita, United States"
2019-06-12T23:37:05+00:00,,Summit Food Court,"45.45020456,-122.78043006",foursquare-feed,5d018ca106fb60002cb6f736,"Beaverton, United States"
2019-06-13T01:29:47+00:00,,The LEGO Store,"45.45135828,-122.78055250",foursquare-feed,5d01a70b135b39002c34357b,"Tigard, United States"
2019-06-13T19:02:04+00:00,,Apple Pioneer Place,"45.51784650,-122.67748480",foursquare-feed,5d029dacb37e2b002cdfeed1,"Portland, United States"
2019-06-13T19:47:42+00:00,,Fuller's Coffee Shop,"45.52431753,-122.68005314",foursquare-feed,5d02a85ed41bb700396ef823,"Portland, United States"
2019-06-13T20:29:04+00:00,,Powell's City of Books,"45.52318049,-122.68137452",foursquare-feed,5d02b2103731ee002c1bcb17,"Portland, United States"
2019-06-13T20:39:27+00:00,,Powell's Books Rose Room,"45.52348363,-122.68147097",foursquare-feed,5d02b47f26ef9100078a2e76,"Portland, United States"
2019-06-13T22:36:06+00:00,,Buffalo Exchange,"45.52289569,-122.68206723",foursquare-feed,5d02cfd67196bb00081463b5,"Portland, United States"
2019-06-13T23:22:27+00:00,,Butterfly Belly Asian Cuisine,"45.52560800,-122.67945764",foursquare-feed,5d02dab320034b000802784d,"Portland, United States"
2019-06-14T15:35:18+00:00,,Starbucks,"45.46568250,-122.69888244",foursquare-feed,5d03beb6884f5c00082d014c,"Portland, United States"
2019-06-14T18:26:30+00:00,,Burlingame Park,"45.47661674,-122.68220424",foursquare-feed,5d03e6d6f3a4160007c516ee,"Portland, United States"
2019-06-14T19:44:05+00:00,,Daily Cafe At The Tram,"45.49878773,-122.67104304",foursquare-feed,5d03f90580364b000864ed9b,"Portland, United States"
2019-06-14T20:07:28+00:00,,Portland Aerial Tram - Lower Terminal,"45.49921597,-122.67102189",foursquare-feed,5d03fe800aac2400075814ea,"Portland, United States"
2019-06-14T20:38:05+00:00,,Elizabeth Caruthers Park,"45.49744350,-122.67141604",foursquare-feed,5d0405ad52f55c000aa67409,"Portland, United States"
2019-06-14T23:01:13+00:00,,Elizabeth Caruthers Park,"45.49744350,-122.67141604",foursquare-feed,5d042739433f8d0008ad6997,"Portland, United States"
2019-06-15T01:57:31+00:00,,Hoodland Thriftway,"45.34719501,-121.96228524",foursquare-feed,5d04508bd424490008308f90,"Welches, United States"
2019-06-16T20:22:36+00:00,,Trillium Lake,"45.26997595,-121.73962340",foursquare-feed,5d06a50c6a7f450008094bd2,"Government Camp, United States"
2019-06-16T23:17:40+00:00,,Trillium Lake Boat Launch,"45.26842475,-121.73887070",foursquare-feed,5d06ce146b9ee7000839a7d1,United States
2019-06-18T23:27:16+00:00,,Little Zig Zag Falls,"45.31397821,-121.79624946",foursquare-feed,5d09735477cd890008b11fcd,"Rhododendron, United States"
2019-06-19T01:21:33+00:00,,Mt. Hood Skibowl,"45.30199937,-121.77340508",foursquare-feed,5d098e1dff0af80007521e69,"Government Camp, United States"
2019-06-21T18:43:16+00:00,,Chevron,"45.30258957,-121.74671361",foursquare-feed,5d0d2544e53df200083d0f2c,"Government Camp, United States"
2019-06-21T19:05:10+00:00,,Mount Hood,"45.37361440,-121.69595110",foursquare-feed,5d0d2a660dcbe90008304375,"Timberline Lodge, United States"
2019-06-21T19:49:27+00:00,,Timberline Lodge,"45.33109059,-121.71111345",foursquare-feed,5d0d34c7f2a138000890fe6a,"Timberline Lodge, United States"
2019-06-21T19:59:57+00:00,,Blue Ox Bar,"45.33121522,-121.71117003",foursquare-feed,5d0d373d8264b00008a37f1c,"Timberline Lodge, United States"
2019-06-21T23:34:49+00:00,,Draper Girls Country Farm,"45.54984765,-121.56850183",foursquare-feed,5d0d699972e1850008e0714f,"Mount Hood Parkdale, United States"
2019-06-22T00:27:45+00:00,,Hood River Hotel,"45.70907470,-121.51138804",foursquare-feed,5d0d76016612700023e8d6df,"Hood River, United States"
2019-06-22T02:01:14+00:00,,Solstice Wood Fire Cafe,"45.71471516,-121.51603475",foursquare-feed,5d0d8bea17d3b900234658ce,"Hood River, United States"
2019-06-22T19:22:38+00:00,,Jackson Park,"45.70375696,-121.52590393",foursquare-feed,5d0e7ffe20e9dd0008dcb014,"Hood River, United States"
2019-06-22T20:51:28+00:00,,Children's Park,"45.70657936,-121.51957098",foursquare-feed,5d0e94d00f7d2b0023b184b1,"Hood River, United States"
2019-06-22T22:06:24+00:00,,Feast Natural Market & Deli,"45.72723854,-121.48370712",foursquare-feed,5d0ea6601cb77f002354d89f,"White Salmon, United States"
2019-06-22T23:05:58+00:00,,Chamberlain Lake Rest Area,"45.70556782,-121.32443947",foursquare-feed,5d0eb45630e47400233fa161,"Lyle, United States"
2019-06-23T01:27:05+00:00,,Rowena Crest,"45.68236054,-121.29937832",foursquare-feed,5d0ed5691cb77f00237137b5,"The Dalles, United States"
2019-06-23T03:25:13+00:00,,A & J Select Market,"45.69354809,-121.88508672",foursquare-feed,5d0ef119241e77002340a7fa,"Stevenson, United States"
2019-06-23T23:50:15+00:00,,Skamania Lodge,"45.68627550,-121.90493310",foursquare-feed,5d101037d181c70008685411,"Stevenson, United States"
2019-06-24T00:18:45+00:00,,East Wind Drive-in,"45.66737126,-121.89470376",foursquare-feed,5d1016e59bddd400088f647d,"Cascade Locks, United States"
2019-06-24T18:16:25+00:00,,Stevenson Landing,"45.69186170,-121.88216475",foursquare-feed,5d111379b67e42000820c073,"Stevenson, United States"
2019-06-24T19:14:46+00:00,,Bridge of the Gods,"45.66229100,-121.90085900",foursquare-feed,5d112126723bb90023d68b7f,"Cascade Locks, United States"
2019-06-24T19:45:49+00:00,,Multnomah Falls,"45.57610300,-122.11580000",foursquare-feed,5d11286dbfa5e90008cdd1c7,"Bridal Veil, United States"
2019-06-25T00:01:10+00:00,,Craft Warehouse,"45.50618143,-122.43899758",foursquare-feed,5d116446e52d9e0007814c82,"Greaham, United States"
2019-06-25T22:07:38+00:00,,Pok Pok,"45.50477005,-122.63219299",foursquare-feed,5d129b2a71d479000826d70d,"Portland, United States"
2019-06-26T23:00:30+00:00,,Tesla Motors,"45.44965605,-122.78099136",foursquare-feed,5d13f90e7c1d8b000719f61d,"Tigard, United States"
2019-06-27T16:47:20+00:00,,PostalAnnex,"45.51222562,-122.62852996",foursquare-feed,5d14f3183835e7000804ebf3,"Portland, United States"
2019-06-27T22:53:26+00:00,,Basilisk,"45.52903090,-122.63814219",foursquare-feed,5d1548e6497b2e000876cedf,"Portland, United States"
2019-06-28T01:01:33+00:00,,Salt & Straw,"45.50492250,-122.63064748",foursquare-feed,5d1566ed088fab0007ea74be,"Portland, United States"
2019-06-28T19:54:50+00:00,,ARCO,"46.54697608,-122.87349538",foursquare-feed,5d16708a2980350009580df5,"Chehalis, United States"
2019-06-28T20:14:49+00:00,,Papa Pete's Pizza,"46.72629523,-122.97562352",foursquare-feed,5d1675393091dc0007060988,"Centralia, United States"
2019-06-28T21:09:55+00:00,,Nike Clearance Store,"46.72410870,-122.97582210",foursquare-feed,5d1682232734be00079150fe,"Centralia, United States"
2019-06-28T23:05:35+00:00,,Coach Outlets,"47.29800736,-122.24339548",foursquare-feed,5d169d3f104efa0008f78272,"Auburn, United States"
2019-06-29T02:29:00+00:00,,Courtyard by Marriott Seattle Bellevue/Redmond,"47.63549123,-122.14632272",foursquare-feed,5d16ccecbbf86100086f9df3,"Bellevue, United States"
2019-06-29T02:49:58+00:00,,Marriott Courtyard - Lobby,"47.61746341,-122.19334199",foursquare-feed,5d16d1d6f8658e0008822c31,"Bellevue, United States"
2019-06-29T16:39:10+00:00,,Global Innovation Exchange (GIX),"47.62143970,-122.17664405",foursquare-feed,5d17942ebe058800079ce2db,"Bellevue, United States"
2019-06-30T17:33:55+00:00,,Inspiration Playground,"47.61194821,-122.20581269",foursquare-feed,5d18f2839ce9cd000895f217,"Bellevue, United States"
2019-06-30T20:58:03+00:00,,Peace Arch Border Crossing,"49.00208271,-122.75648396",foursquare-feed,5d19225bf27d44000822ea74,"Blaine, United States"
2019-06-30T22:02:49+00:00,,A&W Restaurant,"49.19174479,-123.11189913",foursquare-feed,5d193189812a7b0008bff0a5,"Richmond, Canada"
2019-07-01T16:08:31+00:00,,Kitsilano Yacht Club,"49.27400103,-123.16075537",foursquare-feed,5d1a2ffff6bef800085219c4,"Vancouver, Canada"
2019-07-01T16:22:01+00:00,,Kitsilano Seawall,"49.27253700,-123.15764100",foursquare-feed,5d1a3329f71a0c0008e51a35,"Vancouver, Canada"
2019-07-01T21:07:58+00:00,,Mintage Mall,"49.26301023,-123.10004227",foursquare-feed,5d1a762ed6e62900098ca10a,"Vancouver, Canada"
2019-07-02T00:04:07+00:00,,Kitsilano Seawall,"49.27253700,-123.15764100",foursquare-feed,5d1a9f77ee069e00085300b0,"Vancouver, Canada"
2019-07-02T15:34:05+00:00,,Kitsilano Yacht Club,"49.27400103,-123.16075537",foursquare-feed,5d1b796d3a34f000084df3fd,"Vancouver, Canada"
2019-07-02T15:47:29+00:00,,Viva Fine Foods,"49.27199969,-123.15515015",foursquare-feed,5d1b7c9113a35f00087a8fff,"Vancouver, Canada"
2019-07-02T23:57:33+00:00,,Peace Arch Border Crossing,"49.00208271,-122.75648396",foursquare-feed,5d1bef6d04d9d000084c2f54,"Blaine, United States"
2019-07-03T00:33:13+00:00,,Marine Park Playground,"48.99407555,-122.76141218",foursquare-feed,5d1bf7c9458c32000820b2b3,"Blaine, United States"
2019-07-03T02:33:25+00:00,,Birch Bay State Park,"48.90409568,-122.76504155",foursquare-feed,5d1c13f5088eef0008284e19,"Blaine, United States"
2019-07-03T03:37:36+00:00,,Olive Garden,"48.79543651,-122.48539341",foursquare-feed,5d1c2300391ff70007872e4d,"Bellingham, United States"
2019-07-03T21:01:41+00:00,,Spark Museum of Electrical Invention,"48.75133983,-122.48032576",foursquare-feed,5d1d17b58892eb00082dcc30,"Bellingham, United States"
2019-07-03T22:50:01+00:00,,Starvin' Sam's,"48.71744161,-122.50254898",foursquare-feed,5d1d31195185080008629b25,"Bellingham, United States"
2019-07-03T23:43:56+00:00,,Slough Food,"48.56228807,-122.44384592",foursquare-feed,5d1d3dbcf9bfdf00070518a8,"Bow, United States"
2019-07-04T20:49:44+00:00,,City of Bothell,"47.76567323,-122.19106976",foursquare-feed,5d1e6668c6d9fd0007663e60,United States
2019-07-06T22:40:21+00:00,,Chick-fil-A,"47.79085774,-122.21574354",foursquare-feed,5d21235547c77a0008982ab9,"Bothell, United States"
2019-07-07T23:25:41+00:00,,MOD Pizza,"47.75277029,-122.28019506",foursquare-feed,5d227f75688c4b00070c0bbe,"Lake Forest Park, United States"
2019-07-08T16:29:47+00:00,,Victrola Coffee Roasters,"47.66885345,-122.38471630",foursquare-feed,5d236f7ba3c1c1000774a6f5,"Seattle, United States"
2019-07-08T20:32:29+00:00,,Seattle Public Library - Ballard Branch,"47.66978874,-122.38441694",foursquare-feed,5d23a85d680d140008dfc5c6,"Seattle, United States"
2019-07-08T21:26:10+00:00,,Itadakimasu,"47.66436333,-122.31441115",foursquare-feed,5d23b4f20b55bc00082b824d,"Seattle, United States"
2019-07-09T00:12:10+00:00,,Salmon Bay Park,"47.67918224,-122.38126445",foursquare-feed,5d23dbda15dd1800082edb57,"Seattle, United States"
2019-07-09T16:15:21+00:00,,Victrola Coffee Roasters,"47.66885345,-122.38471630",foursquare-feed,5d24bd99f6c8f00008ddcca5,"Seattle, United States"
2019-07-09T20:32:37+00:00,,Shelter Lounge,"47.68027271,-122.32561030",foursquare-feed,5d24f9e50ea46200084abb21,"Seattle, United States"
2019-07-09T23:07:14+00:00,,Seattle Public Library - Ballard Branch,"47.66978874,-122.38441694",foursquare-feed,5d251e2257793c0008c4e85d,"Seattle, United States"
2019-07-10T01:01:56+00:00,,Arashi Ramen,"47.66823467,-122.38228122",foursquare-feed,5d25390479f4fc0008914738,"Seattle, United States"
2019-07-10T17:43:58+00:00,,Street Bean Espresso,"47.66564210,-122.31785682",foursquare-feed,5d2623de1495070007bef80f,"Seattle, United States"
2019-07-10T18:44:28+00:00,,Seattle Public Library - University Branch,"47.66519861,-122.31790464",foursquare-feed,5d26320cec29350008196eb3,"Seattle, United States"
2019-07-10T19:59:54+00:00,,Thai Tom,"47.66260549,-122.31331229",foursquare-feed,5d2643bacfc7f600084166a7,"Seattle, United States"
2019-07-10T20:33:37+00:00,,Asurion Phone & Tech Repair,"47.66386243,-122.31277817",foursquare-feed,5d264ba1eec36a00084bde23,"Seattle, United States"
2019-07-10T23:31:57+00:00,,JOANN Fabric and Crafts,"47.66975416,-122.38568490",foursquare-feed,5d26756d5ac6650008915c09,"Seattle, United States"
2019-07-11T16:19:52+00:00,,Victrola Coffee Roasters,"47.66885345,-122.38471630",foursquare-feed,5d2761a86bc81d0008ad3ba2,"Seattle, United States"
2019-07-12T16:47:42+00:00,,AuroraClean Express Laundry Mat,"47.74175405,-122.34365725",foursquare-feed,5d28b9ae68841e0007768168,"Shoreline, United States"
2019-07-12T20:46:55+00:00,,Cold Plate,"47.66778993,-122.31274213",foursquare-feed,5d28f1bfc994c00008f48e7e,"Seattle, United States"
2019-07-12T21:10:54+00:00,,University Heights Community Center,"47.66592417,-122.31364550",foursquare-feed,5d28f75e9ed09a0008f2ed01,"Seattle, United States"
2019-07-12T21:41:51+00:00,,Seattle Public Library - Ballard Branch,"47.66978874,-122.38441694",foursquare-feed,5d28fe9f5a2e7500086cce40,"Seattle, United States"
2019-07-13T01:25:15+00:00,,Carkeek Park Beach,"47.71249481,-122.37889857",foursquare-feed,5d2932fbbd49f90008c0c58c,"Seattle, United States"
2019-07-13T03:41:06+00:00,,Jimmy's Pizza & Pasta,"48.24077685,-122.36635851",foursquare-feed,5d2952d2147e0c0007bdd804,"Stanwood, United States"
2019-07-13T15:49:09+00:00,,Best Western Plus Skagit Valley Inn And Convention Center,"48.44216205,-122.33633268",foursquare-feed,5d29fd751163410007ad4795,"Mount Vernon, United States"
2019-07-13T21:33:46+00:00,,Panda Express,"48.43965535,-122.34372314",foursquare-feed,5d2a4e3a011b7900080188e9,"Mount Vernon, United States"
2019-07-13T22:13:28+00:00,,Mount Vernon Lions Club Roadside Park,"48.42480625,-122.33875629",foursquare-feed,5d2a578840205800088552a6,"Mount Vernon, United States"
2019-07-16T18:30:06+00:00,,Chevron,"48.39043998,-122.50102576",foursquare-feed,5d2e17ae59fa3a0008955873,"La Conner, United States"
2019-07-16T19:30:16+00:00,,La Conner Seafood & Prime Rib House,"48.39017355,-122.49786689",foursquare-feed,5d2e25c80894e80008db77d0,"La Conner, United States"
2019-07-16T23:58:57+00:00,,Skagit Building Salvage,"48.42518346,-122.35771958",foursquare-feed,5d2e64c163674500081bc8aa,"Mount Vernon, United States"
2019-07-17T00:10:26+00:00,,Skagit Valley Food Co-op,"48.42084813,-122.33699041",foursquare-feed,5d2e6772b33a9c0008452b0c,"Mount Vernon, United States"
2019-07-17T15:34:56+00:00,,West Beach,"48.40026661,-122.66425198",foursquare-feed,5d2f40203b0e1c00079bb077,"Oak Harbor, United States"
2019-07-17T16:42:13+00:00,,Deception Pass Campground,"48.39930525,-122.65939583",foursquare-feed,5d2f4fe564a6fb00088e6adb,"Whidbey Island, United States"
2019-07-19T18:45:15+00:00,,Deception Pass State Park,"48.40181345,-122.64713708",foursquare-feed,5d320fbb76d2fd00084a73e1,"Oak Harbor, United States"
2019-07-19T19:07:41+00:00,,West Beach,"48.40026661,-122.66425198",foursquare-feed,5d3214fd1ef1380009bc799c,"Oak Harbor, United States"
2019-07-19T19:50:29+00:00,,The Beach,"48.37300908,-122.66586683",foursquare-feed,5d321f0542492a00075f1fab,"Oak Harbor, United States"
2019-07-19T21:28:30+00:00,,Coupeville Wharf,"48.22266058,-122.68823331",foursquare-feed,5d3235fe467d7a0007dfe9a1,"Coupeville, United States"
2019-07-19T21:28:55+00:00,,Ebey's Landing National Historical Reserve,"48.19415729,-122.71217823",foursquare-feed,5d323617eeba210008afe425,"Coupeville, United States"
2019-07-19T22:24:03+00:00,,Mukilteo/Clinton Ferry Boat,"47.97457368,-122.33329568",foursquare-feed,5d324303d046ff000ab91f86,"Mukilteo, United States"
2019-07-20T01:11:37+00:00,,Thriftway,"47.54453677,-122.38641233",foursquare-feed,5d326a49d5ec9f0008d8d0d5,"Seattle, United States"
2019-07-20T01:57:02+00:00,,Avis Rent A Car,"47.46102201,-122.29321182",foursquare-feed,5d3274ee4070e9000845f6a0,"SeaTac, United States"
2019-07-20T03:48:42+00:00,,Cell Phone Lot,"47.44998114,-122.29912111",foursquare-feed,5d328f1a99916b0008495d6f,"SeaTac, United States"
2019-07-20T15:29:35+00:00,,Lowman Beach Park,"47.54014308,-122.39648188",foursquare-feed,5d33335fd356fd00076f8904,"Seattle, United States"
2019-07-20T19:32:34+00:00,,Cherry Street Coffee House,"47.61831138,-122.34706835",foursquare-feed,5d336c52a4f41400080908b6,"Seattle, United States"
2019-07-20T20:19:39+00:00,,Space Needle: Observation Deck,"47.62051477,-122.34932968",foursquare-feed,5d33775b27fe8e0008af0033,"Seattle, United States"
2019-07-20T20:20:18+00:00,,Space Needle,"47.62057980,-122.34962903",foursquare-feed,5d337782b9884c00089bb78d,"Seattle, United States"
2019-07-20T20:21:11+00:00,,Chihuly Garden and Glass,"47.62053407,-122.35027686",foursquare-feed,5d3377b758f74b000813a7d6,"Seattle, United States"
2019-07-21T01:09:28+00:00,,Zeeks Pizza,"47.61844242,-122.34788434",foursquare-feed,5d33bb480bfdc800081fa575,"Seattle, United States"
2019-07-21T17:04:21+00:00,,King County Water Taxi,"47.58943701,-122.37951623",foursquare-feed,5d349b1581d4b60008252d27,"Seattle, United States"
2019-07-21T17:40:31+00:00,,Seattle Ferry Terminal,"47.60260338,-122.33895273",foursquare-feed,5d34a38ff5463e0008d77a0e,"Seattle, United States"
2019-07-21T18:28:59+00:00,,Bainbridge Island Ferry Terminal,"47.62303370,-122.51097708",foursquare-feed,5d34aeeba167a00008c8eb9e,"Bainbridge Island, United States"
2019-07-21T19:46:03+00:00,,Bruciato,"47.62501370,-122.51919514",foursquare-feed,5d34c0fb50829e00072f14f6,"Bainbridge Island, United States"
2019-07-21T20:47:40+00:00,,Calico Toy Shoppe,"47.62514290,-122.51840756",foursquare-feed,5d34cf6c15e9d5000828baae,"Bainbridge Island, United States"
2019-07-22T18:35:09+00:00,,Ampersand Cafe,"47.58038252,-122.40676393",foursquare-feed,5d3601ddcdfaa9002345ff5f,"Seattle, United States"
2019-07-22T23:50:04+00:00,,Seward Park Audubon Center,"47.54964929,-122.25631114",foursquare-feed,5d364bac98ce880008ab0599,"Seattle, United States"
2019-07-23T01:36:00+00:00,,Big Chickie,"47.55218969,-122.27794575",foursquare-feed,5d366480a6fafb000810f657,"Seattle, United States"
2019-07-23T19:27:29+00:00,,Ballard Locks Visitor Center,"47.66657015,-122.39672750",foursquare-feed,5d375fa14e9c130008493097,"Ballard, United States"
2019-07-23T20:24:37+00:00,,Lockspot Cafe,"47.66780512,-122.39595182",foursquare-feed,5d376d053853470008aea071,"Seattle, United States"
2019-07-23T21:56:06+00:00,,Discovery Park,"47.65817329,-122.41026102",foursquare-feed,5d3782764b0f82000880ba8f,"Seattle, United States"
2019-07-23T22:11:00+00:00,,Daybreak Star Indian Cultural Center,"47.66814445,-122.41799578",foursquare-feed,5d3785f44111550007fd9174,"Seattle, United States"
2019-07-23T22:35:14+00:00,,Discovery Park Visitors Center,"47.65761945,-122.40643216",foursquare-feed,5d378ba287c45f0008f82240,"Seattle, United States"
2019-07-23T22:47:38+00:00,,Disco Park Playground,"47.65614250,-122.40524483",foursquare-feed,5d378e8aef7a030007fa080e,"Seattle, United States"
2019-07-24T19:46:04+00:00,,ARCO,"47.75213328,-122.28078877",foursquare-feed,5d38b57c952b4e0008681447,"Lake Forest Park, United States"
2019-07-24T19:46:18+00:00,,MOD Pizza,"47.75277029,-122.28019506",foursquare-feed,5d38b58a3e520a000828d3eb,"Lake Forest Park, United States"
2019-07-24T20:34:31+00:00,,Whispering Willow Park,"47.75322641,-122.28166682",foursquare-feed,5d38c0d71b751f0008e2b65e,"Lake Forest Park, United States"
2019-07-24T23:24:10+00:00,,Safeway,"47.86002670,-121.96780420",foursquare-feed,5d38e89a21181e0008b29ec0,"Monroe, United States"
2019-07-26T15:50:59+00:00,,Lake Serene Trailhead,"47.80921442,-121.57368184",foursquare-feed,5d3b2163f3ee420008b9cbbd,"Gold Bar, United States"
2019-07-26T16:43:10+00:00,,Bridal Veil Falls,"47.79013585,-121.56940784",foursquare-feed,5d3b2d9eaa655c00081f3de1,"Index, United States"
2019-07-26T16:58:20+00:00,,Lake Serene,"47.78423137,-121.57221178",foursquare-feed,5d3b312c8e8f290008eb2ec1,"Gold Bar, United States"
2019-07-26T20:48:27+00:00,,Lake Serene Trailhead,"47.80921442,-121.57368184",foursquare-feed,5d3b671b6eacc90007596726,"Gold Bar, United States"
2019-07-26T21:03:11+00:00,,Espresso Chalet,"47.80853047,-121.56190134",foursquare-feed,5d3b6a8fb7771b0007afeb5b,"Index, United States"
2019-07-27T01:16:40+00:00,,Prospectors Steak And Ale House,"47.85686300,-121.70093073",foursquare-feed,5d3ba5f8372eaa0009b09f17,"Gold Bar, United States"
2019-07-27T02:07:52+00:00,,Gold Bar Family Grocer,"47.85245687,-121.69052848",foursquare-feed,5d3bb1f8d1d1390008f507c1,"Gold Bar, United States"
2019-07-27T20:06:31+00:00,,Smallwoods Harvest,"47.57432777,-120.61377067",foursquare-feed,5d3caec79017ba0008aec930,"Leavenworth, United States"
2019-07-27T21:26:03+00:00,,Big Y Cafe,"47.55408344,-120.58295756",foursquare-feed,5d3cc16b9fd79b0008bbf87f,"Peshastin, United States"
2019-07-27T22:46:32+00:00,,Safeway,"47.19547668,-120.95338643",foursquare-feed,5d3cd448865ad800087b5f8f,"Cle Elum, United States"
2019-07-30T00:22:55+00:00,,Cle Elum Lake,"47.28928226,-121.11139635",foursquare-feed,5d3f8ddf52768c0008ce821d,"Cle Elum, United States"
2019-07-30T01:04:11+00:00,,Speelyi Beach,"47.25318375,-121.06582180",foursquare-feed,5d3f978bafc6290008857c78,"Lakedale, United States"
2019-07-30T18:45:43+00:00,,Safeway Gas Station,"47.19509298,-120.95483952",foursquare-feed,5d409057669fc80008d20184,"Cle Elum, United States"
2019-07-30T19:55:13+00:00,,Blewett Pass,"47.33515160,-120.57602896",foursquare-feed,5d40a0a1c3cd110008bbf910,"Unincorporated Chelan County, United States"
2019-07-30T21:00:06+00:00,,Bavarian Bistro,"47.59496886,-120.66218530",foursquare-feed,5d40afd65af0f00008165b90,"Leavenworth, United States"
2019-07-30T23:37:16+00:00,,Danish Bakery,"47.59486597,-120.66257635",foursquare-feed,5d40d4ac435dfc0008e6ce24,"Leavenworth, United States"
2019-07-31T02:39:10+00:00,,Yodelin Broth Co.,"47.59434126,-120.66370550",foursquare-feed,5d40ff4e13de7b000850e492,"Leavenworth, United States"
2019-07-31T14:03:27+00:00,,Leavenworth Riverside Park,"47.59363347,-120.66203231",foursquare-feed,5d419fafef559d000940d9b4,"Leavenworth, United States"
2019-07-31T14:14:30+00:00,,Bavarian Lodge,"47.59597556,-120.66293206",foursquare-feed,5d41a2469555e800087bf2d9,"Leavenworth, United States"
2019-07-31T19:46:59+00:00,,76,"47.43410351,-122.27589059",foursquare-feed,5d41f0338e4892000841f308,"SeaTac, United States"
2019-07-31T20:01:14+00:00,,Mango Thai Cuisine & Bar,"47.43614073,-122.29586920",foursquare-feed,5d41f38adbf24600081a12d7,"SeaTac, United States"
2019-07-31T20:55:22+00:00,,Avis Rent A Car,"47.46102201,-122.29321182",foursquare-feed,5d42003a70c54f00081cefe0,"SeaTac, United States"
2019-07-31T21:58:09+00:00,,Target,"47.70913141,-122.32467428",foursquare-feed,5d420ef1e550e20007710c65,"Seattle, United States"
2019-08-01T00:49:31+00:00,,Frēlard Pizza Company,"47.65629890,-122.36177679",foursquare-feed,5d42371bc9750700086b0f06,"Seattle, United States"
2019-08-01T19:33:24+00:00,,Paramount Theatre,"47.61332925,-122.33139780",foursquare-feed,5d433e84f938610008310456,"Seattle, United States"
2019-08-01T22:54:10+00:00,,Nike Seattle,"47.61136000,-122.33448520",foursquare-feed,5d436d921a503a000800a020,"Seattle, United States"
2019-08-02T15:58:38+00:00,,King Street Station (SEA),"47.59816543,-122.33005720",foursquare-feed,5d445daeb7439e0008dbf37e,"Seattle, United States"
2019-08-02T16:28:54+00:00,,Moore Theatre,"47.61186991,-122.34139616",foursquare-feed,5d4464c6fc2ae100077486e9,"Seattle, United States"
2019-08-02T16:41:37+00:00,,Starbucks,"47.60998830,-122.34262557",foursquare-feed,5d4467c17ead550008843a54,"Seattle, United States"
2019-08-02T16:53:29+00:00,,Joe Chocolate Co,"47.60965691,-122.34182299",foursquare-feed,5d446a899c3fd40008aa93fe,"Seattle, United States"
2019-08-02T20:25:21+00:00,,Panda Express,"47.57475494,-122.17096561",foursquare-feed,5d449c318792f300089e093a,"Bellevue, United States"
2019-08-02T20:25:35+00:00,,Target,"47.57409132,-122.17299190",foursquare-feed,5d449c3f84d4390007c4da8e,"Bellevue, United States"
2019-08-02T21:39:26+00:00,,Mount Baker Beach,"47.58324126,-122.28727592",foursquare-feed,5d44ad8e8f42f80008081343,"Seattle, United States"
2019-08-02T22:51:48+00:00,,Mount Baker Park,"47.58031814,-122.28858232",foursquare-feed,5d44be848f42f80008081516,"Seattle, United States"
2019-08-02T23:46:06+00:00,,OYO Hotel Renton WA Bellevue,"47.53340741,-122.19455334",foursquare-feed,5d44cb3e8fa6c80008af54cb,"Renton, United States"
2019-08-03T03:49:24+00:00,,Super Six,"47.55713697,-122.28551649",foursquare-feed,5d450444b6a3e100081d5c59,"Seattle, United States"
2019-08-03T18:17:19+00:00,,Starbucks,"47.53201485,-122.19420486",foursquare-feed,5d45cfaf96ba790008e627ab,"Renton, United States"
2019-08-03T19:23:41+00:00,,Amazon Pick-Up: Bitter Lake,"47.73348536,-122.34553340",foursquare-feed,5d45df3da466b600083a98df,"Seattle, United States"
2019-08-03T20:39:13+00:00,,Goodwill Seattle Outlet,"47.58736397,-122.32689630",foursquare-feed,5d45f0f1dfbbe3000854c8b9,"Seattle, United States"
2019-08-03T23:20:12+00:00,,Target,"47.45497540,-122.25826592",foursquare-feed,5d4616ac0abafe000834170d,"Tukwila, United States"
2019-08-03T23:50:26+00:00,,Pho Tai,"47.45253396,-122.26095493",foursquare-feed,5d461dc2d6ce800007c1195d,"Tukwila, United States"
2019-08-04T01:02:23+00:00,,Best Buy,"47.44780213,-122.25966227",foursquare-feed,5d462e9fe4ef900007a41320,"Tukwila, United States"
2019-08-04T03:28:32+00:00,,Bed Bath & Beyond,"47.45622380,-122.25292970",foursquare-feed,5d4650e0d4269f0008e1b75b,"Tukwila, United States"
2019-08-04T03:28:52+00:00,,REI,"47.45642550,-122.25364690",foursquare-feed,5d4650f465909e00070659bc,"Tukwila, United States"
2019-08-04T03:40:44+00:00,,ARCO,"47.46414049,-122.25994800",foursquare-feed,5d4653bca48f710008c63674,"Tukwila, United States"
2019-08-04T04:00:44+00:00,,Walmart Supercenter,"47.47205374,-122.22051338",foursquare-feed,5d46586ce6c20800084a8b14,"Renton, United States"
2019-08-04T05:33:50+00:00,,Avis Rent A Car,"47.46102201,-122.29321182",foursquare-feed,5d466e3eab65b400086f2a2f,"SeaTac, United States"
2019-08-04T05:53:42+00:00,,Seattle-Tacoma International Airport,"47.44358853,-122.30250835",foursquare-feed,5d4672e6a48f710008f01099,"SeaTac, United States"
2019-08-04T07:01:59+00:00,,The Club at SEA,"47.43869363,-122.30202824",foursquare-feed,5d4682e7d6ce8000073ef2c5,"SeaTac, United States"
2019-08-04T21:22:34+00:00,,Terminal 1,"22.31474594,113.93253565",foursquare-feed,5d474c9adf96aa00070932f2,Hong Kong
2019-08-05T09:00:57+00:00,,Suvarnabhumi Airport,"13.69200261,100.75055122",foursquare-feed,5d47f0499c8f690008942918,"Bang Phli, Thailand"
2019-08-05T11:22:40+00:00,,Chiang Mai International Airport,"18.76925805,98.96797035",foursquare-feed,5d4811807ade5b0008ac7234,"Mueang Chiang Mai, Thailand"
2019-08-13T03:43:50+00:00,,Saded Cafe',"18.79921500,98.96576800",foursquare-feed,5d5231f61611f000083ff455,"Mueang Chiang Mai, Thailand"
2019-08-15T03:05:01+00:00,,Chiang Mai Immigration,"18.77134418,98.97097492",foursquare-feed,5d54cbdd9e7c31000875e014,"Mueang Chiang Mai, Thailand"
2019-08-15T04:02:07+00:00,,The Salad Concept,"18.79680340,98.96629505",foursquare-feed,5d54d93fbe7acf000870205e,"Mueang Chiang Mai, Thailand"
2019-08-15T06:47:45+00:00,,Tiger Ted Café,"18.80222606,98.96643578",foursquare-feed,5d55001104c7230007c0fd9a,"Mueang Chiang Mai, Thailand"
2019-08-16T14:06:49+00:00,,See Paak Restaurant,"18.92158943,98.94193228",foursquare-feed,5d56b8796eec5400083a35c7,"Mae Rim, Thailand"
2019-08-19T11:21:28+00:00,,level9,"18.79653300,98.98106800",foursquare-feed,5d5a86384b9913000896e4dd,"เชียงใหม่, Thailand"
2019-08-22T07:37:36+00:00,,Food4thought,"18.80609601,98.96137775",foursquare-feed,5d5e46401cb52c00089a8474,"Mueang Chiang Mai, Thailand"
2019-08-25T03:48:17+00:00,,The Ironwood,"18.91042385,98.91189595",foursquare-feed,5d62050116c12b0007fe8b5c,"Mae Rim, Thailand"
2019-08-25T11:49:15+00:00,,ครัวคำหวาน,"18.92174700,98.94002500",foursquare-feed,5d6275bbbab2080008c56176,"Mae Rim, Thailand"
2019-08-27T07:02:23+00:00,,www.Bywoodwind.com,"18.77746500,99.01301700",foursquare-feed,5d64d57f7bb82f000713cc49,"Wat Ket, Thailand"
2019-09-01T05:00:31+00:00,,Cafe' de Groove,"18.83673300,99.00368500",foursquare-feed,5d6b506f1d360a0008157b24,Thailand
2019-09-01T06:53:24+00:00,,Pizzeria Giotto,"18.82407370,99.01051199",foursquare-feed,5d6b6ae432139e0008d178eb,"Mueang Chiang Mai, Thailand"
2019-09-05T01:39:30+00:00,,Chiang Mai Immigration,"18.77134418,98.97097492",foursquare-feed,5d706752ee96d800086c8c59,"Mueang Chiang Mai, Thailand"
2019-09-05T06:06:30+00:00,,I Din Klin Krog,"18.79697467,98.96632425",foursquare-feed,5d70a5e69afb3e0009c7c049,"Mueang Chiang Mai, Thailand"
2019-09-06T12:42:38+00:00,,เดิมเดิม,"18.82324991,98.96417168",foursquare-feed,5d72543e981b2e0008c24641,"Mueang Chiang Mai, Thailand"
2019-09-14T02:44:34+00:00,,Sausage King Garden,"18.83274755,99.01934624",foursquare-feed,5d7c5412af9f1a00083c9a22,"Mueang Chiang Mai, Thailand"
2019-09-15T06:02:31+00:00,,Hong Beach,"18.91134561,98.90542207",foursquare-feed,5d7dd3f78883190007a72378,"Mae Rim, Thailand"
2019-09-15T10:55:46+00:00,,Let It Be,"18.91575600,98.94223500",foursquare-feed,5d7e18b2c8b8370007c14e62,Thailand
2019-09-20T10:09:57+00:00,,Hakone​ Cafe,"18.75432600,99.01357000",foursquare-feed,5d84a5759e20710008647cf8,"เมือง, Thailand"
2019-09-21T05:32:29+00:00,,Chiangdao Camp,"19.36332731,98.92759319",foursquare-feed,5d85b5ed6f86a60008286dba,Thailand
2019-09-22T02:20:21+00:00,,Hot Spring เชียงดาว,"19.36304764,98.92356686",foursquare-feed,5d86da658ef5050008f52c5c,Thailand
2019-09-26T06:29:19+00:00,,Star Visa Service,"18.79456757,98.99697339",foursquare-feed,5d8c5abf63ac9e000870af32,Thailand
2019-09-26T10:34:17+00:00,,See Paak Restaurant,"18.92158943,98.94193228",foursquare-feed,5d8c942918f4480008380695,"Mae Rim, Thailand"
2019-10-03T06:40:59+00:00,,Café de Oasis,"18.82474308,98.95955985",foursquare-feed,5d9597fb32d7fe000764abb8,"Mueang Chiang Mai, Thailand"
2019-10-04T06:19:26+00:00,,The Duke's,"18.80223723,98.96662236",foursquare-feed,5d96e46e9d36ee00073562b4,"Mueang Chiang Mai, Thailand"
2019-10-05T07:22:51+00:00,,ก๋วยเตี๋ยวหมูต้มยำ สูตรพิษณุโลก,"18.79595600,99.02457900",foursquare-feed,5d9844cbebc68f0008b6ffad,Thailand
2019-10-06T12:37:30+00:00,,Grooveyard,"18.91204700,98.93226400",foursquare-feed,5d99e00aec481e00085be4c6,"Mae Rim, Thailand"
2019-10-10T01:47:45+00:00,,Domestic Departures,"18.76967403,98.96820799",foursquare-feed,5d9e8dc13f46de0007a0bcde,"Mueang Chiang Mai, Thailand"
2019-10-10T04:06:57+00:00,,Don Mueang International Airport,"13.91759694,100.60160266",foursquare-feed,5d9eae61fc66cd000737f469,"Don Mueang, Thailand"
2019-10-10T04:48:39+00:00,,Mango Mood,"13.79033000,100.54500900",foursquare-feed,5d9eb82705575e0008496156,"Phra Nakhon, Thailand"
2019-10-10T08:27:30+00:00,,MBK Center,"13.74558077,100.53018005",foursquare-feed,5d9eeb722e390100087c24c9,"Pathum Wan, Thailand"
2019-10-11T00:29:18+00:00,,All Seasons Place,"13.73910315,100.54772145",foursquare-feed,5d9fccde03aa090008932780,"Pathum Wan, Thailand"
2019-10-11T00:30:29+00:00,,Au Bon Pain,"13.73923286,100.54733475",foursquare-feed,5d9fcd253d46b900087f10ca,"Pathum Wan, Thailand"
2019-10-11T03:05:56+00:00,,Sindhorn Building,"13.73584021,100.54519818",foursquare-feed,5d9ff194eb9b790008c0b444,"Pathum Wan, Thailand"
2019-10-11T04:35:19+00:00,,Don Mueang International Airport,"13.91759694,100.60160266",foursquare-feed,5da0068717878600077484ba,"Don Mueang, Thailand"
2019-10-11T04:53:35+00:00,,Domestic Departure Passenger Hall,"13.91808134,100.60134621",foursquare-feed,5da00acf17d12a00080cfc11,"Don Mueang, Thailand"
2019-10-11T10:09:59+00:00,,Chiang Mai Immigration,"18.77134418,98.97097492",foursquare-feed,5da054f77604ea0007b90d7a,"Mueang Chiang Mai, Thailand"
2019-10-11T10:33:29+00:00,,Central Chiangmai Airport,"18.76915690,98.97502999",foursquare-feed,5da05a797604ea0007c26511,"Mueang Chiang Mai, Thailand"
2019-10-13T12:52:51+00:00,,Bangkok Hospital Chiang Mai,"18.78876573,99.02631387",foursquare-feed,5da31e236995800007cbe5c1,"Mueang Chiang Mai, Thailand"
2019-10-22T03:23:08+00:00,,Chiang Mai International Airport,"18.76925805,98.96797035",foursquare-feed,5dae761c55deb10008f52cc9,"Mueang Chiang Mai, Thailand"
2019-10-22T05:16:46+00:00,,Don Mueang International Airport,"13.91759694,100.60160266",foursquare-feed,5dae90be00b8be00085b33b8,"Don Mueang, Thailand"
2019-10-22T06:09:57+00:00,,Mango Mood,"13.79033000,100.54500900",foursquare-feed,5dae9d356a96f300083dfd56,"Phra Nakhon, Thailand"
2019-10-22T07:49:17+00:00,,Mixt Chatuchak,"13.80188695,100.55093050",foursquare-feed,5daeb47dcf0110000817ca4b,"Chatuchak, Thailand"
2019-10-22T10:01:33+00:00,,PTT Station,"13.32741737,99.82939749",foursquare-feed,5daed37d3674790008ba0c66,"Khao Yoi, Thailand"
2019-10-23T12:04:08+00:00,,I Sea,"12.74040305,99.96614504",foursquare-feed,5db041b813aa4f0008efb395,"Cha-am, Thailand"
2019-10-24T05:57:32+00:00,,Veranda Resort and Spa,"12.74031700,99.96562990",foursquare-feed,5db13d4c7ae54b00079a3861,"Cha-am, Thailand"
2019-10-24T06:47:50+00:00,,Mrigadayavan Palace,"12.69824514,99.96296883",foursquare-feed,5db14916537b35000842698e,"Cha-am, Thailand"
2019-10-24T12:45:23+00:00,,Mango Mood,"13.79033000,100.54500900",foursquare-feed,5db19ce30fba160008812245,"Phra Nakhon, Thailand"
2019-10-25T03:00:44+00:00,,Hub 39,"13.78809894,100.54198971",foursquare-feed,5db2655cad03650007dfd32e,"Phaya Thai, Thailand"
2019-10-25T05:30:26+00:00,,Craftsman Bangkok,"13.78759790,100.54484526",foursquare-feed,5db28872d57e6e0008274c22,"Phaya Thai, Thailand"
2019-10-25T07:36:42+00:00,,The Grand Palace,"13.75149789,100.49209274",foursquare-feed,5db2a60a83365b00089222ed,"Phra Nakhon, Thailand"
2019-10-25T08:29:50+00:00,,Sala Arun Cafe & Residence,"13.74516819,100.49082423",foursquare-feed,5db2b27effab2800072eac4b,"Phra Nakhon, Thailand"
2019-10-25T09:08:49+00:00,,Eat Sight Story,"13.74530192,100.49061464",foursquare-feed,5db2bba1ad036500076c6477,"Phra Nakhon, Thailand"
2019-10-25T12:00:25+00:00,,ทเว้นตี้ไฟว์ ดีกรีส์,"13.72571100,100.52580000",foursquare-feed,5db2e3d966f9e20008a23a53,"Bang Rak, Thailand"
2019-10-26T03:55:50+00:00,,Craftsman Bangkok,"13.78759790,100.54484526",foursquare-feed,5db3c3c6d57e6e0008f63ee8,"Phaya Thai, Thailand"
2019-10-26T05:46:09+00:00,,Casa Lapin,"13.78115837,100.54461508",foursquare-feed,5db3dda1c73894000891fc9d,"Phaya Thai, Thailand"
2019-10-26T05:56:01+00:00,,Mango Mood,"13.79033000,100.54500900",foursquare-feed,5db3dff1725d990007e08f10,"Phra Nakhon, Thailand"
2019-10-26T07:02:57+00:00,,Domestic Departure Passenger Hall,"13.91808134,100.60134621",foursquare-feed,5db3efa18ebf4f0008278f8d,"Don Mueang, Thailand"
2019-10-26T07:09:18+00:00,,Miracle Co-Working Space,"13.91769442,100.60064386",foursquare-feed,5db3f11e3a71020008bf71d5,"Don Mueang, Thailand"
2019-10-26T11:42:35+00:00,,Chiang Mai International Airport,"18.76925805,98.96797035",foursquare-feed,5db4312bed97eb00088c5540,"Mueang Chiang Mai, Thailand"
2019-11-01T11:00:40+00:00,,เดิมเดิม,"18.82324991,98.96417168",foursquare-feed,5dbc1058d7db290008d80b15,"Mueang Chiang Mai, Thailand"
2019-11-05T11:05:03+00:00,,N THRÉE coffee & eatery,"18.91906800,98.93193200",foursquare-feed,5dc1575f5e64ff000845c372,"Mae Rim, Thailand"
2019-11-07T06:08:14+00:00,,Café de Oasis,"18.82474308,98.95955985",foursquare-feed,5dc3b4ce426b600008d228cb,"Mueang Chiang Mai, Thailand"
2019-11-09T03:56:15+00:00,,Houses And Horses,"18.90597500,98.94463900",foursquare-feed,5dc638df7316f20008909bc0,"Mae Rim, Thailand"
2019-11-10T12:06:21+00:00,,Central Chiangmai,"18.80656297,99.01784901",foursquare-feed,5dc7fd3d70cedd000774eeb0,"Mueang Chiang Mai, Thailand"
2019-11-15T12:11:36+00:00,,Rimdoi Resort,"19.43667188,98.96682976",foursquare-feed,5dce95f8536a010008c9a582,"Chiang Dao, Thailand"
2019-11-16T01:26:44+00:00,,Kusuma Coffee,"19.65258300,99.14682000",foursquare-feed,5dcf50549461bd00080f1bb3,"Chai Prakan, Thailand"
2019-11-16T05:48:42+00:00,,Maple Coffee,"19.80490052,99.16840870",foursquare-feed,5dcf8dbae1838a0007ee4720,"Fang, Thailand"
2019-11-16T08:17:55+00:00,,จุดชมวิวม่อนสน,"19.86232754,99.05174173",foursquare-feed,5dcfb0b3c765840007de767b,"Fang, Thailand"
2019-11-16T23:49:20+00:00,,ดอยอ่างขาง,"19.86266484,99.05156162",foursquare-feed,5dd08b00d1c80e00082408c4,"Mueang Na, Thailand"
2019-11-17T04:14:29+00:00,,Wat Tham Chiang Dao,"19.39403720,98.92826370",foursquare-feed,5dd0c92530d27800086a13ca,"Chiang Dao, Thailand"
2019-11-17T06:05:19+00:00,,Chiang Dao Cave,"19.39418267,98.92944223",foursquare-feed,5dd0e31fe57e8d00071794a7,"Chiang Dao, Thailand"
2019-11-18T01:52:33+00:00,,Domestic Departures,"18.76967403,98.96820799",foursquare-feed,5dd1f9610aef6b00080fdfd5,"Mueang Chiang Mai, Thailand"
2019-11-18T04:35:47+00:00,,Don Mueang International Airport,"13.91759694,100.60160266",foursquare-feed,5dd21fa330d2780008658f95,"Don Mueang, Thailand"
2019-11-18T05:23:00+00:00,,Casa Lapin,"13.78115837,100.54461508",foursquare-feed,5dd22ab4d0572e00074a929c,"Phaya Thai, Thailand"
2019-11-18T08:20:53+00:00,,AIS Shop @Shinawatra Tower 1,"13.78300400,100.54673300",foursquare-feed,5dd25465d0572e00078b822a,"Payathai, Thailand"
2019-11-18T10:32:01+00:00,,Starbucks,"13.77995669,100.54481947",foursquare-feed,5dd273216cbc530008fd02c3,"Phaya Thai, Thailand"
2019-11-18T10:41:51+00:00,,Cast Iron Burgerhaus,"13.78123774,100.54455565",foursquare-feed,5dd2756f8ae6a80008676fc8,"Phaya Thai, Thailand"
2019-11-18T11:49:59+00:00,,Don Mueang International Airport,"13.91759694,100.60160266",foursquare-feed,5dd2856761f7df0008440ced,"Don Mueang, Thailand"
2019-11-18T11:57:50+00:00,,Miracle Lounge,"13.92016481,100.60337577",foursquare-feed,5dd2873e92740c0008af85a8,"Don Mueang, Thailand"
2019-11-21T10:14:11+00:00,,Mama Mia,"18.86978613,99.01552323",foursquare-feed,5dd6637341ba0400084842f2,"San Sai, Thailand"
2019-11-28T05:02:59+00:00,,SUBWAY,"18.82399023,99.01177262",foursquare-feed,5ddf55030ba0de0008fa65ce,"Mueang Chiang Mai, Thailand"
2019-12-01T11:17:53+00:00,,Grooveyard,"18.91204700,98.93226400",foursquare-feed,5de3a1610c772c0008e7cc16,"Mae Rim, Thailand"
2019-12-04T05:19:30+00:00,,Café de Oasis,"18.82474308,98.95955985",foursquare-feed,5de741e2e07ae30008bb7790,"Mueang Chiang Mai, Thailand"
2019-12-06T12:10:01+00:00,,See Paak Restaurant,"18.92158943,98.94193228",foursquare-feed,5dea451901ee9000089bc95d,"Mae Rim, Thailand"
2019-12-07T11:24:55+00:00,,Let It Be,"18.91575600,98.94223500",foursquare-feed,5deb8c07d71e7f00088da42a,Thailand
2019-12-12T07:00:58+00:00,,The Mexican Grill,"18.78499495,98.95829067",foursquare-feed,5df1e5aa94b8fa000892f6c8,"Mueang Chiang Mai, Thailand"
2019-12-12T08:17:14+00:00,,Lobby,"18.75440000,98.88888100",foursquare-feed,5df1f78a8ab89200081adc4d,Thailand
2019-12-17T11:21:53+00:00,,Grooveyard,"18.91204700,98.93226400",foursquare-feed,5df8ba51bfdf0b00083ecd66,"Mae Rim, Thailand"
2019-12-19T06:14:01+00:00,,Omelette Bakery Cafe,"18.91542055,98.94218037",foursquare-feed,5dfb15292eff74000870641a,"Mae Rim, Thailand"
2019-12-20T11:30:54+00:00,,Let It Be,"18.91575600,98.94223500",foursquare-feed,5dfcb0ee80583400072d6494,Thailand
2019-12-24T05:53:33+00:00,,The Salad Concept,"18.79680340,98.96629505",foursquare-feed,5e01a7dd8fcd1f00072140c7,"Mueang Chiang Mai, Thailand"
2019-12-24T11:43:02+00:00,,MICU3 รพ.นครพิงค์,"18.85275000,98.96736900",foursquare-feed,5e01f9c665cc4f000857c9a5,"ดอนแก้ว, Thailand"
2019-12-26T06:52:54+00:00,,Pankled Coffee,"19.11508485,98.78500084",foursquare-feed,5e0458c6d4cb120008204321,"Mae Taeng, Thailand"
2019-12-27T01:55:48+00:00,,Om Garden Cafe,"19.35723428,98.44084742",foursquare-feed,5e0564a442973600071b56f2,"Pai, Thailand"
2019-12-27T04:49:35+00:00,,Village Farm,"19.35782042,98.44968540",foursquare-feed,5e058d5f06e38400083953fc,"Pai, Thailand"
2019-12-27T06:16:54+00:00,,Tubpi,"19.35202100,98.44251000",foursquare-feed,5e05a1d62da0bf0008c885d5,"Pai, Thailand"
2019-12-27T10:56:28+00:00,,Reverie Siam,"19.34871723,98.44245285",foursquare-feed,5e05e35c96052400089e2287,"Pai, Thailand"
2019-12-28T01:57:55+00:00,,Café d'tist,"19.35903768,98.44491281",foursquare-feed,5e06b6a3fbd48100082584c1,"Pai, Thailand"
2019-12-28T04:44:59+00:00,,Lemon Thyme Cafe,"19.35813866,98.44466997",foursquare-feed,5e06ddcb3f7f9d000740a42c,"Pai, Thailand"
2019-12-28T05:46:09+00:00,,Art Farm Studio,"19.38733900,98.44808000",foursquare-feed,5e06ec21200fba00077370cb,"ตำบล เวียงเหนือ, Thailand"
2019-12-28T09:35:28+00:00,,ศูนย์วัฒนธรรมจีนยูนนาน,"19.37094100,98.40335700",foursquare-feed,5e0721e03f7f9d0007b4c7bd,Thailand
2019-12-28T12:11:13+00:00,,Baan Suan Mae Rim Restaurant,"18.94452533,98.94478418",foursquare-feed,5e07466144808300083dc4d8,"Mae Rim, Thailand"
2019-12-28T13:42:41+00:00,,Caltex,"18.91780375,98.94388970",foursquare-feed,5e075bd17c36be0008baeabb,"Mae Rim, Thailand"
2019-12-29T05:34:39+00:00,,Lumdee Te Khuadang,"18.79842642,99.03323750",foursquare-feed,5e083aefb2b8ed000796fd68,"Mueang Chiang Mai, Thailand"
2019-12-30T11:31:41+00:00,,Grooveyard,"18.91204700,98.93226400",foursquare-feed,5e09e01db41e2d000737e1e4,"Mae Rim, Thailand"
2019-12-31T04:02:03+00:00,,Makro,"18.78541355,99.02844478",foursquare-feed,5e0ac83beab2aa00083935ba,"Mueang Chiang Mai, Thailand"
2020-01-01T05:51:44+00:00,,and ann coffee,"18.91251825,98.93531226",foursquare-feed,5e0c3370a711cc0008ea6e79,Thailand
2020-01-01T11:53:25+00:00,,Terra,"18.91670200,98.93175500",foursquare-feed,5e0c8835c1b3a100080a4cf0,Thailand
2020-01-03T03:17:52+00:00,,Omelette Bakery Cafe,"18.91542055,98.94218037",foursquare-feed,5e0eb260b61078000995108c,"Mae Rim, Thailand"
2020-01-04T03:01:57+00:00,,Omelette Bakery Cafe,"18.91542055,98.94218037",foursquare-feed,5e100025dd653a000886a05b,"Mae Rim, Thailand"
2020-01-07T05:06:00+00:00,,Siam Commercial Bank,"18.79886644,98.96710185",foursquare-feed,5e1411b8baff60000754cade,"Mueang Chiang Mai, Thailand"
2020-01-07T05:26:47+00:00,,Manifreshto,"18.79869747,98.96861819",foursquare-feed,5e1416975aa57d0008a94684,"Mueang Chiang Mai, Thailand"
2020-01-08T11:42:22+00:00,,Doi Pui,"18.81570396,98.88464014",foursquare-feed,5e15c01e52808200083171d6,"Mueang Chiang Mai, Thailand"
2020-01-11T07:53:17+00:00,,The Garden Restaurant,"18.81922946,99.02042434",foursquare-feed,5e197eed4c64af0008872d37,"Mueang Chiang Mai, Thailand"
2020-01-12T11:35:00+00:00,,Grooveyard,"18.91204700,98.93226400",foursquare-feed,5e1b0464720dc900087ddfd9,"Mae Rim, Thailand"
2020-01-19T08:40:20+00:00,,and ann coffee,"18.91251825,98.93531226",foursquare-feed,5e2415f4637fbc0008127ac7,Thailand
2020-01-20T11:31:22+00:00,,ครัวดวงสมพงษ์,"18.89672414,98.94844711",foursquare-feed,5e258f8a1991570008a532f1,"Mae Sa, Thailand"
2020-01-23T06:35:22+00:00,,Food4thought,"18.80609601,98.96137775",foursquare-feed,5e293eaa6e072400082ca1e4,"Mueang Chiang Mai, Thailand"
2020-01-25T03:34:48+00:00,,NM Dental Clinic,"18.81097100,99.02797100",foursquare-feed,5e2bb758dd408b0008446a71,"San Sai, Thailand"
2020-01-25T04:43:36+00:00,,Jario Coffee,"18.82797849,99.01232184",foursquare-feed,5e2bc778dc08bd00089b9d9e,"Ban San Sai, Thailand"
2020-01-26T09:02:24+00:00,,Lamona View Swimming Pool,"18.91610200,98.94262100",foursquare-feed,5e2d55a067fd7300087e4b92,"Mae Rim, Thailand"
2020-02-02T12:44:14+00:00,,Grooveyard,"18.91204700,98.93226400",foursquare-feed,5e36c41e7fa22e000953f87c,"Mae Rim, Thailand"
2020-02-05T11:14:36+00:00,,salsa kitchen,"18.82658885,99.00693300",foursquare-feed,5e3aa39cc43b21000813183f,Thailand
2020-02-14T11:28:59+00:00,,Ginger Farm Kitchen,"18.79998891,98.96758432",foursquare-feed,5e46847b35662e000847f70c,"Chiang Mai, Thailand"
2020-02-15T04:37:09+00:00,,SUBWAY,"18.82399023,99.01177262",foursquare-feed,5e477575c88b3b0008a4e2e4,"Mueang Chiang Mai, Thailand"
2020-02-15T11:49:56+00:00,,Terra,"18.91670200,98.93175500",foursquare-feed,5e47dae45a6e670008b93fc4,Thailand
2020-03-28T04:40:49+00:00,,Laem Phrom Thep,"7.76296773,98.30556939",foursquare-feed,5e7ed55107594c0008f32ca4,"Mueang Phuket, Thailand"
2020-03-28T04:53:36+00:00,,Yanui Beach,"7.76756655,98.30652638",foursquare-feed,5e7ed850494292000817797d,"Mueang Phuket, Thailand"
2020-03-28T07:24:46+00:00,,Karon View Point,"7.79727632,98.30219749",foursquare-feed,5e7efbbe7278e000084a6bb2,"Mueang Phuket, Thailand"
2020-03-29T07:07:03+00:00,,Makro,"8.02026498,98.33486073",foursquare-feed,5e8049176648b70008706fae,"Thalang, Thailand"
2020-03-31T05:17:24+00:00,,KASIKORNBANK,"8.02484852,98.33358942",foursquare-feed,5e82d264b5b6e90008635092,"Thalang, Thailand"
2020-04-09T01:02:16+00:00,,A Spoonful of Sugar,"7.78915938,98.31742433",foursquare-feed,5e8e7418cd6cb80008d25a21,"Mueang Phuket, Thailand"
2020-04-12T11:05:26+00:00,,modena pizza,"7.80046471,98.32909160",foursquare-feed,5e92f5f63039ca00075a9fba,"Rawai, Thailand"
2020-04-14T06:59:28+00:00,,Sala Mexicali,"7.80638525,98.33650171",foursquare-feed,5e955f506ee9f400087f55c4,"Phuket, Thailand"
2020-04-26T11:59:55+00:00,,Baan Kanom,"7.77245000,98.32229900",foursquare-feed,5ea577bb3e4e8b000861876b,Thailand
2020-04-30T02:49:52+00:00,,Bangchak Petrol Station,"7.80778000,98.33682500",foursquare-feed,5eaa3cd0215aaa0008b85883,"อ.เมืองภูเก็ต, Thailand"
2020-05-01T10:09:43+00:00,,Phuket Checkpoint,"8.18113573,98.29957640",foursquare-feed,5eabf56785b75b0008bd35a5,"Thalang, Thailand"
2020-05-01T11:17:23+00:00,,ระเบียงเล,"8.29269800,98.27249000",foursquare-feed,5eac05437db54800080e85ab,"Khok Kloi, Thailand"
2020-05-01T12:15:53+00:00,,7-Eleven,"8.59140537,98.25688612",foursquare-feed,5eac12f9742e1e000854f10a,"Thai Mueang, Thailand"
2020-05-01T12:52:32+00:00,,X2 Khao Lak Anda Mani,"8.61366600,98.23886000",foursquare-feed,5eac1b9043d85500078d502d,"Thai Muang, Thailand"
2020-05-01T23:32:21+00:00,,ปั้มบางจาก,"9.22546081,98.38616618",foursquare-feed,5eacb185e26e320007b4223b,"คุระบุรี, Thailand"
2020-05-02T00:08:49+00:00,,ครัวสุขสำราญ,"9.36547981,98.42357619",foursquare-feed,5eacba117db54800080d2672,Thailand
2020-05-02T01:35:55+00:00,,ตู้ยามสันติ ระนอง,"9.78968400,98.77671600",foursquare-feed,5eacce7b34644900070e8ac1,Thailand
2020-05-02T03:33:13+00:00,,PTT Station,"10.93026630,99.28959911",foursquare-feed,5eace9f97db54800084abed7,"Pathio, Thailand"
2020-05-02T10:01:29+00:00,,Shell,"13.93741570,100.61089375",foursquare-feed,5ead44f985b75b0008938a0f,"Don Mueang, Thailand"
2020-05-02T22:33:39+00:00,,Starbucks,"14.20148314,100.60787779",foursquare-feed,5eadf5436ac7c500085fc41a,"Bang Pa-in, Thailand"
2020-05-03T01:41:44+00:00,,PTT,"16.50283272,99.48295615",foursquare-feed,5eae215843d855000760b0c9,"Kamphaeng Phet, Thailand"
2020-05-09T01:51:07+00:00,,Nakornping Hospital,"18.85190899,98.96764678",foursquare-feed,5eb60c8bed7aac0008704056,"Mae Rim, Thailand"
2020-05-19T11:37:51+00:00,,Grooveyard,"18.91204700,98.93226400",foursquare-feed,5ec3c50f5b3a1d000828b165,"Mae Rim, Thailand"
2020-05-22T05:26:51+00:00,,The Duke's,"18.80223723,98.96662236",foursquare-feed,5ec7629b0919a1000774dfc2,"Mueang Chiang Mai, Thailand"
2020-05-23T01:55:45+00:00,,NM Dental Clinic,"18.81097100,99.02797100",foursquare-feed,5ec882a14c27460008a744b8,"San Sai, Thailand"
2020-05-23T11:10:51+00:00,,Baan Suan Mae Rim Restaurant,"18.94452533,98.94478418",foursquare-feed,5ec904bb11ca8400086a743b,"Mae Rim, Thailand"
2020-05-26T06:19:47+00:00,,Ohlanla Coffee,"18.91881000,98.92624600",foursquare-feed,5eccb5030919a10007ef2dbf,Thailand
2020-06-01T11:57:08+00:00,,Let It Be,"18.91575600,98.94223500",foursquare-feed,5ed4ed140919a10007a0c9fb,Thailand
2020-06-05T10:25:17+00:00,,สถานีตำรวจภูธรช้างเผือก,"18.81883736,98.97561310",foursquare-feed,5eda1d8dab66540be92efa86,"Mueang Chiang Mai, Thailand"
2020-06-10T01:58:24+00:00,,Esso,"18.80857045,98.97436220",foursquare-feed,5ee03e4034adad6c7af7fea3,"Mueang Chiang Mai, Thailand"
2020-06-22T10:10:12+00:00,,คลินิก บ้านหมอเป้,"18.81714405,99.00296195",foursquare-feed,5ef08384bcc8fb00082d9025,Thailand
2020-06-24T11:10:11+00:00,,Grooveyard,"18.91204700,98.93226400",foursquare-feed,5ef3349363a15a71a41bc298,"Mae Rim, Thailand"
2020-06-26T12:35:38+00:00,,Grooveyard,"18.91204700,98.93226400",foursquare-feed,5ef5eb9a95bd8d6171f3b798,"Mae Rim, Thailand"
2020-06-27T07:06:47+00:00,,Cafe De Saigon,"18.91305500,98.93792400",foursquare-feed,5ef6f0071c14497852809306,"Mae Rim, Thailand"
2020-07-03T11:14:12+00:00,,Teak Table,"18.82515729,98.95853926",foursquare-feed,5eff1304d985824f7132f830,"Mueang Chiang Mai, Thailand"
2020-07-06T06:31:38+00:00,,Chiang Mai International Airport,"18.76925805,98.96797035",foursquare-feed,5f02c54ae7f5b67dca55b577,"Mueang Chiang Mai, Thailand"
2020-07-16T07:13:31+00:00,,Omelette Bakery Cafe,"18.91542055,98.94218037",foursquare-feed,5f0ffe1b299fb3640294e57f,"Mae Rim, Thailand"
2020-07-17T11:44:38+00:00,,Nern Noom Cafe,"18.86230600,98.95691400",foursquare-feed,5f118f26dc98763dd5956be7,"Mae Rim, Thailand"
2020-07-20T02:59:45+00:00,,Airport Business Park,"18.77245409,98.97479564",foursquare-feed,5f1508a126ac8f45b67c0811,"Mueang Chiang Mai, Thailand"
2020-07-24T09:50:59+00:00,,Chiang Mai International Airport,"18.76925805,98.96797035",foursquare-feed,5f1aaf0397390166bea316f1,"Mueang Chiang Mai, Thailand"
2020-07-24T15:12:34+00:00,,Don Mueang International Airport,"13.91759694,100.60160266",foursquare-feed,5f1afa62bdd22d35d6a5d414,"Don Mueang, Thailand"
2020-07-25T04:31:06+00:00,,Emporium Department Store,"13.73060828,100.56908550",foursquare-feed,5f1bb58a9678c20254102823,"Khlong Toei, Thailand"
2020-07-25T04:43:48+00:00,,อนาเธอร์ฮาวด์ คาเฟ่,"13.73083574,100.56860152",foursquare-feed,5f1bb8842138b4234d25af54,"Khlong Toei, Thailand"
2020-07-25T08:45:01+00:00,,Wat That Tong,"13.72008304,100.58605671",foursquare-feed,5f1bf10dbdd22d35d600782c,"Vadhana, Thailand"
2020-07-26T05:18:56+00:00,,TOM N TOMS,"13.71927500,100.58520000",foursquare-feed,5f1d1240daba1440d75037ee,"Khlong Toei, Thailand"
2020-07-26T07:40:20+00:00,,Don Mueang International Airport,"13.91759694,100.60160266",foursquare-feed,5f1d336473b23763374d3753,"Don Mueang, Thailand"
2020-07-26T10:11:50+00:00,,Chiang Mai International Airport,"18.76925805,98.96797035",foursquare-feed,5f1d56e65feb6043c012b1e7,"Mueang Chiang Mai, Thailand"
2020-07-27T10:56:07+00:00,,Convention Hall 2 @ Le Meridien,"18.78441498,98.99990827",foursquare-feed,5f1eb2c70a14ed23656f5436,"Mueang Chiang Mai, Thailand"
2020-07-29T02:09:02+00:00,,Bangkok Hospital Chiang Mai,"18.78876573,99.02631387",foursquare-feed,5f20da3ea9b44943fcd61d06,"Mueang Chiang Mai, Thailand"
2020-08-01T02:55:31+00:00,,Omelette Bakery Cafe,"18.91542055,98.94218037",foursquare-feed,5f24d9a3255d421276a0eb2d,"Mae Rim, Thailand"
2020-08-02T02:55:27+00:00,,Honda Safety Riding Park Chiang Mai,"18.85004826,99.08712096",foursquare-feed,5f262b1f337d1e6842d59c61,"ดอยสะเก็ด, Thailand"
2020-08-04T05:49:05+00:00,,สำนักงานขนส่งจังหวัดเชียงใหม่,"18.74517813,98.96210554",foursquare-feed,5f28f6d113d10f0c80ec2e19,"Mueang Chiang Mai, Thailand"
2020-08-04T06:28:12+00:00,,The Mexican Grill,"18.78499495,98.95829067",foursquare-feed,5f28fffc210e417afb60b5d5,"Mueang Chiang Mai, Thailand"
2020-08-07T11:43:37+00:00,,Pizzeria Giotto,"18.82407370,99.01051199",foursquare-feed,5f2d3e69a348553a5660d9cf,"Mueang Chiang Mai, Thailand"
2020-08-08T01:49:02+00:00,,Honda Safety Riding Park Chiang Mai,"18.85004826,99.08712096",foursquare-feed,5f2e048e9aaf9a6053da5f1e,"ดอยสะเก็ด, Thailand"
2020-08-08T11:53:05+00:00,,BUCOLIQ,"18.86297700,99.07522100",foursquare-feed,5f2e92210b42724ed2017b32,Thailand
2020-08-09T05:10:12+00:00,,Abacus Coffee,"18.85657172,99.09984879",foursquare-feed,5f2f853433104b20372f5b0d,"San Pa Pao, Thailand"
2020-08-09T05:10:25+00:00,,Horizon Village And Resort Chiang Mai,"18.85663800,99.09867251",foursquare-feed,5f2f854183106d1ab0d4b356,"Mueang Chiang Mai, Thailand"
2020-08-12T01:25:25+00:00,,Omelette Bakery Cafe,"18.91542055,98.94218037",foursquare-feed,5f334505c6c49c69a62a16c8,"Mae Rim, Thailand"
2020-08-15T08:07:29+00:00,,ก๋วยเตี๋ยวรสเยี่ยม สูตรไต้หวัน,"18.87849800,98.96171600",foursquare-feed,5f3797c102403d5243f5835d,"Don Kaeo, Thailand"
2020-08-20T09:53:15+00:00,,The Salad Concept,"18.79680340,98.96629505",foursquare-feed,5f3e480b5281e50c88ff4843,"Mueang Chiang Mai, Thailand"
2020-08-22T06:23:52+00:00,,Natwat Home Café,"18.79953691,99.00423671",foursquare-feed,5f40b9f832285d1fb6d8cc97,"Mueang Chiang Mai, Thailand"
2020-08-25T04:15:00+00:00,,Health Care Medical Clinic,"18.75639920,98.96857436",foursquare-feed,5f44904449ed712103cae3e8,"Mueang Chiang Mai, Thailand"
2020-08-25T05:38:26+00:00,,สำนักงานขนส่งจังหวัดเชียงใหม่,"18.74517813,98.96210554",foursquare-feed,5f44a3d2db643439a93c8105,"Mueang Chiang Mai, Thailand"
2020-08-26T05:38:57+00:00,,Café de Oasis,"18.82474308,98.95955985",foursquare-feed,5f45f5711f404d27c73c52e1,"Mueang Chiang Mai, Thailand"
2020-08-29T08:35:23+00:00,,Omelette Bakery Cafe,"18.91542055,98.94218037",foursquare-feed,5f4a134b0327ec6017ba3f2b,"Mae Rim, Thailand"
2020-09-01T05:57:20+00:00,,Only Coffee,"18.79799600,98.96496600",foursquare-feed,5f4de2c079e3565f48dbe6ca,"Chiang Mai, Thailand"
2020-09-02T01:30:10+00:00,,สำนักงานขนส่งจังหวัดเชียงใหม่,"18.74517813,98.96210554",foursquare-feed,5f4ef5a28891dd453e0dcbf6,"Mueang Chiang Mai, Thailand"
2020-09-02T11:06:35+00:00,,Let It Be,"18.91575600,98.94223500",foursquare-feed,5f4f7cbb7e5d197c3ff0222e,Thailand
2020-09-05T11:58:45+00:00,,N THRÉE coffee & eatery,"18.91906800,98.93193200",foursquare-feed,5f537d75bc045f29730a5315,"Mae Rim, Thailand"
2020-09-08T02:12:08+00:00,,Starbucks,"18.77000106,98.97515027",foursquare-feed,5f56e878b8d6921c447b3ef0,"Mueang Chiang Mai, Thailand"
2020-09-08T03:02:52+00:00,,Chiang Mai Immigration,"18.77134418,98.97097492",foursquare-feed,5f56f45c18db30526c4f317a,"Mueang Chiang Mai, Thailand"
2020-09-08T05:43:44+00:00,,ก๋วยเตี๋ยวเรือ อองตอง,"18.79379901,98.97117478",foursquare-feed,5f571a10b8d6921c44dfd184,"Mueang Chiang Mai, Thailand"
2020-09-11T10:54:37+00:00,,Grooveyard,"18.91204700,98.93226400",foursquare-feed,5f5b576df9a7450aaac29a04,"Mae Rim, Thailand"
2020-09-16T10:48:26+00:00,,Yayoi,"18.80191312,98.96721965",foursquare-feed,5f61ed7a12fe940c184b2d66,"Mueang Chiang Mai, Thailand"
2020-09-20T06:47:32+00:00,,Chez Nous,"18.77522090,99.06011826",foursquare-feed,5f66fb0478c2b95fc8215cc9,"San Kamphaeng, Thailand"
2020-09-21T01:06:19+00:00,,ธาราอีซูซุ แยกศาลเด็ก,"18.80507550,99.02081513",foursquare-feed,5f67fc8bd6cca54379438b64,"Fa Ham, Thailand"
2020-09-21T02:01:25+00:00,,Chiang Mai International Airport,"18.76925805,98.96797035",foursquare-feed,5f680975a56b895c81ea45fe,"Mueang Chiang Mai, Thailand"
2020-09-21T02:01:37+00:00,,Gate 4,"18.76997021,98.96792130",foursquare-feed,5f6809817527846199f83891,"Mueang Chiang Mai, Thailand"
2020-09-21T04:02:49+00:00,,Suvarnabhumi Airport,"13.69200261,100.75055122",foursquare-feed,5f6825e997657d284c93eca3,"Bang Phli, Thailand"
2020-09-21T04:48:26+00:00,,ARL Makkasan,"13.75061893,100.56242977",foursquare-feed,5f68309a39e63838d73cd2ad,"Ratchathewi, Thailand"
2020-09-21T05:18:33+00:00,,Café Amazon,"13.74855000,100.56371000",foursquare-feed,5f6837a975278461994240f9,"Phra Nakhon, Thailand"
2020-09-21T06:15:59+00:00,,getfresh,"13.74868300,100.56418200",foursquare-feed,5f68451f4063b4717d228e1c,"Huai Khwang, Thailand"
2020-09-21T12:44:14+00:00,,Esplanade Ratchadapisek,"13.76605739,100.56959659",foursquare-feed,5f68a01ed6cca5437947a977,"Din Daeng, Thailand"
2020-09-22T03:58:17+00:00,,MRT Phra Ram 9,"13.75758587,100.56553058",foursquare-feed,5f69765907c65448b8069d69,"Din Daeng, Thailand"
2020-09-22T03:58:32+00:00,,Central Rama 9,"13.75803280,100.56592564",foursquare-feed,5f697668bf8fd70fa9e45257,"Huai Khwang, Thailand"
2020-09-22T04:26:18+00:00,,BTS Chong Nonsi,"13.72350556,100.52941530",foursquare-feed,5f697cea6a806156f0f7d6dd,"Bang Rak, Thailand"
2020-09-22T06:55:50+00:00,,Dean & DeLuca,"13.72245666,100.52965755",foursquare-feed,5f699ff67a07d54eb350d953,"Bang Rak, Thailand"
2020-09-22T09:04:15+00:00,,The Shoppes Grand Rama 9,"13.76000723,100.56912397",foursquare-feed,5f69be0f7a690326f6c12f77,"Huai Khwang, Thailand"
2020-09-22T14:35:11+00:00,,The Melting Clock,"13.72249100,100.58329300",foursquare-feed,5f6a0b9f2285e2720c2cbae8,"Vadhana, Thailand"
2020-09-23T04:27:00+00:00,,BITEC,"13.66961091,100.61000347",foursquare-feed,5f6ace94e14d0868d2f40ae4,"Bang Na, Thailand"
2020-09-23T10:33:40+00:00,,BTS National Stadium,"13.74661010,100.52886502",foursquare-feed,5f6b248415a3846c486eecbb,"Pathum Wan, Thailand"
2020-09-23T10:34:17+00:00,,MBK Center,"13.74558077,100.53018005",foursquare-feed,5f6b24a948e01a37d13797c1,"Pathum Wan, Thailand"
2020-09-23T11:46:09+00:00,,ARL Phaya Thai,"13.75709122,100.53506340",foursquare-feed,5f6b3581fc342972728577e9,"Ratchathewi, Thailand"
2020-09-24T01:22:36+00:00,,ธาราอีซูซุ แยกศาลเด็ก,"18.80507550,99.02081513",foursquare-feed,5f6bf4dc9aaffa71d7086c85,"Fa Ham, Thailand"
2020-09-26T03:43:52+00:00,,Phan Fa,"18.84492100,99.00524700",foursquare-feed,5f6eb8f8c49d1a1b9d4cc8e4,"Mueang Chiang Mai, Thailand"
2020-09-26T05:39:16+00:00,,Warm Cup,"18.84473300,98.98570300",foursquare-feed,5f6ed40493a8e706eeeb69dc,"Mueang Chiang Mai, Thailand"
2020-09-27T10:21:10+00:00,,N THRÉE coffee & eatery,"18.91906800,98.93193200",foursquare-feed,5f70679672254425e7d8db16,"Mae Rim, Thailand"
2020-09-28T10:00:33+00:00,,ครัวคำหวาน,"18.92174700,98.94002500",foursquare-feed,5f71b441a44dcf79d4e36c22,"Mae Rim, Thailand"
2020-09-29T10:47:33+00:00,,pansawan,"18.93203441,98.92460711",foursquare-feed,5f7310c52b1b4a0581d946af,Thailand
2020-10-01T10:35:34+00:00,,Pizzeria Giotto,"18.82407370,99.01051199",foursquare-feed,5f75b0f602808a5c868d62cb,"Mueang Chiang Mai, Thailand"
2020-10-03T02:54:06+00:00,,A 2 C U T,"18.85653338,98.96763060",foursquare-feed,5f77e7cee8e63c2b489e9451,Thailand
2020-10-03T04:34:47+00:00,,กำเบ้อ Gramber Cafe,"18.84419300,99.00448600",foursquare-feed,5f77ff6750977f7aba933e37,"ตำบล สันผีเสื้อ, Thailand"
2020-10-10T02:18:59+00:00,,Omelette Bakery Cafe,"18.91542055,98.94218037",foursquare-feed,5f811a13a4d205009c5b10e4,"Mae Rim, Thailand"
2020-10-10T09:12:29+00:00,,Central Department Store,"18.80861486,99.01797341",foursquare-feed,5f817afd78d202184283bc2a,"Mueang Chiang Mai, Thailand"
2020-10-11T09:51:31+00:00,,Lamona View Swimming Pool,"18.91610200,98.94262100",foursquare-feed,5f82d5a3b43fdb62cba774e9,"Mae Rim, Thailand"
2020-10-12T06:37:08+00:00,,Chiang Mai Immigration,"18.77134418,98.97097492",foursquare-feed,5f83f99462e7c6003ce85086,"Mueang Chiang Mai, Thailand"
2020-10-12T08:07:09+00:00,,Mom’s Kitchen,"18.83390100,98.97601700",foursquare-feed,5f840ead60cdad5f6f64a9ae,"เชียงใหม่, Thailand"
2020-10-15T02:49:09+00:00,,Bangkok Bank,"18.79587563,98.99675337",foursquare-feed,5f87b8a5913def5c0a1417f4,"Mueang Chaing Mai, Thailand"
2020-10-17T10:23:35+00:00,,Let It Be,"18.91575600,98.94223500",foursquare-feed,5f8ac627eec3034b3eb0d4cc,Thailand
2020-10-18T00:46:05+00:00,,PTT Station,"18.83368206,99.05696609",foursquare-feed,5f8b904d98652e56076cf257,"San Sai, Thailand"
2020-10-18T02:26:17+00:00,,PTT Station,"19.19333604,99.51403859",foursquare-feed,5f8ba7c92c8f4638fa34f143,"Wiang Pa Pao, Thailand"
2020-10-18T05:30:23+00:00,,The Riverie by Katathani,"19.91833205,99.82690115",foursquare-feed,5f8bd2ef3a14ba42f87c3a29,"Mueang Chiang Rai, Thailand"
2020-10-18T08:24:54+00:00,,ดุสิตไอส์แลนด์รีสอร์ท,"19.91827196,99.82685957",foursquare-feed,5f8bfbd653d3cd4e690e043a,"Mueang Chiang Rai, Thailand"
2020-10-19T06:05:36+00:00,,Choui Fong Tea Plantation,"20.19919262,99.81827574",foursquare-feed,5f8d2cb07c6c8349d53bb76c,"Mae Chan, Thailand"
2020-10-19T08:24:55+00:00,,สระขุนน้ำมรกต,"20.37160900,99.87213000",foursquare-feed,5f8d4d57c9a4ff32227fad55,"Mae Sai, Thailand"
2020-10-19T08:52:50+00:00,,Tham Luang,"20.38158000,99.86712000",foursquare-feed,5f8d53e2cf8fd72d19fdb475,"Mae Sai, Thailand"
2020-10-19T09:23:35+00:00,,Khun Nam Nang Non,"20.38138000,99.86703500",foursquare-feed,5f8d5b1753d3cd4e6988a625,"Mae Sai, Thailand"
2020-10-19T11:04:10+00:00,,Hungry Wolfs,"19.91397067,99.82854267",foursquare-feed,5f8d72aa2357007db441cdc9,"Mueang Chiang Rai, Thailand"
2020-10-20T05:08:35+00:00,,Wat Phra Kaeo,"19.91182674,99.82815682",foursquare-feed,5f8e70d362ac1d6d919b842a,"Mueang Chiang Rai, Thailand"
2020-10-20T07:18:03+00:00,,PTT Station,"19.19333604,99.51403859",foursquare-feed,5f8e8f2bedee727330d66421,"Wiang Pa Pao, Thailand"
2020-10-23T03:49:27+00:00,,NARIT Planetarium,"18.85275882,98.95819187",foursquare-feed,5f9252c7e5c7942c163edddd,"Mae Rim, Thailand"
2020-10-23T05:42:03+00:00,,ก๋วยเตี๋ยวชิวหลี(ก๋วยเตี๋ยวหมูบะช่อ),"18.82345462,99.00890165",foursquare-feed,5f926d2b0563642a94fafb77,"Mueang Chiang Mai, Thailand"
2020-10-23T08:07:22+00:00,,Starbucks,"18.82458700,99.01181400",foursquare-feed,5f928f3a6c8dd77e66ac3b6f,"Mueang Chiang Mai, Thailand"
2020-10-31T07:09:01+00:00,,คาเฟ่ ดินดิน Cafe DinDin,"18.83618094,99.00758388",foursquare-feed,5f9d0d8d998ffb3d5bc05bab,"Mueang Chiang Mai, Thailand"
2020-11-06T01:56:03+00:00,,The River Market,"18.78381954,99.00382962",foursquare-feed,5fa4ad332f02017164c733d4,"Mueang Chiang Mai, Thailand"
2020-11-08T01:47:21+00:00,,Rimtharn Nanglen,"18.90801429,98.90649889",foursquare-feed,5fa74e294417c146c41556eb,"Mae Rim, Thailand"
2020-11-08T07:40:23+00:00,,and ann coffee,"18.91251825,98.93531226",foursquare-feed,5fa7a0e7ea248b04a94283b5,Thailand
2020-11-14T03:45:56+00:00,,Huay Tueng Tao,"18.86653100,98.94110000",foursquare-feed,5faf52f4464392046525bfb2,"Mae Rim, Thailand"
2020-11-15T05:18:23+00:00,,รสหวาน กินง่าย,"18.91415394,98.93957639",foursquare-feed,5fb0ba1fda76d47aa6eb9cae,"Rim Tai, Thailand"
2020-11-19T05:46:49+00:00,,Food4thought,"18.80609601,98.96137775",foursquare-feed,5fb606c985c43f4aa3a0b0dc,"Mueang Chiang Mai, Thailand"
2020-11-22T11:04:36+00:00,,N THRÉE coffee & eatery,"18.91906800,98.93193200",foursquare-feed,5fba45c4104f575cfb7981cd,"Mae Rim, Thailand"
2020-11-24T10:03:30+00:00,,PTIS International School (Prem),"18.96538103,98.91455552",foursquare-feed,5fbcda72a757802baef5f9ff,"Mae Rim, Thailand"
2020-11-26T09:43:38+00:00,,The Duke's Original,"18.83221400,99.00484000",foursquare-feed,5fbf78cac637752448e87d3f,"Tambon San Phi Suea, Thailand"
2020-11-27T10:58:45+00:00,,Let It Be,"18.91575600,98.94223500",foursquare-feed,5fc0dbe5c0b9fc73d9514ddb,Thailand
2020-11-28T01:32:02+00:00,,Nana Jungle Chiang Mai,"18.82641771,98.95283950",foursquare-feed,5fc1a892e90abb4b33fed91a,"Mueang Chiang Mai, Thailand"
2020-11-29T06:50:17+00:00,,Between Café,"18.90710300,98.90375700",foursquare-feed,5fc344a95446537f7c4fa6ce,"Mae Rim, Thailand"
2020-12-03T08:22:09+00:00,,Chiang Mai Immigration,"18.77134418,98.97097492",foursquare-feed,5fc8a031de980960822cc3e0,"Mueang Chiang Mai, Thailand"
2020-12-05T06:14:15+00:00,,Omelette Bakery Cafe,"18.91542055,98.94218037",foursquare-feed,5fcb253713b5252c66b6533b,"Mae Rim, Thailand"
2020-12-07T06:33:44+00:00,,ร้านป้าลอย,"18.91510879,98.92892996",foursquare-feed,5fcdccc820c44019aa3aa52d,Thailand
2020-12-07T08:22:42+00:00,,Flora Creek Chiangmai,"18.77217382,98.86183306",foursquare-feed,5fcde652994a524edb6507a8,"Hang Dong, Thailand"
2020-12-08T08:07:00+00:00,,DECATHLON,"18.75911622,98.97270956",foursquare-feed,5fcf3424861338022b74fb2c,"Mueang Chiang Mai, Thailand"
2020-12-11T10:31:53+00:00,,Myst,"18.80215869,98.96696954",foursquare-feed,5fd34a999e4538412de655e4,"Mueang Chiang Mai, Thailand"
2020-12-13T06:11:11+00:00,,Huay Tueng Tao,"18.86653100,98.94110000",foursquare-feed,5fd5b07f37f098683c6f7b1e,"Mae Rim, Thailand"
2020-12-18T02:14:23+00:00,,The River Market,"18.78381954,99.00382962",foursquare-feed,5fdc107fd689a3579c3667d5,"Mueang Chiang Mai, Thailand"
2020-12-18T09:09:51+00:00,,โรงเรียนศรีเนรูห์,"18.84114352,98.90549672",foursquare-feed,5fdc71dfeaa9473ba133c5df,"สุเทพ, Thailand"
2020-12-18T10:27:16+00:00,,Nana Jungle Chiang Mai,"18.82641771,98.95283950",foursquare-feed,5fdc840474c4980c75e4298e,"Mueang Chiang Mai, Thailand"
2020-12-18T10:57:12+00:00,,Exotissimo Travel,"18.79692044,98.96897883",foursquare-feed,5fdc8b082a9cb7531bddb328,"Mueang Chiang Mai, Thailand"
2020-12-19T07:24:50+00:00,,Makro,"18.89875607,98.95180332",foursquare-feed,5fddaac2ba46b50868ebf29e,"Mueang Chiang Mai, Thailand"
2020-12-19T11:29:01+00:00,,Grooveyard,"18.91204700,98.93226400",foursquare-feed,5fdde3fdb14ca23d0bb7a6a3,"Mae Rim, Thailand"
2020-12-20T08:11:08+00:00,,คาเฟ่ ดินดิน Cafe DinDin,"18.83618094,99.00758388",foursquare-feed,5fdf071cbb1d7c1ad6d4f3d9,"Mueang Chiang Mai, Thailand"
2020-12-22T08:51:10+00:00,,7-Eleven,"19.06387753,98.93964196",foursquare-feed,5fe1b37eb462103b47fb32f5,Thailand
2020-12-22T11:56:36+00:00,,Tubpi,"19.35202100,98.44251000",foursquare-feed,5fe1def444f4b340896bf804,"Pai, Thailand"
2020-12-23T11:58:24+00:00,,Tubpi,"19.35202100,98.44251000",foursquare-feed,5fe330e0184cc65ec0f28777,"Pai, Thailand"
2020-12-24T07:50:08+00:00,,Coffee We 2,"19.21817439,98.67066478",foursquare-feed,5fe44830ac578d17b67177d7,Thailand
2020-12-25T12:53:44+00:00,,N THRÉE coffee & eatery,"18.91906800,98.93193200",foursquare-feed,5fe5e0d82ca543714cc28483,"Mae Rim, Thailand"
2020-12-26T04:17:13+00:00,,Omelette Bakery Cafe,"18.91542055,98.94218037",foursquare-feed,5fe6b949768d706e8b31a06e,"Mae Rim, Thailand"
2020-12-27T07:53:46+00:00,,and ann coffee,"18.91251825,98.93531226",foursquare-feed,5fe83d8a5661ed73d6a0de12,Thailand
2020-12-29T06:53:01+00:00,,Teak Table,"18.82515729,98.95853926",foursquare-feed,5fead24d2ec3c52a90c12c38,"Mueang Chiang Mai, Thailand"
2020-12-29T08:39:38+00:00,,ลานกางเต็นท์ดอยปุย,"18.82564400,98.89451000",foursquare-feed,5feaeb4aa072606d6b3f2056,"Mueang Chiang Mai, Thailand"
2020-12-29T08:40:30+00:00,,Yod Doi Pui Visitor Center,"18.82563028,98.89468788",foursquare-feed,5feaeb7e78088c2a2e40d44a,"Mueang Chiang Mai, Thailand"
2020-12-30T04:17:37+00:00,,Doi Pui Scenic Point,"18.81653899,98.88906484",foursquare-feed,5febff6186540f1f724415f5,"Mueang Chiang Mai, Thailand"
2020-12-30T05:31:41+00:00,,Daily One,"18.83386683,98.97614002",foursquare-feed,5fec10bd21fca3391a90d403,Thailand
2021-01-01T11:37:23+00:00,,Baan Suan Mae Rim Restaurant,"18.94452533,98.94478418",foursquare-feed,5fef097357229f42ab0f27d4,"Mae Rim, Thailand"
2021-01-02T05:11:45+00:00,,Triplets Eat & Plays,"18.69639000,98.92680100",foursquare-feed,5ff00091f1c53d7f8f8f512a,"Hang Dong, Thailand"
2021-01-04T11:15:18+00:00,,Keep In Touch,"18.84007757,98.98055613",foursquare-feed,5ff2f8c664926f27cd16afd0,"Mueang Chiang Mai, Thailand"
2021-01-08T11:48:15+00:00,,N THRÉE coffee & eatery,"18.91906800,98.93193200",foursquare-feed,5ff8467f26c4314bff0357dc,"Mae Rim, Thailand"
2021-01-17T11:29:26+00:00,,N THRÉE coffee & eatery,"18.91906800,98.93193200",foursquare-feed,60041f96ff73e217865308b9,"Mae Rim, Thailand"
2021-01-22T11:04:58+00:00,,Pizzeria Giotto,"18.82407370,99.01051199",foursquare-feed,600ab15a99ecf926aa048495,"Mueang Chiang Mai, Thailand"
2021-01-24T05:15:49+00:00,,A 2 C U T,"18.85653338,98.96763060",foursquare-feed,600d0285da8a8640c3bfba03,Thailand
2021-01-26T01:14:19+00:00,,Manifreshto,"18.79869747,98.96861819",foursquare-feed,600f6cebaadbe427612c93d6,"Mueang Chiang Mai, Thailand"
2021-01-26T01:14:33+00:00,,Ristr8to Lab,"18.79899314,98.96862058",foursquare-feed,600f6cf942c44117733d6c70,"Mueang Chiang Mai, Thailand"
2021-01-29T01:21:02+00:00,,Ristr8to Lab,"18.79899314,98.96862058",foursquare-feed,601362feabd0e401cac4d2fa,"Mueang Chiang Mai, Thailand"
2021-01-29T01:30:12+00:00,,Manifreshto,"18.79869747,98.96861819",foursquare-feed,601365246d59a940f5e24197,"Mueang Chiang Mai, Thailand"
2021-01-31T09:21:14+00:00,,Cervidae Café,"18.80111393,98.96051135",foursquare-feed,6016768a4ca05036f27b970c,"Mueang Chiang Mai, Thailand"
2021-01-31T10:12:32+00:00,,VT Namnueng,"18.83782699,99.00042808",foursquare-feed,6016829049606907c283c589,"Mueang Chiang Mai, Thailand"
2021-02-02T12:06:54+00:00,,The Salad Concept,"18.79680340,98.96629505",foursquare-feed,6019405e877b743bf1301b1a,"Mueang Chiang Mai, Thailand"
2021-02-03T00:59:25+00:00,,Wawee Coffee,"18.79787668,98.96470406",foursquare-feed,6019f56db7a8f149957d0613,"Mueang Chiang Mai, Thailand"
2021-02-06T06:40:15+00:00,,Let It Be,"18.91575600,98.94223500",foursquare-feed,601e39cf37644122f57383ce,Thailand
2021-02-10T06:28:00+00:00,,The Sax Music House,"18.80049300,98.96790700",foursquare-feed,60237cf04e9d6c28c7657e3f,"Mueang Chiang Mai, Thailand"
2021-02-12T12:12:37+00:00,,Hanawa,"18.77244145,98.97998109",foursquare-feed,602670b5134f92280557d0b9,"Mueang Chiang Mai, Thailand"
2021-02-13T12:10:11+00:00,,Playground 6,"18.79783600,98.96408000",foursquare-feed,6027c1a336bc837c3b4934d3,Thailand
2021-02-14T02:05:52+00:00,,Smoothie Blues,"18.79772760,98.96640528",foursquare-feed,602885802da7ed7f68b15b96,"Mueang Chiang Mai, Thailand"
2021-02-19T10:54:09+00:00,,Playground 6,"18.79783600,98.96408000",foursquare-feed,602f98d14983e37c3d99d4ff,Thailand
2021-02-19T12:00:47+00:00,,MIX,"18.79943315,98.96908036",foursquare-feed,602fa86fc291a57e88ce263e,"Mueng, Thailand"
2021-02-20T02:45:25+00:00,,Omelette Bakery Cafe,"18.91542055,98.94218037",foursquare-feed,603077c57a940901292cb211,"Mae Rim, Thailand"
2021-02-21T02:19:30+00:00,,Bai Orchid & Butterfly,"18.91888221,98.93408537",foursquare-feed,6031c33290749477ce9b3209,"Rim Nuea, Thailand"
2021-02-23T07:25:59+00:00,,Jim’s Burger,"18.79961600,98.96726900",foursquare-feed,6034ae0749cb6f2d762098ad,"Mueang Chiang Mai, Thailand"
2021-02-26T02:30:13+00:00,,HugYou (ฮักยู) ลำปางหนาวมาก,"18.12965004,99.39144203",foursquare-feed,60385d358fbaaa2975b43acf,"Ko Kha, Thailand"
2021-02-26T04:49:21+00:00,,Tak Treehouse,"16.88554100,99.11644900",foursquare-feed,60387dd141ce28379b05559a,Thailand
2021-02-26T06:11:07+00:00,,Oasis Bar&Restauntrent,"16.48666795,99.47402336",foursquare-feed,603890fb835894134ea773f8,"Mueang Kamphaeng Phet, Thailand"
2021-02-26T09:06:25+00:00,,PTT,"15.22042095,100.21227841",foursquare-feed,6038ba111b35eb03a773dfae,"Sapphaya, Thailand"
2021-02-26T15:39:13+00:00,,Bang Saen Beach,"13.28859443,100.91226792",foursquare-feed,603916217ff3ed2d41075252,"Mueang Chon Buri, Thailand"
2021-02-27T03:35:36+00:00,,Red Temp Coffee,"13.31384800,100.90285200",foursquare-feed,6039be08252a7274892be3a2,"Mueang Chon Buri, Thailand"
2021-02-27T11:37:24+00:00,,Taaruephe,"12.62791900,101.43931000",foursquare-feed,603a2ef441ce28379bc7f8ef,"Amphoe Mueang Rayong, Thailand"
2021-02-27T11:50:21+00:00,,Koh Samet Pier,"12.57418779,101.46339399",foursquare-feed,603a31fd39bf7d318e5ab201,"Rayong, Thailand"
2021-02-27T12:13:09+00:00,,Sea Horse Bungalow 2,"12.55520485,101.45091459",foursquare-feed,603a37558fbaaa29759f7177,"Rayong, Thailand"
2021-02-27T12:50:57+00:00,,Nice & Easy bar,"12.55443494,101.45053636",foursquare-feed,603a40312f26a934794be722,"Samed, Thailand"
2021-02-28T06:11:45+00:00,,Tubtim Resort,"12.56133543,101.45562081",foursquare-feed,603b3421a277f24134666a0a,"Ban Pae, Thailand"
2021-02-28T12:45:27+00:00,,Silver Sand Beach,"12.56384394,101.45741752",foursquare-feed,603b90675ee1480ed5492551,"Rayong, Thailand"
2021-02-28T14:41:17+00:00,,Silversand Bar,"12.56391950,101.45755439",foursquare-feed,603bab8d79a21e6e6181eacc,"Rayong, Thailand"
2021-03-01T04:33:53+00:00,,Tubtim Resort,"12.56133543,101.45562081",foursquare-feed,603c6eb1ba7f5f6a84ba16e7,"Ban Pae, Thailand"
2021-03-01T04:41:13+00:00,,Ko Samet,"12.56847037,101.46294594",foursquare-feed,603c706973eeae0232f65c74,"Rayong, Thailand"
2021-03-01T04:59:38+00:00,,Koh Samet Pier,"12.57418779,101.46339399",foursquare-feed,603c74babd36b528c462e62a,"Rayong, Thailand"
2021-03-01T05:35:07+00:00,,Taaruephe,"12.62791900,101.43931000",foursquare-feed,603c7d0bfbd5f81f050f5802,"Amphoe Mueang Rayong, Thailand"
2021-03-01T12:50:59+00:00,,King Kong,"13.72175589,100.50909614",foursquare-feed,603ce333655a7d1dd0c1e773,"Khlong San, Thailand"
2021-03-02T03:18:37+00:00,,Tim Hortons,"13.72083347,100.55811882",foursquare-feed,603dae8d655a7d1dd08abded,"Khlong Toei, Thailand"
2021-03-02T04:44:34+00:00,,K Village,"13.72031544,100.56932181",foursquare-feed,603dc2b221d2096aade554e2,"Khlong Toei, Thailand"
2021-03-02T05:14:48+00:00,,K Village,"13.72031544,100.56932181",foursquare-feed,603dc9c8818e0561be24289c,"Khlong Toei, Thailand"
2021-03-02T08:17:48+00:00,,Modern Town,"13.73021550,100.58602278",foursquare-feed,603df4aca9bb3012cf0c860f,"Vadhana, Thailand"
2021-03-02T09:32:43+00:00,,Smiling Albino Adventures,"13.75384517,100.62820621",foursquare-feed,603e063bbd36b528c4feee9e,"Huamark, Bangkapi, Thailand"
2021-03-02T12:46:11+00:00,,Ayutthaya Grand Hotel,"14.35118862,100.60640518",foursquare-feed,603e339332bf791c44e75c35,"Uthai, Thailand"
2021-03-02T13:05:33+00:00,,Grand Market,"14.34918700,100.60647000",foursquare-feed,603e381d79255b3b05c51a91,"Phra Nakhon Si Ayutthaya, Thailand"
2021-03-02T23:15:20+00:00,,PTT Station,"14.47517688,100.53175905",foursquare-feed,603ec70845120b10b285856d,"Bang Nang Ra, Thailand"
2021-03-03T03:36:54+00:00,,Tak Province,"17.11782588,99.08967963",foursquare-feed,603f0456b770561a39d3ce7d,Thailand
2021-03-06T11:59:28+00:00,,N THRÉE coffee & eatery,"18.91906800,98.93193200",foursquare-feed,60436ea0a382194e27a6f015,"Mae Rim, Thailand"
2021-03-11T13:00:17+00:00,,The Duke's Original,"18.83221400,99.00484000",foursquare-feed,604a1461340aac0240d88130,"Tambon San Phi Suea, Thailand"
2021-03-13T11:11:38+00:00,,N THRÉE coffee & eatery,"18.91906800,98.93193200",foursquare-feed,604c9dea7976ba266d04607a,"Mae Rim, Thailand"
2021-03-14T03:01:45+00:00,,Smoothie Blues,"18.79772760,98.96640528",foursquare-feed,604d7c99f8e76c1dcede849d,"Mueang Chiang Mai, Thailand"
2021-03-17T06:24:21+00:00,,The Sax Music House,"18.80049300,98.96790700",foursquare-feed,6051a095d5c0485f7d429e21,"Mueang Chiang Mai, Thailand"
2021-03-20T04:37:01+00:00,,Kin Organic Soymilk & Burger,"18.82387600,99.01060800",foursquare-feed,60557bed8ba596783616bfe3,"Mueang Chiang Mai, Thailand"
2021-03-20T12:23:16+00:00,,Grooveyard,"18.91204700,98.93226400",foursquare-feed,6055e9341bf6e84396a434c0,"Mae Rim, Thailand"
2021-03-21T06:48:07+00:00,,Wine Connection,"18.80579227,99.01772685",foursquare-feed,6056ec2783aa2e4d1c75ea16,"Mueang Chiang Mai, Thailand"
2021-03-21T08:34:05+00:00,,Life.,"18.82813000,99.00581600",foursquare-feed,605704fda4cd1b3f9741aa9e,"Mueang Chiang Mai, Thailand"
2021-03-25T10:26:26+00:00,,กำเบ้อ Gramber Cafe,"18.84419300,99.00448600",foursquare-feed,605c6552493d1434665437dc,"ตำบล สันผีเสื้อ, Thailand"
2021-03-27T03:24:12+00:00,,กำเบ้อ Gramber Cafe,"18.84419300,99.00448600",foursquare-feed,605ea55cc2ed1d7e08d36ede,"ตำบล สันผีเสื้อ, Thailand"
2021-04-02T14:10:11+00:00,,XCentre,"18.92195713,98.92441195",foursquare-feed,606725c38c463f2f892c9ef4,"Mae Rim, Thailand"
2021-04-05T06:07:04+00:00,,Jim’s Burger,"18.79961600,98.96726900",foursquare-feed,606aa908fe8eef28816b5ce3,"Mueang Chiang Mai, Thailand"
2021-04-06T01:15:56+00:00,,Toyota Chiangmai,"18.77369017,98.97591452",foursquare-feed,606bb64cfe8eef2881057d0d,"Mueang Chiang Mai, Thailand"
2021-04-07T05:21:57+00:00,,The Sax Music House,"18.80049300,98.96790700",foursquare-feed,606d4175abbbbf60bc49bb6b,"Mueang Chiang Mai, Thailand"
2021-04-09T12:08:20+00:00,,Grooveyard,"18.91204700,98.93226400",foursquare-feed,607043b466a09952f10af96a,"Mae Rim, Thailand"
2021-04-10T12:02:31+00:00,,Xanadu,"18.80187683,98.97063794",foursquare-feed,607193d7a636b550152e64cf,"Mueang Chiang Mai, Thailand"
2021-04-12T10:14:38+00:00,,Makro,"18.89875607,98.95180332",foursquare-feed,60741d8e624f6a5408dd675f,"Mueang Chiang Mai, Thailand"
2021-04-12T10:30:28+00:00,,รสหวาน กินง่าย,"18.91415394,98.93957639",foursquare-feed,6074214478f60e22560dbaae,"Rim Tai, Thailand"
2021-04-13T07:00:40+00:00,,ก๋วยเตี๋ยวเรือรังสิต แม่ริม,"18.91945454,98.94124761",foursquare-feed,60754198ffa41807e27f5dac,"Mueang Chiang Mai, Thailand"
2021-04-16T05:40:51+00:00,,Phoenix Adventure Park,"18.92982980,98.90099196",foursquare-feed,60792363f461b8176ba7326d,Thailand
2021-04-17T05:29:22+00:00,,Café de Oasis,"18.82474308,98.95955985",foursquare-feed,607a7232dd336059d433ffa3,"Mueang Chiang Mai, Thailand"
2021-04-18T05:37:39+00:00,,Rim Nara Cafe & Bistro,"18.90847800,98.90687400",foursquare-feed,607bc5a3dd336059d4180c58,"Mae Rim, Thailand"
2021-04-21T11:27:48+00:00,,Grooveyard,"18.91204700,98.93226400",foursquare-feed,60800c34e2f1f3598ab2f9c7,"Mae Rim, Thailand"
2021-05-14T04:31:41+00:00,,Smoothie Blues,"18.79772760,98.96640528",foursquare-feed,609dfd2d2f890d40cd5da293,"Mueang Chiang Mai, Thailand"
2021-05-21T07:30:02+00:00,,Siam Commercial Bank,"18.79886644,98.96710185",foursquare-feed,60a7617acd68d00d8fb52c57,"Mueang Chiang Mai, Thailand"
2021-05-25T10:35:27+00:00,,Wat Phrathat Chum Mueang,"18.92108600,98.90072500",foursquare-feed,60acd2efd3f12336926a57e8,Thailand
2021-05-28T06:28:15+00:00,,Wine Connection,"18.80579227,99.01772685",foursquare-feed,60b08d7ff398227c6ec9255c,"Mueang Chiang Mai, Thailand"
2021-05-28T12:30:01+00:00,,N THRÉE coffee & eatery,"18.91906800,98.93193200",foursquare-feed,60b0e2491f3fe0033977397e,"Mae Rim, Thailand"
2021-05-30T01:37:14+00:00,,Huay Tueng Tao,"18.86653100,98.94110000",foursquare-feed,60b2ec4aaa7dc74d6f0d6110,"Mae Rim, Thailand"
2021-05-30T13:36:05+00:00,,View Doi Restaurant,"18.89664200,98.91387800",foursquare-feed,60b394c56111d81462f1cd8f,"Mae Rim, Thailand"
2021-06-01T11:52:24+00:00,,Baan Suan Mae Rim Restaurant,"18.94452533,98.94478418",foursquare-feed,60b61f78794050209472dca0,"Mae Rim, Thailand"
2021-06-02T05:11:23+00:00,,Jim’s Burger,"18.79961600,98.96726900",foursquare-feed,60b712fba073131f8be2e19e,"Mueang Chiang Mai, Thailand"
2021-06-06T04:48:50+00:00,,River Rock Cafe Hill,"18.89986200,98.87033300",foursquare-feed,60bc53b25d9c6e2d312e3989,"แม่ริม, Thailand"
2021-06-06T10:30:28+00:00,,Let It Be,"18.91575600,98.94223500",foursquare-feed,60bca3c465a7a575cb7645ae,Thailand
2021-06-09T05:34:17+00:00,,HomePro,"18.74218819,98.96259895",foursquare-feed,60c052d90a98bc56a00bb6d3,"Mueang Chiang Mai, Thailand"
2021-06-09T06:35:23+00:00,,Wawee Coffee,"18.79787668,98.96470406",foursquare-feed,60c0612bb830d56a9d639033,"Mueang Chiang Mai, Thailand"
2021-06-09T06:35:56+00:00,,Bread Brasserie,"18.79795823,98.96465909",foursquare-feed,60c0614c0a98bc56a01e8670,"Mueang Chiang Mai, Thailand"
2021-06-11T11:28:07+00:00,,Grooveyard,"18.91204700,98.93226400",foursquare-feed,60c348c7ccfb4d49c38de832,"Mae Rim, Thailand"
2021-06-12T06:00:59+00:00,,MICU3 รพ.นครพิงค์,"18.85275000,98.96736900",foursquare-feed,60c44d9bc238ba32a597977e,"ดอนแก้ว, Thailand"
2021-06-12T11:24:43+00:00,,N THRÉE coffee & eatery,"18.91906800,98.93193200",foursquare-feed,60c4997b3876976be40d04b8,"Mae Rim, Thailand"
2021-06-13T07:14:49+00:00,,Domestic Departures,"18.76967403,98.96820799",foursquare-feed,60c5b069d0abdf71f0c0728c,"Mueang Chiang Mai, Thailand"
2021-06-13T09:04:38+00:00,,Suvarnabhumi Airport,"13.69200261,100.75055122",foursquare-feed,60c5ca26b7cdfb5d7dfa5c0f,"Bang Phli, Thailand"
2021-06-13T11:18:44+00:00,,Megabangna,"13.64602771,100.68097575",foursquare-feed,60c5e99452741b46d8110ef5,"Bang Phli, Thailand"
2021-06-14T00:14:59+00:00,,Novotel Suvarnabhumi Airport Hotel,"13.69622427,100.75179577",foursquare-feed,60c69f838499ca3026b01f62,"Bang Phli, Thailand"
2021-06-14T07:30:48+00:00,,Som Tam Nua,"13.64727800,100.68173400",foursquare-feed,60c705a8bf854261829ad412,"Bang Phli, Thailand"
2021-06-14T12:35:45+00:00,,Robinson Lifestyle Ladkrabang,"13.72068951,100.72501659",foursquare-feed,60c74d219f7c6f686318c760,"Lat Krabang, Thailand"
2021-06-14T23:08:38+00:00,,Suvarnabhumi Airport,"13.69200261,100.75055122",foursquare-feed,60c7e176c41bf77f7bb2057d,"Bang Phli, Thailand"
2021-06-15T07:26:50+00:00,,Narita International Airport,"35.76977564,140.38742065",foursquare-feed,60c8563ac238ba32a57fb44c,"Narita, Japan"
2021-06-15T21:41:31+00:00,,XFINITY Store by Comcast,"47.61141130,-122.20204604",foursquare-feed,60c91e8bd3a81e1e66785014,"Bellevue, United States"
2021-06-15T22:22:24+00:00,,Pasta & Co.,"47.61776767,-122.20373454",foursquare-feed,60c928205f2e32545ed52d9d,"Bellevue, United States"
2021-06-16T15:40:26+00:00,,Starbucks,"47.61779126,-122.20385472",foursquare-feed,60ca1b6a745d8a130eb98da1,"Bellevue, United States"
2021-06-17T01:33:38+00:00,,Zeeks Pizza,"47.61867850,-122.20410250",foursquare-feed,60caa672892d870922e7d335,"Bellevue, United States"
2021-06-20T19:09:07+00:00,,Bellevue Downtown Park,"47.61286025,-122.20380496",foursquare-feed,60cf9253c3fc0859f2d62025,"Bellevue, United States"
2021-06-20T20:01:09+00:00,,Bird Pepper Thai Kitchen,"47.61716300,-122.20287500",foursquare-feed,60cf9e85b9e27f33710c22c2,"Bellevue, United States"
2021-06-21T17:35:34+00:00,,Safeway Pharmacy,"47.61305590,-122.20127890",foursquare-feed,60d0cde6dff80420ae4c3aa9,"Bellevue, United States"
2021-06-24T00:45:17+00:00,,QFC,"47.63472789,-122.20071821",foursquare-feed,60d3d59d42411e28ed0db34a,"Bellevue, United States"
2021-06-24T22:31:48+00:00,,The Home Depot,"47.61237274,-122.18194306",foursquare-feed,60d507d4038076105396bb0e,"Bellevue, United States"
2021-06-25T00:34:40+00:00,,Tesla,"47.62941967,-122.14773415",foursquare-feed,60d524a0fb706f2835a3405a,"Bellevue, United States"
2021-06-25T21:54:31+00:00,,Point on Yarrow Bay,"47.64401144,-122.20531195",foursquare-feed,60d65097b400a3565b39bc80,"Kirkland, United States"
2021-06-25T23:47:46+00:00,,Wells Medina Nursery,"47.63246714,-122.22956764",foursquare-feed,60d66b22843a5e6a1ad17b62,"Medina, United States"
2021-06-26T19:44:16+00:00,,Department Of Licensing - Redmond,"47.66938400,-122.11534500",foursquare-feed,60d7839062358b37f3ed579f,"Redmond, United States"
2021-06-26T20:22:29+00:00,,The UPS Store,"47.67256366,-122.11828340",foursquare-feed,60d78c859d94dd1552089156,"Redmond, United States"
2021-06-28T03:18:17+00:00,,H-Mart,"47.61101658,-122.19585299",foursquare-feed,60d93f795ef3b4473ab1b871,"Bellevue, United States"
2021-06-28T15:56:41+00:00,,Bellevue Highlands Park,"47.62709073,-122.15196386",foursquare-feed,60d9f139a880965edfed83cd,"Bellevue, United States"
2021-06-28T16:57:20+00:00,,Target,"47.61253937,-122.18464052",foursquare-feed,60d9ff708b4a2d0cd8c6e44a,"Bellevue, United States"
2021-06-28T20:42:19+00:00,,Yarrow Point,"47.64010579,-122.21938929",foursquare-feed,60da342ba385da3b9da1e2cc,United States
2021-06-28T21:59:19+00:00,,QFC,"47.63472789,-122.20071821",foursquare-feed,60da46373b2b1a3b843fe77a,"Bellevue, United States"
2021-06-29T15:54:35+00:00,,Bellevue Highlands Park,"47.62709073,-122.15196386",foursquare-feed,60db423b8ca68c06740fe0bc,"Bellevue, United States"
2021-06-29T18:02:16+00:00,,IKEA,"47.44285650,-122.22782141",foursquare-feed,60db6028c2f5a271cdf9dfaa,"Renton, United States"
2021-07-01T23:53:24+00:00,,Bellevue Farmers Market - Thursdays,"47.62625098,-122.20533187",foursquare-feed,60de5574770eff03576b6759,"Bellevue, United States"
2021-07-08T21:29:22+00:00,,Bellevue Skate Park,"47.62551057,-122.15057503",foursquare-feed,60e76e32eb160b32af15960f,"Bellevue, United States"
2021-07-08T22:18:21+00:00,,MOD Pizza,"47.62765798,-122.15048608",foursquare-feed,60e779ad8a26987a6eccb0a8,"Bellevue, United States"
2021-07-10T03:11:44+00:00,,Hidden Valley Park,"47.63017468,-122.19355143",foursquare-feed,60e90ff03db9d25b1ca4cec4,"Bellevue, United States"
2021-07-10T20:39:21+00:00,,Ashton Bellevue,"47.61980941,-122.19681143",foursquare-feed,60ea0579b89cb9555c705036,"Bellevue, United States"
2021-07-11T03:13:38+00:00,,Georgia Zumdieck Park,"47.62387097,-122.19661947",foursquare-feed,60ea61e2d95be6264d904f49,"Bellevue, United States"
2021-07-11T03:35:16+00:00,,Hidden Valley Park,"47.63017468,-122.19355143",foursquare-feed,60ea66f44d3a31455c3ffb3e,"Bellevue, United States"
2021-07-11T15:40:13+00:00,,Meydenbauer Bay Park,"47.61128722,-122.21128919",foursquare-feed,60eb10dd41d3b40936231404,"Bellevue, United States"
2021-07-14T01:57:30+00:00,,Clyde Beach Park,"47.61426408,-122.21757889",foursquare-feed,60ee448a47b98f3fefc14f1c,"Bellevue, United States"
2021-07-15T18:25:37+00:00,,Bellevue Skate Park,"47.62551057,-122.15057503",foursquare-feed,60f07da13eb0e3759a65c0c0,"Bellevue, United States"
2021-07-18T14:53:07+00:00,,Edmonds Ferry Terminal,"47.81208007,-122.38321667",foursquare-feed,60f44053f0cc842902f0bde4,"Edmonds, United States"
2021-07-18T14:53:16+00:00,,Edmonds-Kingston Ferry,"47.81344271,-122.38675117",foursquare-feed,60f4405c1d57325ac0ae3e55,"Edmonds, United States"
2021-07-18T15:21:56+00:00,,Kingston-Edmonds Ferry,"47.79635903,-122.49612764",foursquare-feed,60f4471464a33c6698d0acca,"Kingston, United States"
2021-07-18T17:11:52+00:00,,B&B Family Lavender Farm,"48.10564977,-123.18125706",foursquare-feed,60f460d8ee318e3e9cf37539,"Sequim, United States"
2021-07-18T18:28:17+00:00,,Hi-Way 101 Diner,"48.07990426,-123.11005696",foursquare-feed,60f472c12f1b1613ddfbc1f7,"Sequim, United States"
2021-07-18T19:34:48+00:00,,Lost Mountain Lavender Farm,"48.05463079,-123.15560593",foursquare-feed,60f48258a137682ac98884e7,"Sequim, United States"
2021-07-18T23:18:02+00:00,,Ediz Hook,"48.14189106,-123.42866323",foursquare-feed,60f4b6aa53d64c18fe7ad8ce,"Port Angeles, United States"
2021-07-19T01:11:13+00:00,,Hollywood Beach,"48.11990047,-123.42940069",foursquare-feed,60f4d1316702835a8bf5ff0d,"Port Angeles, United States"
2021-07-19T01:47:27+00:00,,Pho New Saigon,"48.11993349,-123.43323270",foursquare-feed,60f4d9afca77e040c46080ee,"Port Angeles, United States"
2021-07-19T19:01:54+00:00,,Tesla Supercharger,"48.07119100,-123.07453200",foursquare-feed,60f5cc22cbb9107baece4da6,"Sequim, United States"
2021-07-19T21:28:39+00:00,,Scratch Kitchen 360,"47.85582151,-122.58378075",foursquare-feed,60f5ee8726679316e3ea998b,"Port Gamble, United States"
2021-07-21T19:07:04+00:00,,IKEA,"47.44285650,-122.22782141",foursquare-feed,60f870589d88d260e16eb4b4,"Renton, United States"
2021-07-22T02:22:09+00:00,,Cactus,"47.61674846,-122.20172243",foursquare-feed,60f8d65155b42e1611762fc9,"Bellevue, United States"
2021-07-22T19:16:02+00:00,,Fred Meyer,"47.62935550,-122.14397230",foursquare-feed,60f9c3f276db710f14cccb78,"Bellevue, United States"
2021-07-23T17:19:32+00:00,,Chase Bank,"47.61779131,-122.19946334",foursquare-feed,60fafa24666ba9064412c187,"Bellevue, United States"
2021-07-24T01:38:17+00:00,,Zeeks Pizza,"47.61867850,-122.20410250",foursquare-feed,60fb6f093620810e74341183,"Bellevue, United States"
2021-07-24T22:31:47+00:00,,Point on Yarrow Bay,"47.64401144,-122.20531195",foursquare-feed,60fc94d379b39e41648a7720,"Kirkland, United States"
2021-07-25T19:07:53+00:00,,Camlann Medieval Village,"47.68876901,-121.90523561",foursquare-feed,60fdb6894c0ee25988db7f2a,"Carnation, United States"
2021-07-26T21:52:38+00:00,,Di Fiora,"47.61289200,-122.32405000",foursquare-feed,60ff2ea64e9d3301a9648026,"Seattle, United States"
2021-08-03T20:08:04+00:00,,KCLS Bellevue Library,"47.62002967,-122.19427187",foursquare-feed,6109a2244914636a0eec8a7c,"Bellevue, United States"
2021-08-04T02:45:14+00:00,,Willowmoor Park,"47.66254600,-122.12204100",foursquare-feed,6109ff3a5acf6706300624ab,"Redmond, United States"
2021-08-04T19:28:39+00:00,,Bangkok Crisps Thai Market,"47.83591383,-122.21087103",foursquare-feed,610aea679616726c161ef5b8,"Bothell, United States"
2021-08-05T19:00:11+00:00,,Bellevue Skate Park,"47.62551057,-122.15057503",foursquare-feed,610c353b2840841d1b59c561,"Bellevue, United States"
2021-08-07T21:14:21+00:00,,Kasala Outlet,"47.58363849,-122.33324567",foursquare-feed,610ef7adf077a72d3c6bf4f6,"Seattle, United States"
2021-08-07T21:59:14+00:00,,Outdoor Research Retail Store,"47.58384875,-122.33435630",foursquare-feed,610f0232948db01419c2107c,"Seattle, United States"
2021-08-07T23:57:34+00:00,,Seward Park,"47.55527144,-122.25199699",foursquare-feed,610f1deeb05e58080817c95a,"Seattle, United States"
2021-08-09T16:25:43+00:00,,STEP Academy,"47.62905600,-122.16456900",foursquare-feed,61115707460fcd39a22dde43,"Bellevue, United States"
2021-08-10T02:41:38+00:00,,Bellevue Downtown Park,"47.61286025,-122.20380496",foursquare-feed,6111e762f99ad353aa064563,"Bellevue, United States"
2021-08-12T16:39:21+00:00,,Bellevue Skate Park,"47.62551057,-122.15057503",foursquare-feed,61154eb99075266fa3de0604,"Bellevue, United States"
2021-08-14T03:01:16+00:00,,Houghton Beach Park,"47.66019924,-122.20685005",foursquare-feed,611731fcde9cf514d3c27e9f,"Kirkland, United States"
2021-08-17T18:55:31+00:00,,KCLS Bellevue Library,"47.62002967,-122.19427187",foursquare-feed,611c0623fcfc852d59cac02f,"Bellevue, United States"
2021-08-17T21:14:37+00:00,,Bellevue Family Medicine,"47.62500580,-122.18488120",foursquare-feed,611c26bdd1800970d34fe7d6,"Bellevue, United States"
2021-08-19T01:31:42+00:00,,Enatai Beach,"47.57890687,-122.19706535",foursquare-feed,611db47eb1ba3b4e9897b533,"Bellevue, United States"
2021-08-19T17:43:16+00:00,,US Post Office,"47.61942442,-122.17554379",foursquare-feed,611e98346ac7fc4739576e3f,"Bellevue, United States"
2021-08-22T00:37:22+00:00,,QFC,"47.61854972,-122.20558510",foursquare-feed,61219c42f12a2657b433047c,"Bellevue, United States"
2021-08-23T02:08:10+00:00,,Bellevue Botanical Garden,"47.60957011,-122.17896212",foursquare-feed,6123030a0b13fe2f51326fe4,"Bellevue, United States"
2021-08-23T16:18:23+00:00,,Pacific Science Center,"47.61958523,-122.35155541",foursquare-feed,6123ca4f23883d05ac9fed91,"Seattle, United States"
2021-08-23T17:24:10+00:00,,JOANN Fabric and Crafts,"47.66975416,-122.38568490",foursquare-feed,6123d9baf1e71324890f9b73,"Seattle, United States"
2021-08-23T17:24:22+00:00,,Ballard Commons Park,"47.67039241,-122.38527646",foursquare-feed,6123d9c6f6d11671dce71047,"Seattle, United States"
2021-08-23T19:55:57+00:00,,Other Coast Cafe,"47.66674598,-122.38372694",foursquare-feed,6123fd4d6f371332867ad964,"Seattle, United States"
2021-08-27T00:56:13+00:00,,Bellevue Farmers Market - Thursdays,"47.62625098,-122.20533187",foursquare-feed,6128382de83b9d22bd7ebd32,"Bellevue, United States"
2021-08-28T17:31:47+00:00,,Chesterfield Beach Park,"47.63325638,-122.20734522",foursquare-feed,612a7303b2cebc78b437b2c1,"Bellevue, United States"
2021-08-28T21:29:30+00:00,,Atammayatarama Buddhist Monastery,"47.76736512,-122.10630366",foursquare-feed,612aaaba52fd04254ce06bcc,"Woodinville, United States"
2021-08-29T01:11:42+00:00,,Pho Vina,"47.75367158,-122.15382937",foursquare-feed,612adecef087aa24b518f825,"Woodinville, United States"
2021-09-04T17:23:32+00:00,,The Source at Luther Burbank Park,"47.59141541,-122.22577667",foursquare-feed,6133ab9480735e0603504834,"Mercer Island, United States"
2021-09-04T17:52:09+00:00,,Enatai Park,"47.58744937,-122.19739864",foursquare-feed,6133b2498406a14b7eab46e7,"Bellevue, United States"
2021-09-05T18:48:55+00:00,,Asian Family Market,"47.62671200,-122.14656600",foursquare-feed,61351117e6d4a7405b5ba36f,"Bellevue, United States"
2021-09-05T21:14:13+00:00,,Cascara Circle Park,"47.68955545,-122.03801889",foursquare-feed,6135332568ec0d0482fe0b42,"Redmond, United States"
2021-09-06T05:07:36+00:00,,92nd St Park,"47.91461020,-122.29803909",foursquare-feed,6135a2180253bc203045006d,"Mukilteo, United States"
2021-09-07T01:10:33+00:00,,North Kirkland Community Center & Park,"47.71206489,-122.20406411",foursquare-feed,6136bc0945839d3d06b34695,"Kirkland, United States"
2021-09-08T21:02:44+00:00,,Luther Burbank Park,"47.59096106,-122.22606005",foursquare-feed,613924f45602132a3950cc0c,"Mercer Island, United States"
2021-09-09T18:02:29+00:00,,Kaiser Permanente Parking Garage,"47.61838500,-122.18646000",foursquare-feed,613a4c35bdcb147060e41035,"Bellevue, United States"
2021-09-11T19:07:26+00:00,,Blue Parking Lot - Washington State Fair,"47.18164833,-122.29299715",foursquare-feed,613cfe6e11751b421b080e87,"Puyallup, United States"
2021-09-11T22:44:05+00:00,,Livestock Barn M - Washington State Fair,"47.18059562,-122.29572914",foursquare-feed,613d31352b08d16b3607d591,"Puyallup, United States"
2021-09-16T21:12:08+00:00,,Trader Joe's,"47.63076877,-122.13345023",foursquare-feed,6143b32871f655616d012167,"Bellevue, United States"
2021-09-22T20:10:13+00:00,,KCLS Bellevue Library,"47.62002967,-122.19427187",foursquare-feed,614b8da5b0c2fe1eddfc8bd6,"Bellevue, United States"
2021-09-24T16:55:11+00:00,,Uwajimaya,"47.61589024,-122.18236205",foursquare-feed,614e02ef85100a5849f389a2,"Bellevue, United States"
2021-09-26T00:42:31+00:00,,Lake Sammamish State Park,"47.55517007,-122.06767559",foursquare-feed,614fc1f7f3711a7153497437,"Issaquah, United States"
2021-09-28T21:16:00+00:00,,KCLS Bellevue Library,"47.62002967,-122.19427187",foursquare-feed,61538610808c2f134d56b9e8,"Bellevue, United States"
2021-10-01T23:29:30+00:00,,KCLS Bellevue Library,"47.62002967,-122.19427187",foursquare-feed,615799da049bfb76da755f50,"Bellevue, United States"
2021-10-02T21:51:33+00:00,,W Bellevue,"47.61516407,-122.20074710",foursquare-feed,6158d4657bb92f6dd558956b,"Bellevue, United States"
2021-10-05T23:48:41+00:00,,QFC,"47.63472789,-122.20071821",foursquare-feed,615ce4592c90613bc92ac523,"Bellevue, United States"
2021-10-08T15:09:06+00:00,,Seattle-Tacoma International Airport,"47.44358853,-122.30250835",foursquare-feed,61605f122853cd493867ef12,"SeaTac, United States"
2021-10-08T16:23:39+00:00,,The Club at SEA,"47.43927410,-122.29807946",foursquare-feed,6160708b80456e264aed903c,"SeaTac, United States"
2021-10-08T21:40:21+00:00,,Milwaukee Mitchell International Airport,"42.94367200,-87.90076000",foursquare-feed,6160bac55a604668845b2395,"Milwaukee, United States"
2021-10-10T22:29:55+00:00,,Cedar Valley Cheese Store,"43.52816455,-87.94215948",foursquare-feed,61636963cb69f62ec46fd07e,"Belgium, United States"
2021-10-11T16:03:24+00:00,,Apple Bayshore,"43.12157110,-87.91533630",foursquare-feed,6164604c9e81b20d812b9932,"Glendale, United States"
2021-10-11T17:35:14+00:00,,Bayshore Fountain,"43.12099322,-87.91461444",foursquare-feed,616475d23eca4c235d085e82,"Glendale, United States"
2021-10-11T17:36:00+00:00,,Potbelly Sandwich Shop,"43.12147525,-87.91444585",foursquare-feed,61647600fcf2b659333f4ef6,"Glendale, United States"
2021-10-11T22:08:56+00:00,,Mitchell Field,"42.95054750,-87.90411968",foursquare-feed,6164b5f8575e3c66586eb7fd,"Milwaukee, United States"
2021-10-23T20:43:09+00:00,,Yakima Fruit Market,"47.75336782,-122.21267490",foursquare-feed,617473dd69101f7770e51489,"Bothell, United States"
2021-10-27T15:38:10+00:00,,Kaiser Permanente Parking Garage,"47.61838500,-122.18646000",foursquare-feed,61797262bc07224aa19459bd,"Bellevue, United States"
2021-10-30T17:30:23+00:00,,KCLS Bellevue Library,"47.62002967,-122.19427187",foursquare-feed,617d812f5ead936d75630bbd,"Bellevue, United States"
2021-11-05T18:04:08+00:00,,Julia's in Wallingford,"47.66043800,-122.33636030",foursquare-feed,618572182c7f491e23e5e155,"Seattle, United States"
2021-11-05T20:21:25+00:00,,Ezell's Famous Chicken,"47.65949413,-122.32844828",foursquare-feed,618592452c7f491e233784b6,"Seattle, United States"
2021-11-06T02:43:27+00:00,,Tavern Hall,"47.61658812,-122.20171105",foursquare-feed,6185ebcf26b0ba6fc99f46cf,"Bellevue, United States"
2021-11-07T01:46:29+00:00,,The Goose Pub & Eatery,"47.61992937,-122.17885343",foursquare-feed,61872ff5d9286e03dfc94084,"Bellevue, United States"
2021-11-10T01:37:44+00:00,,UW Medical Center Hospital Expansion,"47.64926791,-122.30896554",foursquare-feed,618b22683754e348ed65da75,"Seattle, United States"
2021-11-12T21:12:51+00:00,,Rainier BBQ & Restaurant,"47.54518000,-122.28469000",foursquare-feed,618ed8d340a9425a43aeef81,"Seattle, United States"
2021-11-13T19:54:05+00:00,,Stevens Pass Ski Area,"47.74447097,-121.08978236",foursquare-feed,619017dd2d512d067274ca2e,"Skykomish, United States"
2021-11-13T22:33:40+00:00,,Yodelin Broth Co.,"47.59434126,-120.66370550",foursquare-feed,61903d44945da36cd924035a,"Leavenworth, United States"
2021-11-13T23:30:27+00:00,,Tesla Supercharger,"47.59885000,-120.65509581",foursquare-feed,61904a937676557be4cf2b3f,"Leavenworth, United States"
2021-11-18T17:02:48+00:00,,Capital One Café,"47.61405787,-122.20127518",foursquare-feed,61968738eda5603ea913234e,"Bellevue, United States"
2021-11-19T19:55:41+00:00,,Cedar River Trail Park,"47.49586437,-122.21328735",foursquare-feed,6198013daa02a2756d63bf0b,"Renton, United States"
2021-11-19T20:46:51+00:00,,Pho Ever,"47.61704138,-122.17936856",foursquare-feed,61980d3b29dcf276ba0f7041,"Bellevue, United States"
2021-11-19T22:09:50+00:00,,Trader Joe's,"47.61351694,-122.18510677",foursquare-feed,619820ae11c0a812ed1fcbc9,"Bellevue, United States"
2021-11-29T19:13:30+00:00,,IKEA Bistro,"47.44217329,-122.22795717",foursquare-feed,61a5265ade9fff7b24058536,"Renton, United States"
2021-11-30T01:29:51+00:00,,Como,"47.65679399,-122.20757559",foursquare-feed,61a57e8f55179d03eec7396f,"Kirkland, United States"
2021-12-03T19:45:08+00:00,,REI,"47.62034420,-122.32975370",foursquare-feed,61aa73c4e4462518e3e7cc3e,"Seattle, United States"
2021-12-05T20:06:40+00:00,,Dairyland,"47.88577857,-122.07324387",foursquare-feed,61ad1bd012d4635b8bf74bcd,"Snohomish, United States"
2021-12-08T03:21:35+00:00,,Cedar + Elm,"47.73321000,-122.25724000",foursquare-feed,61b024bf6222fd68833cae04,"Kenmore, United States"
2021-12-11T20:04:46+00:00,,Crystal Mountain Ski Area,"46.93525500,-121.47452950",foursquare-feed,61b5045e07d7112eafa5f585,"Enumclaw, United States"
2021-12-23T20:25:17+00:00,,Crystal Mountain Ski Area,"46.93525500,-121.47452950",foursquare-feed,61c4db2db6229d1a7a828aba,"Enumclaw, United States"
2021-12-24T03:21:53+00:00,,Hokkaido Ramen Santouka,"47.61138905,-122.20196463",foursquare-feed,61c53cd19cb55d639d2dbc29,"Bellevue, United States"
2022-01-05T23:07:00+00:00,,Z-Ultimate Self Defense Studios,"47.61316156,-122.20113195",foursquare-feed,61d6249406386222daf325e5,"Bellevue, United States"
2022-01-21T00:31:31+00:00,,Z-Ultimate Self Defense Studios,"47.61316156,-122.20113195",foursquare-feed,61e9fee3e0487c3ef4e5d3bc,"Bellevue, United States"
2022-01-21T16:38:48+00:00,,Summit Central,"47.41007015,-121.41337621",foursquare-feed,61eae19836f31d5f4097e397,"Snoqualmie Pass, United States"
2022-01-23T18:43:47+00:00,,Central Fire Pit,"47.40993632,-121.41332877",foursquare-feed,61eda1e32d508453fa6f7fad,"Snoqualmie Pass, United States"
2022-01-23T18:43:59+00:00,,Summit Central,"47.41007015,-121.41337621",foursquare-feed,61eda1efbe39733b542f5a58,"Snoqualmie Pass, United States"
2022-02-06T01:40:58+00:00,,AutoZone,"47.60829990,-122.14091750",foursquare-feed,61ff272a9c0110702a350284,"Bellevue, United States"
2022-02-06T22:42:15+00:00,,National Nordic Museum Gift Shop,"47.66841900,-122.39197200",foursquare-feed,62004ec7ed01b35d07ea0940,"Seattle, United States"
2022-02-10T13:12:01+00:00,,Seattle-Tacoma International Airport,"47.44358853,-122.30250835",foursquare-feed,62050f21fdc1a74d234ba7ad,"SeaTac, United States"
2022-02-10T16:02:24+00:00,,Oakland International Airport,"37.71193639,-122.21341610",foursquare-feed,620537105532752ceba6a06e,"Oakland, United States"
2022-02-10T18:30:32+00:00,,Palm Springs International Airport,"33.82303945,-116.50760035",foursquare-feed,620559c857ff7f06503d0717,"Palm Springs, United States"
2022-02-10T20:25:09+00:00,,Smokin' Burgers & Lounge,"33.79991559,-116.52756651",foursquare-feed,620574a5aaa93a139c9b46ba,"Palm Springs, United States"
2022-02-10T20:25:41+00:00,,Ralphs,"33.79999340,-116.52621350",foursquare-feed,620574c53a017631b3acee32,"Palm Springs, United States"
2022-02-12T19:11:42+00:00,,Oasis Visitor Center,"34.12875584,-116.03760839",foursquare-feed,6208066ed1d46d28769e55b2,"Twentynine Palms, United States"
2022-02-13T01:33:07+00:00,,Joshua Tree Saloon,"34.13458745,-116.31444635",foursquare-feed,62085fd325e7dd0f424e6554,"Joshua Tree, United States"
2022-02-13T02:34:36+00:00,,Rib Co.,"34.13522377,-116.08755796",foursquare-feed,62086e3c13fd9079813bceaa,"Twentynine Palms, United States"
2022-02-13T21:25:16+00:00,,Palm Springs Car Wash,"33.82724957,-116.54496574",foursquare-feed,6209773ce5528a3f5bbb4c3b,"Palm Springs, United States"
2022-02-13T22:03:59+00:00,,SHAG The Store,"33.83331940,-116.54695881",foursquare-feed,6209804f474f0333dd79a47b,"Palm Springs, United States"
2022-02-14T03:19:14+00:00,,Cafeteria 15L,"38.69579506,-121.59409522",foursquare-feed,6209ca3213fd9079814d386d,"Sacramento, United States"
2022-02-14T04:59:13+00:00,,Sacramento International Airport,"38.69428600,-121.58958400",foursquare-feed,6209e1a10fa5760f6b6911db,"Sacramento, United States"
2022-02-14T06:52:49+00:00,,Seattle-Tacoma International Airport,"47.44358853,-122.30250835",foursquare-feed,6209fc41f9d3907a84d89247,"SeaTac, United States"
2022-02-18T16:53:24+00:00,,Summit Central,"47.41007015,-121.41337621",foursquare-feed,620fcf04655f6219e7e53d56,"Snoqualmie Pass, United States"
2022-02-20T18:05:42+00:00,,Museum of History & Industry (MOHAI),"47.62758069,-122.33664955",foursquare-feed,621282f6af051748ca2e68a8,"Seattle, United States"
2022-02-20T21:32:09+00:00,,The White Swan Public House,"47.62910793,-122.33182703",foursquare-feed,6212b359ef84026cede49e06,"Seattle, United States"
2022-02-27T16:53:27+00:00,,Five Stones Coffee Co,"47.58578658,-122.14371854",foursquare-feed,621bac87372cde379af96874,"Bellevue, United States"
2022-03-06T01:26:09+00:00,,Uwajimaya,"47.61589024,-122.18236205",foursquare-feed,62240db1875ba351385a736f,"Bellevue, United States"
2022-03-07T16:44:56+00:00,,Tesla Supercharger,"49.19219253,-122.80562716",foursquare-feed,62263688728a2667ac7f9ac3,"Surrey, Canada"
2022-03-07T18:39:10+00:00,,Cypress Mountain Ski Area,"49.39611440,-123.20421315",foursquare-feed,6226514e20c20d0168fe1b46,"West Vancouver, Canada"
2022-03-07T21:34:41+00:00,,Crazy Raven Bar & Grill,"49.39635652,-123.20469133",foursquare-feed,62267a71da1ec20f4984a3aa,"West Vancouver, Canada"
2022-03-08T00:31:09+00:00,,Quilchena Park,"49.24516042,-123.15130962",foursquare-feed,6226a3cd0082f10f55af7e5c,"Vancouver, Canada"
2022-03-08T03:23:19+00:00,,Save-On-Foods,"49.05686820,-122.80242140",foursquare-feed,6226cc271f5357676a6bb2dc,"Surrey, Canada"
2022-03-08T03:53:07+00:00,,Peace Arch Border Crossing,"49.00208271,-122.75648396",foursquare-feed,6226d323b702de2b26537d3f,"Blaine, United States"
2022-03-09T21:31:06+00:00,,Summit Central,"47.41007015,-121.41337621",foursquare-feed,62291c9a848ad04599a1eb53,"Snoqualmie Pass, United States"
2022-03-11T16:41:47+00:00,,Discount Tire,"47.62189781,-122.16751190",foursquare-feed,622b7bcbcdbed2274f55f58c,"Bellevue, United States"
2022-03-11T22:30:08+00:00,,The Home Depot,"47.61237274,-122.18194306",foursquare-feed,622bcd70d5c75d0b9ed0a828,"Bellevue, United States"
2022-03-19T00:46:26+00:00,,Tesla Supercharger,"47.29863076,-122.24502990",foursquare-feed,623527e2e7fbf244009b968e,"Auburn, United States"
2022-03-19T18:16:54+00:00,,Crystal Mountain Ski Area,"46.93525500,-121.47452950",foursquare-feed,62361e167b060b5738258171,"Enumclaw, United States"
2022-03-19T18:24:03+00:00,,Crystal Mountain Summit,"46.93510654,-121.50026216",foursquare-feed,62361fc3f1c1c34c0a6b59ed,"Enumclaw, United States"
2022-03-20T00:58:36+00:00,,Alpine Inn Restaurant,"46.93680479,-121.47571621",foursquare-feed,62367c3cadb013100549aeb2,"Enumclaw, United States"
2022-03-20T15:48:43+00:00,,CM Mt. Rainier Gondola,"46.93560327,-121.47521116",foursquare-feed,62374cdb9e4ead4b58f87ebe,"Crystal Mountain, United States"
2022-03-20T19:52:40+00:00,,IKEA,"47.44285650,-122.22782141",foursquare-feed,62378608bf07ab7d152e3056,"Renton, United States"
2022-04-03T20:44:51+00:00,,MOD Pizza,"47.61328976,-122.20201924",foursquare-feed,624a07433cd4311e02e3a769,"Bellevue, United States"
2022-04-06T17:05:43+00:00,,Silver Fir,"47.40083278,-121.40720583",foursquare-feed,624dc867c472d1592d44e5b2,"Snoqualmie Pass, United States"
2022-04-12T16:56:03+00:00,,Kelsey Creek Farm,"47.60511306,-122.16543374",foursquare-feed,6255af23a3e98e41c062616b,"Bellevue, United States"
2022-04-15T18:25:24+00:00,,Roozengaarde Tulip Farm,"48.41595008,-122.40066208",foursquare-feed,6259b89431daa24fe3e07912,"Mount Vernon, United States"
2022-04-23T01:10:09+00:00,,T-Mobile Park,"47.59105960,-122.33306477",foursquare-feed,626351f1097bce0b3cff5a2e,"Seattle, United States"
2022-04-23T01:12:26+00:00,,Terrace Club,"47.59135123,-122.33242232",foursquare-feed,6263527a37d30457ff68c1aa,"Seattle, United States"
2022-04-24T21:32:54+00:00,,Juel Community Park,"47.70258833,-122.09002583",foursquare-feed,6265c2062ee0d20a5e8072bc,"Redmond, United States"
2022-05-06T17:35:06+00:00,,Kaiser Permanente Bellevue Medical Center,"47.61855043,-122.18646197",foursquare-feed,62755c4a007c8850778ccad3,"Bellevue, United States"
2022-05-08T22:59:32+00:00,,Lake Hills Park,"47.59932699,-122.12134946",foursquare-feed,62784b5474a117562a2df8ed,"Bellevue, United States"
2022-05-15T21:44:12+00:00,,Tesla Supercharger,"47.84899471,-122.27288254",foursquare-feed,6281742cfa074e0a745d2781,"Lynnwood, United States"
2022-05-20T23:13:18+00:00,,Mercer Slough Environmental Education Center,"47.59592043,-122.18322918",foursquare-feed,6288208ee51cfb1ffa34ca0b,"Bellevue, United States"
2022-06-09T19:02:23+00:00,,The Cloud Room,"47.61371700,-122.31787800",foursquare-feed,62a243bff488f30380a40032,"Seattle, United States"
2022-06-11T15:36:23+00:00,,Robinswood Park,"47.59034755,-122.14051585",foursquare-feed,62a4b677ef085c1918e8b365,"Bellevue, United States"
2022-06-11T17:07:26+00:00,,Phantom Lake,"47.59250842,-122.12901853",foursquare-feed,62a4cbce3ad1fe1922207336,United States
2022-06-12T21:07:30+00:00,,Vertex Arena,"47.69373369,-122.02886876",foursquare-feed,62a655921f9a71185f4b18c5,"Redmond, United States"
2022-06-16T00:27:36+00:00,,Nibbana -  A Thai Cookery,"47.61318400,-122.19306400",foursquare-feed,62aa78f8d564f27eb6255919,"Bellevue, United States"
2022-06-22T12:24:48+00:00,,WallyPark Valet Parking Only,"47.44318870,-122.29565191",foursquare-feed,62b30a1077a9e2496d43b641,"SeaTac, United States"
2022-06-22T12:43:11+00:00,,Seattle-Tacoma International Airport,"47.44358853,-122.30250835",foursquare-feed,62b30e5fde83fa092f850b39,"SeaTac, United States"
2022-06-22T18:05:02+00:00,,Chicago O'Hare International Airport,"41.97703031,-87.90479802",foursquare-feed,62b359ce6c75551a145c1c1d,"Chicago, United States"
2022-06-22T21:59:01+00:00,,Asian International Market,"43.02146927,-87.95658858",foursquare-feed,62b390a5ab65a457d3209f7c,"Milwaukee, United States"
2022-06-22T22:07:35+00:00,,Thai Bar-B-Que Restaurant,"43.02160214,-87.95708095",foursquare-feed,62b392a7e2a25578caa2135c,"Milwaukee, United States"
2022-06-23T19:10:44+00:00,,ALDI,"43.40599742,-88.18207331",foursquare-feed,62b4bab4631ae600c0c58743,"West Bend, United States"
2022-06-23T20:48:43+00:00,,KOHN&apos;S CITGO,"43.52104923,-88.22004182",foursquare-feed,62b4d1abb8134154af2adbb0,"Kewaskum, United States"
2022-06-26T17:18:38+00:00,,Big Joes,"43.47012900,-87.98376203",foursquare-feed,62b894ee349ec275ae82068d,"Fredonia, United States"
2022-06-27T04:56:39+00:00,,Froedtert St Joseph's Hospital,"43.35539972,-88.19538993",foursquare-feed,62b9388739251018e22107de,"West Bend, United States"
2022-06-28T15:14:41+00:00,,Target,"42.99201000,-87.90821000",foursquare-feed,62bb1ae1a68208747f189c4b,"Milwaukee, United States"
2022-06-28T17:07:50+00:00,,Vietnamese Noodles,"43.22230139,-87.92590287",foursquare-feed,62bb3566c2e20340405e34ca,"Mequon, United States"
2022-06-29T15:03:15+00:00,,Menards,"43.39673008,-88.18392804",foursquare-feed,62bc69b34f6f0b1eda7c10b6,"West Bend, United States"
2022-06-30T13:13:02+00:00,,Froedtert St Joseph's Hospital,"43.35539972,-88.19538993",foursquare-feed,62bda15e3fff08345bef4d0a,"West Bend, United States"
2022-06-30T22:16:55+00:00,,Mauthe Lake Beach,"43.59920683,-88.18035334",foursquare-feed,62be20d7164d706b4b143b5f,"New Prospect, United States"
2022-07-01T20:51:30+00:00,,Pirate's Cove Adventure Golf,"43.62786100,-89.78502600",foursquare-feed,62bf5e527ff74274890bf1bb,"Wisconsin Dells, United States"
2022-07-02T01:14:52+00:00,,MACS- Macaroni And Cheese Shop,"43.62760634,-89.77490921",foursquare-feed,62bf9c0cb50a773924e6017e,"Wisconsin Dells, United States"
2022-07-02T22:01:20+00:00,,Krazy Mirror Maze,"43.62781701,-89.77329795",foursquare-feed,62c0c030c5ce394bb6e510e9,"Wisconsin Dells, United States"
2022-07-02T22:01:40+00:00,,Noah's Ark Waterpark,"43.59448031,-89.79278293",foursquare-feed,62c0c04464bb8b42c0da56fb,"Dells, United States"
2022-07-04T02:07:00+00:00,,River Hill Park,"43.51885307,-88.22212129",foursquare-feed,62c24b44ebbece137fa6f31b,"Kewaskum, United States"
2022-07-04T17:25:44+00:00,,"Campbellsport, WI","43.59792615,-88.27868218",foursquare-feed,62c3229866a0d939d5ce2630,United States
2022-07-05T21:01:08+00:00,,Coach USA Airport Express,"42.95438518,-87.92905788",foursquare-feed,62c4a694e011401ad41350f4,"Milwaukee, United States"
2022-07-05T22:48:26+00:00,,Chicago O'Hare International Airport,"41.97703031,-87.90479802",foursquare-feed,62c4bfba02dfe33a3c5b7f26,"Chicago, United States"
2022-07-06T08:02:33+00:00,,Seattle-Tacoma International Airport,"47.44358853,-122.30250835",foursquare-feed,62c54199e75cf90c595cebb0,"SeaTac, United States"
2022-07-09T01:56:12+00:00,,Alki Beach Park,"47.58009400,-122.40818000",foursquare-feed,62c8e03c77f74a01e43f3a21,"Seattle, United States"
2022-07-11T00:50:25+00:00,,Zeeks Pizza,"47.61867850,-122.20410250",foursquare-feed,62cb73d131e7e83daeaa3908,"Bellevue, United States"
2022-07-11T20:58:49+00:00,,Wilburton Hill Park,"47.60855403,-122.17454843",foursquare-feed,62cc8f09655e061abb635e98,"Bellevue, United States"
2022-07-17T20:57:49+00:00,,Tesla Supercharger,"47.84899471,-122.27288254",foursquare-feed,62d477cd4c075d3f1bcd4f90,"Lynnwood, United States"
2022-07-17T21:31:51+00:00,,Mukilteo Ferry Terminal,"47.94983700,-122.29736000",foursquare-feed,62d47fc7e9594144484ec9f1,"Mukilteo, United States"
2022-07-18T15:17:45+00:00,,Fort Ebey State Park,"48.21790133,-122.76155074",foursquare-feed,62d579993effa9351714f2ca,"Coupeville, United States"
2022-07-20T17:38:36+00:00,,Mukilteo/Clinton Ferry Boat,"47.97457368,-122.33329568",foursquare-feed,62d83d9c0c9b097232a14546,"Mukilteo, United States"
2022-07-20T18:11:41+00:00,,Tesla Supercharger,"47.84899471,-122.27288254",foursquare-feed,62d8455d207b147e9294942b,"Lynnwood, United States"
2022-07-23T15:40:13+00:00,,Starbucks,"47.61779126,-122.20385472",foursquare-feed,62dc165dfdc09147998ca959,"Bellevue, United States"
2022-07-28T22:30:42+00:00,,KCLS Bellevue Library,"47.62002967,-122.19427187",foursquare-feed,62e30e12e61bc4558fabc225,"Bellevue, United States"
2022-07-29T20:19:01+00:00,,Kelsey Creek Park,"47.60488240,-122.16619845",foursquare-feed,62e440b5dc06271d234f25a7,"Bellevue, United States"
2022-07-30T14:30:25+00:00,,Seattle-Tacoma International Airport,"47.44358853,-122.30250835",foursquare-feed,62e540810e49d325070a9bc1,"SeaTac, United States"
2022-07-31T09:30:23+00:00,,Singapore Changi Airport,"1.35376730,103.98784876",foursquare-feed,62e64baff745d665660b3b5b,Singapore
2022-07-31T19:22:15+00:00,,Capri by Fraser Hotel Residences,"1.33403805,103.96397786",foursquare-feed,62e6d66753b0bd50b1873ef2,Singapore
2022-08-01T01:56:52+00:00,,Suvarnabhumi Airport,"13.69200261,100.75055122",foursquare-feed,62e732e43f8118278ada9436,"Bang Phli, Thailand"
2022-08-01T07:40:22+00:00,,Shell,"12.84209700,101.11936800",foursquare-feed,62e783669643140b4b05b344,"Nikhom Phatthana, Thailand"
2022-08-01T09:21:14+00:00,,Vimarn Samed Resort Koh-Samed,"12.55484331,101.45309270",foursquare-feed,62e79b0a1eb0fe697de3b384,Thailand
2022-08-01T11:30:40+00:00,,Samed Cabana Resort Koh Samet,"12.55527474,101.45199458",foursquare-feed,62e7b9601528095e0c817703,"Ko Samet, Thailand"
2022-08-02T10:20:32+00:00,,Vong Deuan Beach,"12.55481253,101.45085913",foursquare-feed,62e8fa706f6bfa42dc08e376,"Rayong, Thailand"
2022-08-02T11:21:18+00:00,,Green Place Restaurant,"12.55501336,101.45114752",foursquare-feed,62e908ae05778c450004ecda,Thailand
2022-08-03T12:20:03+00:00,,Ploytalay Restaurant,"12.56641849,101.46347105",foursquare-feed,62ea67f363313439f645c875,"Rayong, Thailand"
2022-08-03T23:58:04+00:00,,Sawasdee CoCo,"12.56808745,101.46750704",foursquare-feed,62eb0b8cc1b98c2151e7bea6,"Rayong, Thailand"
2022-08-04T00:55:56+00:00,,Summer Day Resort,"12.56777512,101.46641317",foursquare-feed,62eb191cb42b5b6176296969,"Amphoe Mueang Rayong, Thailand"
2022-08-04T05:05:16+00:00,,Koh Samet Pier,"12.57418779,101.46339399",foursquare-feed,62eb538c8193d5054c5b60ad,"Rayong, Thailand"
2022-08-04T07:00:25+00:00,,ลาบอุบล ป้าแดง 5,"13.29214336,100.91209224",foursquare-feed,62eb6e89b481aa5a95fb45c4,"Mueang Chon Buri, Thailand"
2022-08-05T02:45:14+00:00,,Starbucks,"13.75874100,100.56763000",foursquare-feed,62ec843a7571e5337204a1d3,"Huai Khwang, Thailand"
2022-08-05T12:17:13+00:00,,Scruffy Murphy's,"13.73704300,100.56293000",foursquare-feed,62ed0a49c01e986fff87eb45,"Phra Nakhon, Thailand"
2022-08-06T03:32:25+00:00,,7-Eleven,"13.79202768,100.48918021",foursquare-feed,62ede0c9a9e71a62a3947242,"Bang Phlat, Thailand"
2022-08-06T04:08:39+00:00,,Wat Sangkhathan,"13.82609328,100.49273585",foursquare-feed,62ede9477571e53372d0ac22,"Mueang Nonthaburi, Thailand"
2022-08-06T04:58:25+00:00,,Wat Tanod,"13.84811491,100.46707943",foursquare-feed,62edf4f16c5b9139b857bfcc,"Bang Krang, Thailand"
2022-08-06T06:51:05+00:00,,มัสยิดท่าอิฐ,"13.89929769,100.47517686",foursquare-feed,62ee0f59f580441cadd28295,Thailand
2022-08-06T07:23:37+00:00,,Chit Beer,"13.90885581,100.49072303",foursquare-feed,62ee16f93f563205bf23294f,"Pak Kret, Thailand"
2022-08-07T10:40:43+00:00,,Baan Ice,"13.72900152,100.58099013",foursquare-feed,62ef96aba3c3384bdbde0f7e,"Vadhana, Thailand"
2022-08-08T03:23:00+00:00,,PTT Station,"14.65499266,101.31732053",foursquare-feed,62f08194f95aa16dd679a0bf,"Pak Chong, Thailand"
2022-08-08T06:29:11+00:00,,PT,"16.10188700,102.73322600",foursquare-feed,62f0ad370442e77b51935dbe,"Ban Phai, Thailand"
2022-08-08T07:25:08+00:00,,Goodbeans Café,"16.45715200,102.82469700",foursquare-feed,62f0ba547fb5f5763b87479d,"Khon Kaen, Thailand"
2022-08-08T12:31:32+00:00,,Kaen,"16.46382300,102.82564100",foursquare-feed,62f1022406e8d57c05498443,"Khon Kaen, Thailand"
2022-08-08T14:42:47+00:00,,Glacier Hotel,"16.42740182,102.82911135",foursquare-feed,62f120e74041270087cbe21f,"Khon Kaen, Thailand"
2022-08-08T23:40:51+00:00,,PTT Station,"16.44219909,102.80791612",foursquare-feed,62f19f034178c803270470db,"Khon Kaen, Thailand"
2022-08-09T04:01:30+00:00,,Rain Forest Resort,"16.86343246,100.62894942",foursquare-feed,62f1dc1a0a75a625c9728609,"Wang Thong, Thailand"
2022-08-09T05:26:54+00:00,,Esso,"17.54340400,100.19140000",foursquare-feed,62f1f01e26f5836dc461aea2,"ตำบล หาดกรวด, Thailand"
2022-08-10T03:35:37+00:00,,Omelette Bakery Cafe,"18.91542055,98.94218037",foursquare-feed,62f32789f49d1a3a48e67697,"Mae Rim, Thailand"
2022-08-10T11:40:02+00:00,,Let It Be,"18.91575600,98.94223500",foursquare-feed,62f3991292ded262670b5ed7,Thailand
2022-08-11T09:44:16+00:00,,Teak Table,"18.82515729,98.95853926",foursquare-feed,62f4cf70919ef95b17c0cfeb,"Mueang Chiang Mai, Thailand"
2022-08-12T05:33:43+00:00,,Duangtawan Hotel,"18.78399669,98.99907842",foursquare-feed,62f5e6371e423c6b33eb3b98,"Mueang Chiang Mai, Thailand"
2022-08-12T10:12:45+00:00,,Central Department Store,"18.80861486,99.01797341",foursquare-feed,62f6279d374f373ae2aec222,"Mueang Chiang Mai, Thailand"
2022-08-12T11:00:38+00:00,,Mi,"18.80793400,99.01788900",foursquare-feed,62f632d644344c10d6ebb7a2,"Mueang Chiang Mai, Thailand"
2022-08-12T13:21:34+00:00,,Wine Connection,"18.80579227,99.01772685",foursquare-feed,62f653de2e8b2b62d917a46e,"Mueang Chiang Mai, Thailand"
2022-08-13T02:05:28+00:00,,Omelette Bakery Cafe,"18.91542055,98.94218037",foursquare-feed,62f706e82e8b2b62d9f7af05,"Mae Rim, Thailand"
2022-08-13T09:21:58+00:00,,Rim Nara Cafe & Bistro,"18.90847800,98.90687400",foursquare-feed,62f76d3618742b663202ac4e,"Mae Rim, Thailand"
2022-08-14T03:57:00+00:00,,Omelette Bakery Cafe,"18.91542055,98.94218037",foursquare-feed,62f8728c88334847102d9c37,"Mae Rim, Thailand"
2022-08-14T11:23:45+00:00,,Grooveyard,"18.91204700,98.93226400",foursquare-feed,62f8db417a63f25e8eb69e6b,"Mae Rim, Thailand"
2022-08-15T06:30:57+00:00,,The Duke's,"18.80223723,98.96662236",foursquare-feed,62f9e821a3e73b67420239a8,"Mueang Chiang Mai, Thailand"
2022-08-17T04:04:19+00:00,,Bangkok Hospital Chiang Mai,"18.78876573,99.02631387",foursquare-feed,62fc68c3cd707a507b0fd7dd,"Mueang Chiang Mai, Thailand"
2022-08-17T06:04:52+00:00,,Omelette Bakery Cafe,"18.91542055,98.94218037",foursquare-feed,62fc8504123c1610f6f365da,"Mae Rim, Thailand"
2022-08-18T00:34:56+00:00,,Chiang Mai International Airport,"18.76925805,98.96797035",foursquare-feed,62fd8930d4a105242a19cdde,"Mueang Chiang Mai, Thailand"
2022-08-18T02:50:59+00:00,,Don Mueang International Airport,"13.91759694,100.60160266",foursquare-feed,62fda9135d204c52a0b21d6a,"Don Mueang, Thailand"
2022-08-18T03:38:19+00:00,,Unlimit Mac Repair,"13.81468214,100.57843143",foursquare-feed,62fdb42bbfed63601c2be5d8,"Phra Nakhon, Thailand"
2022-08-18T12:11:24+00:00,,Tha Arun,"13.74431700,100.49169000",foursquare-feed,62fe2c6cf8336a6abd96cbf4,"Phra Nakhon, Thailand"
2022-08-19T00:27:18+00:00,,Wat Hua Lampong,"13.73235767,100.52916381",foursquare-feed,62fed8e6fe715015106d6a07,"Bang Rak, Thailand"
2022-08-19T00:47:34+00:00,,The British Club Bangkok,"13.72637000,100.52378174",foursquare-feed,62fedda650fc6c100e92d30e,"Bang Rak, Thailand"
2022-08-19T10:51:52+00:00,,Suvarnabhumi Airport,"13.69200261,100.75055122",foursquare-feed,62ff6b4850fc6c100e56c3fb,"Bang Phli, Thailand"
2022-08-19T15:21:03+00:00,,Terminal 3,"1.35604720,103.98651644",foursquare-feed,62ffaa5fd07ccd41766de888,Singapore
2022-08-19T23:24:40+00:00,,Butterfly Garden,"1.35780628,103.98631706",foursquare-feed,63001bb8c6bfec58a65dacb6,Singapore
2022-08-19T23:24:50+00:00,,Ambassador Transit Lounge,"1.35779334,103.98632121",foursquare-feed,63001bc2f261c6072e5a616e,Singapore
2022-08-20T16:26:51+00:00,,Seattle-Tacoma International Airport,"47.44358853,-122.30250835",foursquare-feed,63010b4b038dfb78be95d1ac,"SeaTac, United States"
2022-08-23T21:22:13+00:00,,Dough Zone,"47.61033100,-122.20256100",foursquare-feed,63054505bb8f4f5af7b5a716,"Bellevue, United States"
2022-08-24T20:56:46+00:00,,Bellevue Family Medicine,"47.62500580,-122.18488120",foursquare-feed,6306908eaf22027e8b0500da,"Bellevue, United States"
2022-08-24T23:12:56+00:00,,Clyde Beach Park,"47.61426408,-122.21757889",foursquare-feed,6306b078b9d85616b4b0c1b9,"Bellevue, United States"
2022-08-27T01:12:21+00:00,,Rockport Pub,"48.48494861,-121.59752776",foursquare-feed,63096f756d4817508c9d9ec8,"Rockport, United States"
2022-08-27T15:31:38+00:00,,Marblemount Diner,"48.52750575,-121.43131099",foursquare-feed,630a38da308dfe0a2566bca5,"Marblemount, United States"
2022-08-27T21:25:26+00:00,,Skagit Information Center,"48.67321645,-121.24682793",foursquare-feed,630a8bc6ceb46f47bf34d511,"Newhalem, United States"
2022-08-28T00:27:28+00:00,,Tesla Supercharger Burlington,"48.51015644,-122.33935125",foursquare-feed,630ab670ac36f93df59542c5,"Burlington, United States"
2022-08-28T00:41:19+00:00,,Taste of Thai by Wipa,"48.46487777,-122.33543348",foursquare-feed,630ab9affecef42f20414593,"Burlington, United States"
2022-08-28T14:41:31+00:00,,Starbucks,"47.61779126,-122.20385472",foursquare-feed,630b7e9b3bc5910bbda1cc10,"Bellevue, United States"
2022-09-02T21:13:53+00:00,,Kura Revolving Sushi Bar,"47.61181300,-122.18515000",foursquare-feed,631272113d3b366c80968bc8,"Bellevue, United States"
2022-09-05T01:38:52+00:00,,Fern Thai on Main,"47.61021700,-122.20478300",foursquare-feed,6315532c17301c75784e077f,"Bellevue, United States"
2022-09-13T00:12:37+00:00,,Bellevue Aquatic Center,"47.61577865,-122.14989237",foursquare-feed,631fcaf517a42f15df51d643,"Bellevue, United States"
2022-09-13T18:59:41+00:00,,sunrise dental,"47.62194368,-122.18977575",foursquare-feed,6320d31d293e5f01bf91f004,"Bellevue, United States"
2022-09-17T00:21:39+00:00,,Palace Korean Bar & Grill,"47.61735050,-122.12724006",foursquare-feed,6325131361b87b4287e94613,"Bellevue, United States"
2022-09-25T16:49:23+00:00,,Starbucks Reserve,"47.58089946,-122.33514485",foursquare-feed,63308693d1c20f553fdccd6e,"Seattle, United States"
2022-09-28T15:35:05+00:00,,Seattle-Tacoma International Airport,"47.44358853,-122.30250835",foursquare-feed,633469a93ed6693ddc4936d7,"SeaTac, United States"
2022-09-30T13:08:34+00:00,,Mardi Gras Hotel & Casino,"36.12543548,-115.15403457",foursquare-feed,6336ea52dd7f893f41e338fd,"Las Vegas, United States"
2022-09-30T15:25:01+00:00,,Westgate Las Vegas Resort & Casino,"36.13528640,-115.15245790",foursquare-feed,63370a4d110dc94309ffc876,"Las Vegas, United States"
2022-09-30T17:13:50+00:00,,West Hall,"36.13421817,-115.15725374",foursquare-feed,633723ce696de546fe2243ea,"Las Vegas, United States"
2022-09-30T20:05:13+00:00,,Vegas Loop Tesla Tunnel,"36.13382474,-115.16024245",foursquare-feed,63374bf9cbc4bd4c6130a4cf,"Las Vegas, United States"
2022-09-30T20:22:30+00:00,,Resorts World Las Vegas,"36.13412200,-115.16760400",foursquare-feed,63375006987a964b07458393,"Las Vegas, United States"
2022-10-01T05:31:45+00:00,,Seattle-Tacoma International Airport,"47.44358853,-122.30250835",foursquare-feed,6337d0c17528dd0ca98c5ac3,"SeaTac, United States"
2022-10-04T23:34:58+00:00,,Rain City Fencing Center,"47.62575561,-122.15690200",foursquare-feed,633cc3224b1dae169fcb9f2e,"Bellevue, United States"
2022-10-09T20:55:02+00:00,,The Farm at Swan's Trail,"47.93115821,-122.16822112",foursquare-feed,634335268ff21d3814fb7deb,"Snohomish, United States"
2022-10-16T16:28:46+00:00,,Emerald City Trapeze Arts,"47.57961270,-122.32564172",foursquare-feed,634c313e746aca5496878e88,"Seattle, United States"
2022-10-18T16:42:33+00:00,,The UPS Store,"47.62029470,-122.20062030",foursquare-feed,634ed77919bb40388fab483c,"Bellevue, United States"
2022-10-23T19:25:36+00:00,,Goodwill Seattle Outlet,"47.58736397,-122.32689630",foursquare-feed,635595309d16342dde2b47dc,"Seattle, United States"
2022-10-23T20:50:17+00:00,,Oxbow Center for Sustainable Agriculture and the Environment,"47.69345261,-121.97637106",foursquare-feed,6355a9099c90570a1699a253,"Carnation, United States"
2022-10-30T02:07:36+00:00,,Dough Zone,"47.61033100,-122.20256100",foursquare-feed,635ddc68a4271555c8a04969,"Bellevue, United States"
2022-11-05T16:15:32+00:00,,Starbucks,"47.61779126,-122.20385472",foursquare-feed,63668c2402c5ca15247844ee,"Bellevue, United States"
2022-11-10T20:57:59+00:00,,Lumen Field Event Center,"47.59318700,-122.33222400",foursquare-feed,636d65d7a9e1d576a3290a3c,"Seattle, United States"
2022-11-19T02:54:35+00:00,,Kizuki Ramen & Izakaya,"47.61462800,-122.20347400",foursquare-feed,6378456bc595345c07362845,"Bellevue, United States"
2022-11-23T19:46:35+00:00,,IKEA Bistro,"47.44217329,-122.22795717",foursquare-feed,637e789b902e8542e7d1b9d2,"Renton, United States"
2022-11-26T19:42:36+00:00,,Coal Creek Natural Area,"47.55333462,-122.16554797",foursquare-feed,63826c2c046ed779d9af93c2,"Bellevue, United States"
2022-11-28T00:08:58+00:00,,Christmas Creek Tree Farm,"47.45897566,-121.71941588",foursquare-feed,6383fc1a71b35a5d44fc0e5f,"North Bend, United States"
2022-12-02T16:26:45+00:00,,City of SeaTac,"47.44712938,-122.28281021",foursquare-feed,638a27453478581c6249d287,United States
2022-12-03T00:25:26+00:00,,Seven Hills Pub & Grille,"43.41290200,-87.86620800",foursquare-feed,638a9776fe44963d95e99ad3,"Port Washington, United States"
2022-12-04T01:28:50+00:00,,Kyotes Bar & Grill,"43.49715072,-87.83631585",foursquare-feed,638bf7d2fa415861aa2a1b19,"Belgium, United States"
2022-12-04T20:31:53+00:00,,Bridge Inn,"43.31863411,-87.95091692",foursquare-feed,638d03b94843292c2502dcae,"Grafton, United States"
2022-12-06T23:36:02+00:00,,H-Mart,"47.61101658,-122.19585299",foursquare-feed,638fd1e27eb0682e83472c2c,"Bellevue, United States"
2022-12-10T21:17:46+00:00,,Jimmy John's,"47.79056000,-122.21679600",foursquare-feed,6394f77a118a476bb0e93131,"Bothell, United States"
2022-12-10T22:44:49+00:00,,Silver Cloud Inn,"47.94923089,-122.30311301",foursquare-feed,63950be12bc8785d0a0d4fbd,"Mukilteo, United States"
2022-12-10T23:19:19+00:00,,Mukilteo Ferry Terminal,"47.94983700,-122.29736000",foursquare-feed,639513f7061e477202706463,"Mukilteo, United States"
2022-12-10T23:59:27+00:00,,Clinton Ferry Terminal,"47.97496465,-122.35022426",foursquare-feed,63951d5f3ff43e792315dedb,"Clinton, United States"
2022-12-11T23:01:52+00:00,,The Local 104,"47.76307051,-122.29148939",foursquare-feed,63966160d434a07c5d3ad8d1,"Lake Forest Park, United States"
2022-12-18T19:51:43+00:00,,DeLaurenti Food & Wine,"47.60878051,-122.34011292",foursquare-feed,639f6f4fcb8d29056ede4a7c,"Seattle, United States"
2022-12-19T22:24:57+00:00,,Summit Central,"47.41007015,-121.41337621",foursquare-feed,63a0e4b95619926e0df4aa0f,"Snoqualmie Pass, United States"
2022-12-22T20:20:44+00:00,,Target,"47.57409132,-122.17299190",foursquare-feed,63a4bc1c3575ae4dd66fa27a,"Bellevue, United States"
2022-12-24T20:15:19+00:00,,FedEx Ground Distribution Center,"47.66853750,-122.09021579",foursquare-feed,63a75dd704420f4bec31bb2a,"Redmond, United States"
2022-12-26T20:04:12+00:00,,Starbucks,"47.61779126,-122.20385472",foursquare-feed,63a9fe3cd3561a52b77f4688,"Bellevue, United States"
2022-12-30T22:57:34+00:00,,IKEA Bistro,"47.44217329,-122.22795717",foursquare-feed,63af6cde6e3fd00d24183136,"Renton, United States"
2022-12-31T01:26:36+00:00,,Tesla Supercharger,"46.14366799,-122.89885355",foursquare-feed,63af8fcc8284031f185dca34,"Kelso, United States"
2022-12-31T02:41:46+00:00,,Made In Oregon,"45.51819329,-122.67655824",foursquare-feed,63afa16a63bf3e711515733c,"Portland, United States"
2022-12-31T04:15:11+00:00,,Punch Bowl Social,"45.51798410,-122.67641968",foursquare-feed,63afb74ff8930856f7e1d4a0,"Portland, United States"
2022-12-31T05:27:14+00:00,,Tesla Supercharger,"45.15311693,-122.88131419",foursquare-feed,63afc832fae27027f6178034,"Woodburn, United States"
2022-12-31T14:36:36+00:00,,Red Lion Inn & Suites,"45.20179317,-123.16809732",foursquare-feed,63b048f47cdeff40ab7c11ef,"McMinnville, United States"
2022-12-31T19:32:48+00:00,,Evergreen Wings & Waves Waterpark,"45.20426321,-123.14961990",foursquare-feed,63b08e6089810c78f2805a41,"McMinnville, United States"
2023-01-01T01:36:31+00:00,,Washington Square,"45.45074705,-122.78108868",foursquare-feed,63b0e39f18a8e93544a6dda6,"Tigard, United States"
2023-01-01T01:37:06+00:00,,Tesla Chargers,"45.45080600,-122.78277200",foursquare-feed,63b0e3c2fd5e0142a3c4221c,"Tigard, United States"
2023-01-01T02:56:11+00:00,,Hilton Portland Downtown,"45.51735840,-122.67973020",foursquare-feed,63b0f64ba71b4106096df8c7,"Portland, United States"
2023-01-01T19:24:21+00:00,,The Daily Feast,"45.51913983,-122.68403940",foursquare-feed,63b1dde53f611b2f4b53ef1d,"Portland, United States"
2023-01-01T22:11:48+00:00,,Tesla Supercharger,"46.14366799,-122.89885355",foursquare-feed,63b20524f77eef5239e32cf4,"Kelso, United States"
2023-01-07T18:57:54+00:00,,Mercurys Coffee Co.,"47.62830983,-122.16556330",foursquare-feed,63b9c0b244ffe86947bd9ad5,"Bellevue, United States"
2023-01-17T17:28:05+00:00,,Seattle-Tacoma International Airport,"47.44358853,-122.30250835",foursquare-feed,63c6daa5bf18304178975ef7,"SeaTac, United States"
2023-01-17T18:15:51+00:00,,Starbucks Reserve,"47.58089946,-122.33514485",foursquare-feed,63c6e5d7de78e060d3374896,"Seattle, United States"
2023-01-17T20:55:12+00:00,,Lola,"47.61324705,-122.33987398",foursquare-feed,63c70b30fa34947b4e23ae1c,"Seattle, United States"
2023-01-18T02:53:06+00:00,,Castilla Restaurant and Tapas Bar,"47.61603600,-122.20199200",foursquare-feed,63c75f123f300776701355fb,"Bellevue, United States"
2023-01-19T05:40:28+00:00,,Black Bottle Postern,"47.61861434,-122.20183111",foursquare-feed,63c8d7cc50af564b0751439a,"Bellevue, United States"
2023-01-19T19:07:03+00:00,,Silver Fir,"47.40083278,-121.40720583",foursquare-feed,63c994d71853af620fec7d3f,"Snoqualmie Pass, United States"
2023-01-21T19:50:19+00:00,,Summit Central,"47.41007015,-121.41337621",foursquare-feed,63cc41fb5ed2cf7c37527f15,"Snoqualmie Pass, United States"
2023-01-21T19:51:05+00:00,,Summit East,"47.39404546,-121.39700059",foursquare-feed,63cc42293e7f522a82087bbf,"Snoqualmie Pass, United States"
2023-01-26T18:36:34+00:00,,Northwest Vision Institite,"47.61842800,-122.17676700",foursquare-feed,63d2c83240cef80f38e17712,"Bellevue, United States"
2023-01-28T19:16:48+00:00,,Silver Fir,"47.40083278,-121.40720583",foursquare-feed,63d574a0dc37e825ccad9fa4,"Snoqualmie Pass, United States"
2023-02-09T17:24:50+00:00,,Tesla,"47.47234676,-122.21120435",foursquare-feed,63e52c62969b9078db60a201,"Renton, United States"
2023-02-11T01:42:04+00:00,,DEFY Seattle,"47.45169572,-122.25173406",foursquare-feed,63e6f26cbd906b27f7ec617b,"Tukwila, United States"
2023-02-12T00:37:43+00:00,,QFC,"47.49342765,-121.78056027",foursquare-feed,63e834d768e462497ffc0764,"North Bend, United States"
2023-02-14T17:16:18+00:00,,Alpental Ski Area,"47.44524289,-121.42712116",foursquare-feed,63ebc1e2c167ce02b17c125b,"Snoqualmie, United States"
2023-02-17T14:45:52+00:00,,Tesla Supercharger,"48.93558902,-122.66525998",foursquare-feed,63ef93205829a2540d4b1cc2,"Blaine, United States"
2023-02-17T14:46:13+00:00,,The Market At Birch Bay,"48.93740738,-122.66831744",foursquare-feed,63ef9335b1ae3c4614431900,"Blaine, United States"
2023-02-17T14:49:03+00:00,,Woods Coffee,"48.93733467,-122.66773995",foursquare-feed,63ef93df5829a2540d4d3b28,"Blaine, United States"
2023-02-17T19:02:04+00:00,,Cypress Mountain Ski Area,"49.39611440,-123.20421315",foursquare-feed,63efcf2cfc05915fec66ea54,"West Vancouver, Canada"
2023-02-17T23:07:57+00:00,,Peace Arch Border Crossing,"49.00208271,-122.75648396",foursquare-feed,63f008cd7ce45849efd0b65b,"Blaine, United States"
2023-02-18T00:35:58+00:00,,Tesla Supercharger Burlington,"48.51015644,-122.33935125",foursquare-feed,63f01d6ee8bd8c25a834da3e,"Burlington, United States"
2023-02-18T00:36:25+00:00,,Jack in the Box,"48.50937281,-122.33872852",foursquare-feed,63f01d8983e3636c595f03be,"Burlington, United States"
2023-02-19T17:29:23+00:00,,Starbucks,"47.61779126,-122.20385472",foursquare-feed,63f25c731d569a2287f863b9,"Bellevue, United States"
2023-02-20T03:10:02+00:00,,Sushi In Joy,"47.63418470,-122.20070290",foursquare-feed,63f2e48a3a2b662984920e1f,"Bellevue, United States"
2023-02-21T18:19:55+00:00,,Waffle Stop,"47.27218500,-122.48911974",foursquare-feed,63f50b4b03824e572afe0e1e,"Tacoma, United States"
2023-02-25T02:07:08+00:00,,Exit 5 Korean BBQ,"47.49840200,-122.20284900",foursquare-feed,63f96d4cf4eb2b38f1813ad1,"Renton, United States"
2023-03-02T02:03:11+00:00,,University Heights Community Center,"47.66592417,-122.31364550",foursquare-feed,640003df2aa5864aa89e2564,"Seattle, United States"
2023-03-02T06:02:14+00:00,,The Berliner Pub,"47.48041642,-122.20452059",foursquare-feed,64003be6554dff1abd5df155,"Renton, United States"
2023-03-02T19:20:53+00:00,,The Purple Store,"47.61019507,-122.34170238",foursquare-feed,6400f715035ec438d8138c22,"Seattle, United States"
2023-03-02T19:36:46+00:00,,Starbucks,"47.60998830,-122.34262557",foursquare-feed,6400facecb1d66197f00b62e,"Seattle, United States"
2023-03-03T19:29:55+00:00,,Col Solare Room at Chateau Ste Michelle,"47.72872857,-122.15023394",foursquare-feed,64024ab30f45ce6df168e9a3,"Woodinville, United States"
2023-03-03T21:28:16+00:00,,Hollywood Tavern,"47.73322894,-122.15289239",foursquare-feed,6402667027cca53a79dbf4c4,"Woodinville, United States"
2023-03-04T01:52:13+00:00,,Tavern Hall,"47.61658812,-122.20171105",foursquare-feed,6402a44d0c91a60022b2d66e,"Bellevue, United States"
2023-03-04T21:38:25+00:00,,Streamliner Diner,"47.62469513,-122.51687322",foursquare-feed,6403ba51a401df5fb822985a,"Bainbridge Island, United States"
2023-03-05T21:03:05+00:00,,Starbucks Reserve,"47.58089946,-122.33514485",foursquare-feed,64050389233bbd30ea621634,"Seattle, United States"
2023-03-05T23:13:42+00:00,,Khao San Road Thai Cuisine,"47.54789287,-122.32229036",foursquare-feed,64052226908c8310262bd8a0,"Seattle, United States"
2023-03-11T21:22:00+00:00,,Summit Central Ski Patrol HQ,"47.40590000,-121.41280100",foursquare-feed,640cf0f83b7f6a5abd22fa46,"Snoqualmie Pass, United States"
2023-03-11T21:35:10+00:00,,Summit Central,"47.41007015,-121.41337621",foursquare-feed,640cf40e46d93546e42263f9,"Snoqualmie Pass, United States"
2023-03-14T19:10:55+00:00,,Virginia Mason Bellevue Medical Center,"47.61241500,-122.18490000",foursquare-feed,6410c6bf256f83147a750c28,"Bellevue, United States"
2023-03-17T17:18:46+00:00,,Club Cascade Business Class Lounge,"47.43890560,-122.29802635",foursquare-feed,6414a0f60c817f462a76d3da,"SeaTac, United States"
2023-03-17T22:38:05+00:00,,Phoenix Sky Harbor International Airport,"33.43534506,-112.00471401",foursquare-feed,6414ebcde9744649030d031d,"Phoenix, United States"
2023-03-18T01:40:37+00:00,,AJ's Fine Foods,"33.51060608,-111.98559713",foursquare-feed,64151695e8bb730744746b19,"Phoenix, United States"
2023-03-18T17:31:53+00:00,,Echo Canyon Park / Camelback Trailhead,"33.52134851,-111.97345980",foursquare-feed,6415f58902210d6bb03c4e0f,"Phoenix, United States"
2023-03-18T19:22:06+00:00,,Camelback Mountain Summit,"33.51476843,-111.96165126",foursquare-feed,64160f5e36d8cc7396f6cf90,"Paradise Valley, United States"
2023-03-18T20:39:30+00:00,,Cholla Trail,"33.51054870,-111.95114493",foursquare-feed,6416218278d58d4bb347d841,"Paradise Valley, United States"
2023-03-19T01:32:11+00:00,,AJ's Fine Foods,"33.51060608,-111.98559713",foursquare-feed,6416661b1737845794819a97,"Phoenix, United States"
2023-03-19T16:45:49+00:00,,Desert Botanical Garden,"33.46207730,-111.94509780",foursquare-feed,64173c3d04b66d66a47cf92d,"Phoenix, United States"
2023-03-20T18:41:34+00:00,,Phoenix Sky Harbor International Airport,"33.43534506,-112.00471401",foursquare-feed,6418a8de919528586f2afc20,"Phoenix, United States"
2023-03-21T04:00:13+00:00,,Seattle-Tacoma International Airport,"47.44358853,-122.30250835",foursquare-feed,64192bcdd032dd38024c5abd,"SeaTac, United States"
2023-03-22T20:57:08+00:00,,sunrise dental,"47.62194368,-122.18977575",foursquare-feed,641b6ba458158b6e3807af06,"Bellevue, United States"
2023-03-26T23:52:50+00:00,,DEFY Seattle,"47.45169572,-122.25173406",foursquare-feed,6420dad280618c26dbf58ce0,"Tukwila, United States"
2023-03-29T17:00:21+00:00,,Crystal Mountain Ski Area,"46.93525500,-121.47452950",foursquare-feed,64246ea51049c609c0be7beb,"Enumclaw, United States"
2023-04-04T14:01:37+00:00,,US Post Office,"47.55204525,-122.32577865",foursquare-feed,642c2dc176c50f71b741fee9,"Seattle, United States"
2023-04-08T15:47:31+00:00,,Belle Pastry,"47.61012793,-122.20212708",foursquare-feed,64318c939106c65142ac9b4e,"Bellevue, United States"
2023-04-09T01:07:47+00:00,,Hokkaido Ramen Santouka,"47.61138905,-122.20196463",foursquare-feed,64320fe3ae704154fc67ed24,"Bellevue, United States"
2023-04-09T20:01:36+00:00,,Seattle Art Museum,"47.60705223,-122.33781916",foursquare-feed,643319a0ef72c81f5d54e7e0,"Seattle, United States"
2023-04-09T21:10:24+00:00,,Hot As Pho,"47.60873260,-122.33800654",foursquare-feed,643329c03b99760ba6e3bd58,"Seattle, United States"
2023-04-12T18:29:19+00:00,,Bellevue Highlands Park,"47.62709073,-122.15196386",foursquare-feed,6436f87fe581182161778d98,"Bellevue, United States"
2023-04-15T01:26:56+00:00,,NW Sportshub,"46.72439737,-122.98357827",foursquare-feed,6439fd6044cb1a0b61bbd654,"Centralia, United States"
2023-04-15T03:27:01+00:00,,McMenamins Olympic Club,"46.71662827,-122.95378903",foursquare-feed,643a198507d54c0deaf92094,"Centralia, United States"
2023-04-16T18:52:59+00:00,,Atammayatarama Buddhist Monastery,"47.76736512,-122.10630366",foursquare-feed,643c440b6ca2051439321d27,"Woodinville, United States"
2023-04-19T23:55:21+00:00,,US Post Office,"47.65958870,-122.31287080",foursquare-feed,64407f69f5eef7163b1cb364,"Seattle, United States"
2023-04-20T00:11:16+00:00,,University Bookstore,"47.66042179,-122.31307737",foursquare-feed,64408324ae3c5709344fc833,"Seattle, United States"
2023-04-20T14:06:06+00:00,,US Post Office,"47.55204525,-122.32577865",foursquare-feed,644146cece20f36eae965ef9,"Seattle, United States"
2023-04-21T23:48:58+00:00,,Thai Tom,"47.66260549,-122.31331229",foursquare-feed,644320eab1021a43e9a2cb74,"Seattle, United States"
2023-04-30T00:32:15+00:00,,El Centro Skate Rink,"47.29469540,-122.31439463",foursquare-feed,644db70f9552906a395dad57,"Federal Way, United States"
2023-04-30T16:02:08+00:00,,Starbucks,"47.61779126,-122.20385472",foursquare-feed,644e91005fcfe65543084375,"Bellevue, United States"
2023-04-30T21:07:50+00:00,,Summit Central,"47.41007015,-121.41337621",foursquare-feed,644ed8a65fcfe65543e97ad3,"Snoqualmie Pass, United States"
2023-05-07T20:40:26+00:00,,Queen Bee Cafe,"47.63571518,-122.22221278",foursquare-feed,64580cbab4cec0009e0603a1,"Clyde Hill, United States"
2023-05-10T21:59:53+00:00,,Georgia Zumdieck Park,"47.62387097,-122.19661947",foursquare-feed,645c13d94b09a87c599512c5,"Bellevue, United States"
2023-05-13T20:16:34+00:00,,Bangrak Market,"47.61429061,-122.34653058",foursquare-feed,645ff0224a1ceb212ab27568,"Seattle, United States"
2023-05-20T00:34:46+00:00,,Magnuson Community Center Theater,"47.68207200,-122.26332000",foursquare-feed,646815a69488fa412b3f6541,"Seattle, United States"
2023-05-20T18:29:34+00:00,,Dragon Park,"47.55181286,-122.22180204",foursquare-feed,6469118e91e4247b089fe5cf,"Mercer Island, United States"
2023-05-26T00:07:14+00:00,,Dragon Park,"47.55181286,-122.22180204",foursquare-feed,646ff83268b7af7eb05ca5f6,"Mercer Island, United States"
2023-05-27T00:04:09+00:00,,Magnuson Community Center Theater,"47.68207200,-122.26332000",foursquare-feed,647148f99b62382e96ba78df,"Seattle, United States"
2023-05-27T16:15:05+00:00,,Alki Cafe,"47.57898060,-122.41043090",foursquare-feed,64722c89cf26c835940a201c,"Seattle, United States"
2023-05-27T17:37:46+00:00,,Luther Burbank Park,"47.59096106,-122.22606005",foursquare-feed,64723fea523b2e70128bbb8d,"Mercer Island, United States"
2023-05-30T23:22:50+00:00,,Mercerdale Playground,"47.58018787,-122.23439236",foursquare-feed,6476854a63cb9b3427e1c3ff,"Mercer Island, United States"
2023-06-03T17:25:44+00:00,,La Fête Patisserie Francaise,"47.58657000,-122.23676600",foursquare-feed,647b7798e59e4375f77ca586,"Mercer Island, United States"
2023-06-04T18:51:41+00:00,,MOD Pizza,"47.61328976,-122.20201924",foursquare-feed,647cdd3d27cb1a474bb191ef,"Bellevue, United States"
2023-06-10T15:43:36+00:00,,Robinswood Park,"47.59034755,-122.14051585",foursquare-feed,64849a28c495dc5e3c9ab5f2,"Bellevue, United States"
2023-06-13T23:26:43+00:00,,Mercer Island Thrift Shop,"47.58022392,-122.23431513",foursquare-feed,6488fb3334a0f41128c9f5f1,"Mercer Island, United States"
2023-06-13T23:27:02+00:00,,Mercer Island Skatepark,"47.58037961,-122.23488475",foursquare-feed,6488fb46820dd27b97e81564,"Mercer Island, United States"
2023-06-18T19:17:36+00:00,,Renton Skate Park,"47.48199111,-122.20024748",foursquare-feed,648f5850464f5a735fc9e242,"Renton, United States"
2023-06-23T18:12:08+00:00,,Ballard Locks Fish Ladder,"47.66471568,-122.39767668",foursquare-feed,6495e078f9a44022e10d1c05,"Seattle, United States"
2023-06-24T03:03:06+00:00,,Point on Yarrow Bay,"47.64401144,-122.20531195",foursquare-feed,64965cea7a007734f9ac0758,"Kirkland, United States"
2023-06-25T18:46:09+00:00,,Noe Jose Cafe,"48.28873478,-122.64767864",foursquare-feed,64988b7103ff5811d4d91fa7,"Oak Harbor, United States"
2023-06-28T22:03:58+00:00,,Mercurys Coffee Co.,"47.62830983,-122.16556330",foursquare-feed,649cae4eb1009e1584f1db10,"Bellevue, United States"
2023-07-08T17:27:23+00:00,,La Fête Patisserie Francaise,"47.58657000,-122.23676600",foursquare-feed,64a99c7bf4fdac6244a59a78,"Mercer Island, United States"
2023-07-09T20:05:33+00:00,,Woodinville Skate Park,"47.76943845,-122.15790061",foursquare-feed,64ab130d3d71762a98ce363f,"Woodinville, United States"
2023-07-12T21:11:05+00:00,,Rotary Community Park,"47.76935280,-122.15821460",foursquare-feed,64af16e9b062851a4f10419b,"Woodinville, United States"
2023-07-12T21:47:44+00:00,,Whole Foods Market,"47.71163673,-122.17980830",foursquare-feed,64af1f807ffd8b0255ce4350,"Kirkland, United States"
2023-07-14T21:52:25+00:00,,Silo Park,"48.53721350,-121.75788223",foursquare-feed,64b1c399caa19b6739feed2a,"Concrete, United States"
2023-07-14T22:54:00+00:00,,Bob's Burgers & Brew,"48.50989157,-122.33788665",foursquare-feed,64b1d208c480327b3eccc2ed,"Burlington, United States"
2023-07-15T16:51:13+00:00,,I-90 Outdoor Sculpture Gallery,"47.58786983,-122.23238467",foursquare-feed,64b2ce81a561605a0a354667,"Mercer Island, United States"
2023-07-18T18:55:30+00:00,,Robinswood Tennis Center,"47.58815869,-122.13797648",foursquare-feed,64b6e0227147b661b0bd3290,"Bellevue, United States"
2023-07-18T22:35:52+00:00,,Kirkland Skatepark,"47.67749580,-122.20057431",foursquare-feed,64b713c820a4c268c5853659,"Kirkland, United States"
2023-07-20T19:06:01+00:00,,Robinswood Tennis Center,"47.58815869,-122.13797648",foursquare-feed,64b98599d315415fe29652af,"Bellevue, United States"
2023-07-20T19:39:21+00:00,,Sammamish Commons,"47.60113319,-122.03784496",foursquare-feed,64b98d6956ed08472e5d458b,"Sammamish, United States"
2023-07-23T00:02:14+00:00,,Bay View State Park,"48.48868184,-122.48012507",foursquare-feed,64bc6e064065a2581944a525,"Mount Vernon, United States"
2023-07-23T18:06:03+00:00,,Best Buy,"48.45076000,-122.33982600",foursquare-feed,64bd6c0b772bb356155f54a6,"Burlington, United States"
2023-07-23T18:21:10+00:00,,Five Guys,"48.45118000,-122.33748300",foursquare-feed,64bd6f967b4bcc73215a7f47,"Burlington, United States"
2023-07-29T18:40:14+00:00,,Marginal Way Skatepark,"47.57550826,-122.33911383",foursquare-feed,64c55d0e2922821309f83eb1,"Seattle, United States"
2023-08-04T19:04:23+00:00,,Winco Foods,"48.10089100,-122.17732700",foursquare-feed,64cd4bb7fd65093bc1d2ddc9,"Marysville, United States"
2023-08-05T20:33:49+00:00,,Marysville Skatepark,"48.05894020,-122.17457589",foursquare-feed,64ceb22d97ff984194d021e2,"Marysville, United States"
2023-08-07T13:49:47+00:00,,Shell,"47.10385602,-119.83284569",foursquare-feed,64d0f67b940a777982cd24f7,"Quincy, United States"
2023-08-07T17:01:57+00:00,,Grocery Outlet,"47.70599030,-116.79367447",foursquare-feed,64d123853856294f09571492,"Coeur d'Alene, United States"
2023-08-07T18:47:08+00:00,,Mountain Haus Lodge,"47.49911845,-116.11895900",foursquare-feed,64d13c2cf008971581e08265,"Kellogg, United States"
2023-08-07T19:35:14+00:00,,Subway,"47.54575212,-116.13154755",foursquare-feed,64d14772ab45172b8dce1c70,"Kellogg, United States"
2023-08-07T21:39:34+00:00,,Starbucks,"46.91438880,-114.03290784",foursquare-feed,64d16496df3bb609fc1b306b,"Missoula, United States"
2023-08-07T22:17:40+00:00,,Target,"46.88765665,-114.03710352",foursquare-feed,64d16d84c3f0b2158e9df553,"Missoula, United States"
2023-08-08T01:33:40+00:00,,Super 1 Foods,"46.61769849,-112.00890492",foursquare-feed,64d19b7477cc48266ef447d6,"Helena, United States"
2023-08-08T03:21:37+00:00,,Tesla Supercharger,"45.69953529,-111.06254198",foursquare-feed,64d1b4c13538cf3cd9652543,"Bozeman, United States"
2023-08-08T17:15:40+00:00,,Canyon Visitor Education Center,"44.73470328,-110.49172035",foursquare-feed,64d2783c24da44231f75e5bf,"Canyon Village, United States"
2023-08-09T21:34:29+00:00,,Old Faithful Geyser,"44.46048011,-110.82813889",foursquare-feed,64d40665dc7a6b5edf5c53da,"Yellowstone National Park, United States"
2023-08-09T22:42:03+00:00,,Tesla Supercharger,"44.65593197,-111.09894946",foursquare-feed,64d4163beea5255f10d7d494,"West Yellowstone, United States"
2023-08-11T15:47:00+00:00,,Flagg Ranch Resort,"44.10643965,-110.66763623",foursquare-feed,64d657f4f19642392f71e91e,"Moran, United States"
2023-08-11T18:06:12+00:00,,Tesla Supercharger,"43.46355872,-110.79426891",foursquare-feed,64d6789466722e5f7e57d65e,"Jackson, United States"
2023-08-11T18:11:09+00:00,,Whole Foods Market,"43.46368162,-110.79410343",foursquare-feed,64d679bd5052360a6653f7c8,"Jackson, United States"
2023-08-11T19:03:24+00:00,,Jackson Town Square,"43.47998173,-110.76184809",foursquare-feed,64d685fcaf5722020a8e7637,"Jackson, United States"
2023-08-11T23:39:44+00:00,,Tesla Supercharger,"42.56157542,-113.79005757",foursquare-feed,64d6c6c03538cf3cd932b468,"Burley, United States"
2023-08-12T03:53:48+00:00,,Best Western Northwest Lodge,"43.53963120,-116.15722752",foursquare-feed,64d7024ce2f0ea640813bfbf,"Boise, United States"
2023-08-12T18:54:13+00:00,,Oregon Trail Museum,"44.78143048,-117.82553902",foursquare-feed,64d7d555ab537f4ed8c07b56,"Baker City, United States"
2023-08-12T21:28:29+00:00,,Tesla Charging Station,"46.19723117,-119.16141716",foursquare-feed,64d7f97dda08f37f1a2124f3,"Kennewick, United States"
2023-08-12T21:28:54+00:00,,Fred Meyer Fuel Center,"46.19841669,-119.16273156",foursquare-feed,64d7f996830f1e72df36257e,"Kennewick, United States"
2023-08-13T00:17:57+00:00,,Starbucks,"46.97693161,-120.54221161",foursquare-feed,64d821353538cf3cd9729da9,"Ellensburg, United States"
2023-08-13T00:18:06+00:00,,Tesla Supercharger,"46.97685773,-120.54116945",foursquare-feed,64d8213e460ad81a85309918,"Ellensburg, United States"
2023-08-20T17:26:45+00:00,,Cruise Seattle Parking - Pier 66,"47.61355401,-122.35048195",foursquare-feed,64e24cd5c1013c538a158498,"Seattle, United States"
2023-08-22T23:46:38+00:00,,Downtown Juneau,"58.28677618,-134.38631961",foursquare-feed,64e548dee4c7f0031858f55f,"Juneau, United States"
2023-08-23T00:51:13+00:00,,Mendenhall Glacier,"58.41723042,-134.54576161",foursquare-feed,64e55801856087460368bc2d,"Juneau, United States"
2023-08-23T16:05:33+00:00,,Skagway Pier,"59.44825595,-135.32145465",foursquare-feed,64e62e4d27585915b2871c4c,"Skagway, United States"
2023-08-23T22:05:51+00:00,,Back Alley Rock Shop,"59.45554026,-135.31633030",foursquare-feed,64e682bfb7d3622a1639b3ae,"Skagway, United States"
2023-08-23T22:41:25+00:00,,Wells Fargo,"59.45618225,-135.31425243",foursquare-feed,64e68b15b6cc1455f722955a,"Skagway, United States"
2023-08-23T23:05:45+00:00,,Skagway Museum,"59.45575451,-135.31177104",foursquare-feed,64e690c97a63794eec97ae7a,"Skagway, United States"
2023-08-23T23:38:21+00:00,,White Pass & Yukon Route Store,"59.45347936,-135.31746271",foursquare-feed,64e6986d6560c56cb5259149,"Skagway, United States"
2023-08-23T23:41:40+00:00,,White Pass and Yukon Railroad Depot,"59.45336522,-135.31789549",foursquare-feed,64e699348d900901210a7c97,"Skagway, United States"
2023-08-25T16:43:10+00:00,,City of Ketchikan,"55.34300850,-131.64702415",foursquare-feed,64e8da1edfdece36864ce129,United States
2023-08-25T16:49:12+00:00,,Berth 3,"55.34174120,-131.64898306",foursquare-feed,64e8db8845966343464dc7ac,"Ketchikan, United States"
2023-08-25T16:54:54+00:00,,Bering Sea Crab Fishermans Tour,"55.34300836,-131.65217543",foursquare-feed,64e8dcde459663434651bdf2,"Ketchikan, United States"
2023-08-27T03:30:42+00:00,,James Bay,"48.42065623,-123.37363942",foursquare-feed,64eac3622e0e583e7b41e353,"Victoria, Canada"
2023-08-27T03:53:32+00:00,,British Columbia Parliament Buildings,"48.42035865,-123.36995275",foursquare-feed,64eac8bc2355f0717eb916fe,"Victoria, Canada"
2023-08-27T04:17:24+00:00,,Tim Hortons,"48.42464988,-123.36371715",foursquare-feed,64eace54371665016caaec1a,"Victoria, Canada"
2023-09-01T19:51:48+00:00,,IKEA Bistro,"47.44217329,-122.22795717",foursquare-feed,64f240d41832fb0e67edc772,"Renton, United States"
2023-09-06T12:55:07+00:00,,Seattle-Tacoma International Airport,"47.44358853,-122.30250835",foursquare-feed,64f876abb395c003766ff8d0,"SeaTac, United States"
2023-09-06T16:34:02+00:00,,Oakland International Airport,"37.71193639,-122.21341610",foursquare-feed,64f8a9fa75e7ea3b56d7e7d8,"Oakland, United States"
2023-09-06T17:25:26+00:00,,Crowne Plaza Foster City-San Mateo,"37.56250990,-122.27642500",foursquare-feed,64f8b606efec763451beae90,"Foster City, United States"
2023-09-06T17:40:26+00:00,,San Mateo County Event Center,"37.54670080,-122.30159380",foursquare-feed,64f8b98ad5145d0e4e37350a,"San Mateo, United States"
2023-09-06T17:40:55+00:00,,Saastr,"37.55163989,-122.31405538",foursquare-feed,64f8b9a74596634346bb0c91,"San Mateo, United States"
2023-09-07T04:26:52+00:00,,Crowne Plaza San Francisco Airport,"37.59000988,-122.35961978",foursquare-feed,64f9510c9ab8934d834feebf,"Burlingame, United States"
2023-09-08T17:12:18+00:00,,Saastr,"37.55163989,-122.31405538",foursquare-feed,64fb55f2f9c19659d16090c2,"San Mateo, United States"
2023-09-09T01:24:41+00:00,,San Francisco International Airport,"37.61676399,-122.38701940",foursquare-feed,64fbc9599dcd4d29385de28f,"San Francisco, United States"
2023-09-09T05:17:34+00:00,,Seattle-Tacoma International Airport,"47.44358853,-122.30250835",foursquare-feed,64fbffee78bffa49a00b49f5,"SeaTac, United States"
2023-09-10T20:03:27+00:00,,Taste of Thai by Wipa,"48.46487777,-122.33543348",foursquare-feed,64fe210f9875a608b6ecaa0c,"Burlington, United States"
2023-09-16T15:38:37+00:00,,Belle Pastry,"47.61012793,-122.20212708",foursquare-feed,6505cbfde9a2cb0524a8f86b,"Bellevue, United States"
2023-09-19T11:48:12+00:00,,Seattle-Tacoma International Airport,"47.44358853,-122.30250835",foursquare-feed,65098a7c2183b607b8a6dcde,"SeaTac, United States"
2023-09-19T15:14:17+00:00,,John Wayne Airport,"33.67887076,-117.86189225",foursquare-feed,6509bac9be8ad555f78ec802,"Santa Ana, United States"
2023-09-19T16:36:06+00:00,,Long Beach Convention & Visitors Bureau,"33.76753237,-118.18892857",foursquare-feed,6509cdf65ab700039e5e4adb,"Long Beach, United States"
2023-09-20T03:04:12+00:00,,Historic Pine Avenue (Overhead) Sign,"33.77227980,-118.19240973",foursquare-feed,650a612c08ccbb1833aab6d2,"Long Beach, United States"
2023-09-20T04:16:01+00:00,,Sheraton Garden Grove - Anaheim South Hotel,"33.78634690,-117.91527920",foursquare-feed,650a7201af489e7eb9798b1d,"Garden Grove, United States"
2023-09-20T16:33:56+00:00,,Long Beach Convention & Visitors Bureau,"33.76753237,-118.18892857",foursquare-feed,650b1ef486106921fd9da771,"Long Beach, United States"
2023-09-24T17:44:13+00:00,,Seattle-Tacoma International Airport,"47.44358853,-122.30250835",foursquare-feed,6510756d38b71a0b5face130,"SeaTac, United States"
2023-09-25T00:42:57+00:00,,Washington Dulles International Airport,"38.94887958,-77.44760513",foursquare-feed,6510d7912183b607b84b020a,"Sterling, United States"
2023-09-25T09:14:17+00:00,,Lisbon Humberto Delgado Airport,"38.77089851,-9.13079739",foursquare-feed,65114f690ff6547aac64d95e,"Lisbon, Portugal"
2023-09-25T12:26:40+00:00,,Esplanada Vasco da Gama,"38.76765130,-9.09616424",foursquare-feed,65117c8087653a4322414ab3,"Lisbon, Portugal"
2023-09-25T13:38:21+00:00,,Metro Olivais [VM],"38.76128017,-9.11203976",foursquare-feed,65118d4deb5fb01b6d0069d7,"Lisbon, Portugal"
2023-09-26T07:40:27+00:00,,Breakfast Lovers,"38.71110306,-9.14702022",foursquare-feed,65128aebaec9334cf0449bb6,"Lisbon, Portugal"
2023-09-26T17:06:14+00:00,,FIL - Pavilhão 2,"38.77131675,-9.09412622",foursquare-feed,65130f8649142021f221d61d,"Lisbon, Portugal"
2023-09-27T07:21:57+00:00,,The Mill,"38.71072500,-9.14980500",foursquare-feed,6513d81511351f756e0f0e9b,"Lisbon, Portugal"
2023-09-27T08:08:01+00:00,,Igreja de Santa Catarina,"38.71118097,-9.14844672",foursquare-feed,6513e2e1e9a2cb05245f43af,"Lisbon, Portugal"
2023-09-27T22:30:31+00:00,,Mercado de Algés,"38.70115150,-9.22835588",foursquare-feed,6514ad07c5b15c78ecf72e0d,"Algés, Portugal"
2023-09-28T14:59:23+00:00,,FIL - Pavilhão 2,"38.77131675,-9.09412622",foursquare-feed,651594cba0338256627f7ee5,"Lisbon, Portugal"
2023-09-28T16:04:06+00:00,,Time Out Market Lisboa,"38.70707164,-9.14592505",foursquare-feed,6515a3f636880814568503b4,"Lisbon, Portugal"
2023-09-28T21:09:11+00:00,,Mercado de Algés,"38.70115150,-9.22835588",foursquare-feed,6515eb77365c41561a13bf82,"Algés, Portugal"
2023-09-29T07:27:10+00:00,,Belém Tower,"38.69155611,-9.21593070",foursquare-feed,65167c4e7364a159351c845a,"Lisbon, Portugal"
2023-09-29T07:45:28+00:00,,Padrão dos Descobrimentos,"38.69360400,-9.20569500",foursquare-feed,651680985bbf683b109c75d1,"Lisbon, Portugal"
2023-09-30T16:25:47+00:00,,Bellevue College Gym,"47.58689583,-122.14909407",foursquare-feed,65184c0b7a64342f4500f187,"Bellevue, United States"
2023-10-08T03:21:15+00:00,,Adrian’s Restaurant and Tequila Bar,"47.61005900,-122.20435000",foursquare-feed,6522202b315f2b06aa154633,"Bellevue, United States"
2023-10-08T23:17:43+00:00,,Issaquah Salmon Days,"47.53195201,-122.03650700",foursquare-feed,65233897098b3877876685e8,"Issaquah, United States"
2023-10-12T20:23:07+00:00,,sunrise dental,"47.62194368,-122.18977575",foursquare-feed,652855ab1ad4c3097f678778,"Bellevue, United States"
2023-10-14T01:23:39+00:00,,Elevated Sportz Ultimate Trampoline Park & Event Center,"47.83172335,-122.20764809",foursquare-feed,6529ed9b7ce0bf5e43b24ab7,"Bothell, United States"
2023-10-17T12:57:48+00:00,,Seattle-Tacoma International Airport,"47.44358853,-122.30250835",foursquare-feed,652e84cc7bc965419812cc94,"SeaTac, United States"
2023-10-17T17:02:47+00:00,,Harry Reid International Airport,"36.08229757,-115.14191151",foursquare-feed,652ebe37444ce445f7510fd3,"Las Vegas, United States"
2023-10-17T17:18:00+00:00,,Mandalay Bay Convention Center,"36.08933790,-115.17783165",foursquare-feed,652ec1c8a55db16e9b076d0d,"Las Vegas, United States"
2023-10-17T21:10:17+00:00,,Mandalay Bay Convention Center,"36.08933790,-115.17783165",foursquare-feed,652ef839330483192212f53b,"Las Vegas, United States"
2023-10-19T16:13:51+00:00,,Harry Reid International Airport,"36.08229757,-115.14191151",foursquare-feed,653155bfaa442a737ef6f96d,"Las Vegas, United States"
2023-10-19T18:41:42+00:00,,San Diego International Airport,"32.73212970,-117.19963789",foursquare-feed,65317866360a5a5ef91adfca,"San Diego, United States"
2023-10-19T19:56:44+00:00,,Blue Water Seafood Market and Grill,"32.74197442,-117.17990592",foursquare-feed,653189fc78b80e2a8cb6a009,"San Diego, United States"
2023-10-19T22:19:04+00:00,,San Diego International Airport,"32.73212970,-117.19963789",foursquare-feed,6531ab581e408846db23f97f,"San Diego, United States"
2023-10-20T01:56:27+00:00,,Harry Reid International Airport,"36.08229757,-115.14191151",foursquare-feed,6531de4bf8162c7acb9227ed,"Las Vegas, United States"
2023-10-20T02:33:39+00:00,,The Club LAS,"36.08581781,-115.13389707",foursquare-feed,6531e7038c47263870d00d01,"Las Vegas, United States"
2023-10-21T01:13:29+00:00,,Skagit Valley Food Co-op,"48.42084813,-122.33699041",foursquare-feed,653325b97346bf3e4a6069a8,"Mount Vernon, United States"
2023-10-29T01:03:00+00:00,,Spirit Halloween,"47.61845342,-122.20230472",foursquare-feed,653daf44f3da477ec37867e1,"Bellevue, United States"
2023-10-29T21:00:45+00:00,,Sacred Heart School,"47.62426310,-122.21269671",foursquare-feed,653ec7fde1d57d7e6ee5aa77,"Bellevue, United States"
2023-10-31T19:06:41+00:00,,Mercurys Coffee Co.,"47.62830983,-122.16556330",foursquare-feed,654150411ff1244ed1060da5,"Bellevue, United States"
2023-11-05T00:24:58+00:00,,KCLS Bellevue Library,"47.62002967,-122.19427187",foursquare-feed,6546e0dab258365bf390a3e2,"Bellevue, United States"
2023-11-09T21:45:16+00:00,,Silverlake Ramen Kirkland,"47.71267805,-122.17947006",foursquare-feed,654d52ec4c8441453764b1aa,"Kirkland, United States"
2023-11-12T20:28:38+00:00,,bellevue youth theater at crossroad,"47.61866509,-122.12661304",foursquare-feed,655135769bf32e4d6a199236,"Bellevue, United States"
2023-11-25T03:29:49+00:00,,Seattle-Tacoma International Airport,"47.44358853,-122.30250835",foursquare-feed,65616a2d7b1fdd694564c769,"SeaTac, United States"
2023-11-25T04:07:49+00:00,,The Club at SEA,"47.43869363,-122.30202824",foursquare-feed,656173159d480163588a235d,"SeaTac, United States"
2023-11-25T12:55:13+00:00,,Cancun International Airport,"21.03953966,-86.87357426",foursquare-feed,6561eeb1efad6557146b4b54,"Cancún, Mexico"
2023-11-25T14:10:41+00:00,,Hyatt Ziva Cancun,"21.13596092,-86.74210690",foursquare-feed,656200611d213448aebdf4df,"Cancún, Mexico"
2023-11-28T19:11:38+00:00,,Cancun International Airport,"21.03953966,-86.87357426",foursquare-feed,65663b6a3142f25b4409e016,"Cancún, Mexico"
2023-12-17T20:42:02+00:00,,Summit Central,"47.41007015,-121.41337621",foursquare-feed,657f5d1a8d449c2a390d6c08,"Snoqualmie Pass, United States"
2023-12-24T20:31:04+00:00,,Summit Central,"47.41007015,-121.41337621",foursquare-feed,658895088334b81e47e87944,"Snoqualmie Pass, United States"
2023-12-29T22:46:45+00:00,,Skagit Valley Food Co-op,"48.42084813,-122.33699041",foursquare-feed,658f4c55e03cec28f7ad7e08,"Mount Vernon, United States"
2024-01-01T04:23:15+00:00,,Lake Tyee,"48.57064287,-121.76218512",foursquare-feed,65923e334ffad86b0ed1a0e5,"Concrete, United States"
2024-01-06T23:06:25+00:00,,Walmart Grocery Pickup and Delivery,"48.44174000,-122.34313000",foursquare-feed,6599dcf1642a2e1c54a2ed34,"Mount Vernon, United States"
2024-01-07T20:08:44+00:00,,Tesla Supercharger,"48.45125000,-122.33980600",foursquare-feed,659b04cc73dcab2c71509146,"Burlington, United States"
2024-01-13T20:10:19+00:00,,Edmonds Woodway High School,"47.80563173,-122.33687063",foursquare-feed,65a2ee2b856c9235bbd951e4,"Edmonds, United States"
2024-01-14T18:34:55+00:00,,Summit West,"47.42239651,-121.42068386",foursquare-feed,65a4294f1795f304bdff8034,"Snoqualmie Pass, United States"
2024-01-21T18:56:52+00:00,,Summit East,"47.39404546,-121.39700059",foursquare-feed,65ad68f4a5124b7d6a017436,"Snoqualmie Pass, United States"
2024-01-28T16:52:36+00:00,,"Alpental Lodge, Alpental","47.44415220,-121.42586976",foursquare-feed,65b68654d8d54a7ba7032ba7,"Snoqualmie Pass, United States"
2024-01-28T16:52:53+00:00,,Alpental Ski Area,"47.44524289,-121.42712116",foursquare-feed,65b686657e44a911ac805a65,"Snoqualmie, United States"
2024-02-01T00:17:33+00:00,,Northwest Bellevue,"47.62541544,-122.19976304",foursquare-feed,65bae31d19b1fd578bfbcbff,"Bellevue, United States"
2024-02-04T18:48:33+00:00,,Silver Fir,"47.40083278,-121.40720583",foursquare-feed,65bfdc014076b02be778f0f6,"Snoqualmie Pass, United States"
2024-02-04T18:48:47+00:00,,Summit Central,"47.41007015,-121.41337621",foursquare-feed,65bfdc0fa4d444048d3c3c97,"Snoqualmie Pass, United States"
2024-02-10T22:38:34+00:00,,Puyallup High School,"47.19128329,-122.30185900",foursquare-feed,65c7faea7fcc227d91f4b60b,"Puyallup, United States"
2024-02-10T23:08:23+00:00,,Phở Ever,"47.20191625,-122.30332998",foursquare-feed,65c801e77a1dc012651b2596,"Puyallup, United States"
2024-02-11T17:19:51+00:00,,Summit Central,"47.41007015,-121.41337621",foursquare-feed,65c901b7999b2041f6dc80eb,"Snoqualmie Pass, United States"
2024-02-14T09:12:19+00:00,,Singapore Changi Airport,"1.35376730,103.98784876",foursquare-feed,65cc83f34e13d9575c183c9d,Singapore
2024-02-14T10:15:12+00:00,,Yotelair Changi Singapore,"1.36011230,103.99013500",foursquare-feed,65cc92b0b17f7b1fa4b970e0,Singapore
2024-02-14T10:59:08+00:00,,PS.Cafe By The Sea,"1.30416310,103.92430000",foursquare-feed,65cc9cfc149a5a6d2cc43d69,Singapore
2024-02-15T03:58:35+00:00,,Suvarnabhumi Airport,"13.69200261,100.75055122",foursquare-feed,65cd8beb9cad1370033c2fde,"Bang Phli, Thailand"
2024-02-15T08:26:03+00:00,,เป๊ะเว่อร์ซาลอน,"13.80301000,100.58082100",foursquare-feed,65cdca9bca1b84382445f713,"Phra Nakhon, Thailand"
2024-02-15T08:26:32+00:00,,Supapong Condominium,"13.80610477,100.58147321",foursquare-feed,65cdcab8f635f72a45de1407,Thailand
2024-02-15T23:59:06+00:00,,Starbucks,"13.82793363,100.56694160",foursquare-feed,65cea54a81de232e24f96697,"Chatuchak, Thailand"
2024-02-16T03:15:08+00:00,,MRT Si Bearing,"13.64347800,100.63620600",foursquare-feed,65ced33c389f864a29ae61da,"Tambon Sam Rong Nua, Thailand"
2024-02-16T04:27:27+00:00,,Unlimit Mac Repair,"13.81468214,100.57843143",foursquare-feed,65cee42f72d0f034ddc36b77,"Phra Nakhon, Thailand"
2024-02-16T05:36:37+00:00,,Central Ladprao,"13.81628975,100.56068875",foursquare-feed,65cef465d84a201f307e3573,"Chatuchak, Thailand"
2024-02-16T11:11:03+00:00,,The Coral Executive Lounge,"13.69182800,100.75435900",foursquare-feed,65cf42c749a2bc3d672a3209,"Amphoe Bang Phli, Thailand"
2024-02-16T13:55:27+00:00,,Chiang Mai International Airport,"18.76925805,98.96797035",foursquare-feed,65cf694f71e9ba26cb396d3c,"Mueang Chiang Mai, Thailand"
2024-02-17T02:00:07+00:00,,Omelette Bakery Cafe,"18.91542055,98.94218037",foursquare-feed,65d013277b9d410e5a82f650,"Mae Rim, Thailand"
2024-02-17T13:01:45+00:00,,Grooveyard,"18.91204700,98.93226400",foursquare-feed,65d0ae39b601695f89704df5,"Mae Rim, Thailand"
2024-02-18T01:12:23+00:00,,Omelette Bakery Cafe,"18.91542055,98.94218037",foursquare-feed,65d159779767726c685a1ccf,"Mae Rim, Thailand"
2024-02-18T03:25:47+00:00,,and ann coffee,"18.91251825,98.93531226",foursquare-feed,65d178bbe6792f632738366e,Thailand
2024-02-18T08:57:56+00:00,,AIS Shop,"18.80785851,99.01795019",foursquare-feed,65d1c6940c7a8b667673f052,"Mueang Chiang Mai, Thailand"
2024-02-18T12:19:34+00:00,,N THRÉE coffee & eatery,"18.91906800,98.93193200",foursquare-feed,65d1f5d6e6792f63270f2aac,"Mae Rim, Thailand"
2024-02-19T00:41:00+00:00,,Omelette Bakery Cafe,"18.91542055,98.94218037",foursquare-feed,65d2a39c6cd3d051bd1716c3,"Mae Rim, Thailand"
2024-02-19T06:08:17+00:00,,แดนเทวดา,"19.12339400,98.94222200",foursquare-feed,65d2f051f500b60220d599aa,"Mae Taeng, Thailand"
2024-02-20T07:58:32+00:00,,MAYA,"18.80215225,98.96750656",foursquare-feed,65d45ba83e406103f9a7e6d2,"Mueang Chiang Mai, Thailand"
2024-02-20T07:58:48+00:00,,The Duke's,"18.80223723,98.96662236",foursquare-feed,65d45bb868212c1245ad76c2,"Mueang Chiang Mai, Thailand"
2024-02-20T08:54:10+00:00,,Bangkok Hospital Chiang Mai,"18.78876573,99.02631387",foursquare-feed,65d468b228dd1838f9814ae0,"Mueang Chiang Mai, Thailand"
2024-02-20T11:57:30+00:00,,Central Food Hall,"18.80596496,99.01762681",foursquare-feed,65d493aa7c78ac7e133d5cc9,"Mueang Chiang Mai, Thailand"
2024-02-21T04:40:56+00:00,,Omelette Bakery Cafe,"18.91542055,98.94218037",foursquare-feed,65d57ed86cd6c544b04afc95,"Mae Rim, Thailand"
2024-02-21T08:56:16+00:00,,Biscotti Bakery,"18.90978209,98.95204228",foursquare-feed,65d5bab0f3e2815e747854ea,"Maerim, Thailand"
2024-02-21T12:52:21+00:00,,Steak Of The Day,"18.91557140,98.94215421",foursquare-feed,65d5f20578930607842ef634,"Mueang Chiang Mai, Thailand"
2024-02-22T12:05:54+00:00,,Baan Suan Mae Rim Restaurant,"18.94452533,98.94478418",foursquare-feed,65d738a29adef76578edd0b3,"Mae Rim, Thailand"
2024-02-23T04:10:06+00:00,,Bua Tong Waterfalls,"19.06885366,99.07961241",foursquare-feed,65d81a9e5f595f0e7661b1da,"Mae Taeng, Thailand"
2024-02-23T12:15:11+00:00,,Grooveyard,"18.91204700,98.93226400",foursquare-feed,65d88c4f83edec3e644a1c80,"Mae Rim, Thailand"
2024-02-23T23:16:01+00:00,,Chiang Mai International Airport,"18.76925805,98.96797035",foursquare-feed,65d927314e006d7fd4e27f7f,"Mueang Chiang Mai, Thailand"
2024-02-24T01:13:24+00:00,,Don Mueang International Airport,"13.91759694,100.60160266",foursquare-feed,65d942b44dfe152649dd9230,"Don Mueang, Thailand"
2024-02-24T03:19:46+00:00,,Starbucks,"13.74137672,100.62515671",foursquare-feed,65d9605244c8ff2aa8e58caf,"Suan Luang, Thailand"
2024-02-24T13:15:13+00:00,,Buondi Italia Da Noong Ristorantino,"12.91470812,100.87103030",foursquare-feed,65d9ebe1004fdc337be11455,"Pattaya, Thailand"
2024-02-25T01:27:26+00:00,,Summer House Pattaya,"12.86279400,100.89474300",foursquare-feed,65da977e42aaa36de19e105e,"Bang Lamung, Thailand"
2024-02-25T05:35:23+00:00,,The Glass House,"12.84874781,100.90165081",foursquare-feed,65dad19bb30533202b4ba258,"Sattahip, Thailand"
2024-02-25T05:54:51+00:00,,Sala Thai Restaraunt,"12.84132715,100.91050431",foursquare-feed,65dad62b698d82798a2de610,Thailand
2024-02-25T11:47:52+00:00,,พีทีที สเตชั่น,"13.28470600,100.91938800",foursquare-feed,65db28e8dffd0f4a0def217d,"Mueang Chon Buri, Thailand"
2024-02-25T14:47:35+00:00,,รักหมู ปลาเผา,"13.30864000,100.93128400",foursquare-feed,65db530756b3276e2bb081b4,"Amphoe Mueang Chon Buri, Thailand"
2024-02-25T23:56:29+00:00,,Café Amazon,"13.28589600,100.92317600",foursquare-feed,65dbd3ad3a493b00ec9596c0,"Mueang Chon Buri, Thailand"
2024-02-26T02:25:42+00:00,,Bangkok Hospital,"13.74837577,100.58356730",foursquare-feed,65dbf6a6647b4306ba4a98c4,"Huai Khwang, Thailand"
2024-02-26T06:30:51+00:00,,Sabaijai Kebtawan,"13.73001300,100.58560700",foursquare-feed,65dc301bd3392b1374c9ee3e,"Vadhana, Thailand"
2024-02-26T06:41:41+00:00,,Sabaijai Kebtawan,"13.73001300,100.58560700",foursquare-feed,65dc32a5208faf17eb7e5b4d,"Vadhana, Thailand"
2024-02-26T09:25:19+00:00,,Decathlon,"13.65349700,100.67751000",foursquare-feed,65dc58ff245a8e335f87683d,"Bang Phli, Thailand"
2024-02-26T10:54:56+00:00,,Suvarnabhumi Airport,"13.69200261,100.75055122",foursquare-feed,65dc6e007443004c401be473,"Bang Phli, Thailand"
2024-02-26T12:18:02+00:00,,Oman Air Lounge,"13.69196934,100.74672374",foursquare-feed,65dc817a5ffa3953d3fea392,"Bang Phli, Thailand"
2024-02-27T05:54:05+00:00,,Yotelair Changi Singapore,"1.36011230,103.99013500",foursquare-feed,65dd78fdeff67a32bf255460,Singapore
2024-02-27T05:54:26+00:00,,Tonito Latin American Kitchen,"1.35998900,103.98975500",foursquare-feed,65dd7912b9e9d66bd865303b,"Changi Village, Singapore"
2024-02-27T09:54:49+00:00,,Suntec Singapore Convention & Exhibition Centre,"1.29317679,103.85785518",foursquare-feed,65ddb169e4611e5c404f188a,Singapore
2024-02-27T12:44:15+00:00,,Chin Chin Eating House,"1.29624923,103.85549498",foursquare-feed,65ddd91f2721b620e6519f72,Singapore
2024-02-28T01:16:30+00:00,,Suntec Singapore Convention & Exhibition Centre,"1.29317679,103.85785518",foursquare-feed,65de896e5953892cc759d6ce,Singapore
2024-02-28T13:00:14+00:00,,Crafted By Peter Zweiner,"1.29400180,103.85557600",foursquare-feed,65df2e5e0ecfde790635becf,Singapore
2024-02-29T02:50:23+00:00,,Suntec Singapore Convention & Exhibition Centre,"1.29317679,103.85785518",foursquare-feed,65dff0ef44f4a16c2a86dc5e,Singapore
2024-02-29T11:39:07+00:00,,Clarke Quay,"1.29034920,103.84549000",foursquare-feed,65e06cdb781fa443afddfa73,Singapore
2024-02-29T11:51:46+00:00,,Seafood Paradise,"1.28995610,103.84476900",foursquare-feed,65e06fd290eeab1fde342487,Singapore
2024-03-01T01:38:39+00:00,,Jewel Changi Airport,"1.36011936,103.98978968",foursquare-feed,65e1319fb97e561e1b3159a0,Singapore
2024-03-01T05:50:56+00:00,,Marhaba Lounge,"1.36161200,103.99073600",foursquare-feed,65e16cc00e1c3f09cfcd719e,"Changi Village, Singapore"
2024-03-01T05:51:09+00:00,,Gate D32,"1.36298743,103.99264486",foursquare-feed,65e16ccd523652004917ece8,Singapore
2024-03-01T09:59:34+00:00,,Terminal 1,"14.50567518,121.00494146",foursquare-feed,65e1a706ec08d3227b39f5e4,"Paranaque City, Philippines"
2024-03-01T11:38:18+00:00,,Hotel Céleste,"14.55057509,121.02252119",foursquare-feed,65e1be2a870e4a42bcb27841,"Makati City, Philippines"
2024-03-01T12:47:29+00:00,,L.A. Cafe,"14.57482259,120.98143519",foursquare-feed,65e1ce616bbaec5da8101d28,Philippines
2024-03-02T01:19:02+00:00,,Las Flores,"14.55219100,121.02165800",foursquare-feed,65e27e86de61825e2522378f,"マカティ, Philippines"
2024-03-02T03:59:56+00:00,,The Fat Seed Cafe + Roastery,"14.55214100,121.02177600",foursquare-feed,65e2a43c24122b6aa6f0ee17,"Makati City, Philippines"
2024-03-02T07:42:07+00:00,,Terminal 1,"14.50567518,121.00494146",foursquare-feed,65e2d84f02a15271772627db,"Paranaque City, Philippines"
2024-03-02T10:31:47+00:00,,Marhaba Lounge,"14.50461200,121.00469900",foursquare-feed,65e300131c1f4455b7f86167,"Parañaque City, Philippines"
2024-03-02T14:28:44+00:00,,Taiwan Taoyuan International Airport,"25.07884137,121.23444501",foursquare-feed,65e3379c61794447c434ad49,"Taoyuan, Taiwan"
2024-03-03T02:06:24+00:00,,Seattle-Tacoma International Airport,"47.44358853,-122.30250835",foursquare-feed,65e3db20a008d3420a48527d,"SeaTac, United States"
2024-03-05T04:12:14+00:00,,MOD Pizza,"47.61328976,-122.20201924",foursquare-feed,65e69b9ec79c0f78bd8a6a55,"Bellevue, United States"
2024-03-11T19:42:21+00:00,,Din Tai Fung,"47.45846747,-122.26078574",foursquare-feed,65ef5e9d296d16604435fdad,"Tukwila, United States"
2024-03-11T20:57:37+00:00,,Peekaboo Fresh Tea And Coffee,"47.45920700,-122.25620900",foursquare-feed,65ef7041768f4a5ad009e818,"Tukwila, United States"
2024-03-13T19:53:19+00:00,,Dave & Buster's,"47.61248400,-122.18523400",foursquare-feed,65f2042f13c6c52792723f25,"Bellevue, United States"
2024-03-16T01:16:14+00:00,,Cantinetta Bellevue,"47.61017543,-122.20491671",foursquare-feed,65f4f2dec3b67b2fc7a798fe,"Bellevue, United States"
2024-03-16T03:53:49+00:00,,Stonehouse,"47.44429396,-122.30241698",foursquare-feed,65f517cdb011251e94905c61,"SeaTac, United States"
2024-03-16T10:12:13+00:00,,Detroit Metropolitan Wayne County Airport,"42.21516938,-83.35464478",foursquare-feed,65f5707dbdd1783a1387ed34,"Romulus, United States"
2024-03-16T16:39:27+00:00,,Jacksonville International Airport,"30.49154219,-81.68416496",foursquare-feed,65f5cb3f297dfb4de4ae3c05,"Jacksonville, United States"
2024-03-16T19:16:12+00:00,,Fort Clinch,"30.70340609,-81.45363152",foursquare-feed,65f5effcf5b51f6b61342b69,"Fernandina Beach, United States"
2024-03-16T22:35:11+00:00,,Amelia Island Visitors Center,"30.67112167,-81.46465460",foursquare-feed,65f61e9f5bf4192107f76773,"Amelia Island, United States"
2024-03-17T01:05:02+00:00,,Salty Pelican Bar & Grill,"30.67187077,-81.46442934",foursquare-feed,65f641be4543cb006d2ceeba,"Fernandina Beach, United States"
2024-03-17T15:56:10+00:00,,The Patio Place,"30.66962326,-81.46165364",foursquare-feed,65f7129ac4123c37310a24ad,"Fernandina Beach, United States"
2024-03-17T17:22:34+00:00,,The Patio Place,"30.66962326,-81.46165364",foursquare-feed,65f726daf35fa94e962779df,"Fernandina Beach, United States"
2024-03-17T17:23:36+00:00,,Hola Cuban Cafe,"30.67166860,-81.46400582",foursquare-feed,65f727188153346a2b88119d,"Fernandina Beach, United States"
2024-03-17T19:43:43+00:00,,Jacksonville International Airport,"30.49154219,-81.68416496",foursquare-feed,65f747ef21c62c3991160cc5,"Jacksonville, United States"
2024-03-18T02:58:50+00:00,,Washington Dulles International Airport,"38.94887958,-77.44760513",foursquare-feed,65f7adeac4123c3731893a14,"Sterling, United States"
2024-03-18T10:14:29+00:00,,London Heathrow Airport,"51.46999605,-0.45897961",foursquare-feed,65f81405298cc96cf0663796,"London, United Kingdom"
2024-03-18T12:36:44+00:00,,Tottenham Court Road London Underground Station,"51.51631200,-0.13046800",foursquare-feed,65f8355c1b93422b1a702a4d,"London, United Kingdom"
2024-03-18T19:49:49+00:00,,Trafalgar Square,"51.50798700,-0.12804800",foursquare-feed,65f89add7aa9557b66e6a283,"London, United Kingdom"
2024-03-18T20:27:41+00:00,,Big Ben (Elizabeth Tower),"51.50070195,-0.12458056",foursquare-feed,65f8a3bdf883d70826b07dfb,"London, United Kingdom"
2024-03-18T20:59:47+00:00,,The Cambridge,"51.51341842,-0.12930418",foursquare-feed,65f8ab43804f474ed51f909e,"London, United Kingdom"
2024-03-18T22:10:11+00:00,,Mr Fogg's Hat Tavern & Gin Club,"51.51547400,-0.13453300",foursquare-feed,65f8bbc31dfdcf11a96377cc,"London, United Kingdom"
2024-03-19T13:00:46+00:00,,Tottenham Court Road London Underground Station,"51.51631200,-0.13046800",foursquare-feed,65f98c7e067b336757b73f41,"London, United Kingdom"
2024-03-19T13:54:22+00:00,,Raya Grocery,"51.50512800,-0.09074500",foursquare-feed,65f9990e77d25669a5b263cb,"London, United Kingdom"
2024-03-19T20:30:13+00:00,,Museum Tavern,"51.51816734,-0.12584254",foursquare-feed,65f9f5d5cfa8457a83387de1,"Bloomsbury, United Kingdom"
2024-03-20T13:55:24+00:00,,Costa Coffee,"51.49443003,-0.14526512",foursquare-feed,65faeaccfaf3c230b1379db8,"London, United Kingdom"
2024-03-20T15:07:20+00:00,,Costa Coffee,"51.49443003,-0.14526512",foursquare-feed,65fafba897cb1929aec8c34c,"London, United Kingdom"
2024-03-20T15:20:54+00:00,,WeWork,"51.49361000,-0.14615900",foursquare-feed,65fafed612b95876a9724ebd,"London, United Kingdom"
2024-03-20T17:55:27+00:00,,LEON,"51.49423392,-0.14615423",foursquare-feed,65fb230ff225787a7b664126,"London, United Kingdom"
2024-03-20T19:00:18+00:00,,Buckingham Palace Gate,"51.50154346,-0.14128804",foursquare-feed,65fb3242e043cf3adc708bc1,"London, United Kingdom"
2024-03-20T20:50:10+00:00,,Waxy's Little Sister,"51.51104837,-0.13165299",foursquare-feed,65fb4c02e23f9b7d24a19cda,"London, United Kingdom"
2024-03-21T08:24:20+00:00,,"Crêpes, Coffee & Chai","51.51741700,-0.13088900",foursquare-feed,65fbeeb46805cb3b87c457aa,"London, United Kingdom"
2024-03-21T10:37:40+00:00,,British Museum,"51.51900874,-0.12643719",foursquare-feed,65fc0df496c6c62ca23a87e4,"London, United Kingdom"
2024-03-21T11:35:11+00:00,,London Paddington Railway Station,"51.51639432,-0.17670393",foursquare-feed,65fc1b6f8b3dff1cbf3d35fb,"London, United Kingdom"
2024-03-21T12:12:28+00:00,,London Heathrow Airport,"51.46999605,-0.45897961",foursquare-feed,65fc242c331d3b4dd8962ac0,"London, United Kingdom"
2024-03-21T12:52:53+00:00,,Aspire Lounge,"51.47005300,-0.48689600",foursquare-feed,65fc2da563efa413a84640d9,"Hillingdon, United Kingdom"
2024-03-22T01:53:02+00:00,,Seattle-Tacoma International Airport,"47.44358853,-122.30250835",foursquare-feed,65fce47e7e52876d9d01df66,"SeaTac, United States"
2024-03-24T01:31:42+00:00,,Olive Garden,"46.60252668,-120.50334878",foursquare-feed,65ff827ef8c40e4c8c96c25e,"Yakima, United States"
2024-03-24T01:32:26+00:00,,Yakima Fairgrounds,"46.58869080,-120.48683715",foursquare-feed,65ff82aaa1502c5b9251b80b,"Yakima, United States"
2024-03-28T15:41:43+00:00,,"Alpental Lodge, Alpental","47.44415220,-121.42586976",foursquare-feed,66058fb7f74eb405c27fa76d,"Snoqualmie Pass, United States"
2024-03-31T15:06:12+00:00,,Farine Bakery & Cafe,"47.61958300,-122.19134500",foursquare-feed,66097be4ed6ab065d5321bc2,"Bellevue, United States"
2024-04-05T21:44:43+00:00,,IKEA,"47.44285650,-122.22782141",foursquare-feed,661070cb5af6a64b5125abdc,"Renton, United States"
2024-04-06T01:46:42+00:00,,Cascade Mercantile,"48.52978071,-122.06338238",foursquare-feed,6610a98297963d0eb1f98fa3,"Sedro-Woolley, United States"
2024-04-07T20:06:00+00:00,,Skagit Farmers Supply,"48.50994529,-122.22370940",foursquare-feed,6612fca8a4118e5cbbda8cb0,"Sedro-Woolley, United States"
2024-04-07T21:39:30+00:00,,Skagit Station,"48.41845008,-122.33498278",foursquare-feed,661312924d7ac12f4ef890dd,"Mount Vernon, United States"
2024-04-18T20:50:24+00:00,,Seattle-Tacoma International Airport,"47.44358853,-122.30250835",foursquare-feed,66218790c65b7b0e35e7a0ea,"SeaTac, United States"
2024-04-19T00:55:56+00:00,,Denver International Airport,"39.84973269,-104.67398188",foursquare-feed,6621c11cc7974e403353fb20,"Denver, United States"
2024-04-19T05:08:29+00:00,,7-Eleven,"39.62942612,-106.06952443",foursquare-feed,6621fc4d39f02d09004c65f5,"Silverthorne, United States"
2024-04-19T17:27:51+00:00,,Lionshead Village,"39.64391680,-106.38785144",foursquare-feed,6622a9972988aa58126944f4,"Vail, United States"
2024-04-19T17:38:19+00:00,,the belle,"39.64352700,-106.38799000",foursquare-feed,6622ac0bc1cc7c3849b38c9f,"Vail, United States"
2024-04-20T14:55:24+00:00,,Vail Village,"39.64195109,-106.37379928",foursquare-feed,6623d75c74531e416eeec36a,"Vail, United States"
2024-04-20T18:55:12+00:00,,Los Amigos,"39.63961978,-106.37342713",foursquare-feed,66240f90759ef9443dde5c68,"Vail, United States"
2024-04-20T22:41:45+00:00,,Bully Ranch Restaurant,"39.64129560,-106.37806903",foursquare-feed,662444a9b72b0e2d2f447b17,"Vail, United States"
2024-04-21T18:30:37+00:00,,Garfinkel's,"39.64304646,-106.38800706",foursquare-feed,66255b4d5bbb1d2e3739ea43,"Vail, United States"
2024-04-21T20:31:51+00:00,,The Blü Cow,"39.64017722,-106.37331993",foursquare-feed,662577b70992bb1d539a3c6d,"Vail, United States"
2024-04-22T15:05:58+00:00,,Denver International Airport,"39.84973269,-104.67398188",foursquare-feed,66267cd61982792f0c003519,"Denver, United States"
2024-04-23T05:18:10+00:00,,Seattle-Tacoma International Airport,"47.44358853,-122.30250835",foursquare-feed,6627449222ec837411a11ebb,"SeaTac, United States"
2024-04-27T02:22:31+00:00,,Thaiku,"47.67803187,-122.35549903",foursquare-feed,662c616739cf6861d618b2db,"Seattle, United States"
2024-05-05T01:54:30+00:00,,Kobe Wellbeing Tonkatsu,"47.61804950,-122.19340064",foursquare-feed,6636e6d61aa589562d22bbac,"Bellevue, United States"
2024-05-07T23:33:58+00:00,,Bellevue Aquatic Center,"47.61577865,-122.14989237",foursquare-feed,663aba664306e8127fae9d63,"Bellevue, United States"
2024-05-10T23:18:24+00:00,,European Grocery,"47.92678500,-122.22212900",foursquare-feed,663eab408b77162fc741cd82,"Everett, United States"
2024-05-15T20:06:46+00:00,,Elevated Sportz Ultimate Trampoline Park & Event Center,"47.83172335,-122.20764809",foursquare-feed,664515d69c6dda45d236b8b5,"Bothell, United States"
2024-05-19T20:58:33+00:00,,Port of Subs,"48.07702536,-122.18630411",foursquare-feed,664a67f9caff200d0a3a491e,"Quil Ceda Village, United States"
2024-05-24T17:31:00+00:00,,Les Schwab Tire Center,"47.62161061,-122.16890978",foursquare-feed,6650ced4ae9377465d6860f9,"Bellevue, United States"
2024-06-10T18:41:42+00:00,,Starbucks Reserve,"47.58089946,-122.33514485",foursquare-feed,666748e6bd9e990ff1fd10e1,"Seattle, United States"
2024-06-22T22:57:36+00:00,,Nibbana -  A Thai Cookery,"47.61318400,-122.19306400",foursquare-feed,667756e078b2e75458921268,"Bellevue, United States"
2024-06-22T23:10:11+00:00,,KCLS Bellevue Library,"47.62002967,-122.19427187",foursquare-feed,667759d3646449434a61c681,"Bellevue, United States"
2024-06-23T12:30:07+00:00,,Seattle-Tacoma International Airport,"47.44358853,-122.30250835",foursquare-feed,6678154f8c67ea775ad7dfa3,"SeaTac, United States"
2024-06-23T17:50:33+00:00,,Milwaukee Mitchell International Airport,"42.94367200,-87.90076000",foursquare-feed,66786069c2dc7b6cec12b2e8,"Milwaukee, United States"
2024-06-23T18:52:34+00:00,,Safe House,"43.04076380,-87.91047290",foursquare-feed,66786ef2dc26952242ca363d,"Milwaukee, United States"
2024-06-23T20:45:37+00:00,,Cedar Creek Park,"43.29531567,-87.98398453",foursquare-feed,667889715d4e866528907d2f,"Cedarburg, United States"
2024-06-24T14:34:35+00:00,,Fideler Farm,"43.45492155,-88.17626542",foursquare-feed,667983fb4b18c166cd80760a,"Barton, United States"
2024-06-28T16:24:23+00:00,,Kwik Trip,"43.63361627,-88.74910331",foursquare-feed,667ee3b715bee71159804b36,"Waupun, United States"
2024-06-28T17:44:48+00:00,,Circus World Museum,"43.46685688,-89.73510984",foursquare-feed,667ef6906ae59f0fd00e1b92,"Baraboo, United States"
2024-06-28T19:28:34+00:00,,Big Top Tent,"43.46690369,-89.73519135",foursquare-feed,667f0ee24c08c165c8c09a3f,"Baraboo, United States"
2024-06-28T20:45:54+00:00,,Mama Mia's,"43.47007470,-89.74213635",foursquare-feed,667f21029e9bf5297cfa21cd,"Baraboo, United States"
2024-06-28T22:38:07+00:00,,Devils Lake,"43.42424600,-89.73096600",foursquare-feed,667f3b4f6ae59f0fd08eb345,"Baraboo, United States"
2024-06-30T23:37:50+00:00,,Fireman's Park,"43.82759020,-88.01426044",foursquare-feed,6681ec4ef93f441a482387d8,"Elkhart Lake, United States"
2024-06-30T23:43:23+00:00,,The Concourse Bar,"43.82999400,-88.01699700",foursquare-feed,6681ed9b45c2620d8860ace1,"Elkhart Lake, United States"
2024-07-03T15:38:56+00:00,,River Hill Park,"43.51885307,-88.22212129",foursquare-feed,66857090e0fd630327294618,"Kewaskum, United States"
2024-07-04T01:50:01+00:00,,River Hill Park,"43.51885307,-88.22212129",foursquare-feed,6685ffc9aa8a8a1cf9578b65,"Kewaskum, United States"
2024-07-04T17:46:32+00:00,,"Campbellsport, WI","43.59792615,-88.27868218",foursquare-feed,6686dff89a81003ace7384ea,United States
2024-07-04T19:47:10+00:00,,Piggly Wiggly,"43.60144350,-88.27947960",foursquare-feed,6686fc3e2ec22f5c50d393c8,"Campbellsport, United States"
2024-07-07T19:07:57+00:00,,Milwaukee Mitchell International Airport,"42.94367200,-87.90076000",foursquare-feed,668ae78d4854703fe6fd4f42,"Milwaukee, United States"
2024-07-08T00:02:47+00:00,,Seattle-Tacoma International Airport,"47.44358853,-122.30250835",foursquare-feed,668b2ca71ab22a2badb5955e,"SeaTac, United States"
2024-07-08T15:41:11+00:00,,The Museum of Flight,"47.51862790,-122.29653984",foursquare-feed,668c0897055ce738abfe44a8,"Tukwila, United States"
2024-07-10T02:00:55+00:00,,Tesla Supercharger,"46.14366799,-122.89885355",foursquare-feed,668deb570497551660616c09,"Kelso, United States"
2024-07-10T14:49:57+00:00,,Tesla Supercharger,"46.95293200,-122.93508000",foursquare-feed,668e9f958f143b798683bdd1,"Tumwater, United States"
2024-07-20T13:56:20+00:00,,Starbucks,"47.61779126,-122.20385472",foursquare-feed,669bc20468bcb95463c01ec9,"Bellevue, United States"
2024-07-20T20:36:20+00:00,,Silver Fir,"47.40083278,-121.40720583",foursquare-feed,669c1fc42aef3c33a0b40e2b,"Snoqualmie Pass, United States"
2024-07-20T23:16:53+00:00,,Summit Central Express Top Shack,"47.40184515,-121.42481852",foursquare-feed,669c456543065157dbd2567d,"Snoqualmie Pass, United States"
2024-07-24T21:12:53+00:00,,King Street Station (SEA),"47.59816543,-122.33005720",foursquare-feed,66a16e5512e0262ec15e0dcc,"Seattle, United States"
2024-07-25T02:24:46+00:00,,Tequila Azteca Mexican Restaurant,"48.51011736,-122.23034019",foursquare-feed,66a1b76e5bf1552fb512b049,"Sedro-Woolley, United States"
2024-08-03T19:11:38+00:00,,Shawn's Cafe & Bakery,"47.58936035,-122.23951313",foursquare-feed,66ae80ea18a68531ad1f7a87,"Mercer Island, United States"
2024-08-04T03:38:27+00:00,,Trader Joe's,"47.61351694,-122.18510677",foursquare-feed,66aef7b36937646761436173,"Bellevue, United States"
2024-08-04T19:15:47+00:00,,Mochi Things,"47.58032200,-122.32526000",foursquare-feed,66afd363bf26204eec9d50e5,"Seattle, United States"
2024-08-10T20:10:41+00:00,,Cinemark Lincoln Square Cinemas And Imax,"47.61683251,-122.20104290",foursquare-feed,66b7c9419a8b722d1a151b4f,"Bellevue, United States"
2024-08-17T00:41:12+00:00,,Skagit Valley Food Co-op,"48.42084813,-122.33699041",foursquare-feed,66bff1a8e5e1bc503613050b,"Mount Vernon, United States"
2024-08-19T15:31:01+00:00,,Kelsey Creek Farm,"47.60511306,-122.16543374",foursquare-feed,66c36535120f4a3d40680c5d,"Bellevue, United States"
2024-08-29T18:49:06+00:00,,Silver Fir,"47.40083278,-121.40720583",foursquare-feed,66d0c2a2cca8c66ab87182f1,"Snoqualmie Pass, United States"
2024-08-30T17:24:12+00:00,,Mount Bakery Cafe,"48.75185857,-122.48010294",foursquare-feed,66d2003c8259b20a3af0534a,"Bellingham, United States"
2024-08-30T18:26:04+00:00,,Spark Museum of Electrical Invention,"48.75133983,-122.48032576",foursquare-feed,66d20ebc5c50f13c948a8e82,"Bellingham, United States"
2024-08-30T20:40:17+00:00,,Bellingham Civic Athletic Complex,"48.74754246,-122.45683188",foursquare-feed,66d22e313ac4011b627145a1,"Bellingham, United States"
2024-08-30T21:46:13+00:00,,Bloedel-Donovan Park,"48.76065628,-122.41927343",foursquare-feed,66d23da575534b01aa5f4c3a,"Bellingham, United States"
2024-09-01T18:20:52+00:00,,Silo Park,"48.53721350,-121.75788223",foursquare-feed,66d4b0845c50f13c94042bb2,"Concrete, United States"
2024-09-01T19:51:02+00:00,,Centennial Trail North Nakashima barn,"48.29166587,-122.19719380",foursquare-feed,66d4c5a6adb804741255a9b9,"Arlington, United States"
2024-09-15T17:45:34+00:00,,E1 Area 5,"47.65866900,-122.30033700",foursquare-feed,66e71d3eb7699b64aeb65fb9,"Seattle, United States"
2024-09-21T16:02:42+00:00,,Queen Bee Cafe,"47.63571518,-122.22221278",foursquare-feed,66eeee22a76124127297bbd3,"Clyde Hill, United States"
2024-09-28T16:17:56+00:00,,Biscuit & Bean Lake Stevens,"48.01453361,-122.06345883",foursquare-feed,66f82c34589b962a0317556a,"Lake Stevens, United States"
2024-10-06T20:19:06+00:00,,Blake's Pizzeria & Ice Cream,"47.64715991,-121.91595215",foursquare-feed,6702f0bacf1663762fee5049,"Carnation, United States"
2024-10-16T02:05:40+00:00,,Bellevue High School Performing Arts Center,"47.60445728,-122.19772229",foursquare-feed,670f1f740fda1331b657eb57,"Bellevue, United States"
2024-10-28T00:48:47+00:00,,Trader Joe's,"47.63076877,-122.13345023",foursquare-feed,671edf6f0b7a413254fdfcaa,"Bellevue, United States"
2024-10-31T16:00:20+00:00,,Wells Fargo,"47.62079994,-122.20127306",foursquare-feed,6723a994fa6c7b37d58c86b0,"Bellevue, United States"
2024-11-09T18:52:39+00:00,,Newport High School,"47.56792403,-122.17233816",foursquare-feed,672faf7766bfc97e046d0ca4,"Bellevue, United States"
2024-11-13T21:48:37+00:00,,sunrise dental,"47.62194368,-122.18977575",foursquare-feed,67351eb55c7b1436c546cb7a,"Bellevue, United States"
2024-11-15T02:50:05+00:00,,T-Mobile Tech Experience,"47.62589252,-122.16074531",foursquare-feed,6736b6dd2cd2dc7ae3731865,"Bellevue, United States"
2024-11-15T20:38:48+00:00,,Taste of Thai by Wipa,"48.46487777,-122.33543348",foursquare-feed,6737b158bef0f2612c315670,"Burlington, United States"
2024-11-16T22:24:06+00:00,,Buzz Inn Steakhouse,"48.01396251,-122.06365979",foursquare-feed,67391b86e368a75396b79e8f,"Lake Stevens, United States"
2024-11-23T01:23:43+00:00,,Sushi In Joy,"47.63418470,-122.20070290",foursquare-feed,67412e9fdbce706fa1a6f40e,"Bellevue, United States"
2024-12-01T23:05:55+00:00,,Dave & Buster's,"47.61248400,-122.18523400",foursquare-feed,674cebd379f56a1c80a4d91c,"Bellevue, United States"
2024-12-06T22:09:22+00:00,,Seattle-Tacoma International Airport,"47.44358853,-122.30250835",foursquare-feed,67537612d3697142c8099430,"SeaTac, United States"
2024-12-07T06:24:36+00:00,,Daniel K. Inouye International Airport,"21.33236435,-157.92078218",foursquare-feed,6753ea243702ed5f2c03c304,"Honolulu, United States"
2024-12-07T07:41:18+00:00,,K Street Food,"21.27618300,-157.82405800",foursquare-feed,6753fc1e65c20d4770c5b809,"Honolulu, United States"
2024-12-07T17:07:59+00:00,,Kai Coffee,"21.27413300,-157.82395100",foursquare-feed,675480ef9e1b356dffb4b6d7,"Honolulu, United States"
2024-12-07T20:15:21+00:00,,Hawai'i Convention Center,"21.28994417,-157.83691764",foursquare-feed,6754acd9777ea215b0ccd4c2,"Honolulu, United States"
2024-12-07T22:23:49+00:00,,Blue Ocean Seafood & Steak,"21.27622300,-157.82340500",foursquare-feed,6754caf50a9e65658ed9736d,"Honolulu, United States"
2024-12-08T23:30:17+00:00,,Waikiki,"21.27823700,-157.83225900",foursquare-feed,67562c0941843b1004859dea,"Honolulu, United States"
2024-12-09T06:46:15+00:00,,Alaska Airlines Check-in,"21.33237380,-157.92048454",foursquare-feed,67569237e26dd6012167107a,"Honolulu, United States"
2024-12-09T09:23:41+00:00,,Daniel K. Inouye International Airport,"21.33236435,-157.92078218",foursquare-feed,6756b71de26dd60121f3fc97,"Honolulu, United States"
2024-12-11T19:11:31+00:00,,The Pancake Chef,"47.46660778,-122.28920222",foursquare-feed,6759e3e3dda65276c49fadf1,"SeaTac, United States"
2024-12-14T20:42:56+00:00,,Future of Flight Aviation Center & Boeing Tour,"47.92139331,-122.28998272",foursquare-feed,675dedd0f220c56e937eed0e,"Everett, United States"
2024-12-24T21:45:00+00:00,,Summit Central,"47.41007015,-121.41337621",foursquare-feed,676b2b5c3304897ad144f2d2,"Snoqualmie Pass, United States"
2024-12-26T02:51:36+00:00,,Cinemark Lincoln Square Cinemas And Imax,"47.61683251,-122.20104290",foursquare-feed,676cc4b85d5cea1d2a4f47aa,"Bellevue, United States"
2025-01-01T05:45:44+00:00,,Palisade,"47.63036580,-122.39179960",foursquare-feed,6774d6882823847d498a0450,"Seattle, United States"
2025-01-03T21:44:19+00:00,,Silver Fir,"47.40083278,-121.40720583",foursquare-feed,67785a3319fc5f13c123aa22,"Snoqualmie Pass, United States"
2025-01-05T20:38:58+00:00,,Irene Thai Cuisine,"47.75538548,-122.16242950",foursquare-feed,677aede2e8fa3d00d9cfaa7d,"Woodinville, United States"
2025-01-07T16:29:45+00:00,,Seattle-Tacoma International Airport,"47.44358853,-122.30250835",foursquare-feed,677d567918b3b20ae08656b3,"SeaTac, United States"
2025-01-08T03:39:26+00:00,,Hooters,"36.10001840,-115.16757788",foursquare-feed,677df36e2f3b51584dbddad2,"Las Vegas, United States"
2025-01-09T16:00:19+00:00,,Denny's,"36.10043100,-115.16523900",foursquare-feed,677ff293e0075b6d225420ba,"Las Vegas, United States"
2025-01-14T03:36:56+00:00,,South Bellevue Community Center,"47.56907722,-122.14598141",foursquare-feed,6785dbd8bee18b393eae2e05,"Bellevue, United States"
2025-01-19T20:45:56+00:00,,Float | Seattle (Bellevue),"47.62092483,-122.19271850",foursquare-feed,678d648481205a1c8356fa42,"Bellevue, United States"
2025-01-19T22:27:48+00:00,,Panera Bread,"47.62027806,-122.20062954",foursquare-feed,678d7c64f8c7907ac50fa91b,"Bellevue, United States"
2025-02-02T02:24:49+00:00,,Chipotle Mexican Grill,"47.61357686,-122.19972421",foursquare-feed,679ed7718f7a6349f766a372,"Bellevue, United States"
2025-02-05T18:26:02+00:00,,Snoqualmie Mountain,"47.45865496,-121.41658388",foursquare-feed,67a3ad3a6a53462b0eb37563,"Snoqualmie Pass, United States"
2025-02-05T18:26:11+00:00,,Silver Fir,"47.40083278,-121.40720583",foursquare-feed,67a3ad431951604bfe14ab08,"Snoqualmie Pass, United States"
2025-02-15T20:09:01+00:00,,Taste of Thai by Wipa,"48.46487777,-122.33543348",foursquare-feed,67b0f45d88569e56ace61d54,"Burlington, United States"
2025-02-17T22:40:45+00:00,,Coconut Kenny's Pizza,"48.50476764,-122.23890864",foursquare-feed,67b3baedce044a59fc734094,"Sedro-Woolley, United States"
2025-02-23T01:44:06+00:00,,Zeeks Pizza,"47.61867850,-122.20410250",foursquare-feed,67ba7d66b003887cdf31f873,"Bellevue, United States"
2025-02-23T04:28:05+00:00,,Daniel's Broiler,"47.61783598,-122.20034257",foursquare-feed,67baa3d5405ad24578ffec32,"Bellevue, United States"
2025-02-26T13:57:52+00:00,,Paine Field - Snohomish County Airport (PAE),"47.90794300,-122.27795400",foursquare-feed,67bf1de0234af1306363b25e,"Everett, United States"
2025-02-26T17:22:47+00:00,,San Diego International Airport,"32.73212970,-117.19963789",foursquare-feed,67bf4de7f164766f84e86e14,"San Diego, United States"
2025-02-26T20:14:33+00:00,,Rancho Santa Fe Bistro,"33.02031707,-117.20329992",foursquare-feed,67bf7629511a4a2c1d7f646f,"Rancho Santa Fe, United States"
2025-02-26T21:38:15+00:00,,Rancho Roasters,"33.01880711,-117.20229328",foursquare-feed,67bf89c7124e957816fe25a3,"Rancho Santa Fe, United States"
2025-02-27T02:23:39+00:00,,San Diego International Airport,"32.73212970,-117.19963789",foursquare-feed,67bfccabec27f275ccb3efac,"San Diego, United States"
2025-02-27T07:55:12+00:00,,Paine Field - Snohomish County Airport (PAE),"47.90794300,-122.27795400",foursquare-feed,67c01a600174e23f80209db6,"Everett, United States"
2025-02-28T22:34:50+00:00,,Tem Sib Thai Food Reimagined,"47.61979773,-122.19593229",foursquare-feed,67c23a0a31dad55d30fa880e,"Bellevue, United States"
2025-03-01T21:53:09+00:00,,Highline High School,"47.46642647,-122.33013093",foursquare-feed,67c381c546b38949668ddfd9,"Burien, United States"
2025-03-07T00:48:54+00:00,,Edgeworks Climbing Bel-Red,"47.62531700,-122.15503000",foursquare-feed,67ca427677ec3a41ec44c2d7,"Bellevue, United States"
2025-03-07T22:10:20+00:00,,Kobe Wellbeing Tonkatsu,"47.61804950,-122.19340064",foursquare-feed,67cb6ecc25413411591e3025,"Bellevue, United States"
2025-03-08T21:58:05+00:00,,Summit at Snoqualmie,"47.42110977,-121.41248663",foursquare-feed,67ccbd6d495db573eaefacc8,"Snoqualmie Pass, United States"
2025-03-10T23:49:34+00:00,,Edgeworks Climbing Bel-Red,"47.62531700,-122.15503000",foursquare-feed,67cf7a8e7f05252e1e7ce269,"Bellevue, United States"
2025-03-13T00:35:02+00:00,,Edgeworks Climbing Bel-Red,"47.62531700,-122.15503000",foursquare-feed,67d22836dbeb6b4dc38f12ec,"Bellevue, United States"
2025-03-14T23:04:28+00:00,,Dave & Buster's,"47.61248400,-122.18523400",foursquare-feed,67d4b5fce91e933008f4a78b,"Bellevue, United States"
2025-03-15T13:31:01+00:00,,Seattle-Tacoma International Airport,"47.44358853,-122.30250835",foursquare-feed,67d58115dfbbf9504169d18c,"SeaTac, United States"
2025-03-15T19:10:20+00:00,,Austin Bergstrom International Airport,"30.20230035,-97.66704821",foursquare-feed,67d5d09c6056d566d10e02c6,"Austin, United States"
2025-03-15T20:43:40+00:00,,In-N-Out Burger,"30.23869069,-97.78876807",foursquare-feed,67d5e67cec32a577c03159e2,"Austin, United States"
2025-03-15T23:51:08+00:00,,Dark Side Brick Oven Pizza Co.,"29.81304300,-98.62266900",foursquare-feed,67d6126c6deda230e9bbe039,"Boerne, United States"
2025-03-16T17:16:50+00:00,,Singing Water Winery,"29.91458754,-98.91520010",foursquare-feed,67d70782efdcad3bba4747e8,"Comfort, United States"
2025-03-16T21:38:35+00:00,,The Dodging Duck Brewhaus,"29.78967969,-98.72594554",foursquare-feed,67d744db1e65ff0ebd061cc8,"Boerne, United States"
2025-03-17T18:55:35+00:00,,Durty Nelly's Irish Pub,"29.42283193,-98.48793387",foursquare-feed,67d870275858804eb03ba505,"San Antonio, United States"
2025-03-17T20:20:29+00:00,,Casa Rio,"29.42365986,-98.48813608",foursquare-feed,67d8840d22130a5cfcc84111,"San Antonio, United States"
2025-03-17T23:38:16+00:00,,Tenfold Rooftop,"29.41916300,-98.48796900",foursquare-feed,67d8b268764912629850a7fc,"San Antonio, United States"
2025-03-18T15:58:14+00:00,,The Salt Lick,"30.13163010,-98.01288839",foursquare-feed,67d998162f4dfa550a128133,"Driftwood, United States"
2025-03-18T18:24:12+00:00,,Mozart's Coffee Roasters,"30.29540785,-97.78418665",foursquare-feed,67d9ba4cbc0d6c2f39032e30,"Austin, United States"
2025-03-18T22:28:58+00:00,,Avis Rent A Car,"30.20432900,-97.66651500",foursquare-feed,67d9f3aa679e081ecfba6589,"Austin, United States"
2025-03-18T22:37:54+00:00,,Avis Rent A Car,"30.20432900,-97.66651500",foursquare-feed,67d9f5c29b44805ec59ebfff,"Austin, United States"
2025-03-18T22:38:06+00:00,,Austin Bergstrom International Airport,"30.20230035,-97.66704821",foursquare-feed,67d9f5cec1344519262fafdb,"Austin, United States"
2025-03-19T04:44:22+00:00,,Seattle-Tacoma International Airport,"47.44358853,-122.30250835",foursquare-feed,67da4ba69b44805ec5e89d35,"SeaTac, United States"
2025-03-27T22:34:50+00:00,,Hilton Garden Inn,"46.60363082,-120.50127878",foursquare-feed,67e5d28a78fe884bf94b7aee,"Yakima, United States"
2025-03-28T02:16:32+00:00,,Cowiche Canyon Kitchen & Ice House,"46.60243078,-120.50410401",foursquare-feed,67e606802fd479547f9ed012,"Yakima, United States"
2025-03-30T23:40:14+00:00,,Edgeworks Climbing Bel-Red,"47.62531700,-122.15503000",foursquare-feed,67e9d65e0744e839365e8297,"Bellevue, United States"
2025-03-30T23:40:26+00:00,,Subway,"47.62614470,-122.15477283",foursquare-feed,67e9d66a69b63b31a268afee,"Bellevue, United States"
2025-04-03T00:37:23+00:00,,Seattle-Tacoma International Airport,"47.44358853,-122.30250835",foursquare-feed,67edd8431c64d426d3e7e8d8,"SeaTac, United States"
2025-04-03T13:29:12+00:00,,London Heathrow Airport,"51.46999605,-0.45897961",foursquare-feed,67ee8d2811094e7ed407d27c,"London, United Kingdom"
2025-04-03T18:01:42+00:00,,Zurich Airport,"47.45273040,8.56103182",foursquare-feed,67eecd06ee91ad5186b95c58,"Kloten, Switzerland"
2025-04-03T19:40:01+00:00,,Mövenpick Hotel Zürich Airport,"47.43961205,8.56877804",foursquare-feed,67eee4115c8fbc15f49afb6b,"Glattbrugg, Switzerland"
2025-04-04T10:54:19+00:00,,Hotel Bären Sumiswald,"47.02755840,7.74572852",foursquare-feed,67efba5b4c4a0c216165f349,Switzerland
2025-04-04T12:47:06+00:00,,Emmentaler Schaukäserei,"47.06362337,7.73145004",foursquare-feed,67efd4caea30cd331e656a26,"Affoltern, Switzerland"
2025-04-04T17:01:59+00:00,,Schlafschloss Sumiswald,"47.03191654,7.76267655",foursquare-feed,67f0108757cc0c6dd1cae630,Switzerland
2025-04-05T10:44:32+00:00,,Lucerne Railway Station,"47.04997140,8.31033647",foursquare-feed,67f10990aa24637d51e6c72e,"Lucerne, Switzerland"
2025-04-05T11:33:40+00:00,,Cuckoo Ice Cream,"47.05259365,8.30708453",foursquare-feed,67f11514cf6d4454410793aa,Switzerland
2025-04-05T14:03:37+00:00,,Caffetteria Gelateria Amore Mio,"47.05090480,8.30283514",foursquare-feed,67f138397bd88e186b6624f6,"Lucerne, Switzerland"
2025-04-05T16:18:19+00:00,,Thalwil Railway Station,"47.29585651,8.56439862",foursquare-feed,67f157cb7202ae2ac443564e,"Thalwil, Switzerland"
2025-04-05T18:13:02+00:00,,Bogentrakt,"46.84909279,9.53493795",foursquare-feed,67f172ae9984dc66c580fb53,Switzerland
2025-04-06T06:38:10+00:00,,Kaffee Klatsch,"46.85055655,9.53099508",foursquare-feed,67f22152c0057e686687a28e,"Chur, Switzerland"
2025-04-06T07:43:09+00:00,,Bogentrakt,"46.84909279,9.53493795",foursquare-feed,67f2308d41c4886e02e44684,Switzerland
2025-04-06T16:41:31+00:00,,Matterhorn Sport Riva,"46.02467164,7.75198132",foursquare-feed,67f2aebb74e29776e0156af2,"Zermatt, Switzerland"
2025-04-07T10:07:14+00:00,,Blauherd Station,"46.01707636,7.78582653",foursquare-feed,67f3a3d2187bf243315f2014,"Zermatt, Switzerland"
2025-04-07T10:24:48+00:00,,Rothorn Restaurant,"46.02094266,7.79795122",foursquare-feed,67f3a7f097ea8733880bd1f2,Switzerland
2025-04-07T13:03:34+00:00,,Gant,"46.00882598,7.78784752",foursquare-feed,67f3cd26d7bd9521cadb6f39,"Zermatt, Switzerland"
2025-04-08T08:01:54+00:00,,Matterhorn-Express,"46.01473112,7.74276495",foursquare-feed,67f4d7f28a595f57cacba258,"Zermatt, Switzerland"
2025-04-08T08:31:12+00:00,,Trockener Steg,"45.97160000,7.72177000",foursquare-feed,67f4ded012722a647a6677d0,"Zermatt, Switzerland"
2025-04-08T09:37:29+00:00,,Breuil-Cervinia,"45.93969300,7.63022330",foursquare-feed,67f4ee59fe278b2a24c74aa9,Italy
2025-04-08T12:33:52+00:00,,Matterhorn Lodge,"45.93743845,7.72915140",foursquare-feed,67f517b0d717885d74b162be,"Zermatt, Switzerland"
2025-04-09T09:03:56+00:00,,Zermatt Railway Station,"46.02386406,7.74804774",foursquare-feed,67f637fc1da7652a19dcc28a,"Zermatt, Switzerland"
2025-04-09T10:22:04+00:00,,Visp Railway Station,"46.29403610,7.88193072",foursquare-feed,67f64a4c85488e22f88952cd,"Visp, Switzerland"
2025-04-09T12:32:03+00:00,,Vevey,"46.46327044,6.84257269",foursquare-feed,67f668c385488e22f80261e1,Switzerland
2025-04-09T17:07:19+00:00,,Tom Sab,"46.45809746,6.85145027",foursquare-feed,67f6a947b5d78d1e5c2d3a46,Switzerland
2025-04-10T09:43:09+00:00,,Voie 2,"46.46319654,6.84341490",foursquare-feed,67f792ad7f223c3ebc296932,"Vevey, Switzerland"
2025-04-10T18:42:09+00:00,,Château de Chillon,"46.41423100,6.92750400",foursquare-feed,67f811013c0a2049cc64519a,"Veytaux, Switzerland"
2025-04-10T18:47:15+00:00,,Gare de La Chiésaz,"46.47077343,6.88115769",foursquare-feed,67f812338727b2185371d0e8,"Saint-Légier-La Chiésaz, Switzerland"
2025-04-11T06:32:46+00:00,,Café de la Place,"46.47245336,6.87483584",foursquare-feed,67f8b78e25e2273d2139efb4,"Saint-Légier-La Chiésaz, Switzerland"
2025-04-11T09:41:30+00:00,,Geneva Cornavin Railway Station,"46.21059782,6.14249724",foursquare-feed,67f8e3ca0d18eb2d90bbb779,"Geneva, Switzerland"
2025-04-11T11:44:05+00:00,,Gare SNCF de La Roche-sur-Foron,"46.06769286,6.30376941",foursquare-feed,67f90085bb4ffc74efeb4878,"La Roche-sur-Foron, France"
2025-04-11T14:56:37+00:00,,Gare SNCF de La Roche-sur-Foron,"46.06769286,6.30376941",foursquare-feed,67f92da5c9a04674a5358360,"La Roche-sur-Foron, France"
2025-04-11T14:56:58+00:00,,Lyon Part-Dieu Railway Station,"45.76049212,4.86000601",foursquare-feed,67f92dbaa6e0fc63343efee4,"Lyon, France"
2025-04-12T13:09:33+00:00,,Le Jardin Celestins,"45.76088520,4.83110418",foursquare-feed,67fa660d528652306dccdeca,"Lyon, France"
2025-04-12T14:22:44+00:00,,"Métro Vieux Lyon Ⓓ [F1,F2]","45.75997097,4.82602626",foursquare-feed,67fa773406004a4680b22c9e,"Lyon, France"
2025-04-12T14:49:07+00:00,,Basilica of Notre-Dame de Fourvière,"45.76229505,4.82266545",foursquare-feed,67fa7d634540672f3bcb455e,"Lyon, France"
2025-04-12T16:17:12+00:00,,Ancient Theatre of Fourvière,"45.75973893,4.81984377",foursquare-feed,67fa9208cc91a040f793c401,"Lyon, France"
2025-04-12T20:04:37+00:00,,Modulo,"45.76450170,4.84198203",foursquare-feed,67fac755b97c126f9b5c582a,"Lyon, France"
2025-04-13T08:27:04+00:00,,Lyon Part-Dieu Railway Station,"45.76049212,4.86000601",foursquare-feed,67fb755866291a6c50aa642e,"Lyon, France"
2025-04-13T12:23:33+00:00,,Geneva Cornavin Railway Station,"46.21059782,6.14249724",foursquare-feed,67fbacc5a162c3475904a596,"Geneva, Switzerland"
2025-04-13T18:03:15+00:00,,WOW Museum,"47.37501350,8.54028596",foursquare-feed,67fbfc638f249248c9f81199,"Zurich, Switzerland"
2025-04-13T18:40:16+00:00,,Johanniter Brasserie,"47.37575537,8.54397482",foursquare-feed,67fc0510681dbf1375546d33,"Zurich, Switzerland"
2025-04-13T19:24:18+00:00,,Hotel Bristol,"47.37955077,8.54345921",foursquare-feed,67fc0f6229169b63e04c419d,"Zurich, Switzerland"
2025-04-14T07:08:59+00:00,,Hotel Bristol,"47.37955077,8.54345921",foursquare-feed,67fcb48bffad3a6567f64133,"Zurich, Switzerland"
2025-04-14T09:50:58+00:00,,ZSG Zürich Landesmuseum,"47.37916339,8.54150147",foursquare-feed,67fcda8288bb2f264dc7a120,"Zurich, Switzerland"
2025-04-14T12:13:47+00:00,,Lindenplatz,"47.37309897,8.54147912",foursquare-feed,67fcfbfbb20b9b6a3d9b589a,Switzerland
2025-04-14T13:50:05+00:00,,Lindt,"47.37654467,8.53948509",foursquare-feed,67fd128db97c126f9b5aff57,"Zurich, Switzerland"
2025-04-14T16:27:01+00:00,,Zurich Airport Railway Station,"47.45035077,8.56252313",foursquare-feed,67fd37559e15290aecbc567e,"Kloten, Switzerland"
2025-04-14T17:27:44+00:00,,Zurich Airport,"47.45273040,8.56103182",foursquare-feed,67fd459068e71369af280318,"Kloten, Switzerland"
2025-04-14T21:57:39+00:00,,London Heathrow Airport,"51.46999605,-0.45897961",foursquare-feed,67fd84d3fcac4b5a1c3c2e52,"London, United Kingdom"
2025-04-14T23:09:11+00:00,,Paddington,"51.51656791,-0.17945051",foursquare-feed,67fd95979496b67cfd218748,"London, United Kingdom"
2025-04-15T12:41:18+00:00,,London Paddington Railway Station,"51.51639432,-0.17670393",foursquare-feed,67fe53ee6842c642041a49d1,"London, United Kingdom"
2025-04-15T14:18:27+00:00,,Plaza Premium Lounge,"51.47321751,-0.48717571",foursquare-feed,67fe6ab355defa17579cf8f9,"London, United Kingdom"
2025-04-16T01:53:31+00:00,,Seattle-Tacoma International Airport,"47.44358853,-122.30250835",foursquare-feed,67ff0d9b1528a16e5308da16,"SeaTac, United States"
2025-04-19T19:09:20+00:00,,Crystal Mountain Ski Area,"46.93525500,-121.47452950",foursquare-feed,6803f4e0f58d482ccd6103bc,"Enumclaw, United States"
2025-04-27T03:17:24+00:00,,Castilla Restaurant and Tapas Bar,"47.61603600,-122.20199200",foursquare-feed,680da1c49b362a7480fe5d55,"Bellevue, United States"
2025-05-10T20:32:21+00:00,,Kyoto Kitchen Japanese Restaurant,"48.43595530,-122.31580529",foursquare-feed,681fb7d55e98040b2db51077,"Mount Vernon, United States"
2025-05-14T23:03:33+00:00,,sunrise dental,"47.62194368,-122.18977575",foursquare-feed,682521458e9faf73be786546,"Bellevue, United States"
2025-05-24T19:16:52+00:00,,Cascade Supply Do It Best Hardware,"48.53865511,-121.74676135",foursquare-feed,68321b24f1570619702b1038,"Concrete, United States"
2025-05-25T01:10:22+00:00,,Kaptein Ace Hardware,"48.43388340,-122.33467287",foursquare-feed,68326dfe85c1946d7b5f0d16,"Mount Vernon, United States"
2025-05-25T02:58:24+00:00,,Cascade Pasta & Pizza Co.,"48.50256000,-122.25461900",foursquare-feed,683287502158426e4da40814,"Sedro-Woolley, United States"
2025-05-26T23:28:25+00:00,,Queen Anne Beerhall,"47.62076352,-122.35978073",foursquare-feed,6834f919d0136e55c86d95b1,"Seattle, United States"
2025-06-05T16:43:58+00:00,,Seattle-Tacoma International Airport,"47.44358853,-122.30250835",foursquare-feed,6841c94e3fb9186a4dd728ef,"SeaTac, United States"
2025-06-06T08:24:24+00:00,,Incheon International Airport,"37.45827402,126.44293249",foursquare-feed,6842a5b81826336a06972b44,"Incheon, South Korea"
2025-06-06T14:50:09+00:00,,Suvarnabhumi Airport,"13.69200261,100.75055122",foursquare-feed,684300210bdf1e5b24f25d06,"Bang Phli, Thailand"
2025-06-06T16:32:28+00:00,,Sky Bar & Restaurant,"13.71270177,100.73979704",foursquare-feed,6843181c96e78d5b64b517e1,"Bang Phli, Thailand"
2025-06-07T01:01:48+00:00,,Suvarnabhumi Ville Airport Hotel,"13.71281807,100.73975687",foursquare-feed,68438f7c9facf60ebb31cffe,"Bang Phli, Thailand"
2025-06-07T03:13:30+00:00,,Get Fresh,"13.72389800,100.52860000",foursquare-feed,6843ae5a0227e657a2b6da48,Thailand
2025-06-07T05:56:54+00:00,,The British Club Bangkok,"13.72637000,100.52378174",foursquare-feed,6843d4a610245f1584c8cc17,"Bang Rak, Thailand"
2025-06-07T08:38:23+00:00,,PTT Station,"14.29101243,100.82059314",foursquare-feed,6843fa7f6fc14f48030dd13d,"Wang Noi, Thailand"
2025-06-07T12:14:31+00:00,,Takob Bar,"14.62316400,101.84280200",foursquare-feed,68442d2796e78d5b64edb4ec,Thailand
2025-06-08T09:57:40+00:00,,PTT Station,"14.19363538,100.64575830",foursquare-feed,68455e949facf60ebbb7d971,"Wang Noi, Thailand"
2025-06-08T11:08:19+00:00,,Rodeo Mex-Tex Grill & Tap House,"13.73013300,100.56368700",foursquare-feed,68456f23e1fcd6507d27c1ce,"Khet Khlong Toei, Thailand"
2025-06-09T09:14:23+00:00,,ICONSIAM,"13.72675347,100.51048279",foursquare-feed,6846a5ef070f6f39a15a10ef,"Khlong San, Thailand"
2025-06-09T15:43:20+00:00,,Smalls,"13.72057801,100.53773875",foursquare-feed,684701180188db32761605fd,"Phra Nakhon, Thailand"
2025-06-10T15:28:46+00:00,,Rodeo Mex-Tex Grill & Tap House,"13.73013300,100.56368700",foursquare-feed,68484f2e65b78e0d04cec8a0,"Khet Khlong Toei, Thailand"
2025-06-10T15:57:39+00:00,,The Atlanta Hotel,"13.73688561,100.55192217",foursquare-feed,684855f38763c160aceb5e5d,"Khlong Toei, Thailand"
2025-06-11T11:17:34+00:00,,กัวเม่ ดีไลท์,"13.73682800,100.56022300",foursquare-feed,684965ce943e8f13d92363e1,Thailand
2025-06-12T11:19:49+00:00,,Urban Playground,"13.73664799,100.57618689",foursquare-feed,684ab7d5111172355f09950e,"Vadhana, Thailand"
2025-06-13T04:57:28+00:00,,Oakland Cafe x Restaurants,"13.73263100,100.42118000",foursquare-feed,684bafb88c52ec1b42bf9dba,"Phasi Charoen, Thailand"
2025-06-13T12:05:31+00:00,,Miss Amphawa,"13.42423209,99.95462716",foursquare-feed,684c140b0fbc484df950b011,"Amphawa, Thailand"
2025-06-13T12:53:36+00:00,,Amphawa Floating Market,"13.42511174,99.95506241",foursquare-feed,684c1f509731ae14e12b3a80,"Amphawa, Thailand"
2025-06-13T13:28:14+00:00,,Nara amphawa,"13.41835000,99.97498900",foursquare-feed,684c276e0fbc484df9a2bd84,Thailand
2025-06-14T03:03:12+00:00,,วัดบางพรหม,"13.44237278,99.94683784",foursquare-feed,684ce67077776d44b93914e5,"Amphawa, Thailand"
2025-06-14T05:25:59+00:00,,Sirisompong Farm And Cafe,"13.50373200,99.91825500",foursquare-feed,684d07e79476623b5f862b3a,"Bang Khonthi, Thailand"
2025-06-14T07:06:51+00:00,,Ratchaburi National Museum,"13.54140084,99.81782529",foursquare-feed,684d1f8b956b887313a4e02a,"Ratchaburi, Thailand"
2025-06-14T08:42:41+00:00,,Khao Ngu Stone Park,"13.56848900,99.77531400",foursquare-feed,684d360143edeb3da2131e3a,"Ratchaburi, Thailand"
2025-06-14T11:23:39+00:00,,Midnight Library,"13.52936500,99.82056500",foursquare-feed,684d5bbb2464691436ef605d,"Ratchaburi, Thailand"
2025-06-15T10:15:23+00:00,,Suvarnabhumi Airport,"13.69200261,100.75055122",foursquare-feed,684e9d3b956b8873132a619c,"Bang Phli, Thailand"
2025-06-15T17:23:07+00:00,,Shenzhen Bao’an International Airport,"22.62850951,113.80788803",foursquare-feed,684f017b4acfe70cd0eb83e4,"Shenzhen, China"
2025-06-16T01:57:53+00:00,,APEX & Hotel,"22.52266600,113.93694300",foursquare-feed,684f7a21f6ed5a7f3c9c1ac4,"Shenzhen, China"
2025-06-17T13:06:35+00:00,,Pandora costal city,"22.51960100,113.93148000",foursquare-feed,6851685b2879374d8d7e9096,China
2025-06-18T10:49:35+00:00,,7-Eleven,"22.52564400,113.93323600",foursquare-feed,685299bf24af6c528bd286a3,"Shenzhen, China"
2025-06-18T21:09:12+00:00,,Shenzhen Bao’an International Airport,"22.62850951,113.80788803",foursquare-feed,68532af8d34d1b16215cb01e,"Shenzhen, China"
2025-06-19T01:13:19+00:00,,Chongqing Jiangbei International Airport,"29.71935646,106.63513843",foursquare-feed,6853642f3ea0aa618b169fda,"Chongqing, China"
2025-06-19T16:06:56+00:00,,Seattle-Tacoma International Airport,"47.44358853,-122.30250835",foursquare-feed,685435a0bbff30515c907a37,"SeaTac, United States"
2025-06-21T18:54:05+00:00,,Top Pot Doughnuts,"47.61507556,-122.34134098",foursquare-feed,6856ffcd470d3b3c574e32ac,"Seattle, United States"
2025-06-21T19:06:14+00:00,,Amazon - The Spheres,"47.61565270,-122.33943701",foursquare-feed,685702a62412d01d27abed45,"Seattle, United States"
2025-06-25T19:34:47+00:00,,Edgeworks Climbing Bellevue,"47.61988709,-122.12919871",foursquare-feed,685c4f57216aab7a1393a93a,"Bellevue, United States"
2025-06-27T23:37:01+00:00,,Bai Tong Thai Restaurant,"47.63178258,-122.14174911",foursquare-feed,685f2b1db95014733a8c0b49,"Redmond, United States"
2025-06-30T01:44:11+00:00,,Hubb's Pizza & Pasta,"48.18721147,-122.13524839",foursquare-feed,6861ebeb93ce071f61040bfb,"Arlington, United States"
2025-07-04T00:18:43+00:00,,Edgeworks Climbing Bel-Red,"47.62531700,-122.15503000",foursquare-feed,68671de39561485efe471739,"Bellevue, United States"
2025-07-04T17:16:07+00:00,,Makeworth Coffee Roasters,"48.74765689,-122.47867028",foursquare-feed,68680c571562a417e092f574,"Bellingham, United States"
2025-07-06T18:21:48+00:00,,5b's Bakery,"48.53902691,-121.75342268",foursquare-feed,686abebccd44c162e444f0e1,"Concrete, United States"
2025-07-09T20:20:34+00:00,,Chase Bank,"47.61779131,-122.19946334",foursquare-feed,686ecf121912aa50a8167d4b,"Bellevue, United States"
2025-07-12T01:49:36+00:00,,Lorenzo's Mexican Restaurant,"48.51007300,-122.23026400",foursquare-feed,6871bf3099599e0c602e2871,"Sedro-Woolley, United States"
2025-07-14T18:12:52+00:00,,5b's Bakery,"48.53902691,-121.75342268",foursquare-feed,687548a416450873bf833bc2,"Concrete, United States"
2025-07-17T23:46:28+00:00,,Seattle-Tacoma International Airport,"47.44358853,-122.30250835",foursquare-feed,68798b54623e546b4d827917,"SeaTac, United States"
2025-07-17T23:51:18+00:00,,Security Checkpoint 4,"47.44357402,-122.30233669",foursquare-feed,68798c764f670b7ab5e976f4,"SeaTac, United States"
2025-07-18T04:46:37+00:00,,Milwaukee Mitchell International Airport,"42.94367200,-87.90076000",foursquare-feed,6879d1ada9d5187eaaf23b50,"Milwaukee, United States"
2025-07-18T06:28:07+00:00,,SpringHill Suites Chicago Waukegan/Gurnee,"42.34435714,-87.90218532",foursquare-feed,6879e977beb4f4643b753786,"Waukegan, United States"
2025-07-18T17:15:52+00:00,,Six Flags Great America,"42.36994507,-87.93529223",foursquare-feed,687a8148f9c61d6f7dd50b9c,"Gurnee, United States"
2025-07-18T17:38:31+00:00,,Whizzer,"42.36819639,-87.93518435",foursquare-feed,687a8697953e317b8e283519,"Gurnee, United States"
2025-07-18T18:12:55+00:00,,The Lobster,"42.36717600,-87.93497300",foursquare-feed,687a8ea7812fb9529baa9382,"Gurnee, United States"
2025-07-18T18:34:03+00:00,,Ricochet,"42.36611540,-87.93578772",foursquare-feed,687a939b78aa4c34e86b856c,"Gurnee, United States"
2025-07-18T19:13:57+00:00,,American Eagle,"42.36459468,-87.93223733",foursquare-feed,687a9cf50150db2f14008b21,"Gurnee, United States"
2025-07-18T20:45:59+00:00,,River Rocker,"42.36575262,-87.93567375",foursquare-feed,687ab28773a0a41222f5466d,"Gurnee, United States"
2025-07-18T21:06:19+00:00,,Whizzer,"42.36819639,-87.93518435",foursquare-feed,687ab74b5fd8aa63bb0cc44c,"Gurnee, United States"
2025-07-18T21:22:51+00:00,,Sky Trek Tower,"42.36948363,-87.93608852",foursquare-feed,687abb2b8dbae15144e1bac0,"Gurnee, United States"
2025-07-19T01:33:55+00:00,,Paisans Pizzeria - Clark Street,"41.87337244,-87.63086691",foursquare-feed,687af6030095426ea506274c,"Chicago, United States"
2025-07-20T12:11:14+00:00,,Troubaille Coffe,"42.80863800,-89.63219200",foursquare-feed,687cdce2d2abfa4343f39720,"New Glarus, United States"
2025-07-20T12:12:30+00:00,,Swiss-Aire Motel,"42.80863153,-89.63212195",foursquare-feed,687cdd2e8c646e526fd49e04,"New Glarus, United States"
2025-07-22T22:08:25+00:00,,EAA Aviators Club,"43.97984472,-88.55893809",foursquare-feed,68800bd99bbb2a298dd5dd89,"Oshkosh, United States"
2025-07-23T18:22:10+00:00,,Kettle Moraine Appliance and TV,"43.45387713,-88.19725769",foursquare-feed,688128524381490ae29c5330,"West Bend, United States"
2025-07-23T18:31:00+00:00,,Kettle Moraine Appliance and TV,"43.45387713,-88.19725769",foursquare-feed,68812a64f922de3cacede9b3,"West Bend, United States"
2025-07-24T18:57:00+00:00,,Washington County Fair Park & Conference Center,"43.35651415,-88.18654776",foursquare-feed,688281fcd362d54abf4281cf,"West Bend, United States"
2025-07-27T17:11:46+00:00,,Good Day Cafe,"43.42766163,-88.21364620",foursquare-feed,68865dd2f4f39970203d550c,"West Bend, United States"
2025-07-28T23:57:42+00:00,,Fork & Tap,"43.38837860,-87.86887930",foursquare-feed,68880e768f03d15ab0cf6f2b,"Port Washington, United States"
2025-07-29T17:56:05+00:00,,Milwaukee Mitchell International Airport,"42.94367200,-87.90076000",foursquare-feed,68890b35279edc7c62e20ece,"Milwaukee, United States"
2025-07-30T00:45:33+00:00,,Seattle-Tacoma International Airport,"47.44358853,-122.30250835",foursquare-feed,68896b2dcc60862cf1ffed85,"SeaTac, United States"
2025-07-30T01:48:50+00:00,,Marugame Udon,"47.45954000,-122.25822400",foursquare-feed,68897a0248997b542d31bfb3,"Tukwila, United States"
2025-08-01T16:31:25+00:00,,Collins Memorial Library,"47.26429066,-122.48159424",foursquare-feed,688cebdda166111a0c4bda25,"Tacoma, United States"
2025-08-08T22:24:43+00:00,,Tem Sib Thai Food Reimagined,"47.61979773,-122.19593229",foursquare-feed,6896792b3fe0103f7212f8b0,"Bellevue, United States"
2025-08-09T13:40:44+00:00,,Seattle-Tacoma International Airport,"47.44358853,-122.30250835",foursquare-feed,68974fdc94df2e494ca2d5d9,"SeaTac, United States"
2025-08-09T17:45:43+00:00,,Phoenix Sky Harbor International Airport,"33.43534506,-112.00471401",foursquare-feed,68978947d98e4e65303403bd,"Phoenix, United States"
2025-08-10T03:36:33+00:00,,Newark Liberty International Airport,"40.69297146,-74.17799234",foursquare-feed,689813c11aa3d9672e463427,"Newark, United States"
2025-08-10T16:07:29+00:00,,The Lucerne Hotel,"40.78352865,-73.97834739",foursquare-feed,6898c3c18907a962459f17dd,"New York, United States"
2025-08-10T17:49:13+00:00,,Chelsea Market,"40.74242700,-74.00583000",foursquare-feed,6898db991949b8335ca8c5f3,"New York, United States"
2025-08-10T20:15:31+00:00,,Statue of Liberty Ferry,"40.70288699,-74.01726365",foursquare-feed,6898fde38fdb310102e36b1f,"New York, United States"
2025-08-10T23:33:22+00:00,,Made In New York Pizza,"40.78387335,-73.97757409",foursquare-feed,68992c42703d5c24720d9d4e,"New York, United States"
2025-08-11T23:37:25+00:00,,Amsterdam Gourmet Deli,"40.78321453,-73.97798546",foursquare-feed,689a7eb5d7aad7542b41eefa,"New York, United States"
2025-08-12T00:26:26+00:00,,Central Park West - W 86th St,"40.78509379,-73.96913409",foursquare-feed,689a8a32b6939518b292b680,"New York, United States"
2025-08-12T21:43:01+00:00,,NYU Bookstore,"40.72948640,-73.99338239",foursquare-feed,689bb565c0282c2ebad1f161,"New York, United States"
2025-08-12T22:19:29+00:00,,C.O. Bigelow Chemists,"40.73404899,-73.99936822",foursquare-feed,689bbdf1abe88125c65694c0,"New York, United States"
2025-08-12T22:45:05+00:00,,Housing Works Bookstore Cafe,"40.72467539,-73.99663682",foursquare-feed,689bc3f13f66002f62607661,"New York, United States"
2025-08-12T23:18:42+00:00,,La Pecora Bianca SoHo,"40.72350900,-73.99635700",foursquare-feed,689bcbd2ce5aac08e9dccb61,"New York, United States"
2025-08-13T17:50:24+00:00,,"Intrepid Sea, Air & Space Museum","40.76448654,-74.00022821",foursquare-feed,689cd060278412508f60655a,"New York, United States"
2025-08-13T18:17:04+00:00,,West Side Pie,"40.76698600,-73.99627300",foursquare-feed,689cd6a0a48fc53e7060b850,"New York, United States"
2025-08-14T13:58:09+00:00,,Bagels & Co.,"40.78282885,-73.97827636",foursquare-feed,689deb716690994a02955df1,"New York, United States"
2025-08-14T15:58:14+00:00,,9/11 Museum Concourse Lobby,"40.71143600,-74.01332600",foursquare-feed,689e0796b5d8b63aab5bc183,"New York, United States"
2025-08-14T20:50:59+00:00,,Trinity Place,"40.70904600,-74.01153600",foursquare-feed,689e4c338cf446350f8a3893,"New York, United States"
2025-08-14T20:51:09+00:00,,Zuccotti Park,"40.70925932,-74.01124477",foursquare-feed,689e4c3d6bf65830a59918ed,"New York, United States"
2025-08-15T00:09:19+00:00,,Amorino Gelato,"40.78368237,-73.97794865",foursquare-feed,689e7aafe4f2d271d8c9e25f,"New York, United States"
2025-08-15T14:11:18+00:00,,Orwashers Bakery,"40.78463061,-73.97751622",foursquare-feed,689f40066bf65830a53c9844,"New York, United States"
2025-08-15T14:56:20+00:00,,Bryant Park,"40.75387293,-73.98362875",foursquare-feed,689f4a947da6214470f30483,"New York, United States"
2025-08-15T15:08:21+00:00,,SUMMIT One Vanderbilt,"40.75297892,-73.97854328",foursquare-feed,689f4d65c5fb317f8118710e,"New York, United States"
2025-08-15T21:45:14+00:00,,New York Public Library - Stephen A. Schwarzman Building,"40.75314959,-73.98200333",foursquare-feed,689faa6a0d63cc467166695d,"New York, United States"
2025-08-15T23:59:16+00:00,,Da Gennaro,"40.71822447,-73.99790439",foursquare-feed,689fc9d4c8429e63d8af9e81,"New York, United States"
2025-08-16T01:08:10+00:00,,Brooklyn Bridge,"40.70596750,-73.99670720",foursquare-feed,689fd9fa0d1a3c7b61f086f3,"New York, United States"
2025-08-16T17:47:29+00:00,,New York Public Library - Stavros Niarchos Foundation Library (SNFL),"40.75218784,-73.98192499",foursquare-feed,68a0c4310636567276a515b0,"New York, United States"
2025-08-16T19:42:34+00:00,,FAO Schwarz,"40.75870924,-73.97907376",foursquare-feed,68a0df2a11f0a26aab941b04,"New York, United States"
2025-08-16T22:18:50+00:00,,Museum of Broadway,"40.75764500,-73.98434000",foursquare-feed,68a103ca7d9791150bb0d9c0,"New York, United States"
2025-08-16T22:54:02+00:00,,Ellen's Stardust Diner,"40.76208135,-73.98352796",foursquare-feed,68a10c0aca65b73a33c4b304,"New York, United States"
2025-08-17T18:08:07+00:00,,John F. Kennedy International Airport,"40.64512192,-73.78460884",foursquare-feed,68a21a87c6733e2e989aa950,"Queens, United States"
2025-08-24T16:45:46+00:00,,Pier 58,"47.60683800,-122.34179400",foursquare-feed,68ab41bab202ce56212c46b4,"Seattle, United States"
2025-09-03T20:59:59+00:00,,Washington Department Of Licensing,"47.45781000,-122.24943500",foursquare-feed,68b8ac4ff5af8f531ff48b23,"Tukwila, United States"
2025-09-05T02:02:52+00:00,,Arundel Books,"47.60039622,-122.33381395",foursquare-feed,68ba44cc44593d2ef41c8d09,"Seattle, United States"
2025-09-06T18:23:18+00:00,,North Seattle College,"47.69889682,-122.33346484",foursquare-feed,68bc7c1627c0f1684b5e1746,"Seattle, United States"
2025-09-07T23:03:18+00:00,,Edgeworks Climbing Bel-Red,"47.62531700,-122.15503000",foursquare-feed,68be0f36d091de2980dfbfca,"Bellevue, United States"
2025-09-13T16:17:49+00:00,,Farine Bakery & Cafe,"47.61958300,-122.19134500",foursquare-feed,68c5992dc347c85d53595e97,"Bellevue, United States"
2025-09-14T22:35:06+00:00,,IKEA Bistro,"47.44217329,-122.22795717",foursquare-feed,68c7431a9421f555c5cec8e1,"Renton, United States"
2025-09-15T00:00:43+00:00,,Topgolf,"47.49509400,-122.20511000",foursquare-feed,68c7572b99a93b1a17f06252,"Renton, United States"
2025-09-20T01:16:42+00:00,,Olympia Pizza & Pasta,"48.15365760,-122.18752707",foursquare-feed,68ce007add126426b612648c,"Arlington, United States"
2025-09-24T00:33:36+00:00,,Edgeworks Climbing Bel-Red,"47.62531700,-122.15503000",foursquare-feed,68d33c60a5a6081c6ca747d8,"Bellevue, United States"
2025-09-27T18:09:34+00:00,,Downtown Redmond,"47.67236898,-122.12036571",foursquare-feed,68d8285ecaae9176693e7151,"Redmond, United States"
2025-10-17T00:13:59+00:00,,Smith Tower Observation Bar,"47.60201211,-122.33179258",foursquare-feed,68f18a47068ba831f8d25bc1,"Seattle, United States"
2025-10-19T15:45:33+00:00,,Perks Deli,"48.53791078,-121.77584483",foursquare-feed,68f5079d0b11ce1262f790ec,"Concrete, United States"
2025-10-25T18:15:20+00:00,,Edgeworks Climbing Tacoma,"47.25717079,-122.52008361",foursquare-feed,68fd13b8527bf55161ff2ebb,"Tacoma, United States"
2025-10-25T19:26:49+00:00,,Gyro Bites,"47.25614500,-122.52294000",foursquare-feed,68fd2479c6a50d76fb61f535,"Tacoma, United States"
2025-10-26T22:44:46+00:00,,Young Tea,"47.62765500,-122.15970000",foursquare-feed,68fea45ee3d74561e511d8c0,"Bellevue, United States"
2025-11-07T22:52:47+00:00,,Tem Sib Thai Food Reimagined,"47.61979773,-122.19593229",foursquare-feed,690e783f849e4a44897be795,"Bellevue, United States"
2025-11-08T23:10:51+00:00,,Red Robin,"47.57532401,-122.17156670",foursquare-feed,690fcdfbc430701bf7ca7d34,"Bellevue, United States"
2025-11-14T04:03:41+00:00,,McMenamins Mill Creek,"47.87722572,-122.21215207",foursquare-feed,6916aa1d0a66a41ec3cc85b9,"Mill Creek, United States"
2025-11-15T00:40:49+00:00,,Tavern Hall,"47.61658812,-122.20171105",foursquare-feed,6917cc115d863942c58fa019,"Bellevue, United States"
2025-11-16T21:36:41+00:00,,Legion Sports Bar,"47.61622400,-122.20102300",foursquare-feed,691a43e96f54e831fc881b0c,"Bellevue, United States"
2025-11-23T00:53:07+00:00,,Zeeks Pizza,"47.61867850,-122.20410250",foursquare-feed,69225af3c390e265ecb933f1,"Bellevue, United States"
2025-12-03T02:10:03+00:00,,Edgeworks Climbing Bellevue,"47.61988709,-122.12919871",foursquare-feed,692f9bfbd11c504353e42a51,"Bellevue, United States"
2025-12-08T03:30:41+00:00,,Cathedral Place,"47.60818368,-122.32591997",foursquare-feed,69364661cc6195039fe10a7b,"Seattle, United States"
2025-12-10T22:55:47+00:00,,sunrise dental,"47.62194368,-122.18977575",foursquare-feed,6939fa73c5453d38ae78c7d2,"Bellevue, United States"
2025-12-11T21:21:49+00:00,,sunrise dental,"47.62194368,-122.18977575",foursquare-feed,693b35ed83b64d4a06d41409,"Bellevue, United States"
2025-12-14T19:37:26+00:00,,Din Tai Fung,"47.61717897,-122.20077738",foursquare-feed,693f11f69a39cf3434db9871,"Bellevue, United States"
2025-12-19T22:21:46+00:00,,Marugame Udon,"47.45954000,-122.25822400",foursquare-feed,6945cffaf94d933396ba1625,"Tukwila, United States"
2025-12-20T02:31:05+00:00,,McMenamins Pub at Elks Temple,"47.25811138,-122.44077016",foursquare-feed,69460a690150db2f149bc20a,"Tacoma, United States"
2025-12-29T04:37:55+00:00,,Kura Revolving Sushi Bar,"47.61181300,-122.18515000",foursquare-feed,695205a3c4cb5777dca2b9a8,"Bellevue, United States"
2025-12-31T02:41:57+00:00,,Edgeworks Climbing Bellevue,"47.61988709,-122.12919871",foursquare-feed,69548d755fd8aa63bbeff5b8,"Bellevue, United States"
2026-01-01T19:13:37+00:00,,Lululemon Athletica,"48.09314181,-122.18786959",foursquare-feed,6956c761d722297bf3ccd307,"Quil Ceda Village, United States"
2026-01-10T18:24:26+00:00,,Summit Central Ski Patrol HQ,"47.40590000,-121.41280100",foursquare-feed,6962995aa5975850a0d606d4,"Snoqualmie Pass, United States"
2026-01-17T20:09:15+00:00,,Lakes High School,"47.16295127,-122.57552644",foursquare-feed,696bec6b4dbc9376a214f91a,"Lakewood, United States"
2026-01-19T23:50:28+00:00,,Chick-fil-A,"47.70961680,-122.17929380",foursquare-feed,696ec344cbfe5a1deae60f68,"Kirkland, United States"
2026-01-22T20:44:21+00:00,,Din Tai Fung,"47.45846747,-122.26078574",foursquare-feed,69728c254ebf2e4cb74c36a6,"Tukwila, United States"
2026-01-24T23:00:31+00:00,,Bellevue Presbyterian Church (BelPres),"47.62639802,-122.20518336",foursquare-feed,69754f0f1902646c7f3eabca,"Bellevue, United States"
2026-02-07T19:34:42+00:00,,Eastlake High School,"47.61342394,-122.03097467",foursquare-feed,698793d2249d1249e54dc619,"Sammamish, United States"
2026-02-08T21:56:48+00:00,,populus,"47.59852200,-122.33379800",foursquare-feed,698906a0d57243347218001a,"Seattle, United States"
2026-02-08T22:49:42+00:00,,13 Coins Seattle,"47.59813918,-122.33127547",foursquare-feed,69891306219dd663ac91c267,"Seattle, United States"
2026-02-20T00:31:25+00:00,,Hokkaido Ramen Santouka,"47.61138905,-122.20196463",foursquare-feed,6997ab5d929fad0aa168fa9e,"Bellevue, United States"
2026-02-21T18:09:51+00:00,,Summit West,"47.42239651,-121.42068386",foursquare-feed,6999f4ef68f8862c276fc962,"Snoqualmie Pass, United States"
2026-02-22T21:54:28+00:00,,McMenamins Anderson School,"47.76294187,-122.20875477",foursquare-feed,699b7b14eb4e34463ef6474a,"Bothell, United States"
2026-02-28T20:28:30+00:00,,Puyallup High School,"47.19128329,-122.30185900",foursquare-feed,69a34feeb3b7b60399a4f08b,"Puyallup, United States"
2026-03-04T01:11:52+00:00,,Robinswood Tennis Center,"47.58815869,-122.13797648",foursquare-feed,69a786d8e4f84b50c0ab5589,"Bellevue, United States"
2026-03-07T22:06:36+00:00,,Mount Si High School Stadium,"47.52329388,-121.81638865",foursquare-feed,69aca16c2df4cf32a45bf257,"Snoqualmie, United States"
2026-03-14T17:34:04+00:00,,Farine Bakery & Cafe,"47.61958300,-122.19134500",foursquare-feed,69b59c0ca96fa93804073f54,"Bellevue, United States"
2026-03-17T01:55:27+00:00,,Stod's Baseball,"47.55214457,-122.17998652",foursquare-feed,69b8b48ff683c45faebe1031,"Bellevue, United States"
2026-03-19T13:28:19+00:00,,Seattle-Tacoma International Airport,"47.44358853,-122.30250835",foursquare-feed,69bbf9f3d8c4a32898e80d90,"SeaTac, United States"
2026-03-19T17:37:31+00:00,,In-N-Out Burger,"33.81569426,-116.40137998",foursquare-feed,69bc345bf8b7154fa4ac8b36,"Thousand Palms, United States"
2026-03-19T19:40:31+00:00,,Shamrocks Irish Pub,"33.82552011,-116.54652474",foursquare-feed,69bc512f9716ee58b8068a07,"Palm Springs, United States"
2026-03-19T20:52:57+00:00,,La Quinta Brewing Co.,"33.82700368,-116.54709856",foursquare-feed,69bc622963818e0ac48b55b6,"Palm Springs, United States"
2026-03-20T16:39:17+00:00,,ARRIVE Palm Springs,"33.84417724,-116.54695903",foursquare-feed,69bd78358eceda5efb905bec,"Palm Springs, United States"
2026-03-21T19:36:58+00:00,,Rattleshake Canyon,"34.08585880,-116.14038299",foursquare-feed,69bef35a36f81f1a89b6a4ac,"Twentynine Palms, United States"
2026-03-21T20:16:04+00:00,,Joshua Tree National Park Visitors Center,"34.13393934,-116.31550060",foursquare-feed,69befc8479e973554f842a78,"Joshua Tree, United States"
2026-03-22T00:59:59+00:00,,The Copper Room,"34.12763489,-116.41213227",foursquare-feed,69bf3f0f36f81f1a89209380,"Yucca Valley, United States"
2026-03-22T01:20:36+00:00,,The Tiny Pony Tavern,"34.12224203,-116.41561691",foursquare-feed,69bf43e4bc4a6c7aca447a8c,"Yucca Valley, United States"
2026-03-22T20:12:30+00:00,,Agua Caliente Cultural Museum,"33.82098908,-116.54714997",foursquare-feed,69c04d2e244b4c71b7b7768f,"Palm Springs, United States"
2026-03-22T21:30:30+00:00,,El Tacolgado,"33.82291000,-116.54504400",foursquare-feed,69c05f7600fdd31b31f01206,"Palm Springs, United States"
2026-03-22T22:43:17+00:00,,Gelato A Go Go,"33.82315400,-116.54568500",foursquare-feed,69c070859716ee58b8fb794e,"Palm Springs, United States"
2026-03-22T23:29:44+00:00,,Palm Springs International Airport,"33.82303945,-116.50760035",foursquare-feed,69c07b688eceda5efb67c6e0,"Palm Springs, United States"
2026-03-25T18:37:23+00:00,,Maggie's on Meeker,"47.38184899,-122.23523808",foursquare-feed,69c42b637e91887d3b518bd4,"Kent, United States"
2026-03-27T18:39:00+00:00,,Hilton Garden Inn,"46.60363082,-120.50127878",foursquare-feed,69c6cec411ce812efeebaeab,"Yakima, United States"
2026-03-28T02:19:04+00:00,,Second Street Grill,"46.60348532,-120.50541786",foursquare-feed,69c73a983612501a91cce3e0,"Yakima, United States"
2026-03-29T04:37:14+00:00,,Yakima Valley Sundome,"46.58916475,-120.48646281",foursquare-feed,69c8ac7af52b642b2d936a3d,"Yakima, United States"
2026-03-29T17:34:06+00:00,,Tesla Supercharger,"46.60897811,-120.49159937",foursquare-feed,69c9628e7a1e686b3b602ce4,"Yakima, United States"
2026-03-29T18:20:51+00:00,,D & M Coffee,"46.99074769,-120.54937929",foursquare-feed,69c96d835040636cb40b854e,"Ellensburg, United States"
2026-03-31T01:55:21+00:00,,Tolt Mcdonald Mariner Field,"47.64067971,-121.91631499",foursquare-feed,69cb29890443276a8252d2d1,"Carnation, United States"
2026-04-03T15:45:30+00:00,,Brown Bear Bakery,"48.69469066,-122.90648749",foursquare-feed,69cfe09ac2838a33b7dc78d4,"Eastsound, United States"
2026-04-03T18:12:44+00:00,,Mt. Constitution Observation Tower,"48.67752334,-122.83110223",foursquare-feed,69d0031c02b2b147dde435a0,"Orcas, United States"
2026-04-03T18:37:32+00:00,,Mt. Constitution Observation Tower,"48.67752334,-122.83110223",foursquare-feed,69d008ec5abc473d135866a3,"Orcas, United States"
2026-04-04T04:06:50+00:00,,North Beach,"48.71401138,-122.90620038",foursquare-feed,69d08e5a9ab7f06c3789e8a0,"Eastsound, United States"
2026-04-04T15:14:26+00:00,,Dragonfly,"48.69657100,-122.90605600",foursquare-feed,69d12ad239229a53ee7ddf39,"Eastsound, United States"
2026-04-05T21:17:13+00:00,,Taste of Thai by Wipa,"48.46487777,-122.33543348",foursquare-feed,69d2d159ee64cd469e12e724,"Burlington, United States"
2026-04-10T21:35:46+00:00,,Blaze Robotics,"47.62726300,-122.16394800",foursquare-feed,69d96d32dd9a6554451d2349,"Bellevue, United States"
2026-04-18T20:15:33+00:00,,Tolt Mcdonald Mariner Field,"47.64067971,-121.91631499",foursquare-feed,69e3e665c909342409d0c6be,"Carnation, United States"
2026-04-29T01:48:02+00:00,,Mercato Stellina Pizzeria,"47.61036765,-122.20596397",foursquare-feed,69f163523d666476ecad73f2,"Bellevue, United States"
2026-04-30T01:32:38+00:00,,Seattle-Tacoma International Airport,"47.44358853,-122.30250835",foursquare-feed,69f2b136adb89d3c5a551b2e,"SeaTac, United States"
2026-04-30T12:57:40+00:00,,London Heathrow Airport,"51.46999605,-0.45897961",foursquare-feed,69f351c4b8cd0227cb15b396,"London, United Kingdom"
2026-04-30T16:05:58+00:00,,The Crown Rivers (Wetherspoon),"51.47309823,-0.48761487",foursquare-feed,69f37de65b04d27c7ef3c5e2,"London, United Kingdom"
2026-04-30T18:04:40+00:00,,Hamburg Airport Helmut Schmidt,"53.63201777,10.00517607",foursquare-feed,69f399b8cf865c17ca654ee9,"Hamburg, Germany"
2026-04-30T19:44:18+00:00,,Holiday Inn Hamburg HafenCity,"53.54111016,10.00479791",foursquare-feed,69f3b11213deff3b59288d01,"Hamburg, Germany"
2026-04-30T20:17:48+00:00,,Miniatur Wunderland,"53.54376925,9.98904526",foursquare-feed,69f3b8ec668d425ef2b627cf,"Hamburg, Germany"
2026-05-01T08:59:06+00:00,,Holiday Inn Hamburg HafenCity,"53.54111016,10.00479791",foursquare-feed,69f46b5a1366382a25ace308,"Hamburg, Germany"
2026-05-01T11:30:08+00:00,,BallinStadt Auswanderermuseum,"53.52035717,10.01772210",foursquare-feed,69f48ec0a231f014eb1bc23a,"Hamburg, Germany"
2026-05-01T14:57:17+00:00,,Landungsbrücken - Brücke 4,"53.54513744,9.96889868",foursquare-feed,69f4bf4da7afa35328ee0127,"Hamburg, Germany"
2026-05-01T16:53:23+00:00,,Elbphilharmonie Plaza,"53.54146919,9.98350892",foursquare-feed,69f4da837046646106592597,"Hamburg, Germany"
2026-05-01T18:19:28+00:00,,Fleetschlösschen,"53.54449115,9.99794842",foursquare-feed,69f4eeb01069e6371b8204ca,"Hamburg, Germany"
2026-05-02T11:31:25+00:00,,Naturbad Falkenwiese,"53.86948198,10.70453218",foursquare-feed,69f5e08d3f3bfa45ece9476b,"Lübeck, Germany"
2026-05-02T13:45:19+00:00,,Netto Marken-Discount,"53.97821498,11.24091255",foursquare-feed,69f5ffefead5fe7cff9604eb,"Ostseebad Boltenhagen, Germany"
2026-05-02T14:28:49+00:00,,Marina Boltenhagen,"53.97408348,11.24957507",foursquare-feed,69f60a21ead5fe7cffc9545c,"Ostseebad Boltenhagen, Germany"
2026-05-02T17:48:14+00:00,,NETTO,"53.97227304,12.70678516",foursquare-feed,69f638dec536067db8308304,"Gnoien, Germany"
2026-05-02T18:22:37+00:00,,Nudel Oper,"53.97262296,12.70627049",foursquare-feed,69f640edead5fe7cffeede2f,"Gnoien, Germany"
2026-05-03T09:26:48+00:00,,Bäckerei zum Storchennest,"53.69233684,13.26064548",foursquare-feed,69f714d8a3fbdb323972e834,"Altentreptow, Germany"
2026-05-03T11:08:24+00:00,,Szczecin,"53.43070803,14.55070496",foursquare-feed,69f72ca8d312d14a200459a9,Poland
2026-05-03T11:23:09+00:00,,Piatto,"53.42431800,14.56097700",foursquare-feed,69f7301d6db87c2a9b089d84,"Szczecin, Poland"
2026-05-03T11:37:37+00:00,,Szczecin,"53.43070803,14.55070496",foursquare-feed,69f73381d541cf29f8ea4eda,Poland
2026-05-03T12:37:25+00:00,,Zamek Książąt Pomorskich,"53.42618000,14.56046200",foursquare-feed,69f741853487de505b7154bf,"Szczecin, Poland"
2026-05-03T16:51:49+00:00,,Szczecinek,"53.71014860,16.69330796",foursquare-feed,69f77d25aaa02a58b4885b43,
2026-05-04T11:47:57+00:00,,Plac Wolności,"53.70919739,16.69296253",foursquare-feed,69f8876de58a3853a02caa30,"Szczecinek, Poland"
2026-05-04T12:40:45+00:00,,Browar Szczecinek,"53.70846000,16.69386700",foursquare-feed,69f893cdafd84612e46e0bb4,"Szczecinek, Poland"
2026-05-04T15:12:24+00:00,,cukiernia sowa,"53.70919739,16.69296253",foursquare-feed,69f8b7586347311361dba00a,"Szczecinek, Poland"
2026-05-05T09:12:05+00:00,,Shell,"52.70915494,15.24014346",foursquare-feed,69f9b465afec032d34de2b89,"Gorzów Wielkopolski, Poland"
2026-05-05T12:15:16+00:00,,Hotel am Spreebogen,"51.84310425,14.11382239",foursquare-feed,69f9df5478333e4b56e29667,"Burg, Germany"
2026-05-05T13:16:53+00:00,,Spreehafen Burg,"51.83714371,14.14802597",foursquare-feed,69f9edc5f58d3b5bb54c7171,"Burg, Germany"
2026-05-05T15:50:25+00:00,,Hotel am Spreebogen,"51.84310425,14.11382239",foursquare-feed,69fa11c1ea618c42144c1ebc,"Burg, Germany"
2026-05-06T08:38:07+00:00,,Spreehafen Burg,"51.83714371,14.14802597",foursquare-feed,69fafdef115d6a52aff05b1a,"Burg, Germany"
2026-05-06T09:54:36+00:00,,Krauschwitz,"51.51703707,14.71879282",foursquare-feed,69fb0fdc15b12556af39fb24,Germany
2026-05-06T10:52:48+00:00,,Birkenstock Outlet,"51.17692944,14.96346861",foursquare-feed,69fb1d808ea3ae2b8d4aa9d9,"Görlitz, Germany"
2026-05-06T12:36:13+00:00,,Reichenturm,"51.18109910,14.42736698",foursquare-feed,69fb35bd5cf8b54a10846348,"Bautzen, Germany"
2026-05-06T13:30:31+00:00,,Evis Deko & Café,"51.18096489,14.42676347",foursquare-feed,69fb42776dc19015635e7869,"Bautzen, Germany"
2026-05-06T14:54:07+00:00,,ALDI NORD,"51.02447385,14.23161107",foursquare-feed,69fb560f6215481a53aa6cd7,"Neustadt in Sachsen, Germany"
2026-05-06T16:07:13+00:00,,Burg Hohnstein,"50.97954065,14.10977870",foursquare-feed,69fb673155e0f831e02d2812,"Hohnstein, Germany"
2026-05-07T08:14:34+00:00,,Rathewalde,"50.98238027,14.07499548",foursquare-feed,69fc49ea3a026460f0a1fb36,Germany
2026-05-07T10:34:33+00:00,,Bastei Bridge,"50.96194500,14.07278900",foursquare-feed,69fc6ab98caa4617edd75078,"Lohmen, Germany"
2026-05-07T12:00:05+00:00,,Museum Bad Schandau,"50.92069200,14.15807500",foursquare-feed,69fc7ec5c2b6f95fc0e3a5e8,Germany
2026-05-07T16:56:53+00:00,,Stadtkirche Sankt Marien,"50.96243099,13.94379142",foursquare-feed,69fcc45520783d2515690c06,"Pirna, Germany"
2026-05-08T07:15:30+00:00,,Canaletto Pirna,"50.96233144,13.94110973",foursquare-feed,69fd8d92f2cda012b4628a59,"Pirna, Germany"
2026-05-08T07:51:01+00:00,,Pirna,"50.96253536,13.93907547",foursquare-feed,69fd95e58b5a06201a6512d0,Germany
2026-05-08T08:35:40+00:00,,Landschloss Zuschendorf,"50.93339320,13.91495895",foursquare-feed,69fda05ca4d52d7f89685da5,"Pirna, Germany"
2026-05-08T13:55:47+00:00,,Festung Königstein,"50.91906543,14.05692101",foursquare-feed,69fdeb63ebd98d7cd47b5027,"Königstein, Germany"
2026-05-08T15:02:46+00:00,,"Restaurant ""Zum Lindental""","50.93219757,13.91368580",foursquare-feed,69fdfb16f2cda012b49ba199,Germany
2026-05-08T16:59:41+00:00,,Canaletto Pirna,"50.96233144,13.94110973",foursquare-feed,69fe167ddee7f16f7c0c223e,"Pirna, Germany"
2026-05-09T07:29:45+00:00,,Canaletto Pirna,"50.96233144,13.94110973",foursquare-feed,69fee26915b12556af7f176c,"Pirna, Germany"
2026-05-09T09:54:29+00:00,,DDR Museum Pirna,"50.94607083,13.94328468",foursquare-feed,69ff0455c4f48522eb33e8e7,"Pirna, Germany"
2026-05-09T11:04:47+00:00,,ALDI NORD,"51.01803525,13.84479873",foursquare-feed,69ff14cf834e7c09c37a8b30,"Dresden, Germany"
2026-05-09T11:32:11+00:00,,Mandala Boulderhalle,"51.08129530,13.76053606",foursquare-feed,69ff1b3bdd678d23811b5817,"Dresden, Germany"
2026-05-09T13:28:19+00:00,,Edelweiss Alpenrestaurant,"51.05247408,13.74153042",foursquare-feed,69ff3673ca81ae367293c58f,"Dresden, Germany"
2026-05-09T18:18:19+00:00,,Dresden Hauptbahnhof,"51.04014040,13.73225780",foursquare-feed,69ff7a6b15b12556af77680d,"Dresden, Germany"
2026-05-10T06:48:55+00:00,,ibis Dresden Zentrum,"51.04329375,13.73403623",foursquare-feed,6a002a5773ddeb21cc2ea88f,"Dresden, Germany"
2026-05-10T07:48:56+00:00,,SIXT Autovermietung Dresden Hauptbahnhof,"51.04081126,13.73420963",foursquare-feed,6a0038688b2e9d1711c35fcb,"Dresden, Germany"
2026-05-10T08:26:09+00:00,,Zoo Dresden,"51.03718207,13.75282377",foursquare-feed,6a00412163b0ad4719d66d5b,"Dresden, Germany"
2026-05-10T11:11:41+00:00,,Bäckerei & Café Schwerdtner,"51.04186037,13.73458474",foursquare-feed,6a0067ede8fa8d4e8df6b546,"Dresden, Germany"
2026-05-10T18:01:08+00:00,,Dicke Butz,"50.10836813,8.66900412",foursquare-feed,6a00c7e4e8fa8d4e8dc2e7d2,"Frankfurt am Main, Germany"
2026-05-11T11:25:43+00:00,,EXPERIMINTA,"50.11533059,8.64761397",foursquare-feed,6a01bcb7ecf6826e1bcb7eb2,"Frankfurt am Main, Germany"
2026-05-11T12:56:19+00:00,,Zum Standesämtchen,"50.11054997,8.68164207",foursquare-feed,6a01d1f3c4f48522eb9dec2a,"Frankfurt am Main, Germany"
2026-05-11T14:54:56+00:00,,MyZeil,"50.11432550,8.68172133",foursquare-feed,6a01edc0dee7f16f7cd75e91,"Frankfurt am Main, Germany"
2026-05-11T15:19:22+00:00,,Cafe Karin,"50.11136159,8.67794022",foursquare-feed,6a01f37ad6b435773e217e1b,"Frankfurt am Main, Germany"
2026-05-12T04:24:55+00:00,,Frankfurt (Main) Hauptbahnhof,"50.10660429,8.66264881",foursquare-feed,6a02ab9747d08829d7e8e455,"Frankfurt am Main, Germany"
2026-05-12T05:27:29+00:00,,Frankfurt Airport,"50.05008478,8.57191086",foursquare-feed,6a02ba412675b247f033cbf1,"Frankfurt am Main, Germany"
2026-05-12T17:19:27+00:00,,Charlotte Douglas International Airport,"35.22060956,-80.94407077",foursquare-feed,6a03611fcda2793d1ec4715c,"Charlotte, United States"
2026-05-13T02:05:17+00:00,,Seattle-Tacoma International Airport,"47.44358853,-122.30250835",foursquare-feed,6a03dc5d86215f3184933a54,"SeaTac, United States"
2026-05-16T18:19:35+00:00,,Central Park,"47.54761715,-121.99738261",foursquare-feed,6a08b537e408fa7dd57223be,"Issaquah, United States"
2026-05-16T21:45:30+00:00,,Derby,"47.58280038,-122.32688009",foursquare-feed,6a08e57a30a8e677730dcc7d,"Seattle, United States"
2026-05-17T19:22:42+00:00,,Redmond Ridge Park,"47.69117197,-122.03349141",foursquare-feed,6a0a1582fdd58c3790573e3d,"Redmond, United States"
2026-05-18T22:07:11+00:00,,Virginia Mason Bellevue Medical Center,"47.61241500,-122.18490000",foursquare-feed,6a0b8d8fff9b152b43ff1f56,"Bellevue, United States"
2026-05-29T21:30:29+00:00,,Crossroads Bellevue,"47.61899172,-122.13072667",foursquare-feed,6a1a0575d6a8d12c32d53893,"Bellevue, United States"
2026-06-06T17:27:35+00:00,,Stadium High School,"47.26583208,-122.44852969",foursquare-feed,6a2458874cf5eb04f9bf257c,"Tacoma, United States"
2026-06-06T20:35:02+00:00,,Wild Waves Theme & Water Park,"47.27282080,-122.31185039",foursquare-feed,6a24847676a75a6f8bb03aef,"Federal Way, United States"
2026-06-09T01:36:53+00:00,,Half Shell,"47.61069600,-122.34406600",foursquare-feed,6a276e35c54f3d59003b7c75,"Seattle, United States"
2026-06-10T00:04:16+00:00,,Overlake Medical Clinics Downtown Bellevue,"47.61897700,-122.20337800",foursquare-feed,6a28aa0036da03247748cc15,"Bellevue, United States"
